label,person_id,f_0,f_1,f_2,f_3,f_4,f_5,f_6,f_7,f_8,f_9,f_10,f_11,f_12,f_13,f_14,f_15,f_16,f_17,f_18,f_19,f_20,f_21,f_22,f_23,f_24,f_25,f_26,f_27,f_28,f_29,f_30,f_31,f_32,f_33,f_34,f_35,f_36,f_37,f_38,f_39,f_40
0,99,2.361299753189087,2.387517213821411,2.4680521488189697,2.2694501876831055,2.3699512481689453,2.1035947799682617,2.1621344089508057,1.8269799947738647,2.121471881866455,2.4749960899353027,2.6022298336029053,2.556493043899536,2.7396373748779297,2.5755057334899902,2.3477513790130615,2.2973923683166504,2.260131597518921,2.3399596214294434,2.537526845932007,2.614647388458252,2.678748369216919,2.7075865268707275,2.753119707107544,2.371178150177002,2.408993721008301,2.3358054161071777,2.4283344745635986,2.7545166015625,2.9183905124664307,2.8694069385528564,3.224517822265625,3.0503711700439453,2.710832357406616,2.654531240463257,2.8301990032196045,2.6325230598449707,1.5686959028244019,1.4280798435211182,1.614770531654358,-0.47613000869750977,-0.8044000267982483
0,99,2.362884044647217,2.402074098587036,2.4791955947875977,2.334667205810547,2.4240522384643555,2.12760329246521,2.1794893741607666,1.8974922895431519,2.163389205932617,2.463405132293701,2.6020781993865967,2.5583667755126953,2.7827248573303223,2.624897003173828,2.3552913665771484,2.3041157722473145,2.3238251209259033,2.358696460723877,2.5793678760528564,2.667987823486328,2.7274937629699707,2.7942118644714355,2.831968307495117,2.431072473526001,2.4625184535980225,2.417114496231079,2.4873571395874023,2.752509355545044,2.9250760078430176,2.879085063934326,3.263015031814575,3.0979957580566406,2.723594903945923,2.6680908203125,2.885427951812744,2.6350269317626953,1.5000255107879639,1.4364675283432007,1.6736457347869873,-0.5346867442131042,-0.7903725504875183
0,99,2.321727991104126,2.369982957839966,2.4380314350128174,2.318817377090454,2.3942363262176514,2.0868523120880127,2.138449192047119,1.903452754020691,2.115034580230713,2.4362547397613525,2.5966432094573975,2.5358829498291016,2.851569652557373,2.668619155883789,2.361435890197754,2.3029913902282715,2.450651168823242,2.3276607990264893,2.536898136138916,2.636152505874634,2.6864993572235107,2.7867000102996826,2.8117752075195312,2.3944809436798096,2.425623893737793,2.435931921005249,2.433978319168091,2.768887519836426,2.960770606994629,2.8991520404815674,3.365927219390869,3.1799941062927246,2.7733213901519775,2.712146520614624,3.0401499271392822,2.610780715942383,1.6021747589111328,1.4040610790252686,1.623869776725769,-0.5541871190071106,-0.8226000070571899
0,99,2.417707681655884,2.4595892429351807,2.5228302478790283,2.3318166732788086,2.4143903255462646,2.1676626205444336,2.215775489807129,1.8384815454483032,2.180311918258667,2.442857265472412,2.5709145069122314,2.513489246368408,2.6561083793640137,2.4925928115844727,2.3036489486694336,2.2499594688415527,2.1396570205688477,2.301975727081299,2.615054130554199,2.7042622566223145,2.7514195442199707,2.767085552215576,2.802103042602539,2.446627616882324,2.47648549079895,2.340606927871704,2.50920033454895,2.741239309310913,2.9041190147399902,2.848799467086792,3.1491737365722656,2.988332748413086,2.677217483520508,2.6229333877563477,2.7136025428771973,2.651508092880249,1.5068998336791992,1.4380444288253784,1.5532712936401367,-0.5233920812606812,-0.8124702572822571
0,99,2.375964403152466,2.431884288787842,2.488231658935547,2.350797653198242,2.421099901199341,2.144514560699463,2.1886916160583496,1.8688112497329712,2.175431966781616,2.4345343112945557,2.576946496963501,2.5160720348358154,2.708404064178467,2.543562889099121,2.3165080547332764,2.2627222537994385,2.2151403427124023,2.322622299194336,2.5941569805145264,2.6958694458007812,2.7360527515411377,2.7972402572631836,2.8227665424346924,2.4441707134246826,2.4706125259399414,2.3800792694091797,2.4990227222442627,2.7290091514587402,2.9032065868377686,2.844712734222412,3.1864283084869385,3.0249311923980713,2.6842544078826904,2.6304385662078857,2.7729363441467285,2.635101079940796,1.475972056388855,1.4377723932266235,1.5692554712295532,-0.5617519617080688,-0.8284525871276855
0,99,2.4255218505859375,2.476285696029663,2.5312867164611816,2.363649845123291,2.4434432983398438,2.1864466667175293,2.227487802505493,1.8606196641921997,2.19622802734375,2.5117807388305664,2.631277322769165,2.575192451477051,2.6457297801971436,2.505681276321411,2.348820924758911,2.298163890838623,2.0758492946624756,2.368608236312866,2.6151528358459473,2.7104315757751465,2.751995086669922,2.7835960388183594,2.8246846199035645,2.4565494060516357,2.4827756881713867,2.3579862117767334,2.503911018371582,2.7427268028259277,2.8983163833618164,2.8413891792297363,3.0823535919189453,2.9405410289764404,2.656576633453369,2.603682518005371,2.610196352005005,2.6661369800567627,1.4317560195922852,1.482317328453064,1.5541781187057495,-0.5411815643310547,-0.8084328770637512
0,99,2.3906967639923096,2.4418351650238037,2.4954335689544678,2.3416247367858887,2.4207570552825928,2.1580655574798584,2.199737310409546,1.8468517065048218,2.1657867431640625,2.524179697036743,2.6394288539886475,2.5814898014068604,2.6315131187438965,2.4928691387176514,2.354811191558838,2.306678533554077,2.0434799194335938,2.366780996322632,2.5737831592559814,2.6685266494750977,2.7092761993408203,2.749941825866699,2.7923052310943604,2.4197683334350586,2.447450876235962,2.3335156440734863,2.457902669906616,2.7398173809051514,2.8917932510375977,2.832918167114258,3.054527521133423,2.914161443710327,2.645711660385132,2.595181703567505,2.5662617683410645,2.6621510982513428,1.439670443534851,1.4907909631729126,1.5565379858016968,-0.4988723397254944,-0.7587450742721558
0,99,2.4013655185699463,2.4378676414489746,2.4943556785583496,2.2766964435577393,2.3618011474609375,2.1495370864868164,2.1947810649871826,1.738123893737793,2.1267106533050537,2.5188326835632324,2.6223833560943604,2.568119525909424,2.5683398246765137,2.4330031871795654,2.334829568862915,2.2900357246398926,1.95084547996521,2.331554889678955,2.554323434829712,2.6350202560424805,2.6785714626312256,2.660365581512451,2.705512523651123,2.379117012023926,2.409919261932373,2.204063653945923,2.4194939136505127,2.718658208847046,2.8592493534088135,2.804229974746704,2.977043867111206,2.8390045166015625,2.607697010040283,2.5602307319641113,2.45792555809021,2.6415348052978516,1.44014310836792,1.4508610963821411,1.5421923398971558,-0.4532885253429413,-0.7618446350097656
0,99,2.3552703857421875,2.3894426822662354,2.451491355895996,2.2416465282440186,2.3276541233062744,2.106107473373413,2.155885696411133,1.7233132123947144,2.095412015914917,2.462399482727051,2.56937837600708,2.5193402767181396,2.554412364959717,2.4136507511138916,2.290531873703003,2.2479262351989746,1.9681739807128906,2.301062822341919,2.50747013092041,2.586498260498047,2.634396553039551,2.626224994659424,2.667184591293335,2.3360471725463867,2.369469404220581,2.18654727935791,2.3794004917144775,2.677506923675537,2.8211944103240967,2.768986940383911,2.974616289138794,2.8267385959625244,2.5797040462493896,2.5326480865478516,2.481637477874756,2.6022164821624756,1.432215690612793,1.4431509971618652,1.518147349357605,-0.4520173966884613,-0.7757090926170349
0,99,2.354874849319458,2.4054505825042725,2.4630796909332275,2.324069023132324,2.397927761077881,2.1268303394317627,2.1713240146636963,1.8309309482574463,2.146010637283325,2.4736056327819824,2.5975990295410156,2.5415430068969727,2.6511659622192383,2.5023703575134277,2.3274166584014893,2.2785940170288086,2.095097303390503,2.345017910003662,2.5508248805999756,2.645103693008423,2.688901662826538,2.742771863937378,2.776582717895508,2.4018290042877197,2.430757999420166,2.321319818496704,2.4416494369506836,2.7173879146575928,2.8753278255462646,2.81990122795105,3.0884861946105957,2.939312219619751,2.6442320346832275,2.593837022781372,2.6209659576416016,2.6408984661102295,1.4419026374816895,1.4707226753234863,1.5502632856369019,-0.5452557802200317,-0.810063362121582
0,99,2.2879037857055664,2.3437819480895996,2.3959038257598877,2.3002707958221436,2.3585801124572754,2.0753896236419678,2.116806745529175,1.8344966173171997,2.092573642730713,2.4142086505889893,2.5490920543670654,2.485865592956543,2.665667772293091,2.5002152919769287,2.2963428497314453,2.2427728176116943,2.1536076068878174,2.3059802055358887,2.498535394668579,2.5987236499786377,2.635471820831299,2.7303659915924072,2.7466881275177,2.365917921066284,2.390409469604492,2.3290016651153564,2.390302896499634,2.6872756481170654,2.8543338775634766,2.7925233840942383,3.1214938163757324,2.9570181369781494,2.641108989715576,2.5866129398345947,2.6898233890533447,2.6018476486206055,1.4578850269317627,1.430487871170044,1.5208492279052734,-0.5547526478767395,-0.8336437940597534
0,99,2.3253085613250732,2.3862764835357666,2.4405064582824707,2.3507606983184814,2.4039969444274902,2.1157150268554688,2.1546294689178467,1.869890809059143,2.1535487174987793,2.44927978515625,2.5846545696258545,2.524219036102295,2.7000975608825684,2.5312917232513428,2.3305153846740723,2.275275707244873,2.1700878143310547,2.334677219390869,2.539203643798828,2.642740249633789,2.681633234024048,2.778803825378418,2.789202928543091,2.4082584381103516,2.4298219680786133,2.3616602420806885,2.446472406387329,2.729069709777832,2.8958232402801514,2.836326837539673,3.1596202850341797,2.9896609783172607,2.6808509826660156,2.623842477798462,2.7078213691711426,2.6364102363586426,1.4352068901062012,1.4771003723144531,1.5448193550109863,-0.579657793045044,-0.846977710723877
0,99,2.3685007095336914,2.4278876781463623,2.4884531497955322,2.381352663040161,2.4630050659179688,2.1478583812713623,2.1907777786254883,1.9424679279327393,2.175265312194824,2.536163568496704,2.659022331237793,2.6009035110473633,2.686183214187622,2.5427799224853516,2.3761179447174072,2.3239428997039795,2.1297693252563477,2.37241530418396,2.577958345413208,2.6827754974365234,2.7285420894622803,2.824402332305908,2.866570472717285,2.443211793899536,2.4703962802886963,2.45843243598938,2.477792739868164,2.784677028656006,2.944507360458374,2.887523651123047,3.1482596397399902,3.007327079772949,2.704498291015625,2.6516873836517334,2.690261125564575,2.6935997009277344,1.4947068691253662,1.4559152126312256,1.5560588836669922,-0.5584160685539246,-0.8025791645050049
0,99,2.395381450653076,2.451362133026123,2.5083723068237305,2.405689239501953,2.4725184440612793,2.1669273376464844,2.2084763050079346,1.9654842615127563,2.1992228031158447,2.503376007080078,2.6496896743774414,2.587855339050293,2.8212695121765137,2.6559295654296875,2.3934898376464844,2.335578680038452,2.361189365386963,2.39747953414917,2.6300323009490967,2.7356743812561035,2.7758371829986572,2.8850996494293213,2.907233715057373,2.491011381149292,2.5141758918762207,2.510997772216797,2.5344064235687256,2.819668769836426,3.0010244846343994,2.9387662410736084,3.3360707759857178,3.1694931983947754,2.7914793491363525,2.73167085647583,2.9609272480010986,2.7029690742492676,1.5139836072921753,1.4400444030761719,1.5331860780715942,-0.5527375340461731,-0.8531227111816406
0,99,2.413555860519409,2.4600472450256348,2.5219221115112305,2.3751659393310547,2.4550094604492188,2.1740529537200928,2.2197372913360596,1.9031214714050293,2.199585199356079,2.5077743530273438,2.638662099838257,2.5834274291992188,2.7439515590667725,2.588592529296875,2.371279239654541,2.318572521209717,2.226027011871338,2.385058641433716,2.6288537979125977,2.7252049446105957,2.7700819969177246,2.8345351219177246,2.866981267929077,2.4751205444335938,2.5020389556884766,2.4263408184051514,2.5322072505950928,2.7841570377349854,2.9525532722473145,2.8959505558013916,3.226594924926758,3.0674149990081787,2.7280702590942383,2.6721854209899902,2.7963175773620605,2.690129518508911,1.4773885011672974,1.4521875381469727,1.5699723958969116,-0.5272549390792847,-0.8190791010856628
0,99,2.3355374336242676,2.38205885887146,2.4512953758239746,2.330218553543091,2.409797191619873,2.102799415588379,2.153837203979492,1.9173691272735596,2.1256606578826904,2.452481746673584,2.602282762527466,2.545863151550293,2.822138547897339,2.645123243331909,2.3624746799468994,2.3051342964172363,2.397320032119751,2.3429276943206787,2.549703359603882,2.647970676422119,2.698854923248291,2.8004050254821777,2.8267388343811035,2.4103713035583496,2.439962148666382,2.4513537883758545,2.4462428092956543,2.7657992839813232,2.9502625465393066,2.8913071155548096,3.3312411308288574,3.1471357345581055,2.759073495864868,2.697249174118042,2.9876506328582764,2.6228630542755127,1.580500841140747,1.4042891263961792,1.6480700969696045,-0.522506594657898,-0.8088331818580627
0,99,2.277027130126953,2.322284460067749,2.3970940113067627,2.2928149700164795,2.3682587146759033,2.0527591705322266,2.1048505306243896,1.9008450508117676,2.094855308532715,2.4134228229522705,2.5643014907836914,2.5141918659210205,2.823744058609009,2.643289089202881,2.3417985439300537,2.2844362258911133,2.4318110942840576,2.2990128993988037,2.4981162548065186,2.5936076641082764,2.649831771850586,2.765606641769409,2.786395788192749,2.368169069290161,2.3978254795074463,2.4353291988372803,2.410141944885254,2.73828387260437,2.9205620288848877,2.8680388927459717,3.331284999847412,3.1431870460510254,2.7471280097961426,2.68524169921875,3.0147299766540527,2.5701522827148438,1.5584871768951416,1.3789654970169067,1.6091418266296387,-0.552901029586792,-0.8265140652656555
0,99,2.3591089248657227,2.4160640239715576,2.487149715423584,2.416246175765991,2.4807627201080322,2.1404571533203125,2.1885311603546143,2.0213403701782227,2.2081308364868164,2.467869281768799,2.6440000534057617,2.590860605239868,3.0207507610321045,2.827911853790283,2.4458234310150146,2.383087396621704,2.701368570327759,2.331958293914795,2.61079740524292,2.7174723148345947,2.769690990447998,2.9153811931610107,2.9263031482696533,2.4871273040771484,2.512566328048706,2.5813095569610596,2.5362093448638916,2.853182077407837,3.0554049015045166,3.0007357597351074,3.564821481704712,3.3663265705108643,2.9061572551727295,2.8401670455932617,3.3100783824920654,2.5950982570648193,1.6346715688705444,1.4428316354751587,1.6315429210662842,-0.5837669372558594,-0.8521323800086975
0,99,2.393826484680176,2.4728853702545166,2.5376205444335938,2.5387558937072754,2.6060140132904053,2.199941396713257,2.2444069385528564,2.1527161598205566,2.284100294113159,2.572293519973755,2.7588882446289062,2.702666759490967,3.134864330291748,2.967353105545044,2.5485928058624268,2.4901010990142822,2.7898685932159424,2.4255897998809814,2.689713716506958,2.813185214996338,2.860618829727173,3.052351236343384,3.0753653049468994,2.583184242248535,2.608266830444336,2.719320297241211,2.614532709121704,2.965878963470459,3.174940824508667,3.1195476055145264,3.673588752746582,3.504434585571289,3.011150360107422,2.9517199993133545,3.3941402435302734,2.684741735458374,1.5774991512298584,1.5023590326309204,1.7152971029281616,-0.6568887829780579,-0.8526251316070557
0,99,2.38165020942688,2.461759328842163,2.522425651550293,2.544677257537842,2.5901570320129395,2.1916329860687256,2.2313072681427,2.1594889163970947,2.284205436706543,2.5870957374572754,2.7770845890045166,2.721205234527588,3.1979100704193115,3.00984525680542,2.5816824436187744,2.519148349761963,2.8702352046966553,2.429227113723755,2.6811885833740234,2.8067989349365234,2.84820818901062,3.0635533332824707,3.0595285892486572,2.5799241065979004,2.5976130962371826,2.727139711380005,2.6176326274871826,2.987240791320801,3.1987202167510986,3.142977476119995,3.7358524799346924,3.5435914993286133,3.0483005046844482,2.983757734298706,3.4683802127838135,2.6834816932678223,1.565311312675476,1.4971072673797607,1.7230623960494995,-0.6510046124458313,-0.8623846173286438
0,99,2.464648485183716,2.5607357025146484,2.6206510066986084,2.687770366668701,2.7321419715881348,2.2863335609436035,2.3216981887817383,2.3030285835266113,2.3863108158111572,2.612534761428833,2.8113040924072266,2.756105661392212,3.247685670852661,3.067894458770752,2.606081247329712,2.5422418117523193,2.9200704097747803,2.4417974948883057,2.786245822906494,2.926631212234497,2.9679622650146484,3.2221193313598633,3.2211601734161377,2.695967435836792,2.710885763168335,2.8868229389190674,2.7190685272216797,3.0248754024505615,3.2460262775421143,3.1913366317749023,3.802778720855713,3.6202502250671387,3.087648391723633,3.022726058959961,3.537891387939453,2.6976330280303955,1.5304025411605835,1.5934832096099854,1.7388840913772583,-0.6676420569419861,-0.8578513860702515
0,99,2.3975977897644043,2.4870715141296387,2.5418622493743896,2.6127753257751465,2.6294875144958496,2.2244811058044434,2.2540841102600098,2.1997244358062744,2.330071449279785,2.5375823974609375,2.729933738708496,2.6748857498168945,3.1794166564941406,2.9715561866760254,2.5415565967559814,2.4727699756622314,2.8382070064544678,2.364746332168579,2.68741774559021,2.8203816413879395,2.856393575668335,3.1120755672454834,3.0800235271453857,2.5997378826141357,2.607414722442627,2.7499582767486572,2.62913179397583,2.931138038635254,3.1445229053497314,3.0892035961151123,3.703068256378174,3.4903435707092285,2.9979186058044434,2.926769256591797,3.4162049293518066,2.6079676151275635,1.4693830013275146,1.5186461210250854,1.6661938428878784,-0.698321521282196,-0.8650239706039429
0,99,2.3704276084899902,2.456646680831909,2.5099871158599854,2.535323143005371,2.5637149810791016,2.190235137939453,2.2208025455474854,2.0760529041290283,2.3037288188934326,2.4816946983337402,2.670229434967041,2.617609977722168,3.0848143100738525,2.8849520683288574,2.478879690170288,2.413799524307251,2.7129907608032227,2.313201427459717,2.6418564319610596,2.7683756351470947,2.8040988445281982,3.000711441040039,2.98073410987854,2.5379984378814697,2.5477688312530518,2.589445114135742,2.5955920219421387,2.8594954013824463,3.066321611404419,3.0140087604522705,3.5775837898254395,3.3737967014312744,2.911705493927002,2.844618320465088,3.2551443576812744,2.5538947582244873,1.4480355978012085,1.497050166130066,1.5222692489624023,-0.6943379640579224,-0.9211812019348145
0,99,2.352454662322998,2.439565896987915,2.4954237937927246,2.558417320251465,2.576477289199829,2.1833138465881348,2.214573621749878,2.140991449356079,2.286020278930664,2.4693353176116943,2.658797264099121,2.607149600982666,3.104163885116577,2.894792079925537,2.47686505317688,2.4119057655334473,2.7618112564086914,2.2979283332824707,2.6460437774658203,2.7755534648895264,2.811842203140259,3.051996946334839,3.019099712371826,2.55810284614563,2.5668938159942627,2.679401159286499,2.5892412662506104,2.866457462310791,3.0758118629455566,3.0234758853912354,3.623486280441284,3.4085373878479004,2.9334115982055664,2.865537643432617,3.331904172897339,2.541661500930786,1.4348764419555664,1.4333863258361816,1.6133718490600586,-0.7291318774223328,-0.875342071056366
0,99,2.4611759185791016,2.566767692565918,2.620288610458374,2.761059522628784,2.7763512134552,2.321150302886963,2.3482472896575928,2.3514599800109863,2.403057098388672,2.604802370071411,2.8068430423736572,2.7527270317077637,3.2947287559509277,3.0908052921295166,2.6298577785491943,2.562727928161621,2.940793991088867,2.3828229904174805,2.8063409328460693,2.951090097427368,2.986497163772583,3.288679361343384,3.259702682495117,2.7436435222625732,2.750486373901367,2.917736768722534,2.7164645195007324,3.0529685020446777,3.273203134536743,3.2193353176116943,3.855771780014038,3.6484947204589844,3.133756160736084,3.0649056434631348,3.547579050064087,2.6489226818084717,1.465895175933838,1.5591602325439453,1.6543748378753662,-0.7613480687141418,-0.8959145545959473
0,99,2.326535701751709,2.415602922439575,2.4697136878967285,2.5630202293395996,2.5578629970550537,2.173297643661499,2.196012020111084,2.138214349746704,2.268986225128174,2.520761251449585,2.7147114276885986,2.6586506366729736,3.208468198776245,2.968402624130249,2.5589659214019775,2.4806463718414307,2.862967014312744,2.294748067855835,2.620234251022339,2.7497007846832275,2.784672260284424,3.049363851547241,2.993508815765381,2.5470097064971924,2.5468506813049316,2.6673755645751953,2.5555598735809326,2.936018705368042,3.147073268890381,3.089858055114746,3.7305009365081787,3.4839346408843994,3.0273141860961914,2.946009635925293,3.4281539916992188,2.5341548919677734,1.4995478391647339,1.5546258687973022,1.6173830032348633,-0.671855092048645,-0.8949785232543945
0,99,2.3569421768188477,2.432518482208252,2.4930644035339355,2.524672269821167,2.540775775909424,2.177560806274414,2.2113611698150635,2.091259002685547,2.2817342281341553,2.5034806728363037,2.6908371448516846,2.638094186782837,3.1572210788726807,2.9234793186187744,2.523906707763672,2.4516313076019287,2.811373472213745,2.3148365020751953,2.621852397918701,2.7395427227020264,2.7810111045837402,2.9972012042999268,2.95831036567688,2.5259451866149902,2.5357978343963623,2.6138577461242676,2.5635929107666016,2.9030370712280273,3.1086032390594482,3.0545308589935303,3.6720569133758545,3.43074369430542,2.9805407524108887,2.9044628143310547,3.3736090660095215,2.5553665161132812,1.522771954536438,1.5647003650665283,1.6279128789901733,-0.6443781852722168,-0.8834584951400757
0,99,2.297696590423584,2.376159429550171,2.433985471725464,2.4746434688568115,2.482664108276367,2.128370523452759,2.159532070159912,2.0470693111419678,2.217308282852173,2.469545602798462,2.6571085453033447,2.6033143997192383,3.106437921524048,2.8730082511901855,2.4879705905914307,2.414625406265259,2.747741222381592,2.2949602603912354,2.5656726360321045,2.685291051864624,2.723989963531494,2.9377241134643555,2.892772912979126,2.4744739532470703,2.482090473175049,2.5514731407165527,2.5046257972717285,2.843731641769409,3.04901385307312,2.994669198989868,3.590639591217041,3.350813627243042,2.9155242443084717,2.8391244411468506,3.277371406555176,2.5275161266326904,1.4916117191314697,1.5224568843841553,1.6360222101211548,-0.6551688313484192,-0.8676376938819885
0,99,2.350383996963501,2.4065439701080322,2.460059881210327,2.424617290496826,2.461491823196411,2.1594595909118652,2.1943018436431885,1.9605498313903809,2.2527472972869873,2.4257583618164062,2.602001428604126,2.5403945446014404,3.0152342319488525,2.8072757720947266,2.4355239868164062,2.3669681549072266,2.6713640689849854,2.2556138038635254,2.5969154834747314,2.697964906692505,2.734549045562744,2.890838861465454,2.878596544265747,2.488886833190918,2.503146171569824,2.485671043395996,2.5491890907287598,2.793616533279419,2.9903857707977295,2.9300057888031006,3.506631374359131,3.2966625690460205,2.861391067504883,2.7915055751800537,3.2129967212677,2.4950361251831055,1.5625537633895874,1.559566617012024,1.6107864379882812,-0.6429266929626465,-0.8597087860107422
0,99,2.5018270015716553,2.6005067825317383,2.6482744216918945,2.8131704330444336,2.8078067302703857,2.3794898986816406,2.4010581970214844,2.4190855026245117,2.4377591609954834,2.756690502166748,2.967233419418335,2.902683734893799,3.5526201725006104,3.3201582431793213,2.845038890838623,2.767076015472412,3.2650818824768066,2.4235854148864746,2.8752448558807373,3.014300584793091,3.0436620712280273,3.3790714740753174,3.329730272293091,2.836264133453369,2.8373007774353027,3.0275638103485107,2.7653861045837402,3.2679269313812256,3.4926085472106934,3.4296553134918213,4.161192417144775,3.9282004833221436,3.406313896179199,3.328251838684082,3.9136760234832764,2.693298101425171,1.6628928184509277,1.6389967203140259,1.6970409154891968,-0.7441648244857788,-0.9195711016654968
0,99,2.452402114868164,2.4978668689727783,2.57169246673584,2.397385358810425,2.4835267066955566,2.2084147930145264,2.2619504928588867,1.8893373012542725,2.2890453338623047,2.4404304027557373,2.6069657802581787,2.548250913619995,2.9172277450561523,2.6992413997650146,2.3961520195007324,2.323639154434204,2.496382474899292,2.254925489425659,2.642268180847168,2.7315945625305176,2.788968324661255,2.8142433166503906,2.8411450386047363,2.476224660873413,2.50699782371521,2.3667683601379395,2.581167697906494,2.8015520572662354,2.9899778366088867,2.9334867000579834,3.408745765686035,3.189478874206543,2.814255475997925,2.7403993606567383,3.037398099899292,2.5605597496032715,1.7279421091079712,1.5775322914123535,1.4978264570236206,-0.5246870517730713,-0.8440231084823608
0,99,2.5490822792053223,2.604597806930542,2.673309564590454,2.5248184204101562,2.604194164276123,2.3099558353424072,2.356872320175171,2.0203490257263184,2.4017996788024902,2.498377561569214,2.675607204437256,2.608821392059326,3.024325370788574,2.8032453060150146,2.470055341720581,2.391232967376709,2.6395814418792725,2.2862775325775146,2.763529062271118,2.863187074661255,2.9159483909606934,2.969576120376587,2.9939346313476562,2.605621337890625,2.630811929702759,2.5305397510528564,2.709498643875122,2.8702714443206787,3.0695159435272217,3.0059025287628174,3.5311286449432373,3.310514211654663,2.9019510746002197,2.8227663040161133,3.1988577842712402,2.582707643508911,1.8006929159164429,1.5524638891220093,1.531416416168213,-0.5927660465240479,-0.8415573239326477
0,99,2.561058521270752,2.615873336791992,2.6855881214141846,2.5271620750427246,2.6114118099212646,2.3166050910949707,2.366105318069458,2.0159549713134766,2.4088075160980225,2.491440534591675,2.6678686141967773,2.600181818008423,2.9979143142700195,2.7800629138946533,2.4529643058776855,2.375795841217041,2.5986428260803223,2.284304618835449,2.772249460220337,2.870608329772949,2.92474365234375,2.9660561084747314,2.9963648319244385,2.6075706481933594,2.6358706951141357,2.52018141746521,2.7150073051452637,2.855592966079712,3.054229259490967,2.9899187088012695,3.49841046333313,3.2814698219299316,2.877230405807495,2.799802780151367,3.152534008026123,2.5827949047088623,1.7922757863998413,1.6548500061035156,1.5287545919418335,-0.5533897876739502,-0.8364464640617371
0,99,2.566596269607544,2.609821081161499,2.682299852371216,2.477937698364258,2.5710906982421875,2.305109739303589,2.358597755432129,1.946855902671814,2.3820154666900635,2.4839675426483154,2.6590123176574707,2.593623161315918,2.9984097480773926,2.778216600418091,2.4473743438720703,2.370579957962036,2.6109933853149414,2.2832930088043213,2.755530595779419,2.8447265625,2.9012081623077393,2.9076006412506104,2.9423418045043945,2.575360059738159,2.6065707206726074,2.446558952331543,2.6907572746276855,2.8526973724365234,3.050565004348755,2.9877536296844482,3.505521297454834,3.284536361694336,2.8776285648345947,2.799860954284668,3.1718740463256836,2.580437183380127,1.838645100593567,1.6344194412231445,1.5340298414230347,-0.5086802840232849,-0.8322976231575012
0,99,2.5939524173736572,2.6429684162139893,2.714143753051758,2.523176431655884,2.612683057785034,2.3345792293548584,2.3863637447357178,1.9906224012374878,2.421783924102783,2.5298452377319336,2.7092645168304443,2.6433568000793457,3.0612146854400635,2.8432116508483887,2.4984164237976074,2.4221761226654053,2.6802613735198975,2.322309970855713,2.7894864082336426,2.883735418319702,2.939465284347534,2.9593937397003174,2.9927101135253906,2.6126866340637207,2.6429567337036133,2.5009124279022217,2.7294838428497314,2.905398368835449,3.1062204837799072,3.043705463409424,3.572204113006592,3.3549537658691406,2.934786081314087,2.8583545684814453,3.2463409900665283,2.6171064376831055,1.8571196794509888,1.652306318283081,1.5574698448181152,-0.5230072736740112,-0.8360203504562378
0,99,2.5552825927734375,2.6018197536468506,2.6721718311309814,2.4844558238983154,2.5690786838531494,2.3030083179473877,2.3537113666534424,1.9536323547363281,2.3904707431793213,2.4781110286712646,2.654832363128662,2.5877108573913574,3.0069987773895264,2.779400110244751,2.4515483379364014,2.372556447982788,2.6280226707458496,2.2680537700653076,2.7469849586486816,2.8372716903686523,2.8922338485717773,2.908346652984619,2.93626070022583,2.573753595352173,2.6027772426605225,2.448110580444336,2.6892666816711426,2.8541603088378906,3.0511348247528076,2.9873905181884766,3.5099968910217285,3.2832319736480713,2.884416103363037,2.805232286453247,3.1804680824279785,2.5652666091918945,1.830857515335083,1.541546106338501,1.504018783569336,-0.5516446232795715,-0.8371181488037109
0,99,2.5546350479125977,2.6032164096832275,2.6736104488372803,2.4897165298461914,2.573638916015625,2.301347494125366,2.3521759510040283,1.966404914855957,2.395933151245117,2.4904403686523438,2.6644206047058105,2.6014645099639893,3.010763645172119,2.790438413619995,2.459895610809326,2.3837897777557373,2.6338281631469727,2.285837173461914,2.7426674365997314,2.835805892944336,2.890648603439331,2.9179399013519287,2.9436123371124268,2.572415351867676,2.6009681224823,2.4695372581481934,2.6923227310180664,2.8706581592559814,3.0660622119903564,3.0057921409606934,3.5261452198028564,3.3046998977661133,2.901054859161377,2.8239612579345703,3.2028391361236572,2.5855441093444824,1.7903910875320435,1.5424543619155884,1.5071830749511719,-0.5535444617271423,-0.8437845706939697
0,99,2.437915802001953,2.4710893630981445,2.543278932571411,2.3064515590667725,2.401996374130249,2.180020570755005,2.234602212905884,1.7670413255691528,2.242393970489502,2.348332166671753,2.505624532699585,2.4469258785247803,2.7892112731933594,2.5674240589141846,2.298833131790161,2.2252931594848633,2.372251272201538,2.17458438873291,2.574610471725464,2.6495184898376465,2.706193447113037,2.6680288314819336,2.7003722190856934,2.389625310897827,2.421269655227661,2.1944220066070557,2.507176160812378,2.680121660232544,2.8584144115448,2.8015451431274414,3.249218702316284,3.0238258838653564,2.6861236095428467,2.610173463821411,2.88165283203125,2.4651975631713867,1.6891635656356812,1.4483178853988647,1.430924892425537,-0.5255919098854065,-0.8257500529289246
0,99,2.3329710960388184,2.3787789344787598,2.4463863372802734,2.3103411197662354,2.3707499504089355,2.1034998893737793,2.1536378860473633,1.8420610427856445,2.1858484745025635,2.3827505111694336,2.5569562911987305,2.492297887802124,2.9483437538146973,2.6993489265441895,2.3829381465911865,2.3043668270111084,2.600761651992798,2.186789035797119,2.5161144733428955,2.6055800914764404,2.6558029651641846,2.725186586380005,2.7221429347991943,2.3697545528411865,2.394953489303589,2.3217289447784424,2.457850694656372,2.7686188220977783,2.9611966609954834,2.897233724594116,3.4500041007995605,3.196660280227661,2.8234472274780273,2.7420687675476074,3.1455299854278564,2.4704010486602783,1.735372543334961,1.5064877271652222,1.4375642538070679,-0.5146886110305786,-0.875616192817688
0,99,2.383035659790039,2.4343302249908447,2.5020854473114014,2.3613882064819336,2.423609972000122,2.1546132564544678,2.203908920288086,1.8649954795837402,2.2460505962371826,2.4492712020874023,2.6337010860443115,2.564663887023926,3.0579090118408203,2.797309637069702,2.4697957038879395,2.384025812149048,2.7158496379852295,2.209702730178833,2.5735132694244385,2.665909767150879,2.716714382171631,2.770801544189453,2.7710485458374023,2.4228858947753906,2.4478232860565186,2.3362178802490234,2.5216643810272217,2.8392765522003174,3.0383548736572266,2.9711692333221436,3.5489397048950195,3.2858994007110596,2.907878875732422,2.8207666873931885,3.2471930980682373,2.4776804447174072,1.8399547338485718,1.4503356218338013,1.4824457168579102,-0.5709911584854126,-0.8727692365646362
0,99,2.4004268646240234,2.433232307434082,2.5069401264190674,2.262117385864258,2.3567006587982178,2.1392135620117188,2.1958491802215576,1.7237293720245361,2.1832504272460938,2.3295745849609375,2.487630844116211,2.4288277626037598,2.772167921066284,2.5387957096099854,2.2795894145965576,2.204643726348877,2.353161334991455,2.164670944213867,2.5344181060791016,2.609340190887451,2.666017532348633,2.6199567317962646,2.646606683731079,2.3451924324035645,2.3770928382873535,2.1422572135925293,2.4545340538024902,2.6418097019195557,2.8208999633789062,2.7624707221984863,3.2121663093566895,2.9721310138702393,2.647170066833496,2.5684189796447754,2.842703104019165,2.438812017440796,1.702022671699524,1.4915745258331299,1.4583157300949097,-0.4640331566333771,-0.8236485719680786
0,99,2.408836841583252,2.439246654510498,2.514737844467163,2.263592481613159,2.362935781478882,2.1428945064544678,2.2004010677337646,1.7282418012619019,2.1807985305786133,2.317457914352417,2.4759912490844727,2.4157633781433105,2.7714929580688477,2.532588243484497,2.2687439918518066,2.195172071456909,2.364330768585205,2.141381025314331,2.5474514961242676,2.6216275691986084,2.6794769763946533,2.635192632675171,2.6637041568756104,2.3566861152648926,2.3887131214141846,2.1623952388763428,2.465534210205078,2.643449306488037,2.8241159915924072,2.7639169692993164,3.2310850620269775,2.984837293624878,2.653581380844116,2.57533860206604,2.874582529067993,2.425645589828491,1.7400786876678467,1.4750176668167114,1.4226629734039307,-0.4505399167537689,-0.8357963562011719
0,99,2.4064533710479736,2.4415316581726074,2.51430082321167,2.274456024169922,2.3658299446105957,2.144665002822876,2.203372001647949,1.737897276878357,2.1992015838623047,2.320427656173706,2.4742300510406494,2.4141135215759277,2.7268993854522705,2.501086473464966,2.255545139312744,2.1850340366363525,2.2954745292663574,2.1505064964294434,2.529125213623047,2.606613874435425,2.6625068187713623,2.627284288406372,2.6508772373199463,2.3423614501953125,2.3766305446624756,2.1587231159210205,2.456655979156494,2.6248369216918945,2.801527261734009,2.7419097423553467,3.1705315113067627,2.937181234359741,2.6194164752960205,2.5447819232940674,2.792963743209839,2.4329540729522705,1.644709587097168,1.434863567352295,1.428514003753662,-0.4988326132297516,-0.8078852891921997
0,99,2.4579973220825195,2.49489426612854,2.5689094066619873,2.325098991394043,2.4204487800598145,2.1940677165985107,2.252140522003174,1.7762402296066284,2.252659320831299,2.355172872543335,2.5082509517669678,2.4505650997161865,2.7514376640319824,2.5333640575408936,2.2843611240386963,2.2155263423919678,2.30936598777771,2.179725170135498,2.5872950553894043,2.666335344314575,2.723703622817993,2.6823182106018066,2.7116920948028564,2.3977620601654053,2.4319989681243896,2.2006564140319824,2.517636775970459,2.6496846675872803,2.825979709625244,2.76926851272583,3.187276840209961,2.9625868797302246,2.6386194229125977,2.566075563430786,2.8008856773376465,2.459630012512207,1.6485682725906372,1.4547885656356812,1.4624959230422974,-0.5264011025428772,-0.804980456829071
0,99,2.4515299797058105,2.493227243423462,2.5667483806610107,2.3454697132110596,2.4381601810455322,2.192145824432373,2.250181198120117,1.8074358701705933,2.258976936340332,2.3674182891845703,2.525223970413208,2.4663326740264893,2.7720704078674316,2.5608255863189697,2.295149326324463,2.2278101444244385,2.3278024196624756,2.198172092437744,2.6026628017425537,2.687070608139038,2.7442572116851807,2.723126173019409,2.7538716793060303,2.4180967807769775,2.4531970024108887,2.2511634826660156,2.5360398292541504,2.66776704788208,2.8489158153533936,2.791781425476074,3.2138943672180176,2.9981191158294678,2.655027151107788,2.5849266052246094,2.8263156414031982,2.48060941696167,1.6350582838058472,1.4634895324707031,1.473569393157959,-0.526889443397522,-0.801243245601654
0,99,2.474989652633667,2.5198004245758057,2.5890846252441406,2.379563331604004,2.4636693000793457,2.2153332233428955,2.2703402042388916,1.8425579071044922,2.2853899002075195,2.410234212875366,2.5801842212677,2.5161116123199463,2.8852217197418213,2.6611204147338867,2.3633718490600586,2.2899787425994873,2.478900671005249,2.2327842712402344,2.6261255741119385,2.714582920074463,2.767935276031494,2.7659807205200195,2.7886831760406494,2.445340871810913,2.4774701595306396,2.3022212982177734,2.561222553253174,2.7402374744415283,2.9316048622131348,2.8696181774139404,3.35044264793396,3.123150587081909,2.752910852432251,2.6775460243225098,2.999138593673706,2.513429880142212,1.7247035503387451,1.4879436492919922,1.4929704666137695,-0.5190452933311462,-0.8148686289787292
0,99,2.4442269802093506,2.4853906631469727,2.554211378097534,2.3313944339752197,2.4164295196533203,2.18386173248291,2.2409679889678955,1.7826154232025146,2.243570566177368,2.37528920173645,2.535111904144287,2.4735119342803955,2.7909152507781982,2.573514461517334,2.308811664581299,2.2415802478790283,2.35060977935791,2.2140045166015625,2.582740545272827,2.6670758724212646,2.719536304473877,2.702111005783081,2.7239484786987305,2.3990418910980225,2.43304181098938,2.2247002124786377,2.513529062271118,2.6920053958892822,2.8747315406799316,2.814309597015381,3.248283863067627,3.0254852771759033,2.685842752456665,2.6153981685638428,2.863999128341675,2.50431227684021,1.6392570734024048,1.4494224786758423,1.4704437255859375,-0.5238180160522461,-0.817538857460022
0,99,2.4148106575012207,2.4548568725585938,2.5275332927703857,2.2935612201690674,2.3905584812164307,2.157435894012451,2.215534210205078,1.7465109825134277,2.2157394886016846,2.3165183067321777,2.4732375144958496,2.4181265830993652,2.719257116317749,2.516700267791748,2.249279022216797,2.1852176189422607,2.280386209487915,2.1572494506835938,2.5490570068359375,2.6307244300842285,2.6877529621124268,2.6499457359313965,2.685401201248169,2.36391544342041,2.399761199951172,2.169090986251831,2.480595350265503,2.6266236305236816,2.805131435394287,2.752263307571411,3.162464141845703,2.9563817977905273,2.615872621536255,2.549569606781006,2.7760260105133057,2.448707103729248,1.6057310104370117,1.433433175086975,1.425856113433838,-0.5303299427032471,-0.8133270740509033
0,99,2.4039626121520996,2.4417717456817627,2.514735221862793,2.271104335784912,2.3728368282318115,2.1552116870880127,2.2103464603424072,1.7143934965133667,2.1987056732177734,2.2925713062286377,2.430975914001465,2.380753993988037,2.5974414348602295,2.4077465534210205,2.2005584239959717,2.1392364501953125,2.1072945594787598,2.131455898284912,2.521073818206787,2.5978055000305176,2.6556339263916016,2.598337173461914,2.6388754844665527,2.339468240737915,2.373035430908203,2.1046302318573,2.4447600841522217,2.576569080352783,2.738633632659912,2.689638376235962,3.020972490310669,2.825148105621338,2.540196657180786,2.47542142868042,2.584796190261841,2.4309396743774414,1.5302486419677734,1.4804937839508057,1.4025585651397705,-0.5059918165206909,-0.7997115254402161
0,99,2.344330072402954,2.372190237045288,2.4471664428710938,2.1774728298187256,2.283970355987549,2.0857040882110596,2.147646427154541,1.6264227628707886,2.1129467487335205,2.2326407432556152,2.3742454051971436,2.322805881500244,2.5781397819519043,2.3751702308654785,2.1554713249206543,2.094493865966797,2.125680446624756,2.0842723846435547,2.4374003410339355,2.505988359451294,2.564783811569214,2.491147518157959,2.5296192169189453,2.2473981380462646,2.2860782146453857,2.0058023929595947,2.3509151935577393,2.5268304347991943,2.6914618015289307,2.6398770809173584,3.0090436935424805,2.796933174133301,2.50628662109375,2.4405996799468994,2.60914945602417,2.3723220825195312,1.5652644634246826,1.374024510383606,1.3850125074386597,-0.4662262201309204,-0.8043349981307983
0,99,2.4341063499450684,2.472804546356201,2.544672966003418,2.307582139968872,2.4035444259643555,2.1754229068756104,2.233214855194092,1.759200930595398,2.225618839263916,2.3113434314727783,2.4524617195129395,2.39786696434021,2.630598545074463,2.4332404136657715,2.214292287826538,2.152998924255371,2.1519076824188232,2.146312713623047,2.554672956466675,2.63456392288208,2.691023111343384,2.65183687210083,2.6858038902282715,2.3687691688537598,2.404496669769287,2.173834800720215,2.478109836578369,2.582796335220337,2.7492752075195312,2.695863962173462,3.0514705181121826,2.847660541534424,2.5460727214813232,2.481112003326416,2.632535934448242,2.4330520629882812,1.5554615259170532,1.4275691509246826,1.4435673952102661,-0.540177047252655,-0.7915897965431213
0,99,2.1528818607330322,2.169114112854004,2.247511625289917,1.963494896888733,2.0807242393493652,1.901585578918457,1.9676828384399414,1.4424314498901367,1.8945071697235107,2.107351779937744,2.2288613319396973,2.1834890842437744,2.36299467086792,2.1692893505096436,2.007284164428711,1.9520840644836426,1.8705618381500244,1.9559451341629028,2.2196216583251953,2.2738583087921143,2.3369553089141846,2.234058380126953,2.281815767288208,2.0289578437805176,2.0720367431640625,1.7667831182479858,2.102847099304199,2.3492233753204346,2.49491810798645,2.447232246398926,2.7381558418273926,2.529820442199707,2.3011014461517334,2.238518714904785,2.2932815551757812,2.2271127700805664,1.4652440547943115,1.3108134269714355,1.3089921474456787,-0.3825981616973877,-0.7998893857002258
0,99,2.167637348175049,2.195011854171753,2.2643492221832275,2.0296080112457275,2.126189947128296,1.9256473779678345,1.9802826642990112,1.5133763551712036,1.9582040309906006,2.159529685974121,2.316870927810669,2.2598445415496826,2.635118007659912,2.3944497108459473,2.1385653018951416,2.0647573471069336,2.2495625019073486,1.9939409494400024,2.2810816764831543,2.349316120147705,2.401355028152466,2.353059768676758,2.3782546520233154,2.104567050933838,2.13400936126709,1.8884752988815308,2.2044060230255127,2.481719493865967,2.6563363075256348,2.5992190837860107,3.058528423309326,2.8114943504333496,2.5060513019561768,2.4283158779144287,2.710096836090088,2.257553815841675,1.6612497568130493,1.2916151285171509,1.3406568765640259,-0.42718979716300964,-0.8283528089523315
0,99,2.2015349864959717,2.2212400436401367,2.2922861576080322,2.0143353939056396,2.125293493270874,1.942024827003479,1.9973480701446533,1.4787571430206299,1.962114930152893,2.135244131088257,2.2671515941619873,2.2189276218414307,2.478696346282959,2.27211332321167,2.0608620643615723,1.999218463897705,2.0443084239959717,1.981819987297058,2.336552143096924,2.396624803543091,2.451362133026123,2.3629603385925293,2.4044082164764404,2.1433677673339844,2.174421787261963,1.8826963901519775,2.249044179916382,2.422679901123047,2.576833724975586,2.527233362197876,2.8934922218322754,2.6763031482696533,2.402219295501709,2.3342854976654053,2.506690502166748,2.261408805847168,1.5160175561904907,1.2932559251785278,1.3085073232650757,-0.43347761034965515,-0.824177086353302
0,99,2.175400972366333,2.203537702560425,2.277805805206299,2.048729658126831,2.148509979248047,1.9267550706863403,1.984427571296692,1.529534101486206,1.972425937652588,2.160973072052002,2.312389373779297,2.2613537311553955,2.6054024696350098,2.3802175521850586,2.118598461151123,2.052537202835083,2.1951146125793457,2.001542568206787,2.318042039871216,2.3882951736450195,2.4456639289855957,2.4090962409973145,2.4389872550964355,2.1390981674194336,2.171694755554199,1.9449152946472168,2.2475805282592773,2.4729716777801514,2.643975257873535,2.593122959136963,3.031099557876587,2.799064874649048,2.4805145263671875,2.4099996089935303,2.663011074066162,2.2751169204711914,1.5847513675689697,1.2740862369537354,1.3441996574401855,-0.46180522441864014,-0.8236535787582397
0,99,2.316685199737549,2.373371124267578,2.443502426147461,2.3182246685028076,2.3922178745269775,2.081982135772705,2.131570816040039,1.8220258951187134,2.188384771347046,2.3470375537872314,2.5231711864471436,2.4637179374694824,2.874028444290161,2.6553571224212646,2.315274238586426,2.2471673488616943,2.4799647331237793,2.154317617416382,2.5121190547943115,2.6120128631591797,2.6656975746154785,2.7342689037323,2.7511701583862305,2.3556365966796875,2.3828461170196533,2.298830032348633,2.469694137573242,2.7075870037078857,2.902585506439209,2.8469035625457764,3.3510499000549316,3.134192705154419,2.7287404537200928,2.660095691680908,3.0020124912261963,2.4464762210845947,1.6355804204940796,1.4146711826324463,1.4434813261032104,-0.6232373714447021,-0.8512234687805176
0,99,2.342369318008423,2.4075069427490234,2.4766244888305664,2.395850658416748,2.4641878604888916,2.1192452907562256,2.1625494956970215,1.959046721458435,2.2248528003692627,2.384882688522339,2.572180986404419,2.505415678024292,2.995633363723755,2.7605793476104736,2.38757586479187,2.3074023723602295,2.6784942150115967,2.1514198780059814,2.570775032043457,2.678678512573242,2.7309176921844482,2.8491604328155518,2.8612687587738037,2.432793378829956,2.453061103820801,2.4731295108795166,2.5247855186462402,2.7529869079589844,2.9576168060302734,2.8945236206054688,3.482999563217163,3.2494547367095947,2.8131165504455566,2.7327353954315186,3.2154014110565186,2.412890911102295,1.7454602718353271,1.4416741132736206,1.4558916091918945,-0.6431642770767212,-0.8597711324691772
0,99,2.351435422897339,2.415436267852783,2.47947096824646,2.4179329872131348,2.4792234897613525,2.1323275566101074,2.173945426940918,1.9774768352508545,2.249192953109741,2.449479103088379,2.6402459144592285,2.5688655376434326,3.104952335357666,2.8643414974212646,2.4728565216064453,2.3905162811279297,2.8072335720062256,2.180392026901245,2.592672348022461,2.6978213787078857,2.7457997798919678,2.8760790824890137,2.884422540664673,2.4566245079040527,2.476275682449341,2.4955873489379883,2.5498154163360596,2.8312861919403076,3.0364468097686768,2.969529151916504,3.5917720794677734,3.354172706604004,2.9065232276916504,2.824970006942749,3.3396666049957275,2.4303646087646484,1.7998019456863403,1.4525468349456787,1.495894432067871,-0.6687924265861511,-0.8665110468864441
0,99,2.394170045852661,2.4693660736083984,2.536348819732666,2.5002264976501465,2.565575122833252,2.1816134452819824,2.2264857292175293,2.0836117267608643,2.3069019317626953,2.5127804279327393,2.7120141983032227,2.646514892578125,3.193665027618408,2.967633008956909,2.5401384830474854,2.4639217853546143,2.916792154312134,2.2267415523529053,2.6506195068359375,2.7667183876037598,2.818392038345337,2.9743728637695312,2.9900598526000977,2.52347993850708,2.5474724769592285,2.6200687885284424,2.6088898181915283,2.913156032562256,3.1266250610351562,3.0654118061065674,3.702817440032959,3.4799702167510986,2.994999408721924,2.9196982383728027,3.4749794006347656,2.47770357131958,1.8061561584472656,1.474539875984192,1.5213857889175415,-0.6747056245803833,-0.8677594065666199
0,99,2.3687777519226074,2.4306704998016357,2.50250506401062,2.381896734237671,2.4663000106811523,2.131904363632202,2.182169198989868,1.916396141052246,2.2457332611083984,2.3738574981689453,2.5528907775878906,2.495124578475952,2.917170286178589,2.699659824371338,2.3440988063812256,2.2741668224334717,2.5591464042663574,2.1653454303741455,2.5714077949523926,2.674856424331665,2.7310023307800293,2.8067262172698975,2.8349220752716064,2.41556715965271,2.4437334537506104,2.4057540893554688,2.530723810195923,2.728074312210083,2.925541877746582,2.871225595474243,3.3950483798980713,3.179142951965332,2.756056785583496,2.685466766357422,3.088402032852173,2.443615198135376,1.6729319095611572,1.4483011960983276,1.4463386535644531,-0.6197271347045898,-0.8475682139396667
0,99,2.2533230781555176,2.3093321323394775,2.381592273712158,2.2465081214904785,2.326483726501465,2.0223917961120605,2.074949026107788,1.7771703004837036,2.119779586791992,2.292161464691162,2.469536781311035,2.410125494003296,2.8448171615600586,2.613266706466675,2.281343936920166,2.208237409591675,2.492461919784546,2.076007604598999,2.437879800796509,2.5341625213623047,2.5897982120513916,2.642885446548462,2.663029670715332,2.282935857772827,2.3120882511138916,2.229780673980713,2.3926045894622803,2.6357173919677734,2.829336643218994,2.7720835208892822,3.2984750270843506,3.065404176712036,2.676931381225586,2.6022298336029053,2.991039514541626,2.332812786102295,1.695174217224121,1.3534408807754517,1.4069634675979614,-0.6140256524085999,-0.8516325354576111
0,99,2.278386116027832,2.335676670074463,2.4044675827026367,2.2737362384796143,2.352515935897827,2.0478639602661133,2.0950143337249756,1.8193976879119873,2.1399521827697754,2.274782180786133,2.4417717456817627,2.3860764503479004,2.7648823261260986,2.5504703521728516,2.237198829650879,2.1667368412017822,2.398317337036133,2.0876412391662598,2.45487642288208,2.553467035293579,2.606046199798584,2.6731178760528564,2.6926541328430176,2.3053133487701416,2.329111337661743,2.283019542694092,2.406712532043457,2.600855827331543,2.7889294624328613,2.7332403659820557,3.225856304168701,3.005492687225342,2.6253139972686768,2.550896644592285,2.9135754108428955,2.3491103649139404,1.6053857803344727,1.4603047370910645,1.3902287483215332,-0.5448155999183655,-0.8471534848213196
0,99,2.171576976776123,2.2175211906433105,2.2877097129821777,2.128068208694458,2.2049880027770996,1.9477885961532593,1.9993988275527954,1.6515485048294067,2.02258563041687,2.179441213607788,2.3397512435913086,2.2902987003326416,2.670994997024536,2.4531140327453613,2.158055305480957,2.090488910675049,2.306021213531494,2.0163533687591553,2.3146350383758545,2.4004178047180176,2.4533543586730957,2.480842351913452,2.4931137561798096,2.1629607677459717,2.1899757385253906,2.060755729675293,2.266937494277954,2.5046136379241943,2.6822915077209473,2.6332647800445557,3.1062850952148438,2.8827250003814697,2.5339951515197754,2.463114023208618,2.784878969192505,2.2747085094451904,1.553141474723816,1.303987979888916,1.344642996788025,-0.5242266058921814,-0.8373091816902161
0,99,2.238934278488159,2.2800142765045166,2.3487539291381836,2.155710220336914,2.2412242889404297,2.0026957988739014,2.0528688430786133,1.6457164287567139,2.0624616146087646,2.206456184387207,2.3566083908081055,2.307039499282837,2.62473201751709,2.4196436405181885,2.153245449066162,2.08859920501709,2.2081611156463623,2.0569405555725098,2.3782737255096436,2.4589920043945312,2.5113093852996826,2.503204107284546,2.526395797729492,2.211003065109253,2.237940788269043,2.048771858215332,2.3165719509124756,2.510260820388794,2.6804370880126953,2.6316728591918945,3.049314498901367,2.839202880859375,2.5096867084503174,2.4416213035583496,2.679922342300415,2.3274710178375244,1.542883276939392,1.4236266613006592,1.3763315677642822,-0.47676965594291687,-0.8268917202949524
0,99,2.268254518508911,2.3074567317962646,2.3793282508850098,2.1749043464660645,2.2704522609710693,2.025606155395508,2.0799622535705566,1.663000226020813,2.0810441970825195,2.2132151126861572,2.3627355098724365,2.312046527862549,2.6232285499572754,2.413642168045044,2.1530816555023193,2.0898263454437256,2.1960058212280273,2.0550851821899414,2.404651641845703,2.484046697616577,2.539377450942993,2.5233006477355957,2.554319381713867,2.2315917015075684,2.2623939514160156,2.06791090965271,2.3378663063049316,2.5094852447509766,2.6802022457122803,2.6299960613250732,3.046034574508667,2.8304483890533447,2.5037827491760254,2.436344623565674,2.6685712337493896,2.3268697261810303,1.5669018030166626,1.4282715320587158,1.3762785196304321,-0.4696773886680603,-0.8213271498680115
0,99,2.130951166152954,2.162356376647949,2.2300450801849365,2.015018939971924,2.0934107303619385,1.8973368406295776,1.9538953304290771,1.4776619672775269,1.9308987855911255,2.1414434909820557,2.2704551219940186,2.227140188217163,2.455681800842285,2.251812696456909,2.061060667037964,2.0097458362579346,1.9690648317337036,2.007640838623047,2.240473508834839,2.3116636276245117,2.361088275909424,2.326856851577759,2.334926128387451,2.07027268409729,2.1019604206085205,1.8372559547424316,2.1681740283966064,2.432431936264038,2.5849432945251465,2.538874864578247,2.873389482498169,2.656419277191162,2.403017282485962,2.344411611557007,2.430149555206299,2.3028321266174316,1.3976044654846191,1.2752385139465332,1.3098641633987427,-0.423615962266922,-0.8261332511901855
0,99,2.1300535202026367,2.2041401863098145,2.2583723068237305,2.2582266330718994,2.2674295902252197,1.9382445812225342,1.9765681028366089,1.801059603691101,2.051675796508789,2.309730052947998,2.4888651371002197,2.430034637451172,2.918562173843384,2.668215274810791,2.320620536804199,2.247127056121826,2.5672242641448975,2.110429525375366,2.3354153633117676,2.447051763534546,2.4833550453186035,2.6530051231384277,2.605743646621704,2.2174863815307617,2.2314391136169434,2.2457776069641113,2.3007941246032715,2.6928744316101074,2.886923313140869,2.8270459175109863,3.397425889968872,3.139613151550293,2.751145839691162,2.673708200454712,3.083022117614746,2.3699936866760254,1.5117769241333008,1.3887466192245483,1.4056915044784546,-0.6141771674156189,-0.8793370723724365
0,99,2.0696663856506348,2.134727716445923,2.194960832595825,2.1502480506896973,2.178161859512329,1.8632891178131104,1.9078346490859985,1.6853326559066772,1.9742872714996338,2.2221851348876953,2.386789560317993,2.332634687423706,2.7438595294952393,2.505535840988159,2.196812868118286,2.129634380340576,2.349708318710327,2.0692572593688965,2.233806848526001,2.3346328735351562,2.377323627471924,2.498969793319702,2.467616558074951,2.096858263015747,2.1169421672821045,2.0838868618011475,2.196396589279175,2.5531158447265625,2.7342967987060547,2.6776933670043945,3.178778648376465,2.928903818130493,2.5773942470550537,2.5042572021484375,2.8261215686798096,2.3133318424224854,1.4173240661621094,1.3425827026367188,1.3974233865737915,-0.5794980525970459,-0.8603891134262085
0,99,2.240107536315918,2.333527088165283,2.393054485321045,2.4717676639556885,2.484722375869751,2.061450481414795,2.102762222290039,2.0613250732421875,2.1775054931640625,2.4341237545013428,2.6326661109924316,2.5642151832580566,3.1303391456604004,2.874526262283325,2.4644341468811035,2.3870747089385986,2.809694766998291,2.1614632606506348,2.497408390045166,2.626873731613159,2.6689600944519043,2.9142212867736816,2.8773865699768066,2.3970746994018555,2.4155781269073486,2.552345037460327,2.441441774368286,2.8346357345581055,3.0467641353607178,2.978487014770508,3.6283504962921143,3.3676557540893555,2.915310859680176,2.8353068828582764,3.349045753479004,2.4024879932403564,1.6269562244415283,1.5168251991271973,1.477357268333435,-0.646110475063324,-0.8873023986816406
0,99,2.1928634643554688,2.2713851928710938,2.3320000171661377,2.338991165161133,2.371342420578003,1.994828462600708,2.043415069580078,1.9047592878341675,2.113318920135498,2.2960731983184814,2.4763402938842773,2.4122583866119385,2.88659405708313,2.641427516937256,2.28916072845459,2.217118978500366,2.5273396968841553,2.079343318939209,2.4127745628356934,2.5282046794891357,2.5713448524475098,2.7505640983581543,2.727931499481201,2.291384220123291,2.316117763519287,2.3678388595581055,2.367429494857788,2.6611528396606445,2.8580825328826904,2.793311834335327,3.361079216003418,3.108825445175171,2.7077829837799072,2.6318931579589844,3.045360565185547,2.3319597244262695,1.5578750371932983,1.3944942951202393,1.399051308631897,-0.6538980603218079,-0.8771418333053589
0,99,2.181424617767334,2.2501296997070312,2.3143017292022705,2.297034502029419,2.335089921951294,1.9704673290252686,2.0240890979766846,1.8845562934875488,2.080268621444702,2.232459545135498,2.4209744930267334,2.3474881649017334,2.9088833332061768,2.6352107524871826,2.2662265300750732,2.184857130050659,2.640465259552002,1.951621174812317,2.3880276679992676,2.4966635704040527,2.543260335922241,2.717332124710083,2.696600914001465,2.26190447807312,2.290403366088867,2.3670802116394043,2.3343989849090576,2.602550983428955,2.806849718093872,2.73215389251709,3.3881707191467285,3.106663465499878,2.6923532485961914,2.606776475906372,3.163238286972046,2.16964054107666,1.7442349195480347,1.44086492061615,1.3391497135162354,-0.568134069442749,-0.8742672801017761
0,99,1.9602370262145996,1.9996850490570068,2.0667455196380615,1.9547748565673828,2.001084327697754,1.74403715133667,1.7984663248062134,1.5151128768920898,1.8197989463806152,2.075247049331665,2.2317519187927246,2.175144910812378,2.6269381046295166,2.3573036193847656,2.0836405754089355,2.008969306945801,2.3067662715911865,1.8934744596481323,2.084603786468506,2.1623051166534424,2.210265874862671,2.282144069671631,2.256030321121216,1.9411007165908813,1.9673024415969849,1.8962379693984985,2.0335569381713867,2.3991053104400635,2.5723135471343994,2.509896993637085,3.0540003776550293,2.766212224960327,2.458390951156616,2.374755620956421,2.7721166610717773,2.107881784439087,1.5506834983825684,1.2766600847244263,1.286015510559082,-0.43978989124298096,-0.8564010858535767
0,99,1.8900823593139648,1.9201174974441528,1.9910391569137573,1.8712587356567383,1.9234188795089722,1.681899070739746,1.7409906387329102,1.446796178817749,1.7538164854049683,1.9511702060699463,2.1021175384521484,2.047661781311035,2.5011253356933594,2.223625421524048,1.968137502670288,1.892773985862732,2.1937472820281982,1.7645808458328247,2.006803035736084,2.074021100997925,2.1259748935699463,2.1826493740081787,2.161083698272705,1.8671612739562988,1.897904634475708,1.805690884590149,1.957260012626648,2.258319854736328,2.4256858825683594,2.3649301528930664,2.9062249660491943,2.6097824573516846,2.323681354522705,2.238950729370117,2.6335227489471436,1.9626142978668213,1.5088868141174316,1.2427634000778198,1.2138581275939941,-0.4314148724079132,-0.8543241620063782
0,99,1.8643733263015747,1.895668387413025,1.9660217761993408,1.861985683441162,1.902854323387146,1.6665211915969849,1.7208822965621948,1.4395209550857544,1.731549620628357,1.9601988792419434,2.1128973960876465,2.054161548614502,2.5259201526641846,2.2374255657196045,1.9913573265075684,1.9086750745773315,2.2175002098083496,1.7449160814285278,1.9901561737060547,2.058340549468994,2.1098344326019287,2.180088758468628,2.149667501449585,1.861191987991333,1.8875064849853516,1.803415298461914,1.9364140033721924,2.27726674079895,2.4450275897979736,2.380622386932373,2.932370185852051,2.6277949810028076,2.3527708053588867,2.2621231079101562,2.6538026332855225,1.946872591972351,1.5674408674240112,1.219580054283142,1.1805460453033447,-0.45941558480262756,-0.8835638165473938
0,99,1.8505715131759644,1.8740311861038208,1.9512956142425537,1.8227598667144775,1.878267765045166,1.648371934890747,1.7074437141418457,1.4181615114212036,1.6942493915557861,1.9628558158874512,2.11806583404541,2.061574935913086,2.561474561691284,2.269105911254883,2.0107789039611816,1.9251494407653809,2.2855937480926514,1.7304199934005737,1.967650055885315,2.029676914215088,2.0876312255859375,2.1428911685943604,2.1227035522460938,1.8367114067077637,1.8665955066680908,1.7857017517089844,1.9010274410247803,2.30230712890625,2.4712281227111816,2.4092516899108887,2.9838860034942627,2.6769003868103027,2.3923754692077637,2.2996160984039307,2.7352638244628906,1.9375629425048828,1.6636804342269897,1.1778019666671753,1.1588081121444702,-0.4163045585155487,-0.8902481198310852
0,99,1.82937753200531,1.8603146076202393,1.9278233051300049,1.8377158641815186,1.8775147199630737,1.6328738927841187,1.6885110139846802,1.4233711957931519,1.7080415487289429,1.979263186454773,2.1321613788604736,2.0729596614837646,2.5537021160125732,2.264169692993164,2.0111629962921143,1.9308022260665894,2.2473886013031006,1.7627140283584595,1.9513049125671387,2.0186705589294434,2.0667471885681152,2.1468024253845215,2.114311695098877,1.821839451789856,1.848928451538086,1.7750202417373657,1.9035823345184326,2.3034555912017822,2.470541477203369,2.4057695865631104,2.9625754356384277,2.6568126678466797,2.3778750896453857,2.2894070148468018,2.6852400302886963,1.9634203910827637,1.5479687452316284,1.2172176837921143,1.194724440574646,-0.46323907375335693,-0.8837189078330994
0,99,2.3193812370300293,2.415271759033203,2.473921775817871,2.586911916732788,2.594668388366699,2.162410020828247,2.196779727935791,2.165928363800049,2.2559261322021484,2.5595879554748535,2.754063606262207,2.6879680156707764,3.2545406818389893,3.005446195602417,2.596942901611328,2.513134479522705,2.9053256511688232,2.252870798110962,2.604735851287842,2.7349488735198975,2.777719020843506,3.0501818656921387,3.013413429260254,2.524123191833496,2.537567377090454,2.676943778991699,2.524273633956909,3.0017647743225098,3.210073947906494,3.1442508697509766,3.7900543212890625,3.5373055934906006,3.0860705375671387,3.0007247924804688,3.475855827331543,2.5317952632904053,1.7041255235671997,1.5659433603286743,1.4803553819656372,-0.6924362778663635,-0.9200756549835205
0,99,2.019458055496216,2.095953941345215,2.1470441818237305,2.2528276443481445,2.2372872829437256,1.8626872301101685,1.9002667665481567,1.8581379652023315,1.950627326965332,2.291486978530884,2.487966537475586,2.4052419662475586,3.0676004886627197,2.7521252632141113,2.384385585784912,2.2933099269866943,2.8038077354431152,1.8726468086242676,2.268245220184326,2.381192922592163,2.413306474685669,2.680447578430176,2.6113734245300293,2.187906503677368,2.200606346130371,2.326857805252075,2.194758892059326,2.712951898574829,2.9190239906311035,2.835831642150879,3.5572092533111572,3.2377254962921143,2.842937469482422,2.7492594718933105,3.3168160915374756,2.0928001403808594,1.78315269947052,1.3478739261627197,1.273978590965271,-0.6805194616317749,-0.9389207363128662
0,99,1.8567781448364258,1.9017839431762695,1.9627258777618408,1.920109510421753,1.9372155666351318,1.6780602931976318,1.7255806922912598,1.4671322107315063,1.7638657093048096,2.040717601776123,2.2209911346435547,2.1345343589782715,2.734701633453369,2.3990981578826904,2.134158134460449,2.032400369644165,2.443934917449951,1.6202044486999512,2.0599758625030518,2.1416823863983154,2.1828346252441406,2.297882080078125,2.252147912979126,1.9473916292190552,1.9682010412216187,1.8776131868362427,2.0144546031951904,2.403817653656006,2.5926883220672607,2.5049784183502197,3.1552555561065674,2.8139829635620117,2.527428388595581,2.42303204536438,2.882908582687378,1.8055667877197266,1.823471188545227,1.1832854747772217,1.1317838430404663,-0.5737475752830505,-0.9333274960517883
0,99,2.2213070392608643,2.2952141761779785,2.356318712234497,2.3754401206970215,2.3948168754577637,2.050964832305908,2.0898964405059814,1.9187841415405273,2.152157783508301,2.317941427230835,2.4890501499176025,2.432278633117676,2.8698997497558594,2.636568307876587,2.311974287033081,2.240081548690796,2.469261646270752,2.1107168197631836,2.4635603427886963,2.5750255584716797,2.618321657180786,2.7988698482513428,2.7667665481567383,2.3640780448913574,2.380293846130371,2.384417772293091,2.4167044162750244,2.7085623741149902,2.898103713989258,2.840688467025757,3.3649961948394775,3.1263535022735596,2.7510428428649902,2.6759555339813232,2.998166561126709,2.4026665687561035,1.508364200592041,1.4958041906356812,1.3802778720855713,-0.6227151155471802,-0.8901536464691162
0,99,2.073903799057007,2.129763126373291,2.1959493160247803,2.153536081314087,2.185847043991089,1.8881211280822754,1.9383500814437866,1.6938837766647339,1.982433557510376,2.187481164932251,2.348416566848755,2.293666124343872,2.696989059448242,2.452045202255249,2.174792766571045,2.107384443283081,2.289938449859619,1.9839731454849243,2.2702691555023193,2.3647990226745605,2.4122748374938965,2.537696361541748,2.5099270343780518,2.154745578765869,2.1799161434173584,2.1191439628601074,2.2248833179473877,2.571930408477783,2.75124192237854,2.693870782852173,3.1811141967773438,2.9273922443389893,2.605363607406616,2.5326287746429443,2.801131248474121,2.284914255142212,1.516218900680542,1.373539924621582,1.2571805715560913,-0.5668138861656189,-0.9106582403182983
0,99,2.360262393951416,2.4245965480804443,2.4949989318847656,2.4346537590026855,2.506556510925293,2.16850209236145,2.2158000469207764,1.9573495388031006,2.2770540714263916,2.3643040657043457,2.5016956329345703,2.47133207321167,2.6980714797973633,2.545236825942993,2.269235610961914,2.2245633602142334,2.201019525527954,2.216278314590454,2.5674898624420166,2.66980242729187,2.7237985134124756,2.832336187362671,2.851072072982788,2.445089101791382,2.4711196422576904,2.4034721851348877,2.529680013656616,2.7124276161193848,2.8746345043182373,2.8447861671447754,3.182713270187378,3.025015115737915,2.673161506652832,2.624863386154175,2.7320845127105713,2.5628790855407715,1.3526703119277954,1.6127253770828247,1.4118270874023438,-0.5767834782600403,-0.8414322137832642
0,99,2.4204254150390625,2.4850306510925293,2.547288656234741,2.5026400089263916,2.5519609451293945,2.2352445125579834,2.2788469791412354,2.008007049560547,2.346658945083618,2.3350272178649902,2.486049175262451,2.4426965713500977,2.7695579528808594,2.5818066596984863,2.2815101146698,2.2247722148895264,2.320277214050293,2.1655352115631104,2.637050151824951,2.739935874938965,2.785494565963745,2.9111392498016357,2.9081995487213135,2.5218632221221924,2.544005870819092,2.465519905090332,2.607605457305908,2.7064366340637207,2.879117488861084,2.838655948638916,3.264885425567627,3.0778286457061768,2.7062060832977295,2.648665189743042,2.8577370643615723,2.501319169998169,1.433092474937439,1.552883505821228,1.3956058025360107,-0.6621195077896118,-0.8478931784629822
0,99,2.436262369155884,2.484039545059204,2.5625803470611572,2.426786184310913,2.5079197883605957,2.2109038829803467,2.264984130859375,1.941846251487732,2.283998966217041,2.273456573486328,2.516233444213867,2.3902294635772705,3.3988335132598877,3.013425588607788,2.5667121410369873,2.433039665222168,3.4593257904052734,0.8895615339279175,2.6654982566833496,2.75150465965271,2.814000129699707,2.836580991744995,2.866119384765625,2.5043094158172607,2.5374927520751953,2.3815650939941406,2.599461317062378,2.6051418781280518,2.847071886062622,2.7236034870147705,3.771322011947632,3.3853352069854736,2.9255919456481934,2.7939250469207764,3.8660213947296143,0.826953113079071,3.244680643081665,1.5391945838928223,1.1152280569076538,-0.5957651138305664,-0.8623093366622925
0,99,2.747671604156494,2.890824317932129,2.9572486877441406,3.13484525680542,3.1852922439575195,2.630263328552246,2.6626501083374023,2.7918670177459717,2.6946163177490234,2.5417606830596924,2.7916982173919678,2.7077929973602295,3.8454248905181885,3.619262456893921,2.92612361907959,2.8436312675476074,4.145065784454346,0.6614376902580261,3.119987726211548,3.2882916927337646,3.3410298824310303,3.6243698596954346,3.6469368934631348,3.056334972381592,3.0759057998657227,3.2962937355041504,3.036966323852539,2.85194730758667,3.0898325443267822,3.0056557655334473,4.176918029785156,3.9487862586975098,3.263239622116089,3.1815476417541504,4.531949043273926,0.4163752496242523,3.2364025115966797,1.814457893371582,1.4085257053375244,-0.8284505605697632,-0.745109498500824
0,99,2.5710549354553223,2.668060302734375,2.742271900177002,2.7679765224456787,2.8615927696228027,2.3818581104278564,2.43102765083313,2.4333457946777344,2.486398458480835,2.4283487796783447,2.693789482116699,2.618864059448242,3.7203330993652344,3.49951171875,2.7727653980255127,2.6959304809570312,4.028255939483643,0.929749071598053,2.8202552795410156,2.953552484512329,3.0144147872924805,3.190361976623535,3.2489421367645264,2.6989240646362305,2.7334351539611816,2.89898419380188,2.767756700515747,2.6763248443603516,2.9303321838378906,2.857104539871216,4.008866310119629,3.786397933959961,3.060387134552002,2.9849448204040527,4.390864849090576,0.6432236433029175,3.1519618034362793,1.7323637008666992,1.5881268978118896,-0.628333330154419,-0.6404345035552979
0,99,2.363442897796631,2.491955518722534,2.5466785430908203,2.789590358734131,2.784935235977173,2.27541446685791,2.289353609085083,2.435671806335449,2.286062479019165,2.51132869720459,2.7511913776397705,2.6899101734161377,3.479015827178955,3.2434909343719482,2.6788933277130127,2.595280408859253,3.3231749534606934,1.9273977279663086,2.7250537872314453,2.887511968612671,2.9238834381103516,3.3134829998016357,3.268275737762451,2.7124974727630615,2.7075929641723633,2.9962210655212402,2.5653085708618164,2.9451050758361816,3.190129041671753,3.1307783126831055,3.981430768966675,3.745457887649536,3.154177665710449,3.071969985961914,3.86639404296875,2.038743495941162,1.7179092168807983,1.587783932685852,1.5938568115234375,-0.7639591693878174,-0.8783748149871826
0,99,2.322678804397583,2.4512157440185547,2.5050771236419678,2.7806918621063232,2.7627971172332764,2.233147621154785,2.252166271209717,2.442575454711914,2.2464747428894043,2.9262681007385254,3.1770355701446533,3.0922787189483643,3.9509735107421875,3.6666691303253174,3.1132149696350098,3.0135257244110107,3.7613742351531982,2.108227252960205,2.729090929031372,2.8953704833984375,2.9292445182800293,3.3610339164733887,3.3002288341522217,2.7213401794433594,2.7187283039093018,3.052150249481201,2.566666841506958,3.5053040981292725,3.7598369121551514,3.681297779083252,4.576746463775635,4.300160884857178,3.718907356262207,3.6234216690063477,4.403964042663574,2.3813581466674805,2.173049211502075,1.467035174369812,1.2562495470046997,-0.8169018030166626,-0.9517242908477783
0,99,2.3688111305236816,2.4612905979156494,2.5258727073669434,2.5928735733032227,2.652402400970459,2.200535297393799,2.2410714626312256,2.243365526199341,2.2882907390594482,2.4835357666015625,2.6828718185424805,2.6190454959869385,3.145846366882324,2.956879138946533,2.500551462173462,2.431713581085205,2.8659777641296387,2.230611801147461,2.6807093620300293,2.81345534324646,2.8610055446624756,3.103126049041748,3.120309352874756,2.594558000564575,2.615863561630249,2.7978127002716064,2.6061220169067383,2.909243583679199,3.124925136566162,3.0669872760772705,3.6861729621887207,3.5045406818389893,2.982501268386841,2.9168479442596436,3.452533006668091,2.5146877765655518,1.6831820011138916,1.5001657009124756,1.5189608335494995,-0.723166286945343,-0.8827458620071411
0,99,2.290466070175171,2.3724095821380615,2.443539619445801,2.488813638687134,2.5374691486358643,2.123339891433716,2.1648173332214355,2.118652105331421,2.207526206970215,2.4838175773620605,2.6949002742767334,2.62131929397583,3.250110149383545,2.9987235069274902,2.5608162879943848,2.472295045852661,2.9960718154907227,2.0802900791168213,2.580341339111328,2.7012202739715576,2.755155563354492,2.9671127796173096,2.9692444801330566,2.489755392074585,2.510143756866455,2.6333096027374268,2.509783983230591,2.922586441040039,3.144747018814087,3.076464891433716,3.771214723587036,3.526303291320801,3.040933847427368,2.9553709030151367,3.5461394786834717,2.3482613563537598,1.9365308284759521,1.4639643430709839,1.415218472480774,-0.7168267369270325,-0.9138988852500916
0,99,2.3093276023864746,2.3840346336364746,2.4536516666412354,2.49527645111084,2.549795389175415,2.1398918628692627,2.18666410446167,2.1628403663635254,2.2175118923187256,2.2630667686462402,2.464722156524658,2.3796932697296143,3.0056772232055664,2.7434732913970947,2.335174083709717,2.2429451942443848,2.808284044265747,1.854867935180664,2.602288007736206,2.718193769454956,2.769710063934326,2.9903438091278076,2.9964892864227295,2.5153145790100098,2.540147542953491,2.6978657245635986,2.5310747623443604,2.659210443496704,2.8769917488098145,2.7967894077301025,3.5126583576202393,3.2563061714172363,2.786316394805908,2.696504592895508,3.3539657592773438,2.083538293838501,1.965694546699524,1.4475382566452026,1.298745036125183,-0.7082558870315552,-0.8971480131149292
0,99,2.242964029312134,2.316842794418335,2.3839190006256104,2.4404678344726562,2.4791693687438965,2.0827372074127197,2.1244912147521973,2.099317789077759,2.148101329803467,2.1888699531555176,2.4026949405670166,2.3027806282043457,3.022921323776245,2.718210220336914,2.311293363571167,2.2032225131988525,2.8688955307006836,1.6493691205978394,2.5348663330078125,2.64911150932312,2.6971921920776367,2.9241323471069336,2.9131529331207275,2.452949285507202,2.471860885620117,2.616337299346924,2.4574811458587646,2.5867695808410645,2.8126745223999023,2.717653751373291,3.5099382400512695,3.2106218338012695,2.754870891571045,2.6495347023010254,3.38539981842041,1.8395532369613647,2.114269256591797,1.3906418085098267,1.1885221004486084,-0.7197487950325012,-0.9167245030403137
0,99,2.311605453491211,2.386327028274536,2.449176788330078,2.4723024368286133,2.518648147583008,2.137744903564453,2.180018186569214,2.0945801734924316,2.214747428894043,2.379950523376465,2.5647659301757812,2.497969388961792,2.9886302947998047,2.7702016830444336,2.3899729251861572,2.317699432373047,2.678724527359009,2.1571311950683594,2.581932544708252,2.696931838989258,2.741943836212158,2.940585136413574,2.9387118816375732,2.4865734577178955,2.5075135231018066,2.6060478687286377,2.5124809741973877,2.8011815547943115,3.002338171005249,2.94118332862854,3.517411708831787,3.3060600757598877,2.862422227859497,2.792426824569702,3.244544744491577,2.470796823501587,1.6647459268569946,1.4785974025726318,1.4106051921844482,-0.6839553713798523,-0.8971807956695557
0,99,2.1533589363098145,2.2298688888549805,2.295933723449707,2.4054081439971924,2.4155614376068115,2.002079725265503,2.0417873859405518,2.054445266723633,2.0474631786346436,2.5245769023895264,2.7650349140167236,2.6639740467071533,3.5383200645446777,3.2101454734802246,2.7249433994293213,2.613355875015259,3.404299020767212,1.7024285793304443,2.46838116645813,2.588676929473877,2.6349427700042725,2.9186902046203613,2.879030704498291,2.4005649089813232,2.415972948074341,2.5984466075897217,2.3582921028137207,3.0278589725494385,3.272866725921631,3.176999092102051,4.0885329246521,3.7653920650482178,3.2542684078216553,3.1458017826080322,3.968919038772583,1.9078606367111206,2.4040136337280273,1.338804006576538,1.2175073623657227,-0.7573118805885315,-0.9613114595413208
0,99,2.2512359619140625,2.3413307666778564,2.402353286743164,2.527731418609619,2.542712926864624,2.1172125339508057,2.1508445739746094,2.1665971279144287,2.161625623703003,2.392200231552124,2.6056716442108154,2.5207407474517822,3.190988063812256,2.9106216430664062,2.4883499145507812,2.391947031021118,2.938152313232422,1.9375622272491455,2.5846381187438965,2.713127374649048,2.756066083908081,3.0385987758636475,3.0088088512420654,2.5256712436676025,2.537881851196289,2.7072176933288574,2.475172519683838,2.863377094268799,3.0881505012512207,3.008420705795288,3.7387490272521973,3.465017795562744,2.998215675354004,2.904754400253296,3.5067780017852783,2.219831943511963,1.9422167539596558,1.4255341291427612,1.2742011547088623,-0.7478461861610413,-0.9410741329193115
0,99,2.278769016265869,2.3764379024505615,2.4344921112060547,2.5792016983032227,2.5904929637908936,2.1500227451324463,2.178879976272583,2.210080146789551,2.193127393722534,2.458475351333618,2.6710410118103027,2.5893301963806152,3.2395670413970947,2.973181962966919,2.542376756668091,2.4469943046569824,2.9643449783325195,2.0307750701904297,2.6123287677764893,2.7465062141418457,2.7877469062805176,3.083319664001465,3.053330421447754,2.5561842918395996,2.5651280879974365,2.7462666034698486,2.4938106536865234,2.944357395172119,3.1680028438568115,3.091961622238159,3.7995097637176514,3.5406577587127686,3.0654001235961914,2.9736168384552,3.544255495071411,2.3331801891326904,1.8754949569702148,1.4705735445022583,1.3146040439605713,-0.7558175921440125,-0.9463695883750916
0,99,2.1911802291870117,2.278078079223633,2.3363707065582275,2.4563863277435303,2.4555675983428955,2.0539660453796387,2.0842902660369873,2.0875377655029297,2.0993361473083496,2.4436585903167725,2.6708691120147705,2.5752711296081543,3.3523447513580322,3.0332353115081787,2.5966525077819824,2.486471176147461,3.157038927078247,1.813873052597046,2.509535789489746,2.636087417602539,2.675252914428711,2.954620361328125,2.905953884124756,2.4478836059570312,2.4550812244415283,2.61356258392334,2.4074766635894775,2.9180445671081543,3.1524109840393066,3.0619490146636963,3.882864475250244,3.5696301460266113,3.100587844848633,2.993553400039673,3.7028374671936035,2.051647901535034,2.1485984325408936,1.3846033811569214,1.23888099193573,-0.7580842971801758,-0.9530300498008728
0,99,2.20157790184021,2.292196273803711,2.349419116973877,2.494539499282837,2.485771417617798,2.0688111782073975,2.0970938205718994,2.1227872371673584,2.1145269870758057,2.536569118499756,2.7723217010498047,2.6747148036956787,3.505584955215454,3.177238941192627,2.712481737136841,2.600078582763672,3.325002670288086,1.7868343591690063,2.5316250324249268,2.662130355834961,2.700374126434326,3.0035581588745117,2.948206663131714,2.474942445755005,2.480308771133423,2.6587586402893066,2.4243571758270264,3.031362533569336,3.2728848457336426,3.1801915168762207,4.048968315124512,3.7260777950286865,3.233510732650757,3.1241185665130615,3.8812074661254883,2.0161681175231934,2.2597150802612305,1.398891568183899,1.2404862642288208,-0.7646082043647766,-0.9603016376495361
0,99,2.2062695026397705,2.287824869155884,2.350391149520874,2.446770668029785,2.457399606704712,2.056671619415283,2.0905590057373047,2.070359230041504,2.1157610416412354,2.4706614017486572,2.686354875564575,2.6035804748535156,3.298417329788208,3.0079948902130127,2.5766220092773438,2.4783949851989746,3.0461347103118896,1.999778389930725,2.5171823501586914,2.639190912246704,2.683077335357666,2.9430360794067383,2.9056427478790283,2.444120168685913,2.4552001953125,2.5973808765411377,2.4214868545532227,2.9426112174987793,3.1681554317474365,3.089723825454712,3.837829828262329,3.552438735961914,3.0834238529205322,2.9874565601348877,3.6052253246307373,2.2685842514038086,1.982235074043274,1.4083956480026245,1.3534494638442993,-0.7295190691947937,-0.9393319487571716
0,99,2.3241524696350098,2.416390895843506,2.467613458633423,2.5763001441955566,2.578418016433716,2.1842288970947266,2.2097651958465576,2.1763432025909424,2.2585842609405518,2.5352694988250732,2.740017890930176,2.664296865463257,3.2846505641937256,3.0222530364990234,2.6090495586395264,2.519615888595581,2.9933536052703857,2.1586241722106934,2.633991003036499,2.7636666297912598,2.797543525695801,3.065115213394165,3.022000789642334,2.567788600921631,2.57240891456604,2.70227313041687,2.556612968444824,3.0133605003356934,3.229473114013672,3.158888101577759,3.8393967151641846,3.583310842514038,3.1252808570861816,3.038403272628784,3.572092056274414,2.465003252029419,1.8027788400650024,1.5253291130065918,1.4059103727340698,-0.7044498920440674,-0.9269622564315796
0,99,2.2231318950653076,2.309152126312256,2.366251230239868,2.474008321762085,2.4685943126678467,2.0824379920959473,2.109755516052246,2.0805602073669434,2.156029224395752,2.5060718059539795,2.7087934017181396,2.6352145671844482,3.2641186714172363,2.982084274291992,2.5835862159729004,2.4908366203308105,2.9646623134613037,2.1155951023101807,2.5200581550598145,2.6442079544067383,2.681983232498169,2.947612762451172,2.891958236694336,2.4521219730377197,2.456117630004883,2.5861470699310303,2.4420597553253174,3.001818895339966,3.215101480484009,3.145132541656494,3.827592372894287,3.5497164726257324,3.113872766494751,3.0225791931152344,3.546947479248047,2.4326114654541016,1.795996069908142,1.4628361463546753,1.350879430770874,-0.6818552613258362,-0.9455297589302063
0,99,2.1752634048461914,2.266206979751587,2.3176960945129395,2.4815216064453125,2.4494969844818115,2.057748556137085,2.076258420944214,2.106950521469116,2.115870952606201,2.58290958404541,2.7997753620147705,2.715179920196533,3.4677531719207764,3.1440417766571045,2.726259469985962,2.6185688972473145,3.228304386138916,1.957146167755127,2.502128839492798,2.630347967147827,2.662161350250244,2.9763638973236084,2.895775318145752,2.4566831588745117,2.4517464637756348,2.6274213790893555,2.4120876789093018,3.1028077602386475,3.3259410858154297,3.246016025543213,4.032917499542236,3.7157886028289795,3.2703120708465576,3.165539264678955,3.8035948276519775,2.252018928527832,2.0137789249420166,1.4107998609542847,1.242470383644104,-0.7365176677703857,-0.9619193077087402
0,99,2.283588171005249,2.3890414237976074,2.4401350021362305,2.624697685241699,2.6094040870666504,2.176171064376831,2.1960184574127197,2.2527899742126465,2.222790479660034,2.6355364322662354,2.8501126766204834,2.7785422801971436,3.4566824436187744,3.188659191131592,2.7407708168029785,2.650435447692871,3.1874303817749023,2.1585466861724854,2.634000062942505,2.775592803955078,2.8075506687164307,3.138930082321167,3.078929901123047,2.5974271297454834,2.5957205295562744,2.7938456535339355,2.5307679176330566,3.158583641052246,3.3822171688079834,3.314671277999878,4.043177604675293,3.7804152965545654,3.2968404293060303,3.2086997032165527,3.793076276779175,2.4669528007507324,1.8156304359436035,1.4782103300094604,1.4012094736099243,-0.7482045292854309,-0.9452911019325256
0,99,1.9192668199539185,1.9810413122177124,2.029473066329956,2.0869834423065186,2.0589330196380615,1.7876523733139038,1.8126286268234253,1.6786465644836426,1.856823444366455,2.2741103172302246,2.4611709117889404,2.3839762210845947,3.0120110511779785,2.685443162918091,2.381897211074829,2.2808878421783447,2.724290370941162,1.8275151252746582,2.1609373092651367,2.258680820465088,2.2864484786987305,2.4891583919525146,2.403684139251709,2.092498540878296,2.0914812088012695,2.103327512741089,2.111501693725586,2.713587999343872,2.906914710998535,2.831550359725952,3.492647409439087,3.1680877208709717,2.8433144092559814,2.7426135540008545,3.2147839069366455,2.0903544425964355,1.7729653120040894,1.2483129501342773,1.1768317222595215,-0.6344015598297119,-0.9492125511169434
0,99,2.043942928314209,2.1238882541656494,2.1734328269958496,2.2974674701690674,2.2582716941833496,1.9249931573867798,1.945706844329834,1.8984951972961426,1.9893015623092651,2.4468038082122803,2.6472890377044678,2.5691919326782227,3.242640495300293,2.9138431549072266,2.563791275024414,2.4606494903564453,2.9486143589019775,1.9529732465744019,2.3278400897979736,2.4439537525177,2.4725663661956787,2.7429087162017822,2.649249792098999,2.2761647701263428,2.2713377475738525,2.3666512966156006,2.2586920261383057,2.925492525100708,3.132380723953247,3.0572309494018555,3.765209674835205,3.4404516220092773,3.0660111904144287,2.964127540588379,3.482135057449341,2.240424871444702,1.8112918138504028,1.336249828338623,1.2446120977401733,-0.6941631436347961,-0.9530265927314758
0,99,1.7635600566864014,1.8096108436584473,1.8598158359527588,1.8609251976013184,1.842119574546814,1.619136929512024,1.650285005569458,1.4562348127365112,1.6983524560928345,2.090611457824707,2.2636425495147705,2.1881208419799805,2.7847115993499756,2.443553924560547,2.1953868865966797,2.092900276184082,2.497901678085327,1.669734239578247,1.957557201385498,2.0392823219299316,2.068190336227417,2.2174909114837646,2.133148193359375,1.874884009361267,1.8777304887771606,1.8331573009490967,1.927741289138794,2.4868369102478027,2.665415048599243,2.591383457183838,3.2174274921417236,2.8777823448181152,2.611253261566162,2.5087482929229736,2.939696788787842,1.9083267450332642,1.7133610248565674,1.1426564455032349,1.0672199726104736,-0.5750868320465088,-0.9449415802955627
0,99,1.7526381015777588,1.7871283292770386,1.8417956829071045,1.789660930633545,1.795874834060669,1.5927680730819702,1.6309603452682495,1.377949595451355,1.6680229902267456,2.0106124877929688,2.1774840354919434,2.1043856143951416,2.6707839965820312,2.341592311859131,2.1024231910705566,2.0039751529693604,2.386019706726074,1.6425340175628662,1.9209033250808716,1.9920538663864136,2.0252773761749268,2.127695083618164,2.0639450550079346,1.8221304416656494,1.8314907550811768,1.738359808921814,1.892168641090393,2.3895177841186523,2.5625321865081787,2.4906187057495117,3.0890190601348877,2.760465383529663,2.5022664070129395,2.4033501148223877,2.8143057823181152,1.8757485151290894,1.6927236318588257,1.1262868642807007,1.0579004287719727,-0.5103469491004944,-0.9341403841972351
0,99,1.7635676860809326,1.807493805885315,1.8606129884719849,1.856615662574768,1.8419326543807983,1.616945743560791,1.650534749031067,1.4555060863494873,1.6965125799179077,2.1078035831451416,2.2819621562957764,2.207288980484009,2.811109781265259,2.4718151092529297,2.216155767440796,2.114567756652832,2.5324442386627197,1.6766644716262817,1.9579120874404907,2.0385124683380127,2.0699691772460938,2.2191598415374756,2.137535333633423,1.8752336502075195,1.8799827098846436,1.840553879737854,1.926236867904663,2.5098812580108643,2.689267158508301,2.616206645965576,3.2491540908813477,2.9114580154418945,2.637896776199341,2.5363943576812744,2.979895830154419,1.913905382156372,1.7355878353118896,1.1420179605484009,1.0774420499801636,-0.5767565965652466,-0.9448201656341553
0,99,1.7814346551895142,1.8195130825042725,1.8716678619384766,1.8384336233139038,1.834903359413147,1.624609351158142,1.6626689434051514,1.428263545036316,1.7017180919647217,1.982265830039978,2.148930311203003,2.0831422805786133,2.63348650932312,2.322360038757324,2.062624931335449,1.9736499786376953,2.3438560962677,1.679482102394104,1.9531141519546509,2.0292270183563232,2.0595595836639404,2.183187246322632,2.1107795238494873,1.8590697050094604,1.8683112859725952,1.796390414237976,1.9256250858306885,2.342045783996582,2.5166852474212646,2.451120615005493,3.0421383380889893,2.729234457015991,2.448134422302246,2.3574211597442627,2.7676544189453125,1.8948569297790527,1.571374535560608,1.1583846807479858,1.1299269199371338,-0.5235780477523804,-0.9137470126152039
0,99,1.7873538732528687,1.8379751443862915,1.8831958770751953,1.9043868780136108,1.8778849840164185,1.650275707244873,1.678847312927246,1.4855221509933472,1.729292392730713,2.1133716106414795,2.290189743041992,2.2146968841552734,2.8056137561798096,2.4675204753875732,2.2121212482452393,2.1114494800567627,2.4905147552490234,1.709271788597107,1.9919763803482056,2.0772793292999268,2.1015465259552,2.261155843734741,2.1723527908325195,1.9124966859817505,1.9137187004089355,1.8578460216522217,1.9617030620574951,2.5020642280578613,2.683784246444702,2.6103851795196533,3.2268049716949463,2.891683578491211,2.6184732913970947,2.5182552337646484,2.919898748397827,1.9516994953155518,1.6609842777252197,1.1715108156204224,1.108394742012024,-0.5998944640159607,-0.942438006401062
0,99,2.1534876823425293,2.2364299297332764,2.286334753036499,2.389187812805176,2.369525909423828,2.0194091796875,2.0427308082580566,1.9876188039779663,2.0951387882232666,2.472445249557495,2.6741931438446045,2.597926616668701,3.2436397075653076,2.948239326477051,2.5691657066345215,2.473846435546875,2.9602530002593994,2.040276050567627,2.4423015117645264,2.5626094341278076,2.592205286026001,2.8477139472961426,2.776113510131836,2.377563238143921,2.3768112659454346,2.473987102508545,2.3801865577697754,2.9478707313537598,3.157975196838379,3.085577964782715,3.775895357131958,3.485478639602661,3.0737714767456055,2.9802849292755127,3.5088350772857666,2.3343870639801025,1.8047780990600586,1.3987064361572266,1.3193368911743164,-0.6739374995231628,-0.9327256083488464
0,99,2.2909040451049805,2.3882508277893066,2.4368717670440674,2.548060655593872,2.541929006576538,2.1451315879821777,2.17130970954895,2.1275343894958496,2.2295868396759033,2.4932713508605957,2.7014448642730713,2.6266911029815674,3.2237884998321533,2.9665687084198,2.5498273372650146,2.4652438163757324,2.9055347442626953,2.1727688312530518,2.5888452529907227,2.7246382236480713,2.754173994064331,3.0224082469940186,2.9692139625549316,2.515145778656006,2.5192885398864746,2.637052536010742,2.5193347930908203,2.972158670425415,3.1922860145568848,3.122427225112915,3.779783248901367,3.5284535884857178,3.0669426918029785,2.9845504760742188,3.48488450050354,2.490262746810913,1.6747335195541382,1.514332890510559,1.4050897359848022,-0.6829879879951477,-0.9191200137138367
0,99,2.2521846294403076,2.337571620941162,2.3936092853546143,2.4216630458831787,2.445225715637207,2.0767502784729004,2.109924793243408,1.989466667175293,2.163201093673706,2.372664213180542,2.558871030807495,2.4920551776885986,2.9478952884674072,2.7190496921539307,2.360491991043091,2.2870023250579834,2.5631725788116455,2.1966514587402344,2.494004726409912,2.6181893348693848,2.656270742416382,2.8483898639678955,2.822387218475342,2.3898754119873047,2.401418447494507,2.457975149154663,2.4302775859832764,2.767470598220825,2.9703540802001953,2.907609701156616,3.443243980407715,3.217593193054199,2.801889657974243,2.728705406188965,3.0942931175231934,2.4981868267059326,1.520497441291809,1.4824086427688599,1.4453887939453125,-0.6314978003501892,-0.880286693572998
0,99,2.3113150596618652,2.386040449142456,2.4452667236328125,2.4352192878723145,2.484341859817505,2.1279728412628174,2.1659209728240967,1.998591423034668,2.195183515548706,2.352280616760254,2.5145931243896484,2.4524166584014893,2.7833573818206787,2.5919203758239746,2.2896342277526855,2.2241714000701904,2.3355085849761963,2.2156224250793457,2.558802366256714,2.6736600399017334,2.7155990600585938,2.8772637844085693,2.8786442279815674,2.449265480041504,2.4666943550109863,2.4855666160583496,2.4785962104797363,2.711007833480835,2.8962013721466064,2.8376317024230957,3.274545669555664,3.085329532623291,2.705076217651367,2.639472007751465,2.8754098415374756,2.530752182006836,1.5027408599853516,1.485839605331421,1.4695261716842651,-0.6595673561096191,-0.8697422742843628
0,99,2.3089261054992676,2.3806214332580566,2.4326117038726807,2.4456138610839844,2.477818012237549,2.1338510513305664,2.1692135334014893,2.039456844329834,2.1862504482269287,2.3721134662628174,2.5422749519348145,2.472454786300659,2.891129493713379,2.673950672149658,2.349104881286621,2.2778069972991943,2.5157759189605713,2.211764335632324,2.5550811290740967,2.668501138687134,2.7027926445007324,2.8963143825531006,2.879362106323242,2.458275079727173,2.4723424911499023,2.538325071334839,2.4680585861206055,2.805870771408081,2.996185302734375,2.931992530822754,3.4431886672973633,3.2334423065185547,2.836033582687378,2.7665538787841797,3.105766534805298,2.5734128952026367,1.600050687789917,1.4983199834823608,1.4928847551345825,-0.6253225803375244,-0.8602821826934814
0,99,2.3126864433288574,2.356015205383301,2.4074900150299072,2.277045488357544,2.327056407928467,2.1032752990722656,2.146247625350952,1.8003109693527222,2.134079694747925,2.2581889629364014,2.4020116329193115,2.3365578651428223,2.652249574661255,2.4402196407318115,2.2080776691436768,2.1422064304351807,2.251234769821167,2.130736827850342,2.4962410926818848,2.580371379852295,2.6134722232818604,2.667060136795044,2.659707546234131,2.357750177383423,2.3781960010528564,2.2416818141937256,2.4176628589630127,2.594304323196411,2.7609469890594482,2.696614980697632,3.122394561767578,2.9077322483062744,2.6008777618408203,2.532722234725952,2.7703733444213867,2.4279301166534424,1.5716264247894287,1.4342103004455566,1.4251412153244019,-0.5030583739280701,-0.8335827589035034
0,99,2.344226837158203,2.384783983230591,2.4378461837768555,2.30617618560791,2.366912841796875,2.132413148880005,2.1760737895965576,1.823767900466919,2.153282403945923,2.3460640907287598,2.4604625701904297,2.40317964553833,2.5609052181243896,2.3972208499908447,2.229862928390503,2.180804491043091,2.0662219524383545,2.22121524810791,2.5244808197021484,2.6055638790130615,2.6416053771972656,2.693800449371338,2.70493483543396,2.3840649127960205,2.4084255695343018,2.2697737216949463,2.4323697090148926,2.634599208831787,2.7779197692871094,2.7213189601898193,3.014716863632202,2.848306894302368,2.5813913345336914,2.5296497344970703,2.5842819213867188,2.541764259338379,1.4634075164794922,1.4592236280441284,1.4799317121505737,-0.5114423036575317,-0.8026229739189148
0,99,2.331369161605835,2.3891987800598145,2.443586826324463,2.3904476165771484,2.445539951324463,2.146202325820923,2.187230348587036,1.9385346174240112,2.1899900436401367,2.3460776805877686,2.467336416244507,2.416154384613037,2.5963826179504395,2.4504992961883545,2.236302375793457,2.1922202110290527,2.106008768081665,2.2441389560699463,2.5991435050964355,2.695905923843384,2.7336585521698,2.852855682373047,2.8641717433929443,2.4870922565460205,2.509833812713623,2.4515116214752197,2.5152971744537354,2.666365146636963,2.8167836666107178,2.765018939971924,3.083477735519409,2.9321677684783936,2.623396158218384,2.5757455825805664,2.6592495441436768,2.5694611072540283,1.3658329248428345,1.5348256826400757,1.5006595849990845,-0.5590817332267761,-0.8554378747940063
0,99,2.361973524093628,2.4182658195495605,2.4670419692993164,2.386070489883423,2.446892023086548,2.163628101348877,2.204359769821167,1.9244236946105957,2.1959340572357178,2.4253573417663574,2.539473533630371,2.4801366329193115,2.59370756149292,2.4562814235687256,2.288670301437378,2.243375062942505,2.0616366863250732,2.2999038696289062,2.6010398864746094,2.697805643081665,2.7306580543518066,2.8244123458862305,2.84603214263916,2.4740207195281982,2.498628616333008,2.42047119140625,2.5132579803466797,2.6817734241485596,2.827777862548828,2.7696421146392822,3.0307886600494385,2.8936429023742676,2.6109578609466553,2.56475830078125,2.580113410949707,2.603771448135376,1.39821195602417,1.4285718202590942,1.5260932445526123,-0.5744739174842834,-0.7844164371490479
0,99,2.4707860946655273,2.5126802921295166,2.5693042278289795,2.394538402557373,2.4832475185394287,2.242494821548462,2.2895517349243164,1.8835196495056152,2.244907855987549,2.4857561588287354,2.5838189125061035,2.5330052375793457,2.5447614192962646,2.427440643310547,2.3118762969970703,2.2730374336242676,1.9528740644454956,2.3161544799804688,2.6525380611419678,2.7358336448669434,2.7778642177581787,2.7868521213531494,2.835881233215332,2.494215726852417,2.526428699493408,2.3440487384796143,2.5460164546966553,2.6931653022766113,2.8255367279052734,2.7755980491638184,2.9467129707336426,2.8294517993927,2.5856494903564453,2.5457825660705566,2.4464902877807617,2.620305061340332,1.4280074834823608,1.4339245557785034,1.5612165927886963,-0.5295157432556152,-0.7675964832305908
0,99,2.452775239944458,2.477576732635498,2.541644334793091,2.2941365242004395,2.390578508377075,2.2065842151641846,2.2572152614593506,1.7344294786453247,2.1761159896850586,2.4770994186401367,2.5586884021759033,2.516921043395996,2.4755401611328125,2.3612077236175537,2.290254592895508,2.2552597522735596,1.8504130840301514,2.2644481658935547,2.5973987579345703,2.6635913848876953,2.7121379375457764,2.6478497982025146,2.696916103363037,2.4156782627105713,2.4495222568511963,2.150461196899414,2.4756271839141846,2.599797487258911,2.7155659198760986,2.672464370727539,2.7906699180603027,2.6672677993774414,2.474473237991333,2.435279607772827,2.2560338973999023,2.5080761909484863,1.4202481508255005,1.4006913900375366,1.5217586755752563,-0.45937079191207886,-0.7845825552940369
0,99,2.484450578689575,2.5305094718933105,2.5900375843048096,2.41630482673645,2.5009381771087646,2.2542102336883545,2.2983713150024414,1.8799331188201904,2.2727887630462646,2.537682294845581,2.636549234390259,2.5909509658813477,2.6007771492004395,2.480853796005249,2.3616414070129395,2.3208067417144775,1.9842486381530762,2.369367837905884,2.6650454998016357,2.7511801719665527,2.795964241027832,2.802046775817871,2.8459863662719727,2.5033648014068604,2.532233476638794,2.332578182220459,2.569953441619873,2.7482059001922607,2.880025863647461,2.8350560665130615,2.9995338916778564,2.8785336017608643,2.636723279953003,2.5945210456848145,2.4728620052337646,2.6715986728668213,1.4178003072738647,1.4597524404525757,1.5929657220840454,-0.5422149300575256,-0.7863442301750183
0,99,2.5503127574920654,2.581791639328003,2.6445112228393555,2.392267942428589,2.4922337532043457,2.2936055660247803,2.3413705825805664,1.8197360038757324,2.2717504501342773,2.599975109100342,2.682188034057617,2.6405041217803955,2.5628929138183594,2.4545578956604004,2.3924849033355713,2.356297016143799,1.9020142555236816,2.355123996734619,2.7002086639404297,2.7745614051818848,2.8229665756225586,2.7630839347839355,2.8187081813812256,2.5126566886901855,2.5447521209716797,2.2638230323791504,2.579150438308716,2.711160659790039,2.829965829849243,2.7873871326446533,2.881960153579712,2.7664365768432617,2.569218635559082,2.529351234436035,2.3235716819763184,2.6079959869384766,1.4554685354232788,1.5198622941970825,1.5958248376846313,-0.4187534749507904,-0.7541089653968811
0,99,2.541456937789917,2.5915801525115967,2.649350643157959,2.471994161605835,2.567580223083496,2.3081414699554443,2.3518805503845215,1.9452791213989258,2.327026128768921,2.585540771484375,2.6815569400787354,2.632878541946411,2.595999240875244,2.488058567047119,2.390510082244873,2.350792646408081,1.9595122337341309,2.3770570755004883,2.7300219535827637,2.8209187984466553,2.865158796310425,2.8719139099121094,2.931018829345703,2.567986249923706,2.5981390476226807,2.419315814971924,2.633646249771118,2.7683372497558594,2.899827241897583,2.8522989749908447,2.982853889465332,2.876445770263672,2.641237258911133,2.6008903980255127,2.4486148357391357,2.679190158843994,1.4456449747085571,1.5599795579910278,1.601784110069275,-0.4993852376937866,-0.7524104118347168
0,99,2.4400341510772705,2.4914486408233643,2.5462796688079834,2.374774932861328,2.4591712951660156,2.216108560562134,2.25626540184021,1.8437283039093018,2.237504720687866,2.464053153991699,2.5689094066619873,2.5214622020721436,2.541212797164917,2.424748182296753,2.2958993911743164,2.254413366317749,1.9479786157608032,2.3061211109161377,2.6188178062438965,2.7088582515716553,2.7489657402038574,2.749462127685547,2.793238639831543,2.4599039554595947,2.4848203659057617,2.2814838886260986,2.5308303833007812,2.670358896255493,2.8065028190612793,2.759805679321289,2.9263994693756104,2.808683156967163,2.563873052597046,2.5208566188812256,2.418161630630493,2.5969746112823486,1.3658277988433838,1.4495230913162231,1.564127802848816,-0.546584963798523,-0.776400625705719
0,99,2.4752278327941895,2.5360264778137207,2.588836908340454,2.4451518058776855,2.531801223754883,2.258716344833374,2.3003554344177246,1.9285379648208618,2.29168701171875,2.4938580989837646,2.60203218460083,2.54742693901062,2.558583974838257,2.437530279159546,2.319995164871216,2.277822732925415,1.9494861364364624,2.30800461769104,2.665858030319214,2.7636075019836426,2.8024232387542725,2.8276920318603516,2.877483367919922,2.5152060985565186,2.5428895950317383,2.376537561416626,2.580965995788574,2.728572368621826,2.8671557903289795,2.8170413970947266,2.971371650695801,2.8584775924682617,2.6151421070098877,2.5748751163482666,2.446014642715454,2.648664951324463,1.432816982269287,1.4824055433273315,1.5758349895477295,-0.5910137891769409,-0.7729063034057617
0,99,2.4212357997894287,2.4829699993133545,2.542018175125122,2.4115614891052246,2.496722936630249,2.202946901321411,2.24623966217041,1.9300214052200317,2.2387545108795166,2.5279319286346436,2.641890287399292,2.592374324798584,2.633059501647949,2.5111334323883057,2.359769105911255,2.3183753490448,2.05251145362854,2.3772106170654297,2.6115732192993164,2.7119650840759277,2.756321668624878,2.804097890853882,2.8494763374328613,2.4646105766296387,2.4927797317504883,2.390735626220703,2.521559476852417,2.745387554168701,2.89119291305542,2.8412983417510986,3.0381412506103516,2.913341999053955,2.6447155475616455,2.6010725498199463,2.550069808959961,2.6652281284332275,1.4148004055023193,1.401922583580017,1.5805681943893433,-0.603864848613739,-0.7953082323074341
0,99,2.3818657398223877,2.433155059814453,2.4942805767059326,2.363644599914551,2.441265344619751,2.162379026412964,2.207132339477539,1.8765144348144531,2.19366192817688,2.3814780712127686,2.491335391998291,2.4476945400238037,2.5340962409973145,2.4059817790985107,2.2266438007354736,2.18717098236084,2.0005836486816406,2.2530272006988525,2.564812660217285,2.6575191020965576,2.7022101879119873,2.7552428245544434,2.7854576110839844,2.417102813720703,2.44381046295166,2.3324503898620605,2.4766576290130615,2.61936354637146,2.7631030082702637,2.718402147293091,2.962414503097534,2.8265886306762695,2.5346968173980713,2.4910497665405273,2.5140223503112793,2.5437686443328857,1.38261878490448,1.495316982269287,1.5199964046478271,-0.4914211928844452,-0.7863526940345764
0,99,2.350147247314453,2.4030351638793945,2.464176654815674,2.3468172550201416,2.4240872859954834,2.1364023685455322,2.18056321144104,1.8690602779388428,2.166242837905884,2.3564419746398926,2.472689390182495,2.426085948944092,2.5427451133728027,2.4085047245025635,2.2135801315307617,2.170983076095581,2.024096965789795,2.2400963306427,2.541027069091797,2.6357064247131348,2.6801698207855225,2.744150400161743,2.7748091220855713,2.398634910583496,2.4247987270355225,2.3269741535186768,2.4502084255218506,2.6131441593170166,2.7623136043548584,2.715442657470703,2.982494592666626,2.8434579372406006,2.5388379096984863,2.4931020736694336,2.543536424636841,2.5346593856811523,1.396521806716919,1.4855430126190186,1.5211576223373413,-0.49483034014701843,-0.7958221435546875
0,99,2.3844234943389893,2.434345006942749,2.4943580627441406,2.372107744216919,2.4512596130371094,2.1639485359191895,2.2088093757629395,1.8956400156021118,2.201911449432373,2.3566389083862305,2.4665284156799316,2.4196362495422363,2.513209104537964,2.383052110671997,2.199960470199585,2.159693956375122,1.994018316268921,2.213125228881836,2.564185619354248,2.656442880630493,2.7017674446105957,2.7620110511779785,2.798297166824341,2.415271282196045,2.4437742233276367,2.3527591228485107,2.477437734603882,2.590977907180786,2.735790252685547,2.6921274662017822,2.940070390701294,2.811509847640991,2.5031208992004395,2.46207857131958,2.504671812057495,2.517265558242798,1.397824764251709,1.527193307876587,1.4779990911483765,-0.4995178282260895,-0.757969856262207
0,99,2.3679070472717285,2.412109375,2.4744226932525635,2.320957660675049,2.407463312149048,2.1376044750213623,2.18709135055542,1.8373630046844482,2.1668307781219482,2.3404269218444824,2.445291757583618,2.4026825428009033,2.4704654216766357,2.3451805114746094,2.175422430038452,2.1394248008728027,1.941935420036316,2.188788890838623,2.5339407920837402,2.6202266216278076,2.6677305698394775,2.69783616065979,2.739037275314331,2.374346971511841,2.406937837600708,2.2803566455841064,2.4428555965423584,2.553959846496582,2.694287061691284,2.6525282859802246,2.8802289962768555,2.751157760620117,2.4591052532196045,2.4202334880828857,2.438829183578491,2.477860450744629,1.3834797143936157,1.5012997388839722,1.4957612752914429,-0.4777216911315918,-0.7446315884590149
0,99,2.3515191078186035,2.408466339111328,2.4652953147888184,2.37554931640625,2.4396603107452393,2.1409943103790283,2.1827986240386963,1.9185998439788818,2.198702573776245,2.325678586959839,2.443995475769043,2.3952507972717285,2.532288074493408,2.3897595405578613,2.1850714683532715,2.1412458419799805,2.0401060581207275,2.1951794624328613,2.532973289489746,2.6312835216522217,2.672567367553711,2.7632713317871094,2.7825663089752197,2.3949482440948486,2.419039487838745,2.3713271617889404,2.4634358882904053,2.5971388816833496,2.7483932971954346,2.7029285430908203,2.9870879650115967,2.8456521034240723,2.5252041816711426,2.4803433418273926,2.5724382400512695,2.5172066688537598,1.3486121892929077,1.537136197090149,1.5043185949325562,-0.5185391902923584,-0.7395164966583252
0,99,2.4045426845550537,2.44519305229187,2.5084080696105957,2.3449103832244873,2.4315216541290283,2.17051362991333,2.2174766063690186,1.8447883129119873,2.204308032989502,2.3667306900024414,2.4648845195770264,2.4237470626831055,2.46687388420105,2.3464784622192383,2.1906752586364746,2.154402017593384,1.9159183502197266,2.19722843170166,2.5689380168914795,2.652674674987793,2.701298952102661,2.7233846187591553,2.765660047531128,2.4051666259765625,2.4356601238250732,2.290449857711792,2.484490394592285,2.5544395446777344,2.6891791820526123,2.649951219558716,2.8553006649017334,2.7328431606292725,2.4473161697387695,2.408867597579956,2.3939788341522217,2.4788310527801514,1.3580865859985352,1.5251588821411133,1.490667462348938,-0.4587744176387787,-0.7254775166511536
0,99,2.3428115844726562,2.383671522140503,2.446225643157959,2.296816110610962,2.3763508796691895,2.117223024368286,2.1647818088531494,1.8171876668930054,2.152845621109009,2.292205810546875,2.403080463409424,2.3586266040802,2.4746711254119873,2.3347697257995605,2.1477973461151123,2.1067333221435547,1.975509524345398,2.1610090732574463,2.502699136734009,2.585749864578247,2.6324894428253174,2.6665830612182617,2.6969470977783203,2.3471434116363525,2.376185894012451,2.2500405311584473,2.4200127124786377,2.5455167293548584,2.6896069049835205,2.647218942642212,2.911193609237671,2.76893949508667,2.4687201976776123,2.4252054691314697,2.4885780811309814,2.4715371131896973,1.360736608505249,1.4979817867279053,1.470133662223816,-0.47495365142822266,-0.7458657622337341
0,99,2.370067596435547,2.4039852619171143,2.4705867767333984,2.29241943359375,2.384223222732544,2.135089874267578,2.1866204738616943,1.8059768676757812,2.1557369232177734,2.326965093612671,2.424966335296631,2.3842051029205322,2.439028739929199,2.3111045360565186,2.1593263149261475,2.1217644214630127,1.9039421081542969,2.16764760017395,2.5265002250671387,2.6030335426330566,2.6544859409332275,2.6613943576812744,2.7046546936035156,2.3608896732330322,2.3944780826568604,2.238550901412964,2.4307727813720703,2.5516645908355713,2.6853957176208496,2.645691394805908,2.8584513664245605,2.725903034210205,2.452552080154419,2.4117417335510254,2.4060261249542236,2.4773542881011963,1.3778471946716309,1.491584062576294,1.4732317924499512,-0.4619276225566864,-0.7326731085777283
0,99,2.384803533554077,2.424844264984131,2.489579200744629,2.322042942047119,2.412766456604004,2.1514523029327393,2.202296257019043,1.839476227760315,2.186906337738037,2.369537591934204,2.4708003997802734,2.4299845695495605,2.4850637912750244,2.3602633476257324,2.2023842334747314,2.164529800415039,1.9460543394088745,2.2109928131103516,2.5417609214782715,2.623594284057617,2.6729602813720703,2.6903927326202393,2.732988119125366,2.3781967163085938,2.411038398742676,2.2734382152557373,2.4572672843933105,2.5886387825012207,2.72456955909729,2.6841213703155518,2.8970329761505127,2.7667076587677,2.4894144535064697,2.4481489658355713,2.4438116550445557,2.50994873046875,1.3647243976593018,1.5128824710845947,1.5020840167999268,-0.45925650000572205,-0.7282487750053406
1,99,2.177373170852661,2.0982472896575928,2.219155788421631,1.5409518480300903,1.812270164489746,1.8234730958938599,1.9283703565597534,1.1507009267807007,1.2056050300598145,2.733633518218994,2.765310287475586,2.7483620643615723,2.4136009216308594,2.3726959228515625,2.4584438800811768,2.4457528591156006,1.7001914978027344,2.1964221000671387,1.9783077239990234,1.9303501844406128,2.052694797515869,1.5789686441421509,1.799964189529419,1.6694204807281494,1.7694017887115479,1.3253791332244873,1.282244086265564,2.779066801071167,2.847233533859253,2.8267548084259033,2.6656112670898438,2.6010384559631348,2.5586307048797607,2.536973714828491,2.0522680282592773,2.5029406547546387,1.9596288204193115,0.88637775182724,1.5165753364562988,0.32094159722328186,-0.6200070977210999
1,99,1.4107651710510254,1.4151434898376465,1.5459731817245483,1.5502233505249023,1.6522254943847656,1.2260704040527344,1.3179879188537598,1.5820399522781372,1.0142662525177002,2.474721670150757,2.5717315673828125,2.5395116806030273,2.5435380935668945,2.437349796295166,2.2962706089019775,2.261716365814209,1.9795714616775513,2.299905776977539,1.5206714868545532,1.5820342302322388,1.6926847696304321,1.924939751625061,1.9696921110153198,1.4462063312530518,1.5092276334762573,1.977245807647705,1.1677557229995728,2.6473143100738525,2.780705690383911,2.7430827617645264,2.916724443435669,2.7893567085266113,2.538848638534546,2.49430513381958,2.4358646869659424,2.5673232078552246,2.0459673404693604,0.8689270615577698,1.5357487201690674,-0.38469207286834717,-0.7692922949790955
1,99,2.11205792427063,2.032646894454956,2.1684517860412598,1.551796793937683,1.8387699127197266,1.783082127571106,1.8943560123443604,1.2652400732040405,1.1409279108047485,2.6402199268341064,2.6973190307617188,2.670959949493408,2.4379868507385254,2.380267381668091,2.3952412605285645,2.371872663497925,1.7563371658325195,2.249155044555664,1.9763965606689453,1.9300047159194946,2.0697124004364014,1.6656606197357178,1.9082750082015991,1.7018691301345825,1.809564232826233,1.495808720588684,1.2333121299743652,2.738452672958374,2.8319430351257324,2.8006913661956787,2.7364306449890137,2.658280849456787,2.551523208618164,2.519239902496338,2.147970676422119,2.547534227371216,2.1283369064331055,0.8566946387290955,1.4977781772613525,0.17420947551727295,-0.698076069355011
1,99,2.1949167251586914,2.176104784011841,2.2765352725982666,1.8135050535202026,2.007131338119507,1.8805434703826904,1.960365653038025,1.360946774482727,1.6331684589385986,2.5403332710266113,2.6336517333984375,2.5988643169403076,2.5369558334350586,2.4405503273010254,2.344024181365967,2.3072736263275146,1.9656667709350586,2.3197150230407715,2.141597270965576,2.164684772491455,2.261267900466919,2.0362765789031982,2.180464029312134,1.9030379056930542,1.9716216325759888,1.7167928218841553,1.7974532842636108,2.7034881114959717,2.8311996459960938,2.7926361560821533,2.9061191082000732,2.793901205062866,2.579129219055176,2.534940242767334,2.436959981918335,2.608045816421509,1.7442594766616821,1.1425011157989502,1.5303059816360474,-0.02803638204932213,-0.6754317879676819
1,99,1.3055832386016846,1.3818258047103882,1.494954228401184,1.9869139194488525,2.0196027755737305,1.3572579622268677,1.414110779762268,2.3420255184173584,0.841052234172821,2.5668303966522217,2.6488852500915527,2.620177984237671,2.5799734592437744,2.4819393157958984,2.368682622909546,2.333099603652954,2.0617928504943848,2.337557077407837,1.3834331035614014,1.4969680309295654,1.5860189199447632,2.293626308441162,2.2805943489074707,1.569217324256897,1.6021407842636108,2.7421369552612305,0.6601869463920593,2.7758233547210693,2.8971714973449707,2.865216016769409,3.014927864074707,2.9040589332580566,2.656994342803955,2.6142966747283936,2.5973689556121826,2.67201828956604,2.503912925720215,1.2460715770721436,1.575588583946228,-0.39923200011253357,-0.6162126660346985
1,99,1.2444944381713867,1.3032715320587158,1.4297995567321777,1.9173972606658936,1.947419285774231,1.3064216375350952,1.3689982891082764,2.3268611431121826,0.6389387845993042,2.5686161518096924,2.644044876098633,2.6183834075927734,2.5486156940460205,2.4469048976898193,2.3646459579467773,2.330252170562744,1.998630404472351,2.317904472351074,1.2985152006149292,1.3934701681137085,1.4920076131820679,2.201197624206543,2.1778981685638428,1.49642014503479,1.5318572521209717,2.7053332328796387,0.40831032395362854,2.7719037532806396,2.886519432067871,2.85605788230896,2.9701550006866455,2.8507354259490967,2.641900062561035,2.598151922225952,2.5147407054901123,2.655086040496826,2.6860971450805664,1.1948524713516235,1.5713855028152466,-0.37433022260665894,-0.6120346188545227
1,99,1.174934983253479,1.2672854661941528,1.3859494924545288,1.9886817932128906,2.0458736419677734,1.2994650602340698,1.358758807182312,2.480104923248291,0.6309647560119629,2.6889684200286865,2.748978853225708,2.7231595516204834,2.5459861755371094,2.4709765911102295,2.450838565826416,2.4188647270202637,1.9325469732284546,2.3402931690216064,1.2627253532409668,1.3748233318328857,1.4710065126419067,2.254445791244507,2.2754011154174805,1.5095583200454712,1.5501047372817993,2.8520188331604004,0.33600491285324097,2.842284679412842,2.9405136108398438,2.9133827686309814,2.915029764175415,2.8336503505706787,2.670764446258545,2.634105682373047,2.407642364501953,2.671485424041748,2.8374240398406982,1.3021998405456543,1.5576673746109009,-0.3247818350791931,-0.5522783398628235
1,99,1.3007547855377197,1.4090179204940796,1.4950218200683594,2.2672438621520996,2.273331880569458,1.5503755807876587,1.5841506719589233,2.8297669887542725,0.3282746970653534,2.729869842529297,2.8065621852874756,2.784806251525879,2.6321938037872314,2.571255683898926,2.511610984802246,2.4850783348083496,1.9987008571624756,2.426511287689209,1.4084066152572632,1.5374685525894165,1.589307188987732,2.470353364944458,2.434535026550293,1.7188585996627808,1.729893684387207,3.066206455230713,0.1859956681728363,2.9104115962982178,3.0188019275665283,2.9967710971832275,2.9965903759002686,2.9308223724365234,2.7501933574676514,2.720414638519287,2.4538276195526123,2.75960636138916,3.270655870437622,1.1340023279190063,1.5978337526321411,-0.3904115557670593,-0.70973801612854
1,99,1.3366525173187256,1.451917290687561,1.5196425914764404,2.344616413116455,2.35180401802063,1.6202995777130127,1.6464688777923584,2.937544584274292,0.2108404040336609,2.8167412281036377,2.8781349658966064,2.8548805713653564,2.630739688873291,2.57637619972229,2.577200174331665,2.554971933364868,1.9071298837661743,2.430208921432495,1.4238600730895996,1.5590789318084717,1.5942463874816895,2.5050485134124756,2.474013090133667,1.7528952360153198,1.7582043409347534,3.11934232711792,0.09625304490327835,3.008246421813965,3.1000616550445557,3.0798680782318115,2.998082399368286,2.9481303691864014,2.8198142051696777,2.7976040840148926,2.359161615371704,2.8151190280914307,3.529212474822998,0.9044230580329895,1.569964051246643,-0.608524739742279,-0.7060254216194153
1,99,1.0057828426361084,1.0967308282852173,1.1685688495635986,1.9672811031341553,1.9773499965667725,1.2918462753295898,1.3229923248291016,2.630495548248291,0.13734008371829987,2.905003070831299,2.9565634727478027,2.940201759338379,2.669205665588379,2.6287035942077637,2.657940149307251,2.6362931728363037,1.9371399879455566,2.48283052444458,1.1025450229644775,1.2209309339523315,1.253156304359436,2.1464803218841553,2.1127769947052,1.4387997388839722,1.4438745975494385,2.81693434715271,0.06513511389493942,3.0135815143585205,3.0919907093048096,3.076744556427002,2.948838233947754,2.9076688289642334,2.816784620285034,2.793583393096924,2.3166513442993164,2.791461229324341,3.429654121398926,0.9657717347145081,1.5869197845458984,-0.32402777671813965,-0.7294890284538269
1,99,0.9380622506141663,1.0325920581817627,1.098190188407898,1.888628363609314,1.8888616561889648,1.2210021018981934,1.2510672807693481,2.5264346599578857,0.0945233404636383,2.9264535903930664,2.965867519378662,2.961721658706665,2.664940595626831,2.6412599086761475,2.679086923599243,2.6598074436187744,1.8888744115829468,2.4760754108428955,1.0049611330032349,1.1282652616500854,1.152281641960144,2.035454511642456,1.989220142364502,1.3358856439590454,1.3374494314193726,2.675750970840454,0.02677253447473049,3.0633645057678223,3.1281707286834717,3.1255595684051514,2.95701265335083,2.9326651096343994,2.8597843647003174,2.8392176628112793,2.2637174129486084,2.810227632522583,3.4461565017700195,0.9829245209693909,1.6226032972335815,-0.26355141401290894,-0.7608994841575623
1,99,0.9060729146003723,1.0028239488601685,1.0697729587554932,1.872513771057129,1.8852628469467163,1.1986265182495117,1.2325323820114136,2.5335686206817627,0.06118595972657204,3.0001566410064697,3.0375094413757324,3.0308239459991455,2.7123661041259766,2.684760093688965,2.7471554279327393,2.7223293781280518,1.8995548486709595,2.495846748352051,0.9756514430046082,1.099724292755127,1.1242833137512207,2.017516613006592,1.9844924211502075,1.3148568868637085,1.320103406906128,2.682713270187378,-0.016891196370124817,3.044015884399414,3.1052067279815674,3.1008076667785645,2.9035000801086426,2.8776473999023438,2.8303415775299072,2.804957628250122,2.17374324798584,2.744274616241455,3.5379974842071533,0.7963231205940247,1.6328142881393433,-0.48288363218307495,-0.7602434754371643
1,99,0.9645397663116455,1.0549336671829224,1.121254563331604,1.935317873954773,1.940855860710144,1.2625688314437866,1.2923208475112915,2.6124188899993896,0.06065201759338379,2.91812801361084,2.955270290374756,2.946533203125,2.6345090866088867,2.5994961261749268,2.6615445613861084,2.6366796493530273,1.8419381380081177,2.4195456504821777,1.0458276271820068,1.165744662284851,1.189713716506958,2.094120502471924,2.0542078018188477,1.3896387815475464,1.3920009136199951,2.7722437381744385,-0.005246477667242289,3.0296080112457275,3.0934455394744873,3.0859310626983643,2.912012815475464,2.876330852508545,2.819575309753418,2.7927420139312744,2.2111616134643555,2.7451086044311523,3.505016326904297,0.7902929186820984,1.6234121322631836,-0.48536020517349243,-0.7200189232826233
1,99,1.0249394178390503,1.1255738735198975,1.1831637620925903,2.021092414855957,2.00791335105896,1.3316954374313354,1.3529905080795288,2.6790125370025635,0.06585673242807388,2.8887617588043213,2.9399988651275635,2.918846607208252,2.6623892784118652,2.610475540161133,2.6504576206207275,2.6216800212860107,1.9198590517044067,2.469609022140503,1.1238402128219604,1.2512850761413574,1.2688804864883423,2.1934921741485596,2.136345148086548,1.473781704902649,1.4689537286758423,2.8519093990325928,0.008880720473825932,2.988100528717041,3.0666160583496094,3.0453402996063232,2.9309685230255127,2.8756890296936035,2.7996692657470703,2.7679686546325684,2.2827601432800293,2.7623026371002197,3.483574867248535,0.9404088854789734,1.5963302850723267,-0.35876211524009705,-0.7590795159339905
1,99,1.101784586906433,1.1957274675369263,1.2532932758331299,2.089292049407959,2.074937105178833,1.4101885557174683,1.4326074123382568,2.757127523422241,0.022320851683616638,2.9527764320373535,3.0001842975616455,2.984185218811035,2.6936237812042236,2.6538429260253906,2.703136920928955,2.682173490524292,1.9012730121612549,2.496246099472046,1.1806741952896118,1.3030496835708618,1.3206720352172852,2.2417190074920654,2.182328224182129,1.529453992843628,1.5251699686050415,2.905151128768921,-0.025170685723423958,3.0655341148376465,3.140094518661499,3.123297691345215,2.9719202518463135,2.9264700412750244,2.8634490966796875,2.839125871658325,2.269399642944336,2.8093221187591553,3.6457064151763916,0.7238351106643677,1.6190892457962036,-0.5404081344604492,-0.7645092606544495
1,99,1.018612027168274,1.1137852668762207,1.1751596927642822,2.0041089057922363,2.015489101409912,1.3303495645523071,1.3618849515914917,2.6989359855651855,0.019439173862338066,3.0001413822174072,3.044663429260254,3.0247902870178223,2.71533203125,2.6638376712799072,2.7470483779907227,2.717545986175537,1.9004591703414917,2.4847402572631836,1.111623764038086,1.2337645292282104,1.2552013397216797,2.1662397384643555,2.134455442428589,1.46257746219635,1.4665942192077637,2.8559536933898926,-0.028413573279976845,3.0456442832946777,3.1166439056396484,3.0961592197418213,2.923837423324585,2.8688628673553467,2.8380417823791504,2.8056929111480713,2.204502820968628,2.7405314445495605,3.655660390853882,0.9444628953933716,1.626017689704895,-0.31226080656051636,-0.7380686402320862
1,99,0.9540426731109619,1.0479739904403687,1.1106700897216797,1.9531385898590088,1.9365054368972778,1.2671270370483398,1.2916167974472046,2.635538339614868,0.04264361411333084,3.00054931640625,3.0385677814483643,3.028747081756592,2.6944591999053955,2.6601996421813965,2.740185022354126,2.714871883392334,1.8838824033737183,2.489922523498535,1.0324604511260986,1.156315565109253,1.1752029657363892,2.108842611312866,2.0439441204071045,1.390134572982788,1.3849681615829468,2.7861483097076416,-0.0083989342674613,3.112790822982788,3.17753005027771,3.169203042984009,2.975118398666382,2.9379756450653076,2.900261640548706,2.8722729682922363,2.2572433948516846,2.8286755084991455,3.5883960723876953,0.7584834098815918,1.630975604057312,-0.47491759061813354,-0.7441236972808838
1,99,0.9571354985237122,1.0400288105010986,1.1091418266296387,1.909315586090088,1.9098411798477173,1.2532137632369995,1.282833456993103,2.5873849391937256,0.0345558226108551,2.9517059326171875,2.99326491355896,2.979564905166626,2.6620118618011475,2.6254281997680664,2.6993422508239746,2.676114320755005,1.8554235696792603,2.459272861480713,1.027355432510376,1.1433807611465454,1.1686275005340576,2.062145471572876,2.0147526264190674,1.3689672946929932,1.369262456893921,2.731519937515259,0.0016779722645878792,3.0829029083251953,3.1502926349639893,3.1385338306427,2.9556355476379395,2.9189560413360596,2.8768093585968018,2.852027416229248,2.238029956817627,2.8116559982299805,3.5432817935943604,0.9227638244628906,1.6087307929992676,-0.3035832345485687,-0.7558487057685852
1,99,0.9965327382087708,1.081554651260376,1.1477564573287964,1.948340892791748,1.9525419473648071,1.2934367656707764,1.3221766948699951,2.6189064979553223,0.020378846675157547,2.9785306453704834,3.021174907684326,3.003918409347534,2.6821482181549072,2.6435749530792236,2.7235145568847656,2.7016048431396484,1.8688451051712036,2.4634649753570557,1.0577322244644165,1.1760214567184448,1.1989818811416626,2.089655876159668,2.0471274852752686,1.3974295854568481,1.397905945777893,2.7499215602874756,-0.006355152931064367,3.0891988277435303,3.1570169925689697,3.1420934200286865,2.948657751083374,2.912166118621826,2.8770689964294434,2.8545854091644287,2.2189314365386963,2.7977795600891113,3.61691951751709,0.9383856654167175,1.618674635887146,-0.2896866500377655,-0.7537809014320374
1,99,1.0209393501281738,1.1067417860031128,1.1702173948287964,2.0056231021881104,1.9879909753799438,1.3318042755126953,1.3522855043411255,2.692204236984253,0.0014538896502926946,2.93023943901062,2.9770500659942627,2.9658362865448,2.6593570709228516,2.633469820022583,2.674586296081543,2.659006118774414,1.869431972503662,2.4625627994537354,1.106046199798584,1.2255650758743286,1.2457997798919678,2.170363426208496,2.106328010559082,1.4589593410491943,1.45199716091156,2.845083475112915,-0.023419195786118507,3.023679733276367,3.0985257625579834,3.0865185260772705,2.9262847900390625,2.892957925796509,2.8179819583892822,2.7983620166778564,2.2336649894714355,2.7652060985565186,3.584559917449951,0.9281216859817505,1.6573373079299927,-0.325578510761261,-0.7605681419372559
1,99,0.9016044735908508,0.9904483556747437,1.0524322986602783,1.906144618988037,1.871800422668457,1.2162230014801025,1.2354813814163208,2.603815793991089,-0.013742317445576191,2.976088047027588,3.0254271030426025,3.0119922161102295,2.714559316635132,2.679415225982666,2.725858211517334,2.710358142852783,1.9276857376098633,2.5171971321105957,0.9972102046012878,1.1195248365402222,1.1374887228012085,2.0794317722320557,2.0019328594207764,1.3557089567184448,1.3467665910720825,2.767174482345581,-0.04386181756854057,3.0882153511047363,3.166065216064453,3.1523942947387695,3.0021440982818604,2.9598538875579834,2.8888964653015137,2.86993670463562,2.3124210834503174,2.8427176475524902,3.5470619201660156,0.9520218968391418,1.6436688899993896,-0.28515055775642395,-0.7495630383491516
1,99,0.8739855289459229,0.9616159200668335,1.0252472162246704,1.8682290315628052,1.8371001482009888,1.1851706504821777,1.2062504291534424,2.557762622833252,0.005086136516183615,2.9386887550354004,2.9831154346466064,2.9732794761657715,2.65594744682312,2.627927541732788,2.682077407836914,2.6644699573516846,1.868927240371704,2.447021007537842,0.9731071591377258,1.094537615776062,1.1133668422698975,2.0469541549682617,1.9716975688934326,1.329543113708496,1.3219754695892334,2.7277932167053223,-0.03181793540716171,3.063488006591797,3.13620662689209,3.128178119659424,2.9561386108398438,2.9251976013183594,2.857027769088745,2.8372254371643066,2.264442205429077,2.801466226577759,3.492612838745117,0.9360607266426086,1.6395796537399292,-0.28922611474990845,-0.7402065992355347
1,99,0.8629835844039917,0.9470665454864502,1.0184061527252197,1.850363850593567,1.8267242908477783,1.1644339561462402,1.189469575881958,2.540156126022339,0.02713097631931305,2.919962167739868,2.960015296936035,2.9499051570892334,2.6387698650360107,2.6073009967803955,2.662362575531006,2.642454147338867,1.861930251121521,2.443455457687378,0.9406644105911255,1.0635422468185425,1.0858391523361206,2.021993398666382,1.9484844207763672,1.295393466949463,1.2890681028366089,2.702864646911621,-0.011813663877546787,3.052870512008667,3.1210503578186035,3.1134746074676514,2.9487199783325195,2.9163930416107178,2.8459949493408203,2.8242721557617188,2.2682676315307617,2.804440975189209,3.4445533752441406,0.9232264161109924,1.6025259494781494,-0.30592629313468933,-0.7248796820640564
1,99,0.8390533924102783,0.9114463329315186,0.9902104735374451,1.7818560600280762,1.7830394506454468,1.1258465051651,1.1584197282791138,2.461822271347046,0.00791903492063284,2.9290666580200195,2.96733021736145,2.9578893184661865,2.6343300342559814,2.6043050289154053,2.670544385910034,2.651953935623169,1.8365687131881714,2.4279065132141113,0.894364595413208,1.0083897113800049,1.037564754486084,1.9354180097579956,1.8856531381607056,1.2354224920272827,1.2365691661834717,2.6047418117523193,-0.027636298909783363,3.0542373657226562,3.1186540126800537,3.112271308898926,2.922449827194214,2.8945364952087402,2.84090518951416,2.821476936340332,2.2115659713745117,2.778083086013794,3.455738067626953,0.9063733220100403,1.5897445678710938,-0.2741633951663971,-0.7433329224586487
1,99,0.9590405225753784,1.0483477115631104,1.11311674118042,1.948264718055725,1.9357695579528809,1.265547513961792,1.2900047302246094,2.6287267208099365,-0.005214011762291193,2.949963092803955,2.9930012226104736,2.9853482246398926,2.6797776222229004,2.656223773956299,2.698424816131592,2.6811540126800537,1.9027130603790283,2.4933531284332275,1.040212631225586,1.1635884046554565,1.1842719316482544,2.110072135925293,2.051327705383301,1.3904881477355957,1.386741042137146,2.781174659729004,-0.042714957147836685,3.0654215812683105,3.1357297897338867,3.1300649642944336,2.9634408950805664,2.9389491081237793,2.861483335494995,2.842642068862915,2.2786028385162354,2.820376396179199,3.557786226272583,0.9350932836532593,1.6334620714187622,-0.30529677867889404,-0.7388944625854492
1,99,1.029710292816162,1.1181658506393433,1.1824820041656494,2.017101526260376,2.0189034938812256,1.3389003276824951,1.3649356365203857,2.705033302307129,0.02773783728480339,2.919954776763916,2.95798921585083,2.94930100440979,2.634547710418701,2.609999179840088,2.6624319553375244,2.644744873046875,1.8542014360427856,2.4248414039611816,1.1156196594238281,1.2359260320663452,1.2601072788238525,2.17720365524292,2.136117935180664,1.4642306566238403,1.464548110961914,2.856440544128418,-0.006627438124269247,3.016308069229126,3.0803353786468506,3.0749351978302,2.898146390914917,2.8762338161468506,2.8054988384246826,2.7875046730041504,2.212785005569458,2.742685556411743,3.577279806137085,0.9436372518539429,1.5847598314285278,-0.33449628949165344,-0.7198559641838074
1,99,0.7785860896110535,0.8496488928794861,0.9379076361656189,1.7314956188201904,1.7152661085128784,1.0556787252426147,1.0906485319137573,2.4031152725219727,0.048408590257167816,2.937049150466919,2.974026679992676,2.968994617462158,2.6341283321380615,2.6177873611450195,2.6730470657348633,2.657569408416748,1.8523939847946167,2.4376766681671143,0.8201144337654114,0.9392679929733276,0.9712656140327454,1.8875057697296143,1.814344048500061,1.1632063388824463,1.1614224910736084,2.5494940280914307,0.00776678929105401,3.088857889175415,3.1534664630889893,3.15116810798645,2.9563491344451904,2.938875198364258,2.872602939605713,2.85538649559021,2.26326847076416,2.818286418914795,3.383864641189575,0.9328216314315796,1.6418193578720093,-0.24353636801242828,-0.7211851477622986
1,99,0.7985627055168152,0.8647089600563049,0.9504510164260864,1.754214882850647,1.7241393327713013,1.0813077688217163,1.1104512214660645,2.4434452056884766,0.02678491733968258,2.9150278568267822,2.9554402828216553,2.945673942565918,2.634281873703003,2.601994514465332,2.65771222114563,2.6404757499694824,1.8582249879837036,2.4282069206237793,0.8477052450180054,0.9640231728553772,0.9921467900276184,1.9217582941055298,1.8344320058822632,1.197177529335022,1.1899423599243164,2.598404884338379,-0.002791889477521181,3.0590789318084717,3.1269595623016357,3.1200058460235596,2.95304012298584,2.9187755584716797,2.851963758468628,2.8326101303100586,2.269852876663208,2.804011344909668,3.3905463218688965,0.9324957728385925,1.5857068300247192,-0.25809943675994873,-0.7399487495422363
1,99,0.934826672077179,1.0152219533920288,1.0866243839263916,1.936678171157837,1.9013293981552124,1.2434039115905762,1.2657300233840942,2.616927146911621,0.0009099231101572514,2.924165964126587,2.9703447818756104,2.9615283012390137,2.6738922595977783,2.642348527908325,2.671751022338867,2.654106378555298,1.9125574827194214,2.4685630798339844,1.006420373916626,1.1296052932739258,1.1507731676101685,2.102562665939331,2.016331434249878,1.3646905422210693,1.355432391166687,2.766056776046753,-0.015378748998045921,3.068164110183716,3.142120838165283,3.136237382888794,2.994520425796509,2.961503505706787,2.8672192096710205,2.8478798866271973,2.3265151977539062,2.8318912982940674,3.512101411819458,0.921450138092041,1.6205008029937744,-0.30295586585998535,-0.7581015825271606
1,99,0.8570737838745117,0.9235989451408386,1.007833480834961,1.8259096145629883,1.8012255430221558,1.1500188112258911,1.1809083223342896,2.5402653217315674,0.028905369341373444,2.9755330085754395,3.0189449787139893,3.013150215148926,2.700460910797119,2.683985948562622,2.714552164077759,2.7022671699523926,1.9289662837982178,2.5075011253356934,0.9371148943901062,1.04801607131958,1.0794587135314941,2.0110628604888916,1.9345773458480835,1.2897411584854126,1.287253737449646,2.716216564178467,-0.011280050501227379,3.0740301609039307,3.14526629447937,3.1397693157196045,2.978203058242798,2.954099178314209,2.86513352394104,2.849348783493042,2.310779571533203,2.8230323791503906,3.4822816848754883,0.9730880856513977,1.6486637592315674,-0.23727211356163025,-0.704214870929718
1,99,0.6837655305862427,0.7295833826065063,0.8415369391441345,1.5972956418991089,1.5911678075790405,0.9353305697441101,0.9835807085037231,2.3131463527679443,0.058593373745679855,3.0086545944213867,3.039581060409546,3.0404739379882812,2.669395685195923,2.667478561401367,2.7305705547332764,2.721024751663208,1.8726505041122437,2.44647479057312,0.7176153659820557,0.8228757381439209,0.8718467354774475,1.7739372253417969,1.7083234786987305,1.0553534030914307,1.0622358322143555,2.4803009033203125,0.017855163663625717,3.132280111312866,3.190220355987549,3.1955885887145996,2.966411828994751,2.9655323028564453,2.9015371799468994,2.8918354511260986,2.2665493488311768,2.8251953125,3.3767597675323486,1.001379132270813,1.6620416641235352,-0.13678430020809174,-0.6687878966331482
1,99,0.6674268245697021,0.7328892350196838,0.8310121297836304,1.6166173219680786,1.5960679054260254,0.9310656785964966,0.9723908305168152,2.317044973373413,0.07665370404720306,3.058568239212036,3.0880963802337646,3.0897932052612305,2.719949722290039,2.717691421508789,2.7850899696350098,2.7727832794189453,1.9199339151382446,2.5184192657470703,0.7133978009223938,0.8367725610733032,0.8706766963005066,1.7982149124145508,1.718315839767456,1.0594899654388428,1.0582470893859863,2.4865639209747314,0.043295443058013916,3.1432530879974365,3.2002477645874023,3.2024993896484375,2.9770455360412598,2.967392683029175,2.917285203933716,2.901686429977417,2.2731688022613525,2.836763858795166,3.397361993789673,1.022053837776184,1.6580103635787964,-0.15024463832378387,-0.7082947492599487
1,99,0.8318057656288147,0.9234217405319214,1.0049105882644653,1.8531242609024048,1.8207247257232666,1.1274185180664062,1.1556037664413452,2.550696849822998,0.08629682660102844,2.983327865600586,3.0216195583343506,3.017683267593384,2.700373888015747,2.684385061264038,2.721102476119995,2.70422625541687,1.9389158487319946,2.495577335357666,0.9249072074890137,1.0578972101211548,1.0861283540725708,2.052325963973999,1.967654824256897,1.2845284938812256,1.278149127960205,2.747744083404541,0.021940549835562706,3.083282709121704,3.152090311050415,3.1485846042633057,2.987267255783081,2.96323299407959,2.874342918395996,2.8533315658569336,2.329685926437378,2.8155593872070312,3.4385080337524414,0.9586023688316345,1.6011340618133545,-0.3844592869281769,-0.7095049619674683
1,99,1.1576602458953857,1.270667552947998,1.3358728885650635,2.2070670127868652,2.199239492416382,1.471813678741455,1.4964795112609863,2.8648228645324707,0.11419065296649933,3.004518508911133,3.0500338077545166,3.0499463081359863,2.755783796310425,2.7519493103027344,2.745011806488037,2.7351441383361816,1.9779654741287231,2.5646135807037354,1.2637962102890015,1.4019603729248047,1.4278143644332886,2.386154890060425,2.333935499191284,1.6215840578079224,1.6197874546051025,3.0512478351593018,0.015989046543836594,3.1256167888641357,3.2001683712005615,3.202420234680176,3.0523781776428223,3.0467755794525146,2.9160096645355225,2.904801607131958,2.370060920715332,2.8855512142181396,3.658946990966797,1.0526772737503052,1.6869453191757202,-0.47828707098960876,-0.6924248933792114
1,99,1.2165402173995972,1.3375818729400635,1.407881259918213,2.274923324584961,2.2542285919189453,1.521079659461975,1.5422062873840332,2.9163124561309814,0.20879259705543518,2.9221012592315674,2.9756124019622803,2.9795665740966797,2.7395217418670654,2.7202517986297607,2.6796727180480957,2.6618494987487793,2.0120773315429688,2.555922746658325,1.3306828737258911,1.4740020036697388,1.5027217864990234,2.469879388809204,2.4002304077148438,1.6865543127059937,1.6808711290359497,3.1312248706817627,0.0657757893204689,3.132441282272339,3.2158830165863037,3.2246296405792236,3.130582094192505,3.1132888793945312,2.944864511489868,2.926447868347168,2.4988646507263184,2.9548871517181396,3.5130817890167236,1.319454312324524,1.6951991319656372,-0.2750546634197235,-0.6679340600967407
1,99,1.2855874300003052,1.4201816320419312,1.4804385900497437,2.3366544246673584,2.3008737564086914,1.5789445638656616,1.59244966506958,2.917884588241577,0.36043480038642883,2.8816983699798584,2.94964337348938,2.9476935863494873,2.7287545204162598,2.712202548980713,2.6415839195251465,2.620969772338867,2.0166609287261963,2.5211615562438965,1.4003465175628662,1.548621416091919,1.5716001987457275,2.5314688682556152,2.4470059871673584,1.7509431838989258,1.739854335784912,3.1522748470306396,0.16095709800720215,3.0971550941467285,3.1945579051971436,3.195434808731079,3.1193325519561768,3.1010146141052246,2.9113807678222656,2.8889617919921875,2.4969897270202637,2.9115819931030273,3.3986687660217285,1.4492592811584473,1.6698534488677979,-0.25732553005218506,-0.6650895476341248
1,99,1.3292285203933716,1.4875794649124146,1.5508966445922852,2.3479154109954834,2.3578085899353027,1.5636547803878784,1.5873857736587524,2.8444907665252686,0.7415947318077087,2.7967374324798584,2.875544309616089,2.8498969078063965,2.6705267429351807,2.6122641563415527,2.547560453414917,2.5157437324523926,1.997761607170105,2.423727035522461,1.4049127101898193,1.5817029476165771,1.6078228950500488,2.5591299533843994,2.5163681507110596,1.7353365421295166,1.731634259223938,3.129120111465454,0.4826538562774658,2.9923136234283447,3.105820417404175,3.083008050918579,3.0728724002838135,3.0177719593048096,2.808695077896118,2.7765278816223145,2.5075626373291016,2.802399158477783,3.0026159286499023,1.2023552656173706,1.690495252609253,-0.5927533507347107,-0.6020157933235168
1,99,2.353379726409912,2.5723373889923096,2.59731125831604,3.545736789703369,3.542078733444214,2.655423164367676,2.65852427482605,3.8379719257354736,1.1444958448410034,2.2998058795928955,2.541398763656616,2.4916765689849854,3.3261749744415283,3.226649761199951,2.498478412628174,2.450690746307373,3.3746180534362793,1.7374736070632935,2.6515614986419678,2.880350351333618,2.8854944705963135,3.901825428009033,3.870389699935913,2.9909884929656982,2.9799811840057373,4.220794677734375,1.0504539012908936,2.6852505207061768,2.9326562881469727,2.8936376571655273,3.801996946334839,3.7152369022369385,2.9357447624206543,2.895264148712158,3.9086198806762695,1.7728946208953857,1.318461298942566,1.3101388216018677,1.5723412036895752,-0.7610443234443665,-0.819730818271637
1,99,2.1625754833221436,2.140521764755249,2.2277579307556152,1.8209813833236694,1.9793543815612793,1.8706210851669312,1.9514890909194946,1.444176435470581,1.6816895008087158,1.4225776195526123,1.6327159404754639,1.528132438659668,2.4252963066101074,2.1089015007019043,1.668825626373291,1.557694911956787,2.737239360809326,0.7682652473449707,2.1667532920837402,2.1803646087646484,2.2557475566864014,2.019881010055542,2.1205434799194336,1.9242331981658936,1.9883710145950317,1.7074453830718994,1.874632477760315,1.4660193920135498,1.6772680282592773,1.583091378211975,2.554274320602417,2.2482120990753174,1.7674548625946045,1.662622332572937,2.949159622192383,0.5735116600990295,2.7148921489715576,1.204420566558838,1.347593069076538,-0.12928412854671478,-0.41611558198928833
1,99,2.648951768875122,2.631737470626831,2.710524082183838,2.294065237045288,2.4385428428649902,2.361363410949707,2.429316282272339,1.7609446048736572,2.1859734058380127,1.0077710151672363,1.237946629524231,1.1134707927703857,2.1875219345092773,1.823582649230957,1.3332713842391968,1.2034940719604492,2.6222875118255615,0.29075613617897034,2.7632651329040527,2.7801082134246826,2.846581220626831,2.5748398303985596,2.668160915374756,2.5202016830444336,2.5714406967163086,2.078383684158325,2.479015588760376,0.9488374590873718,1.1763972043991089,1.068660855293274,2.1934866905212402,1.8491919040679932,1.3203076124191284,1.2030086517333984,2.6963300704956055,0.13316704332828522,3.100008964538574,1.4890861511230469,1.149423599243164,-0.38016408681869507,-0.2620031535625458
1,99,2.8562443256378174,2.8314008712768555,2.9066765308380127,2.4980597496032715,2.6227545738220215,2.5391995906829834,2.6065616607666016,1.9296092987060547,2.371905565261841,1.1084634065628052,1.3579738140106201,1.245589017868042,2.5147552490234375,2.1679527759552,1.532565712928772,1.4119676351547241,3.0787513256073,0.12170671671628952,2.9740536212921143,2.988449811935425,3.0513155460357666,2.814603567123413,2.8868186473846436,2.7120652198791504,2.761976957321167,2.293893337249756,2.6846468448638916,1.1222885847091675,1.364795446395874,1.2735284566879272,2.5624008178710938,2.2380475997924805,1.570899248123169,1.464932918548584,3.1691696643829346,0.018364882096648216,3.508549928665161,1.5278781652450562,0.991599440574646,-0.5667458176612854,-0.42555707693099976
1,99,2.750762701034546,2.738393783569336,2.8123738765716553,2.463973045349121,2.577274799346924,2.4555065631866455,2.519958734512329,1.925050973892212,2.367497205734253,0.8995246887207031,1.1344048976898193,1.0251950025558472,2.2504329681396484,1.9259315729141235,1.310542106628418,1.1941418647766113,2.8074021339416504,0.04348444938659668,2.871792793273926,2.8968515396118164,2.9604172706604004,2.777818202972412,2.844444751739502,2.6319808959960938,2.6807544231414795,2.2912559509277344,2.655437469482422,0.8783676028251648,1.1086472272872925,1.0270332098007202,2.2698721885681152,1.9741309881210327,1.316097617149353,1.2181487083435059,2.8658792972564697,-0.028165919706225395,3.269055128097534,1.5530472993850708,0.796087920665741,-0.651947557926178,-0.38313814997673035
1,99,2.97965145111084,2.968693256378174,3.030705213546753,2.6423425674438477,2.74226450920105,2.6669321060180664,2.721766948699951,2.0137856006622314,2.5324931144714355,1.0806357860565186,1.327914834022522,1.2248051166534424,2.525710344314575,2.213141679763794,1.5248395204544067,1.4185808897018433,3.089489459991455,0.001897104550153017,3.122908353805542,3.1500518321990967,3.2014732360839844,2.9774632453918457,3.03293776512146,2.8641812801361084,2.9042835235595703,2.396074056625366,2.856170415878296,1.0627014636993408,1.304412841796875,1.2314850091934204,2.5351004600524902,2.2542827129364014,1.5221906900405884,1.4342741966247559,3.127747058868408,-0.03676704317331314,3.663672685623169,1.6980801820755005,0.5522416234016418,-0.6971026659011841,-0.5521644949913025
1,99,2.7396605014801025,2.7394819259643555,2.807016611099243,2.4885830879211426,2.5810821056365967,2.4464828968048096,2.5085055828094482,1.9580559730529785,2.35788631439209,1.0171512365341187,1.2537723779678345,1.1403911113739014,2.405226230621338,2.0767345428466797,1.4462897777557373,1.3312209844589233,2.9887897968292236,0.004696217365562916,2.953657865524292,2.994828939437866,3.0500993728637695,2.9037983417510986,2.9491512775421143,2.722214937210083,2.767202854156494,2.415308952331543,2.743328332901001,0.986770749092102,1.2192187309265137,1.1365103721618652,2.41377329826355,2.116544008255005,1.4381355047225952,1.3416708707809448,3.0310966968536377,-0.042185742408037186,3.369540214538574,1.5881680250167847,0.7871133089065552,-0.6502331495285034,-0.4072681963443756
1,99,2.6634576320648193,2.6491479873657227,2.7306087017059326,2.381767988204956,2.5032715797424316,2.3630897998809814,2.4349827766418457,1.8816362619400024,2.250515937805176,1.0011889934539795,1.2387070655822754,1.1145074367523193,2.3834917545318604,2.0058279037475586,1.4187390804290771,1.288253664970398,2.9084787368774414,0.022582639008760452,2.8808441162109375,2.913731575012207,2.9791312217712402,2.8221397399902344,2.8819851875305176,2.6474854946136475,2.697025775909424,2.3526618480682373,2.668099880218506,0.9782171249389648,1.2151654958724976,1.1150188446044922,2.4091389179229736,2.0571179389953613,1.4258259534835815,1.3106402158737183,2.972217559814453,-0.045534927397966385,3.2932209968566895,1.5339391231536865,0.7281724810600281,-0.6066179871559143,-0.39649897813796997
1,99,2.5473592281341553,2.549745798110962,2.625304698944092,2.371591567993164,2.4593443870544434,2.279224395751953,2.3454833030700684,1.919447660446167,2.240029811859131,0.888783872127533,1.1127301454544067,0.9815204739570618,2.210552215576172,1.816348671913147,1.2817438840866089,1.144411325454712,2.718729019165039,0.013854107819497585,2.7174081802368164,2.7614243030548096,2.8243179321289062,2.751006603240967,2.7851967811584473,2.515146017074585,2.561734914779663,2.345496654510498,2.560055732727051,0.8341387510299683,1.0622270107269287,0.9573938846588135,2.221897840499878,1.855627179145813,1.2669117450714111,1.1460543870925903,2.770615577697754,-0.0449645034968853,3.059697151184082,1.4946224689483643,0.6720598936080933,-0.6395105123519897,-0.3731391131877899
1,99,2.62522554397583,2.623239278793335,2.704371929168701,2.4048657417297363,2.5101494789123535,2.3390626907348633,2.411278486251831,1.92439866065979,2.2796080112457275,0.9780031442642212,1.2082468271255493,1.0768601894378662,2.3296189308166504,1.950931429862976,1.3903886079788208,1.2560303211212158,2.8670194149017334,-0.015217820182442665,2.7900607585906982,2.8295881748199463,2.897683620452881,2.7756762504577637,2.8278369903564453,2.5668764114379883,2.6199429035186768,2.33927321434021,2.6080808639526367,0.9234127402305603,1.1515347957611084,1.0487204790115356,2.3290297985076904,1.9795597791671753,1.3690966367721558,1.2527272701263428,2.9097890853881836,-0.08553064614534378,3.2340877056121826,1.5335434675216675,0.7046947479248047,-0.6233714818954468,-0.3943611681461334
1,99,2.6433827877044678,2.6457419395446777,2.7188475131988525,2.4202775955200195,2.521836996078491,2.368499517440796,2.430464267730713,1.9026981592178345,2.300963878631592,1.0470504760742188,1.2753217220306396,1.1580307483673096,2.386540651321411,2.0253758430480957,1.4575517177581787,1.3352999687194824,2.9053308963775635,0.004618399310857058,2.8319499492645264,2.8724870681762695,2.932161569595337,2.792093276977539,2.8436882495880127,2.613165855407715,2.6569108963012695,2.307020664215088,2.6448683738708496,0.9936549663543701,1.2178491353988647,1.1255906820297241,2.368692636489868,2.0345675945281982,1.426061749458313,1.3192267417907715,2.9230916500091553,-0.053881507366895676,3.283616065979004,1.5499699115753174,0.7545382380485535,-0.6704984903335571,-0.36807918548583984
1,99,2.7416279315948486,2.749208450317383,2.8192028999328613,2.5399329662323,2.630408763885498,2.4686310291290283,2.528032064437866,2.012769937515259,2.405963182449341,1.0964220762252808,1.3290627002716064,1.2140212059020996,2.47182035446167,2.112523078918457,1.5179455280303955,1.3967430591583252,3.006495237350464,0.009703106246888638,2.890153169631958,2.9341320991516113,2.992399215698242,2.87090802192688,2.914825916290283,2.6727328300476074,2.715578317642212,2.3859140872955322,2.7005531787872314,1.0527573823928833,1.2818247079849243,1.1932839155197144,2.465259552001953,2.134270429611206,1.4959971904754639,1.391108512878418,3.034512758255005,-0.042346350848674774,3.3971033096313477,1.571629524230957,0.7832052707672119,-0.6958722472190857,-0.39999765157699585
1,99,2.702355146408081,2.6923789978027344,2.767786741256714,2.413090467453003,2.5226874351501465,2.40413236618042,2.4738898277282715,1.885587453842163,2.294069528579712,0.8511223793029785,1.085075855255127,0.9527519941329956,2.212871551513672,1.846907615661621,1.2679989337921143,1.1393660306930542,2.7790374755859375,0.0005069394246675074,2.8733932971954346,2.9047446250915527,2.9664971828460693,2.788449764251709,2.8444762229919434,2.635761022567749,2.6869778633117676,2.3044955730438232,2.646834135055542,0.8011170625686646,1.0307912826538086,0.9297952055931091,2.2101879119873047,1.8735424280166626,1.2488985061645508,1.138134479522705,2.817945957183838,-0.06928836554288864,3.232225179672241,1.6162445545196533,0.74514240026474,-0.5286497473716736,-0.33967798948287964
1,99,2.5802810192108154,2.5988783836364746,2.6649885177612305,2.458366870880127,2.5277645587921143,2.3318660259246826,2.386545181274414,2.0104095935821533,2.3164217472076416,0.9339731335639954,1.1626005172729492,1.0393619537353516,2.2521493434906006,1.8850882053375244,1.3316993713378906,1.2040088176727295,2.746917486190796,0.04785485193133354,2.747997760772705,2.8046188354492188,2.857404947280884,2.813082456588745,2.8332602977752686,2.5599207878112793,2.595991373062134,2.4049274921417236,2.6144723892211914,0.8867259621620178,1.1141985654830933,1.0189820528030396,2.2548887729644775,1.9175420999526978,1.3148950338363647,1.2047672271728516,2.7892181873321533,-0.01303264033049345,3.0701632499694824,1.5385502576828003,0.7655186057090759,-0.6927443742752075,-0.36259496212005615
1,99,2.6739883422851562,2.6780190467834473,2.7503662109375,2.4736952781677246,2.57112193107605,2.393456220626831,2.4645988941192627,1.966591715812683,2.3460264205932617,0.9667025208473206,1.1974431276321411,1.0780253410339355,2.3370285034179688,1.9883644580841064,1.3911820650100708,1.2672055959701538,2.903111696243286,-0.0339229479432106,2.864588975906372,2.9075326919555664,2.966965436935425,2.8524694442749023,2.9024016857147217,2.64259934425354,2.6961846351623535,2.38153338432312,2.6885194778442383,0.9342350959777832,1.159833312034607,1.0659191608428955,2.3394298553466797,2.015547275543213,1.3812320232391357,1.2725155353546143,2.9403202533721924,-0.09439970552921295,3.2743165493011475,1.5908453464508057,0.6817529201507568,-0.7028108835220337,-0.38720884919166565
1,99,2.641038417816162,2.633617877960205,2.7051374912261963,2.3601391315460205,2.479665756225586,2.342557191848755,2.412590265274048,1.8536756038665771,2.233785390853882,0.9246504306793213,1.1478843688964844,1.0310064554214478,2.2641642093658447,1.9381005764007568,1.3372632265090942,1.2199578285217285,2.84853458404541,-0.02822987735271454,2.7873246669769287,2.818699598312378,2.87899112701416,2.700894355773926,2.7735817432403564,2.5454320907592773,2.5995287895202637,2.238506555557251,2.5523903369903564,0.8843261003494263,1.1043392419815063,1.0174674987792969,2.270939826965332,1.9751670360565186,1.3261353969573975,1.2271486520767212,2.893634796142578,-0.08969838917255402,3.2494916915893555,1.5656254291534424,0.6476926803588867,-0.560026228427887,-0.39415234327316284
1,99,2.7515604496002197,2.753980875015259,2.820988178253174,2.525986433029175,2.623884439468384,2.4678025245666504,2.5265262126922607,1.997450590133667,2.377647638320923,0.9809219837188721,1.207050085067749,1.107186198234558,2.3549551963806152,2.0531716346740723,1.4075120687484741,1.3016012907028198,2.9610965251922607,-0.030873145908117294,2.8841171264648438,2.921834945678711,2.9793949127197266,2.8383162021636963,2.895861864089966,2.653696060180664,2.698342800140381,2.356529474258423,2.6601474285125732,0.9491397142410278,1.1723427772521973,1.1002882719039917,2.357832431793213,2.084353446960449,1.3950361013412476,1.3062947988510132,2.9920337200164795,-0.06900276988744736,3.3723502159118652,1.55428147315979,0.6809285283088684,-0.7546424865722656,-0.41416290402412415
1,99,2.836897373199463,2.829904794692993,2.9013590812683105,2.508378744125366,2.636235475540161,2.5218799114227295,2.595594644546509,1.9210587739944458,2.3710553646087646,0.8030862808227539,1.0217243432998657,0.8928871154785156,2.1541948318481445,1.8053573369979858,1.2214949131011963,1.0970771312713623,2.7251131534576416,-0.07173130661249161,2.904008150100708,2.9385359287261963,2.998781681060791,2.7975947856903076,2.87086820602417,2.649547576904297,2.706815481185913,2.2758750915527344,2.642974376678467,0.8199498653411865,1.0379136800765991,0.9461938738822937,2.2290003299713135,1.913624882698059,1.273396611213684,1.1696009635925293,2.835584878921509,-0.12632079422473907,3.3911309242248535,1.544327974319458,0.5671048760414124,-0.6546279788017273,-0.3401530981063843
1,99,2.8344602584838867,2.8305904865264893,2.9005062580108643,2.529757261276245,2.653878688812256,2.5257861614227295,2.5921432971954346,1.961269497871399,2.393404245376587,0.7765846252441406,1.0035161972045898,0.8805861473083496,2.1425528526306152,1.824346899986267,1.1948672533035278,1.0782965421676636,2.736518383026123,-0.022067975252866745,2.912219524383545,2.9507803916931152,3.0097885131835938,2.8331406116485596,2.9059438705444336,2.6668190956115723,2.7171730995178223,2.3331503868103027,2.6693458557128906,0.7936228513717651,1.0205062627792358,0.9342009425163269,2.219214916229248,1.933640718460083,1.2488348484039307,1.1531847715377808,2.8487954139709473,-0.07969557493925095,3.329801082611084,1.6601258516311646,0.5934067368507385,-0.5723346471786499,-0.3705555200576782
1,99,2.6954262256622314,2.698671340942383,2.7638754844665527,2.457038402557373,2.5596559047698975,2.4154088497161865,2.4775230884552,1.9144444465637207,2.3346757888793945,0.6591383814811707,0.8748092651367188,0.7437398433685303,1.94974946975708,1.590109944343567,1.0445150136947632,0.9163193106651306,2.472724676132202,-0.006240865681320429,2.7912466526031494,2.8352763652801514,2.8877100944519043,2.7648096084594727,2.8116283416748047,2.5730574131011963,2.616588592529297,2.279195547103882,2.6042535305023193,0.638593852519989,0.8596863150596619,0.762688934803009,2.000779390335083,1.6725271940231323,1.0699049234390259,0.9617679119110107,2.5602521896362305,-0.060370419174432755,3.0777041912078857,1.5224764347076416,0.5883161425590515,-0.6824859976768494,-0.2990523874759674
1,99,2.772791862487793,2.769228458404541,2.8392140865325928,2.503938674926758,2.621734857559204,2.4791100025177,2.54546856880188,1.9548848867416382,2.3775768280029297,0.6714869141578674,0.8856152296066284,0.7520831227302551,1.9735461473464966,1.6341484785079956,1.0543477535247803,0.9283498525619507,2.536342144012451,-0.019381651654839516,2.867372512817383,2.9056146144866943,2.9645707607269287,2.818110227584839,2.8841001987457275,2.6365370750427246,2.6862399578094482,2.3320233821868896,2.655673027038574,0.6308336853981018,0.8532707095146179,0.7529699206352234,2.0158181190490723,1.7076163291931152,1.067583441734314,0.9618310928344727,2.6193737983703613,-0.08220507204532623,3.1746420860290527,1.6513307094573975,0.5994593501091003,-0.5894278883934021,-0.2995447814464569
1,99,2.8977577686309814,2.873713970184326,2.940075159072876,2.4343647956848145,2.5786798000335693,2.552412271499634,2.6255671977996826,1.8092111349105835,2.28467059135437,0.77654629945755,0.9960552453994751,0.8718104362487793,2.1560678482055664,1.8170197010040283,1.2085524797439575,1.0906765460968018,2.7852208614349365,-0.05841952934861183,2.9321181774139404,2.9460253715515137,3.0022401809692383,2.6771397590637207,2.769460439682007,2.6394996643066406,2.6983087062835693,2.118379831314087,2.5451819896698,0.7686707973480225,0.9847676157951355,0.8964390158653259,2.1983144283294678,1.8905562162399292,1.2324856519699097,1.1341161727905273,2.8625237941741943,-0.11600511521100998,3.4629933834075928,1.605688452720642,0.5601134896278381,-0.5516916513442993,-0.3461741805076599
1,99,2.743943691253662,2.7404141426086426,2.8040337562561035,2.4601025581359863,2.565079927444458,2.4459385871887207,2.506122350692749,1.9087648391723633,2.3344216346740723,1.0348840951919556,1.2630057334899902,1.1601686477661133,2.4123053550720215,2.0901060104370117,1.4602316617965698,1.3501383066177368,2.9941227436065674,0.0063539971597492695,2.9161078929901123,2.950468063354492,3.0020968914031982,2.818962574005127,2.8765525817871094,2.6730294227600098,2.7166428565979004,2.3043673038482666,2.6786532402038574,0.9914528727531433,1.2171918153762817,1.1400048732757568,2.4029364585876465,2.1083617210388184,1.4362235069274902,1.3419605493545532,3.013749122619629,-0.03422260656952858,3.397789239883423,1.5758695602416992,0.6990916728973389,-0.7019913196563721,-0.4185914695262909
1,99,2.7732088565826416,2.7603447437286377,2.8263752460479736,2.4104459285736084,2.531216621398926,2.4552838802337646,2.527714729309082,1.831296682357788,2.2862863540649414,0.9323748350143433,1.1594599485397339,1.0444977283477783,2.2991204261779785,1.9578286409378052,1.3558673858642578,1.2360820770263672,2.8831443786621094,-0.020401325076818466,2.8692667484283447,2.891587972640991,2.946948289871216,2.6870005130767822,2.7607340812683105,2.600109338760376,2.6577272415161133,2.153808355331421,2.5626003742218018,0.916187047958374,1.140122413635254,1.0552810430526733,2.32206130027771,2.0099000930786133,1.3619054555892944,1.259724736213684,2.9367716312408447,-0.06429622322320938,3.402646780014038,1.5965921878814697,0.6626049280166626,-0.5918957591056824,-0.39792385697364807
1,99,2.7212698459625244,2.7231955528259277,2.784372568130493,2.4450857639312744,2.5435950756073,2.428175687789917,2.488816261291504,1.8984287977218628,2.3167662620544434,0.88456130027771,1.1083718538284302,0.9888975024223328,2.2203495502471924,1.8820970058441162,1.2947062253952026,1.175840973854065,2.780299186706543,-0.0012224775273352861,2.841280937194824,2.8817832469940186,2.9308061599731445,2.760908365249634,2.8094539642333984,2.604877233505249,2.6487667560577393,2.2635045051574707,2.6123688220977783,0.8421618938446045,1.0658864974975586,0.976519763469696,2.2268879413604736,1.9196070432662964,1.2813422679901123,1.180434226989746,2.8212318420410156,-0.04834950715303421,3.2733888626098633,1.529469609260559,0.7079204320907593,-0.6555913686752319,-0.35885483026504517
1,99,2.6338860988616943,2.631431818008423,2.7050983905792236,2.408121109008789,2.5065035820007324,2.355212450027466,2.4174036979675293,1.8967915773391724,2.2989253997802734,0.9207044243812561,1.1532328128814697,1.0330610275268555,2.273890733718872,1.8959020376205444,1.3290932178497314,1.1990002393722534,2.792833089828491,0.03084956854581833,2.8298182487487793,2.86771821975708,2.927694320678711,2.799387216567993,2.844472885131836,2.611370086669922,2.653646945953369,2.3228421211242676,2.654327869415283,0.8788468241691589,1.1096707582473755,1.0160554647445679,2.2781989574432373,1.9281938076019287,1.3162790536880493,1.2033885717391968,2.8360044956207275,-0.0328528955578804,3.1636643409729004,1.5565446615219116,0.7410014271736145,-0.6559215784072876,-0.382719486951828
1,99,2.5719079971313477,2.5776524543762207,2.6493327617645264,2.408608913421631,2.5016610622406006,2.311051368713379,2.3714663982391357,1.9253865480422974,2.2689623832702637,0.7328168153762817,0.9523746967315674,0.8231712579727173,2.014028310775757,1.6692124605178833,1.1086021661758423,0.9830461740493774,2.527458906173706,0.02025897055864334,2.7110626697540283,2.759549140930176,2.818601608276367,2.7641382217407227,2.8049211502075195,2.516998767852783,2.5589499473571777,2.3351850509643555,2.559372663497925,0.7127136588096619,0.9377090334892273,0.8386658430099487,2.067098617553711,1.7518165111541748,1.1353604793548584,1.0286861658096313,2.621762752532959,-0.04946654662489891,2.9704995155334473,1.616571068763733,0.6691033244132996,-0.5613592267036438,-0.3267802596092224
1,99,2.701310396194458,2.6945552825927734,2.760143995285034,2.367473840713501,2.484935760498047,2.392475128173828,2.461217164993286,1.814244270324707,2.2495481967926025,0.8551847338676453,1.075143814086914,0.950289249420166,2.172623872756958,1.8349944353103638,1.2583147287368774,1.1370800733566284,2.7558631896972656,-0.0077715907245874405,2.8050577640533447,2.832005262374878,2.8863561153411865,2.6405346393585205,2.7126379013061523,2.5427544116973877,2.5967490673065186,2.1257450580596924,2.5218300819396973,0.7654041051864624,0.9828857779502869,0.891788125038147,2.1359786987304688,1.832040786743164,1.2021362781524658,1.100540280342102,2.7637596130371094,-0.07139050960540771,3.2559382915496826,1.4917771816253662,0.6889152526855469,-0.6664952039718628,-0.35135599970817566
1,99,2.770230293273926,2.778140068054199,2.844480037689209,2.56208872795105,2.662478446960449,2.4884912967681885,2.5491394996643066,2.034344434738159,2.400759696960449,0.5891292691230774,0.8020607233047485,0.6679376363754272,1.9058010578155518,1.6099116802215576,0.9856799840927124,0.8728818893432617,2.5165090560913086,-0.050350479781627655,2.875321626663208,2.924699306488037,2.9803035259246826,2.8829543590545654,2.937695026397705,2.6580138206481934,2.7038168907165527,2.4195406436920166,2.674342632293701,0.522253155708313,0.7449328303337097,0.6571973562240601,1.9237370491027832,1.6666849851608276,0.9721586108207703,0.8836237192153931,2.5690793991088867,-0.08724338561296463,3.1389732360839844,1.6663655042648315,0.5567739009857178,-0.649395227432251,-0.2797473669052124
1,99,2.8321750164031982,2.8336007595062256,2.8987624645233154,2.561434268951416,2.6636929512023926,2.5379912853240967,2.599647283554077,1.9865950345993042,2.4201009273529053,0.6749745607376099,0.9017631411552429,0.774725079536438,2.007495403289795,1.7080038785934448,1.0836758613586426,0.9697346687316895,2.5886285305023193,0.005689488258212805,2.9243502616882324,2.965914249420166,3.0197315216064453,2.8654985427856445,2.9201414585113525,2.691368579864502,2.737626075744629,2.3553898334503174,2.696218252182007,0.660397469997406,0.8868459463119507,0.805029571056366,2.0560302734375,1.7941322326660156,1.107934594154358,1.0190742015838623,2.672316789627075,-0.044160395860672,3.2287673950195312,1.5768516063690186,0.4745963513851166,-0.7148004770278931,-0.34975478053092957
1,99,2.727207899093628,2.7146918773651123,2.7909348011016846,2.4099678993225098,2.529292583465576,2.426434278488159,2.492292881011963,1.84907066822052,2.28251576423645,0.753064751625061,0.9854276180267334,0.8520349860191345,2.0816848278045654,1.7093329429626465,1.1479536294937134,1.016545295715332,2.586733102798462,0.05393867567181587,2.853097438812256,2.8834590911865234,2.944244623184204,2.749323606491089,2.8064305782318115,2.612372398376465,2.657214879989624,2.231236219406128,2.611375570297241,0.738095223903656,0.9706108570098877,0.8745899200439453,2.130706787109375,1.7925766706466675,1.1735550165176392,1.064061164855957,2.677281379699707,-0.014239455573260784,3.1599526405334473,1.543593168258667,0.7055202722549438,-0.6593618392944336,-0.2992425560951233
1,99,2.560105323791504,2.560715675354004,2.625612497329712,2.371129274368286,2.447537899017334,2.295058012008667,2.347656488418579,1.9131842851638794,2.2208027839660645,0.8657655119895935,1.1095026731491089,0.9779223203659058,2.185940742492676,1.8348183631896973,1.2455520629882812,1.1180524826049805,2.701352834701538,0.16064618527889252,2.8099944591522217,2.854362964630127,2.9028189182281494,2.819805860519409,2.843985080718994,2.6089842319488525,2.64068865776062,2.389101505279541,2.63179874420166,0.815073549747467,1.0605767965316772,0.9567413330078125,2.196662187576294,1.8734443187713623,1.2335026264190674,1.1232918500900269,2.7554118633270264,0.0786922425031662,2.9592368602752686,1.4779739379882812,0.8853905200958252,-0.6422423720359802,-0.3512071967124939
1,99,2.517709255218506,2.463463306427002,2.54048490524292,2.0327188968658447,2.1932156085968018,2.1989784240722656,2.280768871307373,1.5547953844070435,1.8946528434753418,0.8825882077217102,1.1021544933319092,0.9566214084625244,2.0496068000793457,1.6328638792037964,1.193352460861206,1.0505231618881226,2.4685232639312744,0.25112587213516235,2.5354466438293457,2.5175130367279053,2.582937479019165,2.2486300468444824,2.346226930618286,2.2631523609161377,2.327916383743286,1.8284270763397217,2.1298274993896484,0.857846736907959,1.0901025533676147,0.9654600620269775,2.1108152866363525,1.7157381772994995,1.217280387878418,1.0850279331207275,2.5726897716522217,0.1880858838558197,2.9695489406585693,1.3245846033096313,0.931039571762085,-0.2821556627750397,-0.309853196144104
1,99,2.5155386924743652,2.4822070598602295,2.5605926513671875,2.1574032306671143,2.283435106277466,2.204042911529541,2.282738208770752,1.7330187559127808,2.006049394607544,1.0909614562988281,1.3311601877212524,1.1910508871078491,2.2917585372924805,1.908373236656189,1.3982752561569214,1.262566328048706,2.6972475051879883,0.43368983268737793,2.5642898082733154,2.5732040405273438,2.637147903442383,2.423570394515991,2.4870810508728027,2.3087127208709717,2.3683722019195557,2.0575180053710938,2.2608249187469482,1.1045371294021606,1.3547229766845703,1.2355144023895264,2.367231607437134,2.0057528018951416,1.440171241760254,1.3157758712768555,2.7960941791534424,0.4410698711872101,2.963432788848877,1.3753132820129395,0.9772257208824158,-0.35343092679977417,-0.43356966972351074
1,99,2.7136521339416504,2.6815431118011475,2.7546026706695557,2.313810110092163,2.440505027770996,2.378877639770508,2.453470230102539,1.8300539255142212,2.1771602630615234,1.36697256565094,1.6292089223861694,1.500864863395691,2.6686248779296875,2.3302414417266846,1.713079810142517,1.5904301404953003,3.1065428256988525,0.5184823274612427,2.7851693630218506,2.7978599071502686,2.8574776649475098,2.6143972873687744,2.6845669746398926,2.5097239017486572,2.567087173461914,2.1943359375,2.472322940826416,1.4348081350326538,1.701465368270874,1.5954334735870361,2.786710500717163,2.472018003463745,1.8032671213150024,1.6937118768692017,3.2472424507141113,0.5328139662742615,3.3256990909576416,1.464255928993225,0.9580235481262207,-0.4254724979400635,-0.5466128587722778
1,99,1.4606685638427734,1.4323806762695312,1.5705643892288208,1.535121202468872,1.6174018383026123,1.2040932178497314,1.317331075668335,1.6756457090377808,1.0251977443695068,2.1920149326324463,2.448759078979492,2.3289315700531006,3.5955724716186523,3.2370779514312744,2.604487657546997,2.4757559299468994,3.991978168487549,0.4722665846347809,1.5532714128494263,1.5830951929092407,1.7066971063613892,1.8869478702545166,1.9201602935791016,1.3990305662155151,1.4849834442138672,2.0205204486846924,1.221592903137207,2.362398862838745,2.6149826049804688,2.5146446228027344,3.791858196258545,3.453909158706665,2.7864696979522705,2.6695563793182373,4.21481990814209,0.45535239577293396,3.113924503326416,1.0063624382019043,0.9164136648178101,-0.45641663670539856,-0.7374013662338257
1,99,1.0397186279296875,1.0634922981262207,1.1915984153747559,1.6474192142486572,1.5894274711608887,0.9627096056938171,1.036466360092163,1.995864748954773,0.7421748638153076,1.1806550025939941,1.4397869110107422,1.3040357828140259,2.5364012718200684,2.160072088241577,1.5545527935028076,1.413370966911316,2.9584543704986572,0.34568312764167786,0.8884195685386658,0.9717021584510803,1.0722094774246216,1.7490803003311157,1.626052975654602,0.9215549230575562,0.9581574201583862,2.13592267036438,0.6801174283027649,1.1614854335784912,1.4245692491531372,1.3105381727218628,2.581967830657959,2.2279269695281982,1.5704623460769653,1.442029356956482,3.043576955795288,0.2873201072216034,1.7778011560440063,1.088960886001587,0.9118675589561462,-0.2671591639518738,-0.538912296295166
1,99,0.836205780506134,0.737764298915863,0.9168208241462708,1.1404483318328857,1.0553561449050903,0.6091417670249939,0.7509313821792603,1.6181237697601318,0.3655834197998047,0.6211081743240356,0.7648381590843201,0.5980249643325806,1.5795859098434448,1.0649223327636719,0.7747642993927002,0.5930147171020508,1.988342046737671,0.18861539661884308,0.5620176196098328,0.489248663187027,0.6585094928741455,1.2007769346237183,0.9905879497528076,0.4352579116821289,0.5355461239814758,1.7376254796981812,0.2411489337682724,0.4047318994998932,0.5826445817947388,0.4095623195171356,1.5570067167282104,1.0616662502288818,0.6695919632911682,0.48348063230514526,2.042510747909546,0.09257309138774872,1.292805790901184,1.0266283750534058,0.8375836610794067,0.12402135133743286,-0.08023320138454437
1,99,1.130056381225586,1.2643054723739624,1.3343108892440796,2.35756516456604,2.245027780532837,1.454960823059082,1.4572397470474243,3.0170295238494873,0.23598450422286987,0.9291908740997314,1.1579855680465698,1.0263302326202393,2.282992362976074,1.9685903787612915,1.3462635278701782,1.2176249027252197,2.8941006660461426,0.05095000937581062,1.1304019689559937,1.2877622842788696,1.319467544555664,2.450376510620117,2.2955501079559326,1.5203971862792969,1.4953690767288208,3.141392946243286,0.07727721333503723,0.8443199396133423,1.0673271417617798,0.9620547890663147,2.2406349182128906,1.954124927520752,1.2905733585357666,1.179351568222046,2.895813226699829,-0.018389932811260223,1.202116847038269,1.1427685022354126,0.8694398999214172,-0.3925110399723053,-0.40749800205230713
1,99,1.1374218463897705,1.305071473121643,1.356497883796692,2.5098862648010254,2.3635456562042236,1.5041899681091309,1.49260675907135,3.1529781818389893,0.14775227010250092,0.8853248953819275,1.136117696762085,1.0110597610473633,2.366896867752075,2.054987907409668,1.3456742763519287,1.2200719118118286,2.9930107593536377,-0.06523507088422775,1.190093994140625,1.380904197692871,1.3965461254119873,2.6402993202209473,2.4565303325653076,1.6151410341262817,1.5772807598114014,3.3101909160614014,-0.0040212529711425304,0.8621276021003723,1.1076749563217163,1.0130892992019653,2.3759729862213135,2.090245246887207,1.340451955795288,1.2327736616134644,3.028158664703369,-0.09360440075397491,1.0826786756515503,0.9643560647964478,0.6549898386001587,-0.5987770557403564,-0.4660186171531677
1,99,0.8121275305747986,0.9855058193206787,1.0384421348571777,2.1974849700927734,2.022303581237793,1.1546984910964966,1.1441751718521118,2.7764456272125244,0.12260346859693527,0.455296128988266,0.6700494885444641,0.49913913011550903,1.8302477598190308,1.4765514135360718,0.8187879323959351,0.672260046005249,2.3929951190948486,-0.06792490184307098,0.8398844599723816,1.053975224494934,1.0623716115951538,2.3330864906311035,2.1147868633270264,1.2601388692855835,1.2164303064346313,2.932182788848877,-0.0010177606018260121,0.33950692415237427,0.5869566202163696,0.45384353399276733,1.8314199447631836,1.5101693868637085,0.7772119045257568,0.653876006603241,2.422529697418213,-0.08019279688596725,1.0488625764846802,1.0121484994888306,0.6146955490112305,-0.40827226638793945,-0.2769925892353058
1,99,0.5946800112724304,0.7296037673950195,0.8065884709358215,1.848380208015442,1.7159157991409302,0.8825809359550476,0.8935878872871399,2.3743691444396973,0.05724913999438286,0.4996243715286255,0.4978751540184021,0.32291674613952637,1.313024640083313,0.9836274981498718,0.5410469770431519,0.41323572397232056,1.8348747491836548,-0.10617150366306305,0.5358417630195618,0.7344020009040833,0.7505449652671814,1.935135006904602,1.7517521381378174,0.9326500296592712,0.9012829065322876,2.4838385581970215,-0.06568282097578049,0.389662504196167,0.33499929308891296,0.1725635528564453,1.2442150115966797,0.9497418999671936,0.41294968128204346,0.30677711963653564,1.8048452138900757,-0.11692223697900772,1.0922539234161377,0.8385800123214722,0.615871250629425,-0.4613783061504364,0.0033538478892296553
1,99,0.9873508810997009,1.194132685661316,1.235399842262268,2.4024341106414795,2.2733702659606934,1.361802101135254,1.3507306575775146,2.9281013011932373,0.03278573229908943,0.5245580077171326,0.7149732112884521,0.5516575574874878,1.8161388635635376,1.5174776315689087,0.8581991791725159,0.7281559705734253,2.3258581161499023,-0.1265144646167755,1.0036590099334717,1.2406764030456543,1.2400707006454468,2.495162010192871,2.32342791557312,1.4309965372085571,1.3907784223556519,3.0311901569366455,-0.06603424996137619,0.3795301914215088,0.5883949995040894,0.45194435119628906,1.7689933776855469,1.5010794401168823,0.7725294828414917,0.6630361080169678,2.3127760887145996,-0.1487823873758316,1.1970616579055786,0.8067126274108887,0.48755332827568054,-0.577750563621521,-0.2503512501716614
1,99,1.1001862287521362,1.3020415306091309,1.333289384841919,2.500930070877075,2.360966444015503,1.4829562902450562,1.4625393152236938,3.0363848209381104,-0.011507214978337288,0.8340140581130981,1.0720182657241821,0.9403208494186401,2.230302095413208,1.9293060302734375,1.2435156106948853,1.1234983205795288,2.7237067222595215,-0.13744981586933136,1.1263453960418701,1.3495734930038452,1.3433605432510376,2.5889816284179688,2.4081170558929443,1.554561734199524,1.508907675743103,3.136660575866699,-0.12179527431726456,0.7351447939872742,0.9747342467308044,0.867690920829773,2.180349111557007,1.9057620763778687,1.1750106811523438,1.0709781646728516,2.7084670066833496,-0.17891040444374084,1.1107711791992188,0.7068299055099487,0.64795982837677,-0.5512100458145142,-0.36411529779434204
1,99,1.0397148132324219,1.2296578884124756,1.2682814598083496,2.4103128910064697,2.2639455795288086,1.4094696044921875,1.3883799314498901,2.9544601440429688,-0.02518722414970398,0.73133784532547,0.952923059463501,0.8108670711517334,2.0779013633728027,1.7627956867218018,1.119380235671997,0.9940321445465088,2.5867927074432373,-0.16355828940868378,1.0437806844711304,1.257606863975525,1.2586909532546997,2.480027675628662,2.2933242321014404,1.4599453210830688,1.4138953685760498,3.036102056503296,-0.12467119097709656,0.6025001406669617,0.8282060623168945,0.7112408876419067,2.0076680183410645,1.7197074890136719,1.026195764541626,0.9165082573890686,2.5507287979125977,-0.19287875294685364,1.1355080604553223,0.6952536702156067,0.6431589126586914,-0.5316027402877808,-0.32077649235725403
1,99,0.6761964559555054,0.8174180388450623,0.900348961353302,1.9297229051589966,1.8382251262664795,0.9860281348228455,1.001761555671692,2.494499444961548,-0.0034146944526582956,0.5209023356437683,0.6159061789512634,0.41983506083488464,1.521523356437683,1.2209453582763672,0.7264150381088257,0.5947351455688477,2.054640531539917,-0.16749556362628937,0.6114866733551025,0.8065555095672607,0.8303582668304443,1.986639142036438,1.8426306247711182,1.0079686641693115,0.9842165112495422,2.5623555183410645,-0.09525652229785919,0.3575778305530548,0.43329495191574097,0.24486473202705383,1.4389054775238037,1.1756739616394043,0.5958207845687866,0.4861782491207123,2.0161752700805664,-0.18574488162994385,1.122585654258728,0.6925445199012756,0.5745959877967834,-0.4222603142261505,-0.11335981637239456
1,99,0.4462611675262451,0.5157253742218018,0.6355054378509521,1.6000796556472778,1.5256319046020508,0.6785545945167542,0.7206186652183533,2.1871306896209717,-0.01885071024298668,0.7975155115127563,0.6758655905723572,0.5577943921089172,1.024851679801941,0.6913488507270813,0.640353262424469,0.5642690062522888,1.5708633661270142,-0.15834441781044006,0.29020625352859497,0.4522678554058075,0.499845027923584,1.6347944736480713,1.5025941133499146,0.6627674102783203,0.6551791429519653,2.2291653156280518,-0.09152363985776901,0.7436317205429077,0.567424476146698,0.49547067284584045,0.8980200886726379,0.6061187386512756,0.5279428362846375,0.4897570312023163,1.5050793886184692,-0.16442768275737762,1.1806086301803589,0.6700202822685242,0.5159851908683777,-0.30124685168266296,0.1920497566461563
1,99,0.5139667987823486,0.5869730710983276,0.6956943869590759,1.6708095073699951,1.572135090827942,0.7438558340072632,0.7820332050323486,2.2118539810180664,-0.04004896059632301,0.9099552631378174,0.7468419075012207,0.6596135497093201,0.9653629064559937,0.5951557159423828,0.7206574082374573,0.6692631244659424,1.4974606037139893,-0.20524071156978607,0.35766124725341797,0.5063062310218811,0.5552266240119934,1.6953277587890625,1.5406696796417236,0.7157731056213379,0.7085877656936646,2.2491488456726074,-0.12006274610757828,0.8877947330474854,0.6753900051116943,0.631566047668457,0.81678706407547,0.4779784381389618,0.643454909324646,0.6299386620521545,1.4158601760864258,-0.21092717349529266,1.3321788311004639,0.6735900044441223,0.29064157605171204,-0.394127756357193,0.27026426792144775
1,99,0.8447062969207764,1.0374877452850342,1.0819669961929321,2.2213447093963623,2.0965611934661865,1.2109798192977905,1.2033978700637817,2.720695734024048,-0.049609821289777756,0.5365787744522095,0.6156058311462402,0.44014859199523926,1.5962775945663452,1.2926455736160278,0.7612308859825134,0.6385951638221741,2.0977656841278076,-0.23426352441310883,0.8390085101127625,1.0621533393859863,1.0658997297286987,2.290557622909546,2.1260604858398438,1.2585490942001343,1.2230945825576782,2.800114393234253,-0.13721229135990143,0.4017319977283478,0.45554548501968384,0.28644999861717224,1.5142680406570435,1.2394691705703735,0.6450308561325073,0.5405871868133545,2.0496721267700195,-0.2449096143245697,1.2231501340866089,0.6350860595703125,0.47539252042770386,-0.5604644417762756,-0.0727192834019661
1,99,1.2351315021514893,1.4480504989624023,1.4703360795974731,2.6768994331359863,2.5307161808013916,1.6343090534210205,1.6080098152160645,3.20542573928833,-0.04838128760457039,0.8557649850845337,1.087586760520935,0.9662951231002808,2.268725872039795,1.9764665365219116,1.271682620048523,1.154371738433838,2.776975631713867,-0.19413410127162933,1.2904144525527954,1.5242583751678467,1.5167911052703857,2.785773277282715,2.6058459281921387,1.723596215248108,1.6759814023971558,3.317612886428833,-0.1129051074385643,0.7688856720924377,1.0061286687850952,0.9097084403038025,2.238307476043701,1.97236168384552,1.2167091369628906,1.1153028011322021,2.775505542755127,-0.22247201204299927,1.1777793169021606,0.5817047357559204,0.5664987564086914,-0.6801729202270508,-0.3827279508113861
1,99,1.213133692741394,1.427832841873169,1.4536672830581665,2.6568198204040527,2.514270782470703,1.6090143918991089,1.587090015411377,3.1758389472961426,-0.00410592183470726,0.6860051155090332,0.8982154130935669,0.7633280754089355,2.0554916858673096,1.760432243347168,1.0786242485046387,0.957394540309906,2.570996046066284,-0.1989770233631134,1.2708840370178223,1.5069907903671265,1.501266598701477,2.7715728282928467,2.5936739444732666,1.7042804956436157,1.6595077514648438,3.2974326610565186,-0.08685466647148132,0.5841439366340637,0.8070299625396729,0.6978244185447693,2.0258607864379883,1.7574471235275269,1.0196595191955566,0.9158293008804321,2.570517063140869,-0.2214653193950653,1.2553788423538208,0.7137678861618042,0.5256621837615967,-0.5591632723808289,-0.29851117730140686
1,99,0.6640255451202393,0.8020178079605103,0.8733363151550293,1.9301578998565674,1.8208389282226562,0.9785606265068054,0.9899855852127075,2.5039827823638916,-0.023586412891745567,0.6787192821502686,0.5959383845329285,0.46163177490234375,1.1906307935714722,0.8617205023765564,0.6373400092124939,0.5294448733329773,1.7650556564331055,-0.19971774518489838,0.5892167687416077,0.7845289707183838,0.8049564361572266,1.9834046363830566,1.826423168182373,0.98997962474823,0.9626123309135437,2.563478946685791,-0.08700529485940933,0.5778670907020569,0.432306170463562,0.33167415857315063,1.0857757329940796,0.7962386012077332,0.4900057017803192,0.41037529706954956,1.7074702978134155,-0.19386076927185059,1.3235387802124023,0.70658940076828,0.4927827715873718,-0.38774755597114563,0.06638415902853012
1,99,0.5162267088890076,0.4058116674423218,0.5806061029434204,1.283104658126831,1.2376856803894043,0.502768337726593,0.6015376448631287,1.8583507537841797,-6.822974683018401e-05,1.2543774843215942,1.0631144046783447,1.01692533493042,0.673457682132721,0.3021393418312073,0.9655735492706299,0.9477711915969849,1.1755167245864868,-0.17491230368614197,0.3092273473739624,0.17348843812942505,0.33726590871810913,1.2608318328857422,1.1446305513381958,0.3828630745410919,0.43105918169021606,1.8546286821365356,-0.07696473598480225,1.2738717794418335,1.0522962808609009,1.0421165227890015,0.4687601327896118,0.10707137733697891,0.9439616799354553,0.9591838121414185,1.0622469186782837,-0.15820327401161194,1.3560128211975098,0.6552147269248962,0.45891955494880676,-0.23097629845142365,0.4629562795162201
1,99,1.02143132686615,0.7728815674781799,0.9042929410934448,0.6346532106399536,0.7433743476867676,0.662401556968689,0.7990052700042725,1.3126784563064575,0.04464093968272209,1.870854377746582,1.6517410278320312,1.64243745803833,0.7160264253616333,0.6416437029838562,1.5225648880004883,1.5424225330352783,0.9682290554046631,-0.1444120854139328,0.9709131121635437,0.7107130885124207,0.8069378137588501,0.5129899978637695,0.5296232104301453,0.5964004397392273,0.706412136554718,1.2535401582717896,-0.021953394636511803,1.9490233659744263,1.7134917974472046,1.7261053323745728,0.6467857360839844,0.6979902982711792,1.580134391784668,1.6202020645141602,0.8892973065376282,-0.1334005743265152,1.3159281015396118,0.7166484594345093,0.23764781653881073,0.1740596443414688,0.6537492871284485
1,99,0.53175950050354,0.4083191752433777,0.5875878930091858,1.2481499910354614,1.2375667095184326,0.48069578409194946,0.5951963663101196,1.8839071989059448,0.021954558789730072,1.7410000562667847,1.5234653949737549,1.5030142068862915,0.6392229795455933,0.47960489988327026,1.3935108184814453,1.4020458459854126,1.0085914134979248,-0.17811545729637146,0.3222133219242096,0.16118170320987701,0.3360835611820221,1.2266050577163696,1.1414579153060913,0.34218841791152954,0.41181451082229614,1.880729079246521,-0.05118400976061821,1.7831043004989624,1.5504037141799927,1.5509865283966064,0.5369364619255066,0.4942992925643921,1.4164814949035645,1.443878173828125,0.9326568841934204,-0.16730958223342896,1.7164555788040161,0.6783653497695923,0.22525988519191742,-0.18148165941238403,0.6108682155609131
1,99,0.7729476094245911,0.9502862691879272,1.0044269561767578,2.10221266746521,1.9981205463409424,1.1148754358291626,1.1172038316726685,2.634585380554199,0.026232896372675896,0.5550953149795532,0.5619117021560669,0.3958207070827484,1.3948533535003662,1.0899583101272583,0.6518022418022156,0.5266345739364624,1.9315110445022583,-0.17605681717395782,0.7308938503265381,0.9488681554794312,0.960306704044342,2.157622814178467,2.010200023651123,1.1400569677352905,1.1107110977172852,2.70062518119812,-0.05768251419067383,0.43022337555885315,0.38888153433799744,0.22542284429073334,1.3110637664794922,1.0404078960418701,0.5219040513038635,0.41634517908096313,1.889132022857666,-0.1864231675863266,1.2875723838806152,0.6271846890449524,0.26825225353240967,-0.5653936862945557,-0.0414089672267437
1,99,0.7819648385047913,0.9369627237319946,1.0079827308654785,2.108776330947876,2.0179860591888428,1.1182178258895874,1.1332534551620483,2.6917812824249268,0.02155924402177334,0.466215044260025,0.591111958026886,0.42290762066841125,1.6643657684326172,1.3920369148254395,0.7702672481536865,0.6531102061271667,2.2574172019958496,-0.1895395964384079,0.7613083720207214,0.9665985703468323,0.9892295002937317,2.210381031036377,2.074181318283081,1.1803892850875854,1.1607770919799805,2.804293632507324,-0.05828046426177025,0.31917494535446167,0.4614602327346802,0.3219526708126068,1.6339699029922485,1.3951832056045532,0.6912033557891846,0.5975721478462219,2.2541792392730713,-0.19447223842144012,1.1220910549163818,0.7061117887496948,0.37367889285087585,-0.4801625907421112,-0.24434110522270203
1,99,0.570832371711731,0.6486696600914001,0.7556508779525757,1.7270950078964233,1.6671142578125,0.8115388751029968,0.8522476553916931,2.341923952102661,0.006896865554153919,0.6230273246765137,0.5561304092407227,0.41157758235931396,1.2300900220870972,0.9437934756278992,0.6073929071426392,0.5075903534889221,1.8494641780853271,-0.18830914795398712,0.4572976231575012,0.6168017983436584,0.6689765453338623,1.8048063516616821,1.6942991018295288,0.8278804421424866,0.827055811882019,2.4314942359924316,-0.0626886636018753,0.5006805658340454,0.3747866451740265,0.25547757744789124,1.1512236595153809,0.9082514047622681,0.4587610363960266,0.3852401077747345,1.8126240968704224,-0.18317636847496033,1.1643530130386353,0.6888695955276489,0.3056638538837433,-0.3720475435256958,-0.06527838110923767
1,99,0.6466490030288696,0.7630282640457153,0.8587139844894409,1.8842599391937256,1.81808602809906,0.936696469783783,0.9674977660179138,2.482102632522583,-0.005764401983469725,0.7864181995391846,0.6547043919563293,0.5411111116409302,1.0602538585662842,0.7480007410049438,0.6521931290626526,0.5760189294815063,1.6682689189910889,-0.20533432066440582,0.5492315888404846,0.7307636141777039,0.7746025919914246,1.936203122138977,1.8222235441207886,0.9398757219314575,0.9331192970275879,2.54258131980896,-0.07203064858913422,0.7141717076301575,0.5251303911209106,0.4587709605693817,0.9444997310638428,0.6796178221702576,0.5214605927467346,0.48267441987991333,1.606912612915039,-0.1964820772409439,1.3978413343429565,0.6114583015441895,0.2735891044139862,-0.4882664382457733,0.0703807845711708
1,99,0.5993355512619019,0.450117826461792,0.6265891790390015,1.2403738498687744,1.2102717161178589,0.48783621191978455,0.6075806021690369,1.8322088718414307,0.02848890982568264,1.2504327297210693,1.0467755794525146,1.0051724910736084,0.6979345679283142,0.3178234100341797,0.9508242011070251,0.9349194765090942,1.2460706233978271,-0.15211240947246552,0.3998939096927643,0.21519984304904938,0.3905060291290283,1.21825110912323,1.1167423725128174,0.32866907119750977,0.41438132524490356,1.8284505605697632,-0.030505426228046417,1.2682548761367798,1.032814860343933,1.0260095596313477,0.5013318657875061,0.1290755718946457,0.9286057949066162,0.9454101920127869,1.1464825868606567,-0.15149575471878052,1.3080744743347168,0.7185370326042175,0.29296034574508667,-0.08835207670927048,0.4814304709434509
1,99,0.49740463495254517,0.5072903633117676,0.6471003293991089,1.5372077226638794,1.4627702236175537,0.6380630135536194,0.7052732706069946,2.076652765274048,-0.004001289140433073,1.3272632360458374,1.110063910484314,1.071838140487671,0.6788005828857422,0.3033753037452698,1.029557704925537,1.0236752033233643,1.1996711492538452,-0.22263935208320618,0.2926842272281647,0.3763221204280853,0.46341827511787415,1.5470736026763916,1.4126970767974854,0.5768600702285767,0.5947539806365967,2.1015872955322266,-0.08489995449781418,1.3445762395858765,1.0980974435806274,1.0939691066741943,0.48449236154556274,0.14235715568065643,1.0118954181671143,1.0365279912948608,1.1063133478164673,-0.21916410326957703,1.581167221069336,0.7266795039176941,0.24312631785869598,-0.20954906940460205,0.5088000297546387
1,99,0.4433773159980774,0.47800642251968384,0.5971711277961731,1.5183954238891602,1.4142522811889648,0.6034534573554993,0.6546528935432434,2.0228428840637207,0.015531443990767002,0.8900786638259888,0.7214458584785461,0.6429431438446045,0.9463227987289429,0.5837032198905945,0.7063568234443665,0.6583133339881897,1.466394305229187,-0.20610208809375763,0.2504216730594635,0.365753173828125,0.42920011281967163,1.5339363813400269,1.3734034299850464,0.562822163105011,0.5639469623565674,2.05448055267334,-0.06943884491920471,0.8747804164886475,0.6537959575653076,0.6225895285606384,0.7887110710144043,0.4604088068008423,0.631782591342926,0.62583327293396,1.378353238105774,-0.20816941559314728,1.1957472562789917,0.6465676426887512,0.26246803998947144,-0.3830934166908264,0.3064435124397278
1,99,1.3772941827774048,1.607183814048767,1.6121046543121338,2.848407745361328,2.6672170162200928,1.7868027687072754,1.747063398361206,3.328719139099121,0.0272396057844162,0.8343273401260376,1.0717390775680542,0.9459719061851501,2.272891044616699,1.9538484811782837,1.2632042169570923,1.140655517578125,2.7562341690063477,-0.1896967887878418,1.4683003425598145,1.7127549648284912,1.6904839277267456,2.982656717300415,2.7688632011413574,1.9082777500152588,1.8490588665008545,3.471421003341675,-0.06800175458192825,0.7975202798843384,1.0433655977249146,0.9436758756637573,2.292032480239868,1.9993233680725098,1.256788730621338,1.15053391456604,2.7980031967163086,-0.20678257942199707,1.2033369541168213,0.7771312594413757,0.3492429256439209,-0.6162980198860168,-0.42527392506599426
1,99,1.0723273754119873,1.2743356227874756,1.3137606382369995,2.486719846725464,2.3733623027801514,1.4590741395950317,1.4470878839492798,3.0734543800354004,0.06197052448987961,0.747302234172821,0.978267252445221,0.8518282175064087,2.1612424850463867,1.8885459899902344,1.1704100370407104,1.0550798177719116,2.7373850345611572,-0.1458723545074463,1.1092745065689087,1.3349390029907227,1.3388192653656006,2.5917727947235107,2.440145492553711,1.5441091060638428,1.5073797702789307,3.1916332244873047,-0.03998381271958351,0.6468067765235901,0.8830959796905518,0.7851607799530029,2.1185247898101807,1.874500036239624,1.105776071548462,1.0089876651763916,2.7265143394470215,-0.17518754303455353,1.1058316230773926,0.8425140976905823,0.41517624258995056,-0.5443388223648071,-0.40655478835105896
1,99,1.2838490009307861,1.4904242753982544,1.5142937898635864,2.7371277809143066,2.58154559135437,1.6897417306900024,1.6641432046890259,3.3351523876190186,0.05431494116783142,0.936829149723053,1.1740347146987915,1.0505965948104858,2.405074119567871,2.0954806804656982,1.3863967657089233,1.2680517435073853,2.996056079864502,-0.1884365677833557,1.34962797164917,1.574119210243225,1.565094232559204,2.8615167140960693,2.6679859161376953,1.7978721857070923,1.7492856979370117,3.475252151489258,-0.06831754744052887,0.8812468647956848,1.11793053150177,1.0205271244049072,2.390613555908203,2.1076245307922363,1.35546875,1.2537777423858643,3.0100340843200684,-0.21940793097019196,1.1623036861419678,0.8810651302337646,0.35938751697540283,-0.5727301239967346,-0.5006392598152161
1,99,1.341996431350708,1.5385935306549072,1.559290885925293,2.778549909591675,2.614379644393921,1.748939037322998,1.717469334602356,3.405111074447632,0.11261633783578873,1.1548571586608887,1.3889483213424683,1.2721370458602905,2.629242420196533,2.313232421875,1.6143178939819336,1.4975290298461914,3.2462007999420166,-0.14552561938762665,1.390092372894287,1.600479245185852,1.591408610343933,2.8815009593963623,2.6821255683898926,1.8387036323547363,1.7874726057052612,3.529829502105713,-0.0251170601695776,1.0994200706481934,1.3267911672592163,1.2305530309677124,2.6007206439971924,2.3075225353240967,1.5790603160858154,1.475987195968628,3.2527174949645996,-0.21040910482406616,1.1640268564224243,1.0059819221496582,0.7733644247055054,-0.5371224284172058,-0.4527076482772827
1,99,1.1689566373825073,1.3466546535491943,1.3713494539260864,2.4977974891662598,2.306206464767456,1.5297771692276,1.4961228370666504,3.0545854568481445,0.12970897555351257,1.1133776903152466,1.3499537706375122,1.2184882164001465,2.4996893405914307,2.1360924243927,1.531407356262207,1.396817684173584,3.0164003372192383,-0.09413030743598938,1.1702978610992432,1.3653171062469482,1.3585190773010254,2.5614700317382812,2.332181930541992,1.5769076347351074,1.5209252834320068,3.14074444770813,-0.009479330852627754,1.0404504537582397,1.2660669088363647,1.1524231433868408,2.4516384601593018,2.1086840629577637,1.4821035861968994,1.3601562976837158,3.0169031620025635,-0.2023216336965561,1.1725133657455444,1.0579328536987305,0.7461037039756775,-0.46046778559684753,-0.43851953744888306
1,99,1.2080018520355225,1.3749521970748901,1.4174836874008179,2.513253927230835,2.378443717956543,1.558027982711792,1.5434976816177368,3.13006329536438,0.21898595988750458,1.1273300647735596,1.3657368421554565,1.2370619773864746,2.512422800064087,2.1930978298187256,1.5472803115844727,1.4219528436660767,3.0897409915924072,-0.02150557190179825,1.2011537551879883,1.3852882385253906,1.3966259956359863,2.5776917934417725,2.405689239501953,1.6027576923370361,1.566041350364685,3.2258336544036865,0.054742682725191116,1.0416032075881958,1.2661775350570679,1.1562269926071167,2.4549622535705566,2.1574435234069824,1.4886260032653809,1.376964807510376,3.090953826904297,-0.16348831355571747,1.2388646602630615,1.1429119110107422,0.8608980178833008,-0.4262465536594391,-0.4353730082511902
1,99,1.3165661096572876,1.4944789409637451,1.5176842212677002,2.5967516899108887,2.398644208908081,1.6579508781433105,1.620875597000122,3.124882698059082,0.3041134476661682,1.3948476314544678,1.6352485418319702,1.4969205856323242,2.74048113822937,2.3497531414031982,1.790070652961731,1.6464507579803467,3.1988935470581055,0.08338627964258194,1.318644642829895,1.506483554840088,1.5030442476272583,2.660147190093994,2.4255924224853516,1.7052229642868042,1.648733139038086,3.2252249717712402,0.1076977550983429,1.319881558418274,1.5481857061386108,1.4242297410964966,2.6983516216278076,2.3238794803619385,1.7438442707061768,1.6106024980545044,3.2243950366973877,-0.10437505692243576,1.331161379814148,1.171563982963562,0.9747201204299927,-0.44285812973976135,-0.4933290183544159
1,99,1.1992501020431519,1.3617547750473022,1.40496027469635,2.391242265701294,2.2215230464935303,1.4906010627746582,1.466752290725708,2.8982784748077393,0.4332893490791321,1.4704935550689697,1.709322452545166,1.5683798789978027,2.7931182384490967,2.3953511714935303,1.8594934940338135,1.7138630151748657,3.2465054988861084,0.1555325835943222,1.1596872806549072,1.3329718112945557,1.349698543548584,2.4396891593933105,2.230386972427368,1.5156500339508057,1.4723743200302124,3.0043938159942627,0.181801900267601,1.392646074295044,1.619734764099121,1.4918195009231567,2.746393918991089,2.365238904953003,1.8095811605453491,1.6746792793273926,3.266507148742676,-0.048320382833480835,1.410526990890503,1.2748453617095947,1.0708447694778442,-0.38770297169685364,-0.4670036733150482
1,99,1.0425264835357666,1.1832454204559326,1.2784849405288696,2.126577138900757,2.022085666656494,1.2088366746902466,1.2246532440185547,2.6404364109039307,0.6887764930725098,1.3645384311676025,1.624709129333496,1.4762961864471436,2.743790626525879,2.3525876998901367,1.7476290464401245,1.5976675748825073,3.2368967533111572,0.3263063430786133,0.8644267916679382,1.0279526710510254,1.1008158922195435,2.1380019187927246,1.9831188917160034,1.1616358757019043,1.1518118381500244,2.7577121257781982,0.35077017545700073,1.278510570526123,1.5299967527389526,1.3879691362380981,2.71244740486145,2.3306660652160645,1.7087786197662354,1.565700888633728,3.2848963737487793,0.08054070174694061,1.5534635782241821,1.3901057243347168,1.258158802986145,-0.39380717277526855,-0.4086609184741974
1,99,1.3151578903198242,1.4786031246185303,1.5558226108551025,2.2778098583221436,2.276822566986084,1.4638079404830933,1.4901598691940308,2.6651382446289062,0.8592045903205872,1.510467767715454,1.7535746097564697,1.6544687747955322,2.677277088165283,2.4434168338775635,1.8060886859893799,1.7036372423171997,3.045454740524292,0.5955207347869873,1.112871766090393,1.2900797128677368,1.348357081413269,2.2204697132110596,2.180107593536377,1.3608698844909668,1.368179202079773,2.725341320037842,0.48767098784446716,1.4024693965911865,1.6375093460083008,1.5379759073257446,2.6258628368377686,2.394449234008789,1.7496718168258667,1.649401068687439,3.0920259952545166,0.2828238606452942,1.3499811887741089,1.5313442945480347,1.5533199310302734,-0.3519071340560913,-0.33299654722213745
1,99,2.030543088912964,2.1968157291412354,2.2463626861572266,3.2830276489257812,3.279449701309204,2.3809990882873535,2.38875150680542,4.128616809844971,0.7993996143341064,2.299877882003784,2.5267345905303955,2.45819091796875,3.5941338539123535,3.4354660511016846,2.6623635292053223,2.588169813156128,4.2920308113098145,1.0921564102172852,2.1105637550354004,2.2767109870910645,2.3036131858825684,3.441162586212158,3.4056131839752197,2.524104118347168,2.5165092945098877,4.360894680023193,0.447792112827301,2.354156017303467,2.5703558921813965,2.5099353790283203,3.7130298614501953,3.5643203258514404,2.7676150798797607,2.7002837657928467,4.507148742675781,0.760698676109314,1.3493677377700806,1.5533480644226074,1.779908537864685,-0.6417269706726074,-0.6311504244804382
1,99,1.7631744146347046,1.9225437641143799,1.9717012643814087,2.940568447113037,2.9246835708618164,2.105374336242676,2.114982843399048,3.559900999069214,0.515444278717041,2.298191547393799,2.4628970623016357,2.4164977073669434,2.767754316329956,2.654606342315674,2.2548024654388428,2.198545217514038,2.6039512157440186,2.1774203777313232,1.9476125240325928,2.1090903282165527,2.132220506668091,3.1918563842773438,3.141202688217163,2.3436641693115234,2.336663007736206,3.871962308883667,0.22147390246391296,2.5665361881256104,2.7533135414123535,2.715205430984497,3.1975221633911133,3.0965352058410645,2.5957815647125244,2.544840097427368,3.107841730117798,2.4119491577148438,2.5964457988739014,1.3115711212158203,1.4830443859100342,-0.5874294638633728,-0.7853092551231384
1,99,1.2755290269851685,1.4155731201171875,1.476107120513916,2.370410680770874,2.338803768157959,1.5862221717834473,1.6017649173736572,2.9674479961395264,0.3142368793487549,3.018935203552246,3.074171543121338,3.0743000507354736,2.8078558444976807,2.7999134063720703,2.7647716999053955,2.752824068069458,2.0544049739837646,2.6152281761169434,1.3917726278305054,1.544037938117981,1.566398024559021,2.5598349571228027,2.4826338291168213,1.758366346359253,1.749042272567749,3.2013375759124756,0.09069309383630753,3.193775177001953,3.279573440551758,3.282363176345825,3.1647636890411377,3.15387225151062,2.9936366081237793,2.9800894260406494,2.505434513092041,2.9834747314453125,3.5794267654418945,1.3816579580307007,1.6738289594650269,-0.28728169202804565,-0.681419849395752
1,99,1.220497488975525,1.3700876235961914,1.4072359800338745,2.353991985321045,2.2682738304138184,1.5531243085861206,1.5518465042114258,2.9207184314727783,0.21209390461444855,2.925848960876465,2.9826154708862305,2.976977825164795,2.772031545639038,2.7382583618164062,2.6962668895721436,2.672349691390991,2.0459978580474854,2.588320016860962,1.3493292331695557,1.5108234882354736,1.5109624862670898,2.5464932918548584,2.41628360748291,1.7303111553192139,1.7052388191223145,3.1507110595703125,-0.0014708847738802433,3.1145904064178467,3.2028584480285645,3.1976847648620605,3.1433749198913574,3.1018147468566895,2.9418675899505615,2.9139561653137207,2.5038788318634033,2.945688009262085,3.4903721809387207,1.0966728925704956,1.6945369243621826,-0.5165444612503052,-0.706565260887146
1,99,1.1924947500228882,1.3331382274627686,1.3739032745361328,2.3349239826202393,2.26326322555542,1.5368174314498901,1.539536952972412,2.960845470428467,0.15150471031665802,2.9803245067596436,3.026197671890259,3.025439500808716,2.771826982498169,2.7530181407928467,2.7307424545288086,2.7132537364959717,2.036252737045288,2.579838991165161,1.34676194190979,1.5042892694473267,1.5027621984481812,2.5528676509857178,2.4328861236572266,1.7377313375473022,1.713745355606079,3.2048487663269043,-0.042898353189229965,3.1398298740386963,3.2172515392303467,3.2178761959075928,3.121267318725586,3.096221446990967,2.9473350048065186,2.9266955852508545,2.482313632965088,2.931467056274414,3.6063663959503174,1.044419765472412,1.7473390102386475,-0.5360322594642639,-0.6797725558280945
1,99,1.1459617614746094,1.2885711193084717,1.3272985219955444,2.2942233085632324,2.235651731491089,1.4896873235702515,1.49514639377594,2.9260761737823486,0.15616042912006378,2.8880691528320312,2.927812337875366,2.92303729057312,2.667346239089966,2.6437387466430664,2.6370849609375,2.618555784225464,1.9490731954574585,2.491396903991699,1.2922694683074951,1.4533703327178955,1.4530259370803833,2.505307197570801,2.40270733833313,1.6815905570983887,1.66183602809906,3.159738540649414,-0.01599380373954773,3.103516101837158,3.176386833190918,3.1744449138641357,3.080780506134033,3.056975841522217,2.9126975536346436,2.892775297164917,2.4590020179748535,2.9106225967407227,3.4870824813842773,0.9706607460975647,1.6428031921386719,-0.5757306218147278,-0.6648883819580078
1,99,1.0290718078613281,1.163020133972168,1.2112759351730347,2.1499698162078857,2.095424175262451,1.3653286695480347,1.3760883808135986,2.7903666496276855,0.1262996643781662,2.9288628101348877,2.965090751647949,2.968912124633789,2.70796537399292,2.6988561153411865,2.682908296585083,2.663902997970581,1.9744430780410767,2.5350182056427,1.1735059022903442,1.3297700881958008,1.333406686782837,2.3634886741638184,2.260927200317383,1.5571409463882446,1.5391076803207397,3.020972728729248,-0.026802554726600647,3.1032822132110596,3.16933536529541,3.1784234046936035,3.067655086517334,3.061203956604004,2.9127445220947266,2.894019603729248,2.4303228855133057,2.912264347076416,3.459998607635498,1.030320167541504,1.689561128616333,-0.5075883865356445,-0.6628974080085754
1,99,1.0847797393798828,1.2172173261642456,1.266249418258667,2.1768252849578857,2.136634111404419,1.4099847078323364,1.42226243019104,2.8000476360321045,0.13842763006687164,2.8895163536071777,2.931533098220825,2.9277493953704834,2.6736743450164795,2.658322334289551,2.645019054412842,2.6284449100494385,1.925437331199646,2.501521587371826,1.2125136852264404,1.364846110343933,1.3731938600540161,2.371884822845459,2.285710096359253,1.5839742422103882,1.5699729919433594,3.0145103931427,-0.016733353957533836,3.067857027053833,3.1398487091064453,3.1398794651031494,3.031660795211792,3.0183088779449463,2.876817464828491,2.85990047454834,2.375969886779785,2.874772548675537,3.4541523456573486,0.9948057532310486,1.6661900281906128,-0.501143753528595,-0.6634161472320557
1,99,1.204227089881897,1.344652533531189,1.3861316442489624,2.34421443939209,2.2930047512054443,1.548505425453186,1.5553399324417114,2.9909865856170654,0.1705617904663086,3.03727388381958,3.075531005859375,3.074803113937378,2.763394832611084,2.752500534057617,2.7729721069335938,2.754540205001831,1.9945815801620483,2.563865900039673,1.349264144897461,1.5054951906204224,1.50860595703125,2.5517916679382324,2.456254243850708,1.7381539344787598,1.7205300331115723,3.222553014755249,-0.006890743970870972,3.1704297065734863,3.240159511566162,3.241473913192749,3.0875139236450195,3.0733120441436768,2.961211919784546,2.9404377937316895,2.4194223880767822,2.91668438911438,3.695897340774536,1.0024796724319458,1.662346601486206,-0.5378941893577576,-0.6739197969436646
1,99,1.1487473249435425,1.28728449344635,1.3305721282958984,2.2607953548431396,2.21865177154541,1.487436294555664,1.4973890781402588,2.894042491912842,0.16690441966056824,2.8940467834472656,2.9368927478790283,2.935699939727783,2.667475700378418,2.654266595840454,2.648641586303711,2.6235616207122803,1.9321092367172241,2.4835364818573,1.2943710088729858,1.4486043453216553,1.4520550966262817,2.467113971710205,2.379042863845825,1.6763694286346436,1.6610699892044067,3.123542070388794,-0.010793732479214668,3.0674142837524414,3.14115047454834,3.1438825130462646,3.0292513370513916,3.0173730850219727,2.8789923191070557,2.8531947135925293,2.3938896656036377,2.8610222339630127,3.49269700050354,1.0035043954849243,1.6271711587905884,-0.5161174535751343,-0.6629803776741028
1,99,1.184410572052002,1.3276609182357788,1.37047278881073,2.3281190395355225,2.2785604000091553,1.5323355197906494,1.5391438007354736,2.9650585651397705,0.1518172174692154,2.875746011734009,2.923715353012085,2.9184353351593018,2.6901800632476807,2.662463903427124,2.6392271518707275,2.614337682723999,1.9784802198410034,2.4993040561676025,1.3450450897216797,1.5036075115203857,1.5073823928833008,2.547076940536499,2.4540140628814697,1.734881043434143,1.7178847789764404,3.2082974910736084,-0.02794690988957882,3.085514783859253,3.1662631034851074,3.1649746894836426,3.0971503257751465,3.0707926750183105,2.9105827808380127,2.884840726852417,2.484837532043457,2.9044628143310547,3.491464853286743,1.014184594154358,1.654609203338623,-0.5460495948791504,-0.6701343655586243
1,99,1.2725781202316284,1.4218720197677612,1.4569045305252075,2.407266616821289,2.3290181159973145,1.6092102527618408,1.6058956384658813,2.9850704669952393,0.23674966394901276,2.9767775535583496,3.0384809970855713,3.030101776123047,2.812784194946289,2.7888920307159424,2.744800329208374,2.72436261177063,2.06555438041687,2.617485523223877,1.4098191261291504,1.5684443712234497,1.5706554651260376,2.6024835109710693,2.483837842941284,1.790457010269165,1.7665197849273682,3.216917037963867,0.02780981734395027,3.169973373413086,3.2623186111450195,3.254852294921875,3.1859147548675537,3.1561453342437744,2.9941885471343994,2.9702630043029785,2.526843547821045,2.985405206680298,3.5661656856536865,1.1731575727462769,1.6758174896240234,-0.47428807616233826,-0.715506911277771
1,99,1.4698283672332764,1.6464636325836182,1.679846167564392,2.667952299118042,2.584129571914673,1.81024169921875,1.8022880554199219,3.2259535789489746,0.49424517154693604,2.9397294521331787,3.0073938369750977,3.002643585205078,2.80320405960083,2.7711033821105957,2.701960325241089,2.68034029006958,2.135362148284912,2.591787815093994,1.6206876039505005,1.8003836870193481,1.8041801452636719,2.8837499618530273,2.763421058654785,2.013923168182373,1.9882044792175293,3.4989171028137207,0.2223636656999588,3.1279420852661133,3.2305197715759277,3.2271430492401123,3.200474500656128,3.160917282104492,2.957073450088501,2.9320566654205322,2.6374728679656982,2.9596400260925293,3.4499688148498535,1.273918867111206,1.7321062088012695,-0.5272461771965027,-0.6641426682472229
1,99,2.2808382511138916,2.496762752532959,2.5139005184173584,3.524531364440918,3.4161088466644287,2.5956742763519287,2.5734026432037354,3.882554769515991,0.9951531291007996,2.2738122940063477,2.521902561187744,2.45350980758667,3.4017021656036377,3.1873927116394043,2.5121917724609375,2.4273619651794434,3.5235660076141357,1.5069934129714966,2.479614496231079,2.698646068572998,2.6964635848999023,3.789289712905884,3.6526784896850586,2.844200611114502,2.807983875274658,4.208338260650635,0.7157483696937561,2.4167675971984863,2.6710469722747803,2.598952054977417,3.6772470474243164,3.452526092529297,2.738499402999878,2.651106357574463,3.9238340854644775,1.149098515510559,1.3976317644119263,1.526111364364624,1.6964001655578613,-0.6568774580955505,-0.6960365176200867
1,99,1.2206025123596191,1.3363033533096313,1.4132473468780518,1.8407478332519531,1.860859990119934,1.1744039058685303,1.2225618362426758,2.0089263916015625,1.1452580690383911,1.7243174314498901,1.9710593223571777,1.8803917169570923,2.97741436958313,2.7630722522735596,2.0766799449920654,1.990309476852417,3.3680620193481445,0.47857728600502014,1.1118189096450806,1.2681806087493896,1.3245494365692139,1.9236873388290405,1.901860237121582,1.1567986011505127,1.1821986436843872,2.1597189903259277,1.0265899896621704,1.8216288089752197,2.0555810928344727,1.9766546487808228,3.1158173084259033,2.9169836044311523,2.2121245861053467,2.1346302032470703,3.583226442337036,0.2109885811805725,1.8998703956604004,1.498794436454773,1.2740404605865479,-0.24795468151569366,-0.5525311231613159
1,99,2.6979618072509766,2.6782877445220947,2.757086992263794,2.383392095565796,2.5121777057647705,2.4101815223693848,2.4831271171569824,1.8405660390853882,2.2668614387512207,1.0645191669464111,1.3043291568756104,1.1793406009674072,2.386336088180542,1.984887957572937,1.4530655145645142,1.3184438943862915,2.8520705699920654,0.12000212073326111,2.8190789222717285,2.8367063999176025,2.903568744659424,2.6922364234924316,2.7671914100646973,2.5839483737945557,2.639394760131836,2.193011522293091,2.560920000076294,1.0630483627319336,1.2946927547454834,1.184978723526001,2.4215970039367676,2.036649703979492,1.4823602437973022,1.3585017919540405,2.9425320625305176,-0.03261624276638031,3.310863494873047,1.5533250570297241,1.008941411972046,-0.45063912868499756,-0.34432080388069153
1,99,2.9249684810638428,2.9016659259796143,2.9829812049865723,2.5811707973480225,2.7249433994293213,2.6139323711395264,2.6803832054138184,1.982897162437439,2.4605443477630615,1.2011860609054565,1.450462818145752,1.3535329103469849,2.647480010986328,2.3280551433563232,1.6420060396194458,1.5342341661453247,3.219848394393921,0.020624961704015732,3.1144630908966064,3.1336050033569336,3.2039225101470947,2.9796817302703857,3.074554681777954,2.8628733158111572,2.9128317832946777,2.4255733489990234,2.847804307937622,1.2260321378707886,1.4634839296340942,1.3883341550827026,2.693643093109131,2.397883653640747,1.6863566637039185,1.5937893390655518,3.3126368522644043,-0.10561249405145645,3.696849822998047,1.6376346349716187,0.7505573630332947,-0.6215679049491882,-0.5940493941307068
1,99,2.953040838241577,2.91902494430542,3.003054618835449,2.571913480758667,2.714303493499756,2.6405351161956787,2.710644245147705,1.9303028583526611,2.462493419647217,1.1235278844833374,1.372002363204956,1.2671219110488892,2.5505878925323486,2.21199107170105,1.5550953149795532,1.4411550760269165,3.102726459503174,0.0017887536669149995,3.1220195293426514,3.1258201599121094,3.201951026916504,2.935417890548706,3.03463077545166,2.8631086349487305,2.9195234775543213,2.343776226043701,2.8145270347595215,1.1495990753173828,1.3869619369506836,1.3060531616210938,2.5997374057769775,2.2865936756134033,1.600687861442566,1.5025285482406616,3.1953587532043457,-0.10865455865859985,3.6917495727539062,1.6288588047027588,0.7332597970962524,-0.6054054498672485,-0.5383879542350769
1,99,2.8072383403778076,2.802447557449341,2.887511968612671,2.589376926422119,2.712019681930542,2.5271987915039062,2.597903251647949,2.0336883068084717,2.4452106952667236,1.2263609170913696,1.469427227973938,1.3688465356826782,2.6541686058044434,2.3107693195343018,1.66400146484375,1.5499112606048584,3.179797649383545,-0.026015406474471092,3.020674705505371,3.0560572147369385,3.1285200119018555,2.991661310195923,3.0659193992614746,2.7980527877807617,2.8511404991149902,2.4655253887176514,2.8182222843170166,1.2248425483703613,1.4577116966247559,1.3767739534378052,2.6696157455444336,2.348162889480591,1.6780920028686523,1.5774403810501099,3.233818292617798,-0.12559188902378082,3.577019453048706,1.6583698987960815,0.6831042170524597,-0.6920505166053772,-0.550093948841095
1,99,2.8965256214141846,2.862827777862549,2.9525601863861084,2.5226449966430664,2.6753718852996826,2.5821189880371094,2.658055305480957,1.9117636680603027,2.4058475494384766,1.3081148862838745,1.552947998046875,1.4510915279388428,2.7303309440612793,2.373340129852295,1.7393989562988281,1.6226515769958496,3.250823974609375,0.016743449494242668,3.1041126251220703,3.109895706176758,3.1886062622070312,2.9227142333984375,3.0251998901367188,2.843284845352173,2.9025299549102783,2.343733310699463,2.8040544986724854,1.3193097114562988,1.5537041425704956,1.4716465473175049,2.7608864307403564,2.4269378185272217,1.768080234527588,1.6651413440704346,3.3255209922790527,-0.10535977780818939,3.7673301696777344,1.603549838066101,0.8893412351608276,-0.627418041229248,-0.4625442922115326
1,99,2.778167247772217,2.7757437229156494,2.850151538848877,2.53700852394104,2.659152030944824,2.4929306507110596,2.5535225868225098,1.9810103178024292,2.4082212448120117,1.3304862976074219,1.573360800743103,1.4831310510635376,2.728788137435913,2.421415328979492,1.7544171810150146,1.65139639377594,3.264207124710083,0.02974024973809719,3.0076892375946045,3.0428307056427,3.107341766357422,2.942582368850708,3.025042772293091,2.775719404220581,2.8216521739959717,2.4176719188690186,2.785004138946533,1.3401468992233276,1.5706021785736084,1.4989819526672363,2.754621744155884,2.468693733215332,1.781818151473999,1.692395567893982,3.337928295135498,-0.11489268392324448,3.593688726425171,1.6283670663833618,0.7711376547813416,-0.6647043228149414,-0.6327468752861023
1,99,2.7515923976898193,2.7422733306884766,2.8249094486236572,2.4805572032928467,2.6148083209991455,2.465986967086792,2.534776449203491,1.9249508380889893,2.360609531402588,1.2592188119888306,1.4959930181503296,1.3947376012802124,2.6215732097625732,2.26609468460083,1.6722288131713867,1.554458498954773,3.1216466426849365,0.03381316363811493,2.9069607257843018,2.9326601028442383,3.0049099922180176,2.806224822998047,2.895198106765747,2.670395851135254,2.723515748977661,2.2840189933776855,2.6676034927368164,1.2604933977127075,1.4858580827713013,1.4014147520065308,2.64158034324646,2.305401563644409,1.6925578117370605,1.5872722864151,3.1900970935821533,-0.10716977715492249,3.534320116043091,1.5672873258590698,0.8918023705482483,-0.6582550406455994,-0.45288512110710144
1,99,2.641195774078369,2.6434667110443115,2.721768617630005,2.455944299697876,2.566664934158325,2.3775112628936768,2.4407544136047363,1.939333200454712,2.3113458156585693,1.190839409828186,1.428297996520996,1.3265515565872192,2.567671775817871,2.2108030319213867,1.6069000959396362,1.4897838830947876,3.065828323364258,-0.009851918555796146,2.9000918865203857,2.9417455196380615,3.0071237087249756,2.890719175338745,2.955303192138672,2.691776752471924,2.7368459701538086,2.3931469917297363,2.714460611343384,1.1937929391860962,1.420156717300415,1.3366929292678833,2.5893125534057617,2.25299072265625,1.628121256828308,1.5240099430084229,3.1323673725128174,-0.1369275152683258,3.3757174015045166,1.604576587677002,0.8299323320388794,-0.6717211604118347,-0.43308356404304504
1,99,2.621830701828003,2.619711399078369,2.7010862827301025,2.3851687908172607,2.5163495540618896,2.3526463508605957,2.419961452484131,1.860399842262268,2.253044605255127,1.1723030805587769,1.396653652191162,1.2958259582519531,2.502681255340576,2.143981695175171,1.578434705734253,1.4614101648330688,2.999943494796753,-0.03912300243973732,2.830070972442627,2.8630549907684326,2.9334943294525146,2.7562170028686523,2.843264579772949,2.60968017578125,2.6606273651123047,2.2536184787750244,2.6047205924987793,1.153896450996399,1.3672499656677246,1.2836419343948364,2.499889612197876,2.1612391471862793,1.576322078704834,1.4720567464828491,3.0393874645233154,-0.1545022577047348,3.3908541202545166,1.5355851650238037,0.7997868657112122,-0.6541502475738525,-0.413691908121109
1,99,2.681082248687744,2.6706795692443848,2.755122184753418,2.461970329284668,2.5821268558502197,2.4040539264678955,2.4720356464385986,1.9345440864562988,2.3295795917510986,1.2100424766540527,1.4520931243896484,1.3558664321899414,2.6208364963531494,2.2736105918884277,1.6367738246917725,1.5227630138397217,3.1209566593170166,-0.021093877032399178,2.934208869934082,2.964256525039673,3.0370993614196777,2.9009265899658203,2.9754159450531006,2.714545965194702,2.7650060653686523,2.397510290145874,2.732818603515625,1.2226024866104126,1.4550631046295166,1.3748490810394287,2.6493446826934814,2.320953845977783,1.6653387546539307,1.563610315322876,3.1889169216156006,-0.1365421712398529,3.4433460235595703,1.5801770687103271,0.6942059993743896,-0.6816776990890503,-0.5248708128929138
1,99,2.894148588180542,2.8823659420013428,2.96944260597229,2.620981216430664,2.7518258094787598,2.5979981422424316,2.670583724975586,2.0419487953186035,2.4923901557922363,1.2246004343032837,1.4660258293151855,1.3670682907104492,2.637204647064209,2.3221590518951416,1.6594464778900146,1.5514888763427734,3.198486566543579,-0.005890152882784605,3.0454862117767334,3.0698585510253906,3.1473140716552734,2.952207088470459,3.040968179702759,2.801354169845581,2.8599853515625,2.4143781661987305,2.804053783416748,1.2224798202514648,1.4516242742538452,1.3729252815246582,2.6540141105651855,2.361271619796753,1.6760802268981934,1.58172607421875,3.2614052295684814,-0.13201382756233215,3.667961835861206,1.644518494606018,0.8467427492141724,-0.6804230213165283,-0.45249634981155396
1,99,2.9017159938812256,2.8795392513275146,2.9721295833587646,2.595039129257202,2.739755153656006,2.5997390747070312,2.675666332244873,2.0185470581054688,2.476666212081909,1.1772167682647705,1.4163780212402344,1.314864158630371,2.5909078121185303,2.2639620304107666,1.6134613752365112,1.502001404762268,3.164463996887207,-0.024279989302158356,3.053969144821167,3.06730580329895,3.150336503982544,2.9254322052001953,3.0268216133117676,2.802800416946411,2.8645153045654297,2.3880186080932617,2.7941346168518066,1.1673505306243896,1.394819974899292,1.3136751651763916,2.6006455421447754,2.295943260192871,1.6226475238800049,1.5249844789505005,3.219395637512207,-0.14510390162467957,3.6668574810028076,1.628434658050537,0.8202698826789856,-0.6681551933288574,-0.44283121824264526
1,99,2.7742087841033936,2.7601053714752197,2.8404324054718018,2.4699485301971436,2.6070334911346436,2.4801766872406006,2.5489180088043213,1.8683323860168457,2.3600051403045654,1.1835976839065552,1.4197726249694824,1.3184072971343994,2.559274435043335,2.2146899700164795,1.6006351709365845,1.486863613128662,3.065462589263916,-0.02841154858469963,2.9695940017700195,2.991746425628662,3.0626578330993652,2.8400375843048096,2.934648275375366,2.725393056869507,2.779533624649048,2.27203369140625,2.7129619121551514,1.1659972667694092,1.3910506963729858,1.3085882663726807,2.5587992668151855,2.235766649246216,1.600044846534729,1.4995604753494263,3.1080002784729004,-0.14427217841148376,3.5570244789123535,1.6199853420257568,0.6155301332473755,-0.65769362449646,-0.5329757332801819
2,99,2.2903332710266113,2.3045742511749268,2.369865894317627,2.104218006134033,2.2030324935913086,2.0432143211364746,2.098146438598633,1.610564947128296,1.9543768167495728,2.2866580486297607,2.3727593421936035,2.3271303176879883,2.347273111343384,2.212108612060547,2.122185707092285,2.085092544555664,1.8185908794403076,2.1239566802978516,2.4200191497802734,2.4792683124542236,2.528203248977661,2.462299346923828,2.503861665725708,2.241811990737915,2.2768912315368652,2.034864664077759,2.2489140033721924,2.4971110820770264,2.6203668117523193,2.5716118812561035,2.7553930282592773,2.6055548191070557,2.399966239929199,2.355422019958496,2.3068535327911377,2.4340507984161377,1.4373493194580078,1.2979412078857422,1.4459543228149414,-0.2691733241081238,-0.7084943652153015
2,99,1.8778207302093506,1.8917953968048096,1.995245337486267,1.811896800994873,1.9412696361541748,1.6389139890670776,1.7180004119873047,1.5438215732574463,1.4643311500549316,2.3352088928222656,2.47452449798584,2.4284629821777344,2.6270928382873535,2.476874351501465,2.225994348526001,2.1765480041503906,2.152724504470825,2.2871787548065186,1.9575709104537964,2.0246808528900146,2.108076810836792,2.1526098251342773,2.216287136077881,1.8057961463928223,1.8594647645950317,1.9276509284973145,1.681577444076538,2.5574581623077393,2.7261428833007812,2.6771399974823,3.0196239948272705,2.857825994491577,2.517118215560913,2.4616894721984863,2.6234352588653564,2.5057685375213623,1.7250858545303345,0.9537188410758972,1.5886147022247314,-0.33903640508651733,-0.8026232123374939
2,99,1.4225208759307861,1.5487127304077148,1.6476699113845825,2.206498622894287,2.4000585079193115,1.5576353073120117,1.6349319219589233,2.607761859893799,0.8672847151756287,2.749258279800415,2.840930223464966,2.7872698307037354,2.6665985584259033,2.592320442199707,2.5324654579162598,2.4809608459472656,2.0407485961914062,2.479271411895752,1.6279361248016357,1.7734910249710083,1.8535629510879517,2.518195867538452,2.690739154815674,1.8280367851257324,1.8926453590393066,2.9515910148620605,0.8481782078742981,2.8795108795166016,3.0023558139801025,2.9571950435638428,2.990190267562866,2.947962999343872,2.7234010696411133,2.6819655895233154,2.481550693511963,2.7725484371185303,2.8185317516326904,0.8205813765525818,1.6379036903381348,-0.7769370079040527,-0.6576404571533203
2,99,1.6120171546936035,1.7618111371994019,1.8215041160583496,2.6667327880859375,2.6174213886260986,1.878056526184082,1.8885877132415771,3.1192526817321777,0.4664599299430847,2.7461493015289307,2.8406338691711426,2.80735182762146,2.745494842529297,2.6504287719726562,2.5347392559051514,2.5038399696350098,2.0924110412597656,2.5235660076141357,1.7586134672164917,1.9157823324203491,1.9517613649368286,2.8852994441986084,2.8042421340942383,2.0781781673431396,2.072913646697998,3.392799139022827,0.24838516116142273,3.003509998321533,3.1322519779205322,3.095743417739868,3.1864395141601562,3.0805325508117676,2.8531041145324707,2.8160758018493652,2.6088943481445312,2.891055107116699,3.3281452655792236,1.3817147016525269,1.7198281288146973,-0.43508782982826233,-0.6949036121368408
2,99,1.4946264028549194,1.5942707061767578,1.6773499250411987,2.47678542137146,2.491433620452881,1.7643814086914062,1.8016277551651,3.077305793762207,0.1558765470981598,2.894374132156372,2.9653756618499756,2.938689708709717,2.7557883262634277,2.6877870559692383,2.662463665008545,2.6358253955841064,2.0190303325653076,2.569615602493286,1.6080207824707031,1.7224210500717163,1.7753164768218994,2.663045883178711,2.641352415084839,1.9281034469604492,1.9453747272491455,3.302489995956421,-0.030192550271749496,3.1408941745758057,3.2409136295318604,3.2181084156036377,3.1693615913391113,3.1066396236419678,2.958634614944458,2.932810068130493,2.50999116897583,2.989208221435547,3.710155487060547,1.0993198156356812,1.7541558742523193,-0.5577411651611328,-0.7075409889221191
2,99,1.4042646884918213,1.5081439018249512,1.5762381553649902,2.4510385990142822,2.4277360439300537,1.7011357545852661,1.7263555526733398,3.088858127593994,0.07976552098989487,2.8039467334747314,2.870706081390381,2.8435683250427246,2.679197072982788,2.6096482276916504,2.5766313076019287,2.550341844558716,2.0021960735321045,2.5038156509399414,1.5355656147003174,1.6578015089035034,1.691929578781128,2.6605477333068848,2.5977535247802734,1.8861788511276245,1.8893041610717773,3.335371732711792,-0.11345835775136948,3.0400726795196533,3.140993595123291,3.1143786907196045,3.112910032272339,3.041409492492676,2.874431848526001,2.845662832260132,2.528205394744873,2.916569709777832,3.600306510925293,0.9320229291915894,1.695955753326416,-0.5815955400466919,-0.6686185002326965
2,99,1.2489455938339233,1.3378609418869019,1.4068603515625,2.2717554569244385,2.24393892288208,1.5510300397872925,1.5749715566635132,2.9216222763061523,0.015009925700724125,2.9196903705596924,2.968007802963257,2.9560835361480713,2.6694793701171875,2.629396438598633,2.6584877967834473,2.6444389820098877,1.911676049232483,2.4958529472351074,1.3520286083221436,1.4645254611968994,1.4948217868804932,2.458177089691162,2.386699914932251,1.7084710597991943,1.7078460454940796,3.134303092956543,-0.1388932317495346,3.111170768737793,3.193464517593384,3.180384635925293,3.0586860179901123,3.0108864307403564,2.9079926013946533,2.8896329402923584,2.3938000202178955,2.90537428855896,3.704101800918579,0.9783853888511658,1.6957091093063354,-0.38294535875320435,-0.7044123411178589
2,99,1.2796812057495117,1.3619388341903687,1.4246976375579834,2.2455902099609375,2.293815851211548,1.5901157855987549,1.6234437227249146,2.915112257003784,-0.12510353326797485,2.8806750774383545,2.9248194694519043,2.9087064266204834,2.597301959991455,2.5618510246276855,2.6241331100463867,2.6136434078216553,1.840855598449707,2.4022154808044434,1.3795644044876099,1.4839797019958496,1.5165389776229858,2.404313802719116,2.419686794281006,1.7223025560379028,1.7372187376022339,3.077003002166748,-0.19369280338287354,3.041017532348633,3.115868330001831,3.1027088165283203,2.937973737716675,2.9118974208831787,2.83477783203125,2.826586961746216,2.2727487087249756,2.7973039150238037,3.816119909286499,0.7134266495704651,1.5918011665344238,-0.4467521011829376,-0.7315075397491455
2,99,0.6765336394309998,0.4847792387008667,0.6421200633049011,0.7030022144317627,0.9535658955574036,0.566893994808197,0.6651894450187683,1.5440056324005127,-0.1979825794696808,3.1118032932281494,3.132521629333496,3.107902765274048,2.700167179107666,2.6373696327209473,2.8412132263183594,2.817023277282715,1.8494211435317993,2.3614277839660645,0.5042396783828735,0.30091679096221924,0.4460073411464691,0.7321265935897827,0.9150735139846802,0.4545973241329193,0.5309509634971619,1.5864686965942383,-0.237166166305542,3.1297454833984375,3.1748478412628174,3.1545910835266113,2.8497769832611084,2.809805393218994,2.8882713317871094,2.869575262069702,2.0695624351501465,2.6453280448913574,3.204695701599121,0.18427830934524536,1.5662165880203247,-0.0598016157746315,-0.7393204569816589
2,99,0.6448395252227783,0.4589465856552124,0.6137720346450806,0.6629975438117981,0.9696304202079773,0.5329883694648743,0.6328333020210266,1.5037494897842407,-0.1726943850517273,2.9826695919036865,3.0095741748809814,2.9706151485443115,2.587719440460205,2.48642897605896,2.720301389694214,2.6844935417175293,1.7573503255844116,2.2233457565307617,0.48100027441978455,0.2867615520954132,0.4381694197654724,0.6754093766212463,0.934455394744873,0.4062042534351349,0.49522557854652405,1.521654725074768,-0.17311783134937286,3.0206711292266846,3.0716440677642822,3.040945529937744,2.7575879096984863,2.695037841796875,2.786951780319214,2.761667251586914,2.0059285163879395,2.5434720516204834,3.0585169792175293,0.1255241483449936,1.509463906288147,-0.03772985190153122,-0.6777852773666382
2,99,1.0012239217758179,0.8263645172119141,0.9125895500183105,0.27444183826446533,0.6401357650756836,0.725601851940155,0.7829943895339966,1.1313388347625732,-0.09187756478786469,3.1507933139801025,3.180262804031372,3.15138578414917,2.750636100769043,2.672128200531006,2.8756110668182373,2.847569227218628,1.8812077045440674,2.406121253967285,0.8844125270843506,0.7220844030380249,0.7822791934013367,0.16431809961795807,0.5202040672302246,0.5963015556335449,0.6344907879829407,1.0986487865447998,-0.06686863303184509,3.164503335952759,3.217571258544922,3.19417667388916,2.8955304622650146,2.846853733062744,2.9194979667663574,2.8991646766662598,2.111260414123535,2.6865129470825195,2.9193246364593506,0.060174889862537384,1.5693187713623047,0.37523993849754333,-0.7210416197776794
2,99,0.9311763644218445,0.7532247304916382,0.8416853547096252,0.30479180812835693,0.6666420698165894,0.6609045267105103,0.7242670655250549,1.1733676195144653,-0.0953901931643486,3.148369550704956,3.173734188079834,3.1426713466644287,2.728733777999878,2.642399549484253,2.8683037757873535,2.835542678833008,1.872666835784912,2.3744237422943115,0.8102356195449829,0.6470276713371277,0.699263334274292,0.21783731877803802,0.5316706895828247,0.5246154069900513,0.5598868727684021,1.137596607208252,-0.07654833048582077,3.162647008895874,3.2116611003875732,3.185967206954956,2.8731801509857178,2.8165626525878906,2.9120099544525146,2.8866634368896484,2.0983386039733887,2.6565239429473877,2.934220314025879,0.026186903938651085,1.556310772895813,0.36221611499786377,-0.7206292152404785
2,99,0.9174990653991699,0.7460375428199768,0.8377586007118225,0.31360936164855957,0.6882792711257935,0.6541804671287537,0.7193787693977356,1.1794548034667969,-0.09047429263591766,3.0927934646606445,3.1278467178344727,3.091379404067993,2.7184436321258545,2.6206185817718506,2.8240966796875,2.785799264907837,1.8700581789016724,2.3782498836517334,0.7903110980987549,0.6336879134178162,0.698392927646637,0.23598767817020416,0.5829789042472839,0.50662761926651,0.5535868406295776,1.1410986185073853,-0.046056315302848816,3.1057686805725098,3.164608955383301,3.133425235748291,2.864745616912842,2.798900842666626,2.868180751800537,2.837686538696289,2.1066408157348633,2.6520700454711914,2.912748336791992,0.04149596393108368,1.5523838996887207,0.3360162377357483,-0.6972135901451111
2,99,0.9404283761978149,0.769396960735321,0.8668785691261292,0.32328909635543823,0.7066572308540344,0.6735157370567322,0.7428390383720398,1.1933479309082031,-0.08920705318450928,3.0810911655426025,3.1214866638183594,3.084500551223755,2.7203478813171387,2.624964475631714,2.8103883266448975,2.7707579135894775,1.8704891204833984,2.3926589488983154,0.8063554167747498,0.6485881209373474,0.720823347568512,0.24229970574378967,0.6024655699729919,0.5215193629264832,0.5741353631019592,1.1612337827682495,-0.049868278205394745,3.0956897735595703,3.1606040000915527,3.129279375076294,2.873920202255249,2.812157154083252,2.8579041957855225,2.826535701751709,2.122412919998169,2.6698994636535645,2.911770820617676,0.016971146687865257,1.5541681051254272,0.3328070640563965,-0.6915155053138733
2,99,0.7504767775535583,0.5663489103317261,0.6858242154121399,0.44139358401298523,0.7831648588180542,0.5322614312171936,0.6186808943748474,1.313080072402954,-0.12689323723316193,3.018371105194092,3.056917428970337,3.0238306522369385,2.6714210510253906,2.5861101150512695,2.7540693283081055,2.7201037406921387,1.8537691831588745,2.3844521045684814,0.5944809913635254,0.42109331488609314,0.5051493644714355,0.427705317735672,0.6996556520462036,0.36649957299232483,0.43012306094169617,1.3004560470581055,-0.10484352707862854,3.0537097454071045,3.1170036792755127,3.0897271633148193,2.846264600753784,2.7934722900390625,2.8229565620422363,2.797502279281616,2.1210241317749023,2.6698062419891357,2.955965757369995,0.02397202141582966,1.548365592956543,0.15012875199317932,-0.7085079550743103
2,99,0.8634421229362488,0.6867305040359497,0.7845202684402466,0.3526242971420288,0.7147489190101624,0.6177250146865845,0.6858214735984802,1.251568078994751,-0.12851913273334503,3.1164164543151855,3.1469614505767822,3.1144282817840576,2.726351737976074,2.632766008377075,2.843022108078003,2.807173013687134,1.867160677909851,2.37925124168396,0.7253237962722778,0.5574110746383667,0.627873420715332,0.3139691948890686,0.6285451650619507,0.4724203646183014,0.521324634552002,1.2444984912872314,-0.11346273869276047,3.123487949371338,3.1778385639190674,3.1508307456970215,2.867518186569214,2.8063058853149414,2.8808412551879883,2.8530421257019043,2.0994677543640137,2.6547436714172363,2.975102186203003,0.0371808223426342,1.5520679950714111,0.21273471415042877,-0.7052402496337891
2,99,0.714789628982544,0.5483323335647583,0.66560959815979,0.4732080399990082,0.8473387360572815,0.5214665532112122,0.6057740449905396,1.3268476724624634,-0.09203310310840607,2.961594820022583,2.997570753097534,2.9499149322509766,2.595892906188965,2.476060152053833,2.7056565284729004,2.659571647644043,1.7656842470169067,2.2548208236694336,0.5671254396438599,0.4026227295398712,0.5043275356292725,0.4598236680030823,0.7975649833679199,0.37144559621810913,0.44934526085853577,1.331870436668396,-0.08122575283050537,2.963043451309204,3.0216588973999023,2.980581283569336,2.7197012901306152,2.640486478805542,2.734304428100586,2.69834041595459,1.9771617650985718,2.5096983909606934,2.8921926021575928,0.0643213763833046,1.4977269172668457,0.16710396111011505,-0.6497564911842346
2,99,0.7253128290176392,0.5530156493186951,0.6667160391807556,0.43769481778144836,0.8240944147109985,0.5327920317649841,0.6120058298110962,1.2923845052719116,-0.11757057905197144,2.9220356941223145,2.9597973823547363,2.9136171340942383,2.5761122703552246,2.4572269916534424,2.6735973358154297,2.6291282176971436,1.761303186416626,2.2413036823272705,0.58301842212677,0.413830429315567,0.5054987072944641,0.4126019775867462,0.7619985938072205,0.3869682550430298,0.4531267583370209,1.289018154144287,-0.10728715360164642,2.931133508682251,2.991446018218994,2.9526078701019287,2.706575632095337,2.6309545040130615,2.709639549255371,2.6765198707580566,1.9799598455429077,2.4998345375061035,2.8648035526275635,0.06656808406114578,1.4874988794326782,0.11700136214494705,-0.636640727519989
2,99,0.8489641547203064,0.6634882092475891,0.7775061726570129,0.3976673185825348,0.7642852067947388,0.6119316816329956,0.6905632615089417,1.2922419309616089,-0.13779886066913605,3.126690626144409,3.1593477725982666,3.1215627193450928,2.7401134967803955,2.6373820304870605,2.8556101322174072,2.8171770572662354,1.8733038902282715,2.3841657638549805,0.7034723162651062,0.5242445468902588,0.612923800945282,0.36520886421203613,0.6825779676437378,0.4615407884120941,0.5232764482498169,1.2881323099136353,-0.12433294951915741,3.1367075443267822,3.193916082382202,3.1611437797546387,2.88364315032959,2.8126306533813477,2.895595073699951,2.8649113178253174,2.1039888858795166,2.660808801651001,3.0141634941101074,0.07787064462900162,1.5602353811264038,0.12571652233600616,-0.6952458024024963
2,99,0.8455700278282166,0.6607468128204346,0.7678016424179077,0.3848697245121002,0.7529322504997253,0.6166521310806274,0.6871531009674072,1.2780344486236572,-0.1588347852230072,3.09771466255188,3.1331238746643066,3.0942037105560303,2.716892957687378,2.612049102783203,2.829540967941284,2.7917673587799072,1.8582181930541992,2.3595898151397705,0.7169865369796753,0.537580132484436,0.6155363917350769,0.3419699966907501,0.6636245250701904,0.48618295788764954,0.5350543856620789,1.2706034183502197,-0.15644997358322144,3.1087114810943604,3.1683294773101807,3.1349592208862305,2.8576316833496094,2.7868635654449463,2.869502305984497,2.840489625930786,2.0836775302886963,2.634032726287842,2.9973199367523193,0.04463626816868782,1.5511887073516846,0.17898310720920563,-0.6939753890037537
2,99,0.6866546273231506,0.49523043632507324,0.6318522095680237,0.536214292049408,0.8634333610534668,0.5097617506980896,0.6023763418197632,1.4216461181640625,-0.17594686150550842,3.020850896835327,3.057617425918579,3.020002841949463,2.6786446571350098,2.5834264755249023,2.7581353187561035,2.7205288410186768,1.8474000692367554,2.380748987197876,0.531936526298523,0.33774334192276,0.4522784650325775,0.5556198954582214,0.8211297392845154,0.3804362416267395,0.4537241756916046,1.4433666467666626,-0.17769969999790192,3.0519542694091797,3.1143910884857178,3.0818097591400146,2.8517532348632812,2.7885096073150635,2.8228678703308105,2.7933175563812256,2.1127688884735107,2.661299705505371,3.0340020656585693,0.07333364337682724,1.5479991436004639,-1.6938327007665066e-06,-0.6834269165992737
2,99,0.925473690032959,0.7431224584579468,0.8221871852874756,0.2830851078033447,0.6202229261398315,0.6795046925544739,0.7288501858711243,1.1745446920394897,-0.20483165979385376,3.0598630905151367,3.098360776901245,3.0607261657714844,2.71744441986084,2.620662212371826,2.798288106918335,2.757317543029785,1.895267367362976,2.3918840885162354,0.8155379891395569,0.6449968218803406,0.6838138699531555,0.24395038187503815,0.500188946723938,0.5752699375152588,0.5925096273422241,1.1676764488220215,-0.20738816261291504,3.112802028656006,3.1753089427948,3.1461563110351562,2.9056930541992188,2.845512628555298,2.8821427822113037,2.8512911796569824,2.1659929752349854,2.710183620452881,2.9636266231536865,0.01573599874973297,1.5661911964416504,0.23586945235729218,-0.7217363119125366
2,99,0.5678004622459412,0.37089547514915466,0.5206865668296814,0.6254600286483765,0.907546877861023,0.46046167612075806,0.5537518262863159,1.4776495695114136,-0.2110324203968048,2.9222214221954346,2.9700703620910645,2.93196177482605,2.6372923851013184,2.5479068756103516,2.6723432540893555,2.6330158710479736,1.8631283044815063,2.367192029953003,0.4133957326412201,0.21353165805339813,0.33226755261421204,0.6693113446235657,0.882658839225769,0.3651004433631897,0.42723581194877625,1.5063672065734863,-0.21207815408706665,2.9831719398498535,3.0553858280181885,3.026806116104126,2.841435194015503,2.7914199829101562,2.76845645904541,2.740579128265381,2.159484386444092,2.6727824211120605,3.0300872325897217,0.012950945645570755,1.538196325302124,-0.005645482335239649,-0.7167132496833801
2,99,0.7517890930175781,0.5496938824653625,0.6785730123519897,0.5094738006591797,0.826652467250824,0.5551049113273621,0.6422765254974365,1.4185279607772827,-0.21623395383358002,3.0857186317443848,3.1247313022613525,3.0840258598327637,2.736173629760742,2.6362175941467285,2.8162920475006104,2.7758431434631348,1.8965741395950317,2.4263856410980225,0.6014441251754761,0.3991505205631256,0.49285396933555603,0.5295696258544922,0.7684436440467834,0.43268388509750366,0.4908313453197479,1.4455684423446655,-0.22972740232944489,3.110569715499878,3.1770761013031006,3.140019178390503,2.910339117050171,2.8388054370880127,2.876295804977417,2.842496395111084,2.1633198261260986,2.7076377868652344,3.096606492996216,0.04218533635139465,1.596359372138977,0.044421471655368805,-0.6936105489730835
2,99,0.6679591536521912,0.4706070125102997,0.5934264659881592,0.5304131507873535,0.8331617116928101,0.507606029510498,0.5862619876861572,1.4299927949905396,-0.23788690567016602,3.0567195415496826,3.0949954986572266,3.056234359741211,2.717729330062866,2.6185052394866943,2.788461923599243,2.7457971572875977,1.8982702493667603,2.411884307861328,0.5304883122444153,0.336088091135025,0.41676101088523865,0.5708941221237183,0.7971171140670776,0.4121415615081787,0.4581873416900635,1.4622255563735962,-0.24732135236263275,3.09483003616333,3.1600518226623535,3.125430107116699,2.9036622047424316,2.8347208499908447,2.862061023712158,2.8265762329101562,2.1766791343688965,2.702700138092041,3.0984506607055664,0.015004758723080158,1.5601615905761719,0.019265001639723778,-0.7078782916069031
2,99,0.8130772709846497,0.6319268345832825,0.712620735168457,0.3314627408981323,0.6692107319831848,0.5879916548728943,0.6387993693351746,1.2196667194366455,-0.1940998136997223,3.0586390495300293,3.0885915756225586,3.051790952682495,2.694108247756958,2.593898057937622,2.797438859939575,2.754733085632324,1.8767770528793335,2.36470627784729,0.7049763202667236,0.5348206162452698,0.5717954635620117,0.3160749077796936,0.5765759944915771,0.4879457950592041,0.5038866996765137,1.2180917263031006,-0.19956670701503754,3.0953316688537598,3.1487808227539062,3.1174161434173584,2.857635736465454,2.790445566177368,2.8630499839782715,2.8285281658172607,2.119239568710327,2.6493184566497803,2.967836856842041,-0.041398923844099045,1.5138287544250488,0.22378739714622498,-0.7151228189468384
2,99,0.7502585053443909,0.5655708312988281,0.6524681448936462,0.37829354405403137,0.718687891960144,0.5557295680046082,0.608823299407959,1.2726383209228516,-0.23230303823947906,3.010218620300293,3.0460991859436035,3.003452777862549,2.6677443981170654,2.5553598403930664,2.756180763244629,2.7067341804504395,1.8587168455123901,2.3409318923950195,0.6427274346351624,0.46722790598869324,0.5102458596229553,0.381450891494751,0.6502849459648132,0.4627240300178528,0.48345962166786194,1.2791163921356201,-0.2347693294286728,3.041698694229126,3.101815938949585,3.064816474914551,2.8283400535583496,2.752577781677246,2.8171586990356445,2.776621103286743,2.1023709774017334,2.6207070350646973,2.9815046787261963,-0.04338084161281586,1.5166884660720825,0.1596810519695282,-0.6929441094398499
2,99,1.0529723167419434,0.868156909942627,0.9240119457244873,0.24846316874027252,0.5551393032073975,0.7988304495811462,0.8225454092025757,1.0960631370544434,-0.24713905155658722,3.177964210510254,3.201467514038086,3.1616265773773193,2.780649185180664,2.6680946350097656,2.907038688659668,2.8624842166900635,1.9418030977249146,2.4050326347351074,0.9702793955802917,0.7965346574783325,0.816120445728302,0.20552310347557068,0.4262121021747589,0.7249874472618103,0.7202174663543701,1.0914374589920044,-0.2554813623428345,3.2022173404693604,3.2503485679626465,3.2148380279541016,2.9320006370544434,2.8489577770233154,2.9587881565093994,2.9210808277130127,2.1625664234161377,2.6892127990722656,2.9964213371276855,-0.028583701699972153,1.5465749502182007,0.25721117854118347,-0.7158289551734924
2,99,1.303917646408081,1.1097291707992554,1.161851167678833,0.33130884170532227,0.5478963851928711,1.0174201726913452,1.0426276922225952,1.0322121381759644,-0.26366448402404785,3.3284549713134766,3.344170093536377,3.3119895458221436,2.8916139602661133,2.8033206462860107,3.03928542137146,3.004567861557007,2.0395822525024414,2.5034992694854736,1.2276654243469238,1.0448404550552368,1.0665807723999023,0.2754899561405182,0.3860616385936737,0.9489922523498535,0.9501806497573853,1.0166829824447632,-0.2725205421447754,3.3497636318206787,3.3906264305114746,3.3610494136810303,3.0424227714538574,2.9740188121795654,3.0883688926696777,3.0579490661621094,2.2524075508117676,2.786902666091919,3.0658671855926514,-0.06045745313167572,1.6340426206588745,0.3097115457057953,-0.7577549815177917
2,99,1.205263614654541,1.0160099267959595,1.0636886358261108,0.32101136445999146,0.5368380546569824,0.9503391981124878,0.9684770107269287,1.0672917366027832,-0.30248427391052246,3.279658079147339,3.297297954559326,3.261812925338745,2.854024887084961,2.7491281032562256,3.0019772052764893,2.9595110416412354,2.002849817276001,2.4437172412872314,1.1421656608581543,0.9646745920181274,0.9768831133842468,0.30025714635849,0.39436089992523193,0.899912416934967,0.8911353349685669,1.0675280094146729,-0.32652947306632996,3.3010013103485107,3.3427135944366455,3.310741424560547,2.9965975284576416,2.916067361831665,3.0482912063598633,3.011202812194824,2.2042529582977295,2.727045774459839,3.063303232192993,-0.08830271661281586,1.568826675415039,0.2898351848125458,-0.7455517053604126
2,99,1.4118783473968506,1.2293369770050049,1.2646512985229492,0.4645344018936157,0.585673987865448,1.13825523853302,1.1456342935562134,0.9975144863128662,-0.2947075664997101,3.324291229248047,3.3362739086151123,3.293344259262085,2.8712706565856934,2.7477715015411377,3.044100522994995,2.995354175567627,2.002229928970337,2.4136579036712646,1.3717423677444458,1.1978129148483276,1.205761432647705,0.4441991150379181,0.4579944312572479,1.1084100008010864,1.094069480895996,0.9944235682487488,-0.32731232047080994,3.3299903869628906,3.3650875091552734,3.325108051300049,2.991731643676758,2.8933985233306885,3.072866916656494,3.029284715652466,2.178774118423462,2.685004949569702,2.99767804145813,-0.05410207062959671,1.5479775667190552,0.336002916097641,-0.7381841540336609
2,99,1.2536852359771729,1.0687837600708008,1.1092486381530762,0.3653128147125244,0.5436403155326843,1.0004448890686035,1.0143917798995972,1.0578408241271973,-0.3253338634967804,3.27370548248291,3.2947680950164795,3.254739761352539,2.8596677780151367,2.7470946311950684,3.0019357204437256,2.954545497894287,2.007153034210205,2.4531261920928955,1.210631251335144,1.0361465215682983,1.04407799243927,0.35802358388900757,0.41635045409202576,0.9698365330696106,0.9589465856552124,1.0591377019882202,-0.35446977615356445,3.30151104927063,3.346217393875122,3.3093252182006836,3.005422830581665,2.9169235229492188,3.0545456409454346,3.0121588706970215,2.2098352909088135,2.734980583190918,3.062793493270874,-0.09335444867610931,1.5739562511444092,0.3019108474254608,-0.7569938898086548
2,99,1.3388478755950928,1.165209174156189,1.1920440196990967,0.45979204773902893,0.566798210144043,1.088058590888977,1.0886787176132202,1.0496302843093872,-0.37385687232017517,3.2314014434814453,3.2579739093780518,3.2142326831817627,2.8271045684814453,2.7014026641845703,2.9540581703186035,2.8999664783477783,1.9898263216018677,2.4085826873779297,1.311457633972168,1.1506719589233398,1.1465100049972534,0.45575082302093506,0.4386352598667145,1.0676313638687134,1.0440276861190796,1.0235213041305542,-0.3775981068611145,3.251619577407837,3.301687240600586,3.261897563934326,2.9688518047332764,2.8731307983398438,3.0004289150238037,2.952680826187134,2.2029712200164795,2.693849563598633,3.0371286869049072,-0.17269021272659302,1.5516859292984009,0.3306690454483032,-0.7400793433189392
2,99,1.3253260850906372,1.1289345026016235,1.171763300895691,0.41124558448791504,0.5644339323043823,1.065507411956787,1.0841296911239624,1.1068923473358154,-0.38601431250572205,3.330951690673828,3.342150926589966,3.3124144077301025,2.880596876144409,2.7900049686431885,3.046854257583618,3.008124589920044,2.0261614322662354,2.4700140953063965,1.2833572626113892,1.098228931427002,1.1110578775405884,0.39948275685310364,0.4396233856678009,1.03202486038208,1.0280932188034058,1.092395544052124,-0.39398103952407837,3.3595478534698486,3.3955090045928955,3.3682641983032227,3.0332748889923096,2.9612927436828613,3.1014325618743896,3.0663278102874756,2.2335422039031982,2.761354923248291,3.13095760345459,-0.10420957207679749,1.5968773365020752,0.23263096809387207,-0.7677088379859924
2,99,1.1127383708953857,0.9272956252098083,0.9779338836669922,0.3296504318714142,0.5645369291305542,0.8782172799110413,0.90016770362854,1.145841121673584,-0.34457239508628845,3.208463430404663,3.2368011474609375,3.1954421997070312,2.812669038772583,2.700639486312866,2.9426095485687256,2.8958168029785156,1.959980845451355,2.417418956756592,1.0476088523864746,0.8728209137916565,0.8904734253883362,0.3012464940547943,0.4438130855560303,0.8236097693443298,0.8200836181640625,1.1396846771240234,-0.3552374243736267,3.231701612472534,3.2837793827056885,3.2459030151367188,2.9566445350646973,2.871427536010742,2.99198579788208,2.9510879516601562,2.169435739517212,2.6990134716033936,3.086106777191162,-0.09391272068023682,1.552395224571228,0.24006162583827972,-0.7462132573127747
2,99,1.3582347631454468,1.1766140460968018,1.2075427770614624,0.45555421710014343,0.5608495473861694,1.0982130765914917,1.105879306793213,1.0752087831497192,-0.37774917483329773,3.281719207763672,3.2994978427886963,3.26725172996521,2.8427271842956543,2.7442500591278076,2.997858762741089,2.955233097076416,1.9911096096038818,2.4227516651153564,1.3145250082015991,1.145233154296875,1.147612452507019,0.43427902460098267,0.4258835017681122,1.0599347352981567,1.045312523841858,1.044913649559021,-0.36981064081192017,3.2969276905059814,3.3389058113098145,3.309422254562378,2.980970859527588,2.9047789573669434,3.039496660232544,3.0012433528900146,2.192028284072876,2.7045111656188965,3.063523769378662,-0.1522219032049179,1.5772104263305664,0.3008377254009247,-0.7751352787017822
2,99,1.4718239307403564,1.287171721458435,1.3198022842407227,0.5140349268913269,0.6024404764175415,1.1944124698638916,1.2046254873275757,1.0613257884979248,-0.37063103914260864,3.372666358947754,3.3846826553344727,3.3560781478881836,2.8997323513031006,2.8098292350769043,3.078190565109253,3.039374828338623,2.0262839794158936,2.448347330093384,1.4249705076217651,1.251712441444397,1.2577146291732788,0.4927219748497009,0.474672794342041,1.1545238494873047,1.1439666748046875,1.0383976697921753,-0.3712623119354248,3.379756212234497,3.4159836769104004,3.389737844467163,3.0297811031341553,2.9591829776763916,3.1110849380493164,3.075868606567383,2.21574330329895,2.730534791946411,3.0812556743621826,-0.10980230569839478,1.5916754007339478,0.28306928277015686,-0.785456120967865
2,99,1.2452960014343262,1.0665897130966187,1.1015572547912598,0.3821766972541809,0.545145571231842,0.9950743317604065,1.0028228759765625,1.0604538917541504,-0.33016422390937805,3.2712666988372803,3.2912354469299316,3.2481799125671387,2.838430166244507,2.7126595973968506,2.9989588260650635,2.947436571121216,1.9765063524246216,2.377155065536499,1.1905440092086792,1.0216723680496216,1.0271525382995605,0.35349294543266296,0.4136224389076233,0.9501901865005493,0.9345076680183411,1.0537828207015991,-0.34694626927375793,3.276137590408325,3.3189406394958496,3.279350996017456,2.9561855792999268,2.858553647994995,3.027029037475586,2.981342315673828,2.1544742584228516,2.6490867137908936,3.0347483158111572,-0.06549072265625,1.5336060523986816,0.29252150654792786,-0.7440865635871887
2,99,1.2126984596252441,1.0354269742965698,1.0696423053741455,0.36024209856987,0.5345596671104431,0.9668662548065186,0.9739922881126404,1.0521626472473145,-0.31971174478530884,3.217653274536133,3.244422674179077,3.200519323348999,2.8196730613708496,2.6985971927642822,2.9491569995880127,2.899148941040039,1.979388952255249,2.399371862411499,1.1676039695739746,1.0014883279800415,1.0042812824249268,0.34056952595710754,0.4015897810459137,0.9314513206481934,0.913621723651886,1.0407359600067139,-0.33664894104003906,3.2399353981018066,3.290076971054077,3.2497403621673584,2.959289312362671,2.8666250705718994,2.9964866638183594,2.9526352882385254,2.1812782287597656,2.6776363849639893,3.0263893604278564,-0.13802412152290344,1.5327867269515991,0.3580112159252167,-0.7629762887954712
2,99,1.4057351350784302,1.2183021306991577,1.262807846069336,0.43358272314071655,0.5794985890388489,1.1248321533203125,1.144110083580017,1.0413585901260376,-0.3121682405471802,3.3884525299072266,3.4019386768341064,3.3709778785705566,2.923602819442749,2.828460454940796,3.0931236743927,3.055340528488159,2.0440351963043213,2.465909004211426,1.354085922241211,1.1776257753372192,1.1922547817230225,0.4113961458206177,0.4389148950576782,1.0833796262741089,1.0793242454528809,1.0320160388946533,-0.33281075954437256,3.435107946395874,3.4730162620544434,3.446942090988159,3.0959224700927734,3.0245065689086914,3.164945363998413,3.132908582687378,2.2752816677093506,2.802813768386841,3.0839123725891113,-0.08748442679643631,1.6014097929000854,0.3068503737449646,-0.7973200678825378
2,99,1.4254809617996216,1.2492643594741821,1.2854489088058472,0.49057671427726746,0.6058605313301086,1.1532726287841797,1.1587342023849487,1.0053633451461792,-0.3008172810077667,3.3691117763519287,3.3899807929992676,3.343944549560547,2.9169249534606934,2.7830801010131836,3.0857019424438477,3.03633451461792,2.026887893676758,2.399409294128418,1.3751378059387207,1.2079110145568848,1.2161065340042114,0.45958954095840454,0.46787476539611816,1.1131917238235474,1.096389651298523,0.9980658888816833,-0.3293297588825226,3.39717173576355,3.4416933059692383,3.4007370471954346,3.0622310638427734,2.9594309329986572,3.136512041091919,3.0945801734924316,2.232362985610962,2.7237977981567383,3.028735399246216,-0.08524247258901596,1.5595030784606934,0.38284265995025635,-0.7651247382164001
2,99,1.322153925895691,1.1375641822814941,1.1817518472671509,0.38768452405929565,0.5611045956611633,1.052750825881958,1.0698833465576172,1.039588212966919,-0.30104073882102966,3.3130836486816406,3.3327505588531494,3.295358419418335,2.877936601638794,2.7708327770233154,3.0283005237579346,2.9877352714538574,2.0105741024017334,2.4252095222473145,1.2748435735702515,1.1007475852966309,1.1136337518692017,0.36541152000427246,0.4202575981616974,1.0158517360687256,1.0086798667907715,1.0304992198944092,-0.3268294632434845,3.3861191272735596,3.430677890777588,3.399651527404785,3.0783612728118896,3.0003397464752197,3.1270596981048584,3.093984603881836,2.2699317932128906,2.789823532104492,3.049415349960327,-0.07951323688030243,1.5677062273025513,0.3403635621070862,-0.7820101380348206
2,99,1.561460018157959,1.3850291967391968,1.4250205755233765,0.576065182685852,0.6752282381057739,1.2710851430892944,1.2900980710983276,0.9753025770187378,-0.2614375054836273,3.404086112976074,3.419208526611328,3.393372058868408,2.9430785179138184,2.8609707355499268,3.114328622817993,3.0774667263031006,2.0555365085601807,2.4837684631347656,1.513709545135498,1.3499811887741089,1.3655869960784912,0.5366064310073853,0.5420909523963928,1.222602128982544,1.2219449281692505,0.9031972885131836,-0.2284693568944931,3.4560844898223877,3.495701551437378,3.4741084575653076,3.118940591812134,3.057765007019043,3.191890001296997,3.15952730178833,2.287367105484009,2.822862386703491,3.0102577209472656,-0.12075639516115189,1.6273531913757324,0.4288681745529175,-0.8182036876678467
2,99,1.2901315689086914,1.1144574880599976,1.158616542816162,0.3511444330215454,0.5374148488044739,1.0104385614395142,1.0263993740081787,0.9919763803482056,-0.22665417194366455,3.2732555866241455,3.298428773880005,3.262273073196411,2.8499984741210938,2.7502622604370117,2.992459774017334,2.9548866748809814,1.9826889038085938,2.425881862640381,1.2267200946807861,1.0640310049057007,1.0794987678527832,0.28712114691734314,0.37283948063850403,0.9480449557304382,0.9407084584236145,0.9455820918083191,-0.21093681454658508,3.33172869682312,3.3813226222991943,3.3522586822509766,3.0359573364257812,2.968693256378174,3.077531099319458,3.048691511154175,2.235975980758667,2.774669647216797,2.971893310546875,-0.08752889186143875,1.583267092704773,0.4451689124107361,-0.7707133293151855
2,99,0.581456184387207,0.4031573235988617,0.5511809587478638,0.5882304906845093,0.91977459192276,0.4429571330547333,0.542628288269043,1.4483048915863037,-0.12995626032352448,2.919212818145752,2.9657702445983887,2.921729803085327,2.594994306564331,2.492393732070923,2.666900396347046,2.6239490509033203,1.7953457832336426,2.292309284210205,0.4176451563835144,0.2308998703956604,0.3650817573070526,0.616729199886322,0.8912700414657593,0.3190683126449585,0.4021758735179901,1.4757654666900635,-0.13614699244499207,2.9564428329467773,3.0277903079986572,2.991154670715332,2.76851749420166,2.706984281539917,2.7363669872283936,2.7043097019195557,2.0653023719787598,2.5803356170654297,2.948659896850586,0.01942629925906658,1.504502534866333,0.039635006338357925,-0.6831579208374023
2,99,0.5227088928222656,0.36462682485580444,0.5410788655281067,0.7172666192054749,0.9965976476669312,0.40881767868995667,0.5391940474510193,1.563705325126648,-0.05616283789277077,2.9729349613189697,3.0251686573028564,2.9860880374908447,2.6568214893341064,2.5778110027313232,2.7155191898345947,2.6722781658172607,1.8502808809280396,2.3794922828674316,0.32119786739349365,0.16035622358322144,0.33518198132514954,0.7598618268966675,0.9719511866569519,0.2773607075214386,0.38849958777427673,1.596305251121521,-0.05954905226826668,3.007683038711548,3.0864648818969727,3.052201271057129,2.8444154262542725,2.795166254043579,2.7897846698760986,2.753498077392578,2.14624285697937,2.6592321395874023,2.9965059757232666,0.13030079007148743,1.5768152475357056,-0.03421642631292343,-0.7126738429069519
2,99,1.6400405168533325,1.7594738006591797,1.8093928098678589,2.6664767265319824,2.7217302322387695,1.9658159017562866,1.9953824281692505,3.2369794845581055,0.1393880546092987,2.578401803970337,2.6620419025421143,2.63301420211792,2.5204055309295654,2.471712589263916,2.3768436908721924,2.343339681625366,1.950451135635376,2.3170738220214844,1.8105138540267944,1.9473334550857544,1.9708282947540283,2.8799667358398438,2.9040048122406006,2.1586787700653076,2.171405553817749,3.4447271823883057,0.10703869163990021,2.79166316986084,2.904442548751831,2.883500337600708,2.922971248626709,2.8935070037841797,2.6533732414245605,2.6261887550354004,2.451192855834961,2.686034917831421,3.4879419803619385,0.44061073660850525,1.5570143461227417,-0.6731203198432922,-0.7609128355979919
2,99,1.7338967323303223,1.8947418928146362,1.9281439781188965,2.9707751274108887,2.91768741607666,2.122675895690918,2.1232197284698486,3.596672296524048,0.2501869201660156,2.411388397216797,2.5422582626342773,2.5154950618743896,2.6847634315490723,2.595827102661133,2.288583755493164,2.245208501815796,2.3425791263580322,2.3093106746673584,1.9525156021118164,2.1242740154266357,2.1308178901672363,3.2347371578216553,3.1496548652648926,2.371809244155884,2.355015993118286,3.8734290599823,0.13761012256145477,2.615963935852051,2.7816720008850098,2.7550089359283447,3.112091064453125,3.0193278789520264,2.585648536682129,2.5402028560638428,2.87823486328125,2.535510301589966,3.0580294132232666,0.8454733490943909,1.7420344352722168,-0.65329509973526,-0.6971932053565979
2,99,1.6012365818023682,1.7558088302612305,1.8214191198349,2.7048981189727783,2.7378780841827393,1.8976410627365112,1.920571208000183,3.3052685260772705,0.47594159841537476,1.8583102226257324,2.0938258171081543,1.992270588874817,2.9732320308685303,2.790601968765259,2.153251886367798,2.0615577697753906,3.3608410358428955,0.7110311985015869,1.6633579730987549,1.815535545349121,1.8587242364883423,2.8216400146484375,2.825021266937256,2.0091352462768555,2.0171611309051514,3.4878973960876465,0.16521553695201874,1.9174247980117798,2.142421245574951,2.0435914993286133,3.094576835632324,2.9163379669189453,2.2625601291656494,2.175220251083374,3.5821049213409424,0.37821248173713684,1.5647120475769043,1.2706615924835205,1.4439455270767212,-0.5483407378196716,-0.5662932395935059
2,99,1.4343011379241943,1.6361615657806396,1.6978098154067993,2.633317232131958,2.6470487117767334,1.701392650604248,1.7252261638641357,3.11871337890625,0.8023346066474915,1.6474500894546509,1.9015507698059082,1.7684329748153687,2.9233076572418213,2.705317974090576,2.012366771697998,1.9043000936508179,3.390958309173584,0.24587765336036682,1.477366328239441,1.6855010986328125,1.7255915403366089,2.7898106575012207,2.77420711517334,1.8317312002182007,1.838333249092102,3.370403289794922,0.4376201331615448,1.770079255104065,2.00773286819458,1.8853789567947388,3.0975160598754883,2.8910300731658936,2.1829745769500732,2.084085702896118,3.6598596572875977,-0.10057808458805084,1.6107195615768433,1.4281527996063232,1.3740154504776,-0.5264397859573364,-0.46327704191207886
2,99,2.232506036758423,2.453974485397339,2.488818407058716,3.4953770637512207,3.482213258743286,2.545180082321167,2.545971393585205,3.900742530822754,1.0751924514770508,2.106900691986084,2.34873104095459,2.2418811321258545,3.453333854675293,3.243669033050537,2.517427921295166,2.4224839210510254,3.935495138168335,0.00480931531637907,2.3808820247650146,2.605527400970459,2.626990795135498,3.7093505859375,3.6756021976470947,2.739349365234375,2.7307424545288086,4.1730122566223145,0.8077760338783264,2.301976442337036,2.525871515274048,2.4315567016601562,3.6681835651397705,3.4728047847747803,2.738581418991089,2.654303789138794,4.225805759429932,-0.3304792642593384,1.7956441640853882,1.5718754529953003,1.0914671421051025,-0.7071850895881653,-0.6454599499702454
2,99,2.603116512298584,2.590700387954712,2.6656320095062256,2.430773973464966,2.5100185871124268,2.3039462566375732,2.3719613552093506,2.107077121734619,2.3100178241729736,1.2503987550735474,1.4705346822738647,1.317480444908142,2.695573329925537,2.282742738723755,1.7065033912658691,1.5617914199829102,3.339489459991455,-0.333099365234375,2.7287838459014893,2.762439012527466,2.824885606765747,2.798772096633911,2.8245930671691895,2.507204532623291,2.5553743839263916,2.534615993499756,2.5884695053100586,1.3044837713241577,1.507531762123108,1.3767552375793457,2.770393133163452,2.3802974224090576,1.7857210636138916,1.6564292907714844,3.47322678565979,-0.5450711846351624,3.5666310787200928,1.5980337858200073,0.4639327824115753,-0.6329951286315918,-0.5322580933570862
2,99,2.6936771869659424,2.689605236053467,2.763213872909546,2.5115950107574463,2.6058218479156494,2.4057209491729736,2.4679009914398193,2.107640266418457,2.3448853492736816,1.2208229303359985,1.4105594158172607,1.2856475114822388,2.6204631328582764,2.28741455078125,1.675075888633728,1.5624560117721558,3.2825005054473877,-0.5062668323516846,2.772150754928589,2.8204867839813232,2.8832614421844482,2.8752970695495605,2.9158902168273926,2.5721917152404785,2.6165475845336914,2.560202121734619,2.5985639095306396,1.3534330129623413,1.5333977937698364,1.4371196031570435,2.77891206741333,2.473128318786621,1.8279800415039062,1.7330228090286255,3.48136830329895,-0.6613134741783142,3.750441551208496,1.6362388134002686,0.32974135875701904,-0.5793507099151611,-0.5407167077064514
2,99,2.834601640701294,2.77467942237854,2.8599565029144287,2.3013052940368652,2.482297897338867,2.4881386756896973,2.572604179382324,1.7318695783615112,2.1144917011260986,0.8114814758300781,0.8373212814331055,0.7091935276985168,1.7469063997268677,1.4164479970932007,1.0770477056503296,0.9817615151405334,2.4400153160095215,-0.6584262251853943,2.8131120204925537,2.793968915939331,2.8722968101501465,2.5232458114624023,2.650606393814087,2.5261099338531494,2.597954273223877,2.0347087383270264,2.3516128063201904,0.8823090195655823,0.8937969207763672,0.8049262166023254,1.8345199823379517,1.538248896598816,1.1713957786560059,1.0977768898010254,2.567601203918457,-0.8051286339759827,3.554018259048462,1.470353603363037,0.10775147378444672,-0.5747110843658447,-0.2163333296775818
2,99,2.852959394454956,2.818463087081909,2.8993968963623047,2.436314344406128,2.5802879333496094,2.5188686847686768,2.601051092147827,1.8943630456924438,2.2683300971984863,1.0018534660339355,1.1085284948349,0.9862235188484192,2.1966309547424316,1.8356680870056152,1.392868161201477,1.284149408340454,2.795870542526245,-0.6962798237800598,2.8996422290802,2.911970376968384,2.981520652770996,2.739605665206909,2.82014536857605,2.6331496238708496,2.6974737644195557,2.2590837478637695,2.564345598220825,1.0536415576934814,1.1521106958389282,1.0618131160736084,2.2703726291656494,1.9380766153335571,1.461005449295044,1.3703455924987793,2.898982524871826,-0.7838242650032043,3.8375244140625,1.4662961959838867,-0.11491244286298752,-0.6203281879425049,-0.47715845704078674
2,99,2.700624704360962,2.676220178604126,2.768698215484619,2.4277524948120117,2.561286211013794,2.398160696029663,2.485795736312866,1.9615379571914673,2.279463291168213,1.1074578762054443,1.2582488059997559,1.1314833164215088,2.3838326930999756,1.9793511629104614,1.532216191291809,1.408478856086731,2.9000535011291504,-0.6469653248786926,2.818025588989258,2.841944932937622,2.9215612411499023,2.8025543689727783,2.8687376976013184,2.590303421020508,2.6566669940948486,2.387753963470459,2.599412441253662,1.1537137031555176,1.301200270652771,1.2010464668273926,2.456972599029541,2.077583074569702,1.5939735174179077,1.485782265663147,2.9955010414123535,-0.6971423625946045,3.7513468265533447,1.4435350894927979,-0.12478466331958771,-0.6665229201316833,-0.486752450466156
2,99,2.7630538940429688,2.737730026245117,2.8282084465026855,2.475395441055298,2.6107935905456543,2.4478633403778076,2.5378620624542236,1.9883768558502197,2.318892478942871,1.2263389825820923,1.3930875062942505,1.273404836654663,2.5569190979003906,2.164306163787842,1.6731828451156616,1.5519115924835205,3.0525729656219482,-0.6544042825698853,2.8935201168060303,2.917635202407837,2.9953808784484863,2.865790843963623,2.9357714653015137,2.652933359146118,2.7226009368896484,2.4260170459747314,2.660686731338501,1.2705432176589966,1.4366421699523926,1.3434410095214844,2.6312108039855957,2.263641357421875,1.7313554286956787,1.6249752044677734,3.1435327529907227,-0.6722521185874939,3.9089367389678955,1.4466692209243774,-0.13740786910057068,-0.6988328695297241,-0.5008386969566345
2,99,2.6643309593200684,2.658928871154785,2.749821662902832,2.5113959312438965,2.619831085205078,2.3883562088012695,2.472846508026123,2.075404167175293,2.3358800411224365,1.169685959815979,1.335608720779419,1.216168761253357,2.5011377334594727,2.1176438331604004,1.6157755851745605,1.4954428672790527,3.024963140487671,-0.6420812010765076,2.8160295486450195,2.859792470932007,2.9375112056732178,2.9167282581329346,2.9643428325653076,2.6201629638671875,2.683523178100586,2.5310721397399902,2.6500258445739746,1.2199925184249878,1.3830889463424683,1.2906497716903687,2.5784804821014404,2.2201578617095947,1.6799099445343018,1.5753616094589233,3.120743989944458,-0.6722360849380493,3.731616258621216,1.512399673461914,-0.14495337009429932,-0.7268173098564148,-0.5184733867645264
2,99,2.828167676925659,2.790074586868286,2.880645751953125,2.4151053428649902,2.5774407386779785,2.4931905269622803,2.5830230712890625,1.9017820358276367,2.2595064640045166,0.8478609323501587,0.7768344879150391,0.6633908152580261,1.5276912450790405,1.1775789260864258,0.995375394821167,0.9126172661781311,2.16690993309021,-0.7339672446250916,2.879683017730713,2.8881380558013916,2.9687695503234863,2.7205922603607178,2.8232648372650146,2.612335443496704,2.6856698989868164,2.267080068588257,2.5528481006622314,0.8618268966674805,0.7713626027107239,0.701176106929779,1.5657497644424438,1.258711814880371,1.0334147214889526,0.9758246541023254,2.2468314170837402,-0.8279410600662231,3.4735896587371826,1.4678010940551758,-0.18553948402404785,-0.6246858835220337,-0.15551461279392242
2,99,2.8060379028320312,2.7956807613372803,2.885037899017334,2.588693380355835,2.7067031860351562,2.5104379653930664,2.590514659881592,2.117799997329712,2.4063405990600586,0.8781995177268982,0.8778572082519531,0.752748429775238,1.805755376815796,1.4669888019561768,1.146790623664856,1.0537339448928833,2.440124273300171,-0.7849771976470947,2.919302463531494,2.958867311477661,3.0368237495422363,2.965054512023926,3.027151346206665,2.7032523155212402,2.76511287689209,2.555434226989746,2.711371660232544,0.896912157535553,0.8831904530525208,0.8061764240264893,1.8601523637771606,1.5629125833511353,1.1916704177856445,1.1242414712905884,2.532367467880249,-0.866224467754364,3.6363584995269775,1.5691267251968384,-0.20772646367549896,-0.6980770826339722,-0.36104610562324524
2,99,2.7719106674194336,2.730830669403076,2.8317174911499023,2.4382858276367188,2.5926623344421387,2.452970504760742,2.5486578941345215,1.9802719354629517,2.2732224464416504,0.7749365568161011,0.8353983759880066,0.6952503323554993,1.8449949026107788,1.4560511112213135,1.098090410232544,0.9847099184989929,2.3880882263183594,-0.6467339396476746,2.8622498512268066,2.869849443435669,2.959357261657715,2.7894065380096436,2.8796706199645996,2.6163341999053955,2.693319797515869,2.382564067840576,2.5809977054595947,0.7562331557273865,0.8113425374031067,0.7162227034568787,1.8833699226379395,1.532037377357483,1.112872838973999,1.0224876403808594,2.4581997394561768,-0.6859914660453796,3.518524169921875,1.426056146621704,-0.17449454963207245,-0.6437162160873413,-0.2512369751930237
2,99,2.7966034412384033,2.7756097316741943,2.8594207763671875,2.4848222732543945,2.616208076477051,2.4908387660980225,2.5732321739196777,1.96875,2.3160181045532227,0.7951845526695251,0.7644671201705933,0.6479263305664062,1.599050521850586,1.244978427886963,1.0096111297607422,0.9209461212158203,2.179861068725586,-0.7044302821159363,2.8917906284332275,2.917459726333618,2.989807605743408,2.8262224197387695,2.8980069160461426,2.6548283100128174,2.719191074371338,2.3619377613067627,2.6255221366882324,0.7946537733078003,0.7452998161315918,0.6822548508644104,1.631481409072876,1.3241530656814575,1.0323855876922607,0.9723770618438721,2.252960205078125,-0.7795535326004028,3.492659568786621,1.463988184928894,-0.2150685340166092,-0.6341506838798523,-0.2113158404827118
2,99,2.952385425567627,2.9062447547912598,2.993293046951294,2.4595351219177246,2.63586688041687,2.6080710887908936,2.697716474533081,1.9010409116744995,2.2893142700195312,1.1785380840301514,0.9883458018302917,0.9484156966209412,0.9962106943130493,0.7054719924926758,1.019486904144287,0.9995993971824646,1.6725263595581055,-0.7188853621482849,2.9796018600463867,2.975466012954712,3.0538320541381836,2.720135450363159,2.8410513401031494,2.6941778659820557,2.769646167755127,2.218945026397705,2.573209524154663,1.1860136985778809,0.9707781672477722,0.9667707681655884,0.9888914227485657,0.7722850441932678,1.033976435661316,1.0401157140731812,1.7266991138458252,-0.8106069564819336,3.327324151992798,1.50373375415802,-0.20359382033348083,-0.6039208173751831,0.1595117300748825
2,99,2.8763980865478516,2.8053455352783203,2.9033243656158447,2.3083722591400146,2.52530574798584,2.526233196258545,2.6212432384490967,1.766939640045166,2.204392194747925,0.9303657412528992,0.8081444501876831,0.7224010825157166,1.2561626434326172,0.872368335723877,0.9110155701637268,0.8531542420387268,1.8838701248168945,-0.6813239455223083,2.8684263229370117,2.836761236190796,2.9280595779418945,2.534982919692993,2.69187593460083,2.5750722885131836,2.6560592651367188,2.0556745529174805,2.4552764892578125,0.9187084436416626,0.7750672698020935,0.7182461023330688,1.2614688873291016,0.9202072620391846,0.9158974885940552,0.8781137466430664,1.9354922771453857,-0.758117139339447,3.3133249282836914,1.5130820274353027,-0.0845118910074234,-0.5718415975570679,0.09328769147396088
2,99,2.9346461296081543,2.8643786907196045,2.974364995956421,2.37247371673584,2.603076219558716,2.5784084796905518,2.6882545948028564,1.8457598686218262,2.2272181510925293,1.1000555753707886,0.9421502947807312,0.8762609958648682,1.1122881174087524,0.7612743377685547,1.0014503002166748,0.9594885110855103,1.739922285079956,-0.7524929046630859,2.9443438053131104,2.9112868309020996,3.015491008758545,2.601757526397705,2.7758538722991943,2.640749931335449,2.7378551959991455,2.1253609657287598,2.492192029953003,1.1117198467254639,0.9260342121124268,0.8971668481826782,1.0890822410583496,0.8058290481567383,1.0129977464675903,0.9998346567153931,1.7751189470291138,-0.8311561346054077,3.3440070152282715,1.493248462677002,-0.23192884027957916,-0.6304748058319092,0.0961524024605751
2,99,2.906776189804077,2.860301971435547,2.955467700958252,2.4476799964904785,2.624054193496704,2.5573360919952393,2.651059627532959,1.9237922430038452,2.296708106994629,0.9812182188034058,0.8215917348861694,0.7579655647277832,1.1867098808288574,0.8541791439056396,0.9502516388893127,0.9083908796310425,1.8222074508666992,-0.7434659004211426,2.956883430480957,2.9518775939941406,3.038623094558716,2.7296395301818848,2.848539352416992,2.666968584060669,2.745454788208008,2.254993438720703,2.5885608196258545,0.9873229265213013,0.8014386892318726,0.7805904150009155,1.1786385774612427,0.9075673818588257,0.9605968594551086,0.9470726251602173,1.864090085029602,-0.8109666705131531,3.3855791091918945,1.4970310926437378,-0.25083738565444946,-0.6891655325889587,0.1327955275774002
2,99,2.950831651687622,2.878420352935791,2.985063076019287,2.3864572048187256,2.608565330505371,2.596402883529663,2.6935384273529053,1.8400874137878418,2.213472604751587,1.649474859237671,1.4334286451339722,1.4338514804840088,0.7304068207740784,0.6937069296836853,1.358805537223816,1.3905055522918701,1.2698287963867188,-0.655423104763031,3.1038928031921387,3.07369065284729,3.1738576889038086,2.7639236450195312,2.9322876930236816,2.8038482666015625,2.886922597885132,2.245919704437256,2.6400866508483887,1.6963495016098022,1.4660929441452026,1.4898587465286255,0.7034040093421936,0.7663763761520386,1.3970465660095215,1.4488039016723633,1.2893409729003906,-0.6957092881202698,3.0619969367980957,1.5194145441055298,-0.28096166253089905,-0.6636062264442444,0.39996621012687683
2,99,3.071701765060425,3.007446765899658,3.1136603355407715,2.5599982738494873,2.774329900741577,2.7219409942626953,2.8204169273376465,2.0108835697174072,2.415506601333618,1.6353977918624878,1.427300214767456,1.4082828760147095,0.7607485055923462,0.6434845328330994,1.350792646408081,1.3598116636276245,1.3065259456634521,-0.6507213115692139,3.1378204822540283,3.110816717147827,3.212636709213257,2.8335061073303223,3.0054986476898193,2.8389134407043457,2.9275028705596924,2.3269259929656982,2.720311403274536,1.663116693496704,1.4367433786392212,1.4448484182357788,0.7032790184020996,0.6908645629882812,1.367261528968811,1.3985950946807861,1.309822678565979,-0.6827480792999268,3.2656137943267822,1.5662617683410645,-0.3168770372867584,-0.7116197943687439,0.42218974232673645
2,99,3.182288646697998,3.1151294708251953,3.2254884243011475,2.6344943046569824,2.8538525104522705,2.810192823410034,2.9076006412506104,2.0515494346618652,2.5044264793395996,1.4447218179702759,1.248559832572937,1.2093861103057861,0.7166817784309387,0.4799913167953491,1.1734367609024048,1.162454605102539,1.3356140851974487,-0.564712405204773,3.261549234390259,3.2294418811798096,3.337143659591675,2.9114842414855957,3.0948684215545654,2.936957836151123,3.026454210281372,2.375180244445801,2.8212876319885254,1.462611198425293,1.24407958984375,1.2360539436340332,0.6174866557121277,0.4942648708820343,1.172143578529358,1.1871705055236816,1.3082200288772583,-0.5766687989234924,3.2919089794158936,1.6447895765304565,-0.24696610867977142,-0.7651854157447815,0.43623411655426025
2,99,3.2529749870300293,3.1628503799438477,3.2862019538879395,2.563565254211426,2.8468103408813477,2.863851308822632,2.974724769592285,1.9922003746032715,2.3460144996643066,1.3058639764785767,1.1196520328521729,1.0940051078796387,0.6441543698310852,0.37524381279945374,1.0341662168502808,1.0391942262649536,1.1918256282806396,-0.476298063993454,3.287055015563965,3.2261669635772705,3.34873104095459,2.769576072692871,3.014007806777954,2.933626174926758,3.0374438762664795,2.2254278659820557,2.6436822414398193,1.317959189414978,1.1115317344665527,1.1157747507095337,0.5188385248184204,0.36457470059394836,1.020285725593567,1.0507712364196777,1.1372812986373901,-0.4564268887042999,3.1394128799438477,1.5538372993469238,-0.23683640360832214,-0.7801297903060913,0.5371245741844177
2,99,3.0580673217773438,2.9742813110351562,3.100613832473755,2.4452927112579346,2.711045742034912,2.6883232593536377,2.7987139225006104,1.8816556930541992,2.307539701461792,1.760189175605774,1.5696195363998413,1.569095253944397,0.6890797019004822,0.6879527568817139,1.4049872159957886,1.4404895305633545,0.9326794743537903,-0.2979435920715332,3.10368013381958,3.0486578941345215,3.1739659309387207,2.6589674949645996,2.885679244995117,2.7715468406677246,2.8739657402038574,2.1280527114868164,2.572153091430664,1.8428387641906738,1.639395833015442,1.661906361579895,0.6323896646499634,0.7673407196998596,1.463496446609497,1.5197954177856445,0.8442186713218689,-0.2406461089849472,2.8107995986938477,1.5894943475723267,-0.13713331520557404,-0.8039417862892151,0.7451220750808716
2,99,2.781054973602295,2.70251727104187,2.836610794067383,2.229989528656006,2.5180375576019287,2.4487216472625732,2.566572904586792,1.7362022399902344,2.170137882232666,1.4134058952331543,1.252059817314148,1.2667460441589355,0.5584257245063782,0.5137060880661011,1.0755424499511719,1.1254427433013916,0.7611045241355896,-0.11165574193000793,2.834181785583496,2.7840771675109863,2.9142608642578125,2.4474003314971924,2.6836886405944824,2.5401113033294678,2.6460323333740234,1.981450080871582,2.425248861312866,1.4347909688949585,1.2586649656295776,1.3009246587753296,0.4131212830543518,0.541565477848053,1.068068027496338,1.1441726684570312,0.6285949349403381,-0.03459293767809868,2.4831645488739014,1.4808446168899536,0.06545151770114899,-0.6659871339797974,0.8036547899246216
2,99,2.573277235031128,2.520228624343872,2.646512985229492,2.1918773651123047,2.417630434036255,2.275306224822998,2.3831584453582764,1.7532809972763062,2.167475700378418,0.7299759984016418,0.6368369460105896,0.6054500341415405,0.8374773263931274,0.32442739605903625,0.48420101404190063,0.4538184702396393,1.1338286399841309,-0.006982886698096991,2.6651298999786377,2.645859479904175,2.7632546424865723,2.470890998840332,2.632490396499634,2.417678117752075,2.50710129737854,2.0646815299987793,2.431420087814331,0.6733559370040894,0.5493380427360535,0.5683391690254211,0.7413403987884521,0.2826140224933624,0.3483360707759857,0.37398919463157654,1.0635406970977783,0.06047960743308067,2.451956033706665,1.4583061933517456,-0.06733021885156631,-0.6417250037193298,0.6398727297782898
2,99,2.632100820541382,2.5719122886657715,2.6977663040161133,2.1806910037994385,2.4262020587921143,2.3200619220733643,2.4317643642425537,1.7153128385543823,2.143977165222168,1.2663828134536743,1.114578366279602,1.1366112232208252,0.5133268237113953,0.4152967631816864,0.9266096949577332,0.9823720455169678,0.7252762317657471,-0.03352480009198189,2.703857660293579,2.673267364501953,2.7922322750091553,2.418642044067383,2.6068034172058105,2.4333672523498535,2.529862880706787,1.9800034761428833,2.3944714069366455,1.2771602869033813,1.1095019578933716,1.1622111797332764,0.3437007665634155,0.43891406059265137,0.9041150212287903,0.9911788702011108,0.5877584218978882,0.046410176903009415,2.369072675704956,1.4641978740692139,-0.11941070854663849,-0.6467646360397339,0.8359312415122986
2,99,3.005709171295166,2.9147286415100098,3.0450055599212646,2.317551612854004,2.628861904144287,2.640385389328003,2.7598392963409424,1.7677363157272339,2.176244020462036,1.914349913597107,1.7393146753311157,1.7600879669189453,0.7850974798202515,0.9267193078994751,1.53663170337677,1.5956566333770752,0.7400259971618652,-0.10083187371492386,3.0028433799743652,2.938727617263794,3.067800283432007,2.478098154067993,2.7441089153289795,2.6718692779541016,2.7825889587402344,1.968418002128601,2.414508581161499,1.9483177661895752,1.762984275817871,1.806335210800171,0.7258034944534302,0.9770740270614624,1.5517305135726929,1.630731225013733,0.6332924365997314,-0.018764154985547066,2.474066972732544,1.514507532119751,0.0034645607229322195,-0.623192310333252,0.7691491842269897
2,99,2.9695630073547363,2.8832712173461914,3.0208373069763184,2.309244394302368,2.6230008602142334,2.6021273136138916,2.7232320308685303,1.7719234228134155,2.1832385063171387,1.8200197219848633,1.6552237272262573,1.6692286729812622,0.7537006735801697,0.8541519641876221,1.4565593004226685,1.508454442024231,0.7508465647697449,-0.13429182767868042,2.9667694568634033,2.905965566635132,3.0431368350982666,2.465052366256714,2.734800100326538,2.632495641708374,2.7452566623687744,1.9716919660568237,2.411536931991577,1.8438655138015747,1.6682045459747314,1.707473874092102,0.6689533591270447,0.8936854004859924,1.4566454887390137,1.5307472944259644,0.6103793382644653,-0.03310542553663254,2.511996269226074,1.5411756038665771,-0.20935127139091492,-0.6372973322868347,0.7868205904960632
2,99,2.9626705646514893,2.8892834186553955,3.017531633377075,2.36035418510437,2.630736827850342,2.5956714153289795,2.700873613357544,1.806290864944458,2.2492880821228027,1.789762020111084,1.6204413175582886,1.6155949831008911,0.7203564047813416,0.713717520236969,1.419395923614502,1.4517394304275513,0.8645018339157104,-0.20576263964176178,2.9654343128204346,2.921035051345825,3.0484025478363037,2.5435075759887695,2.7715511322021484,2.639549970626831,2.736246347427368,2.045790195465088,2.4828367233276367,1.8170359134674072,1.635759949684143,1.6563283205032349,0.6186321377754211,0.7459375858306885,1.4209070205688477,1.474671483039856,0.730525016784668,-0.12073485553264618,2.667616367340088,1.591074824333191,-0.024137476459145546,-0.6544249653816223,0.7477669715881348
2,99,2.9032349586486816,2.832545042037964,2.9623093605041504,2.2995476722717285,2.5815067291259766,2.5305302143096924,2.643632411956787,1.7630653381347656,2.160541296005249,1.6802356243133545,1.5090612173080444,1.5130001306533813,0.6663396954536438,0.6880677938461304,1.335435152053833,1.3777506351470947,0.9182238578796387,-0.3298342227935791,2.9193201065063477,2.8771889209747314,3.0054612159729004,2.492493152618408,2.727215528488159,2.586395740509033,2.689607620239258,1.9971433877944946,2.4115219116210938,1.7295162677764893,1.5458904504776,1.5726747512817383,0.5861737728118896,0.7391097545623779,1.3619096279144287,1.4249904155731201,0.836234450340271,-0.28214412927627563,2.676929473876953,1.4648152589797974,-0.19228321313858032,-0.7324032187461853,0.7252802848815918
2,99,2.9613349437713623,2.87990140914917,3.0019705295562744,2.385451555252075,2.648700714111328,2.6162586212158203,2.7225873470306396,1.83424973487854,2.2897157669067383,1.3952157497406006,1.2027816772460938,1.1953866481781006,0.620356559753418,0.43069690465927124,1.0913718938827515,1.1186306476593018,1.1185141801834106,-0.4265727698802948,2.9991071224212646,2.949331521987915,3.0682854652404785,2.606957197189331,2.823094367980957,2.6969187259674072,2.792842149734497,2.0904455184936523,2.553010940551758,1.4260730743408203,1.2159978151321411,1.2334942817687988,0.503014087677002,0.44620636105537415,1.1004185676574707,1.1503045558929443,1.0634204149246216,-0.4121429920196533,2.910370349884033,1.5776106119155884,-0.1990451216697693,-0.6953004598617554,0.5629698634147644
2,99,2.900441884994507,2.8426523208618164,2.963782787322998,2.4897994995117188,2.7054450511932373,2.569119930267334,2.6827564239501953,1.9739669561386108,2.4189658164978027,0.6915042996406555,0.774283230304718,0.599778950214386,1.7901544570922852,1.352562427520752,1.007096767425537,0.8676096796989441,2.360112190246582,-0.5609132647514343,2.96470308303833,2.9490063190460205,3.0625855922698975,2.7946648597717285,2.948462724685669,2.698298215866089,2.7960305213928223,2.33544921875,2.697579860687256,0.6434357166290283,0.7177464365959167,0.5726935267448425,1.7926387786865234,1.3837547302246094,0.9909209609031677,0.8695853352546692,2.3911077976226807,-0.5805456638336182,3.536311149597168,1.658711314201355,-0.2077588140964508,-0.6487531065940857,-0.23921646177768707
2,99,2.9778847694396973,2.9126510620117188,3.016939878463745,2.4405972957611084,2.6693780422210693,2.6210033893585205,2.729379653930664,1.8579602241516113,2.354921579360962,0.7179059386253357,0.6861048340797424,0.5511466860771179,1.555016279220581,1.1600061655044556,0.9065971970558167,0.8003641963005066,2.200350761413574,-0.6414542198181152,2.9744789600372314,2.949720621109009,3.0479559898376465,2.6766114234924316,2.8478944301605225,2.676464557647705,2.772181987762451,2.1589338779449463,2.6030197143554688,0.7383804321289062,0.6920336484909058,0.5890804529190063,1.5949400663375854,1.2282495498657227,0.9509714841842651,0.8626476526260376,2.2718923091888428,-0.7165418267250061,3.5175864696502686,1.6482329368591309,-0.20728763937950134,-0.6162433624267578,-0.16981230676174164
2,99,2.823946714401245,2.7600717544555664,2.8661231994628906,2.2470576763153076,2.49025297164917,2.472130298614502,2.578291416168213,1.6949446201324463,2.1268117427825928,1.1106312274932861,0.9458281397819519,0.9022938013076782,0.9478358626365662,0.6140036582946777,0.9555897116661072,0.9340358972549438,1.5720140933990479,-0.689641535282135,2.804595947265625,2.774829626083374,2.875063419342041,2.4348857402801514,2.6213436126708984,2.501932144165039,2.59572696685791,1.9338668584823608,2.3620545864105225,1.1463271379470825,0.9602266550064087,0.9448647499084473,0.9527555704116821,0.6917672753334045,0.9985758066177368,0.9983271956443787,1.6305469274520874,-0.786608099937439,3.1017208099365234,1.4491764307022095,-0.26514655351638794,-0.6310318112373352,0.22703102231025696
2,99,3.1118035316467285,3.0388097763061523,3.141925811767578,2.4196975231170654,2.6793911457061768,2.73478627204895,2.8377797603607178,1.8326466083526611,2.1908202171325684,1.9180936813354492,1.7252414226531982,1.721009373664856,0.9447489976882935,0.958376407623291,1.6194560527801514,1.6467666625976562,1.3551942110061646,-0.7945464253425598,3.0963494777679443,3.051213026046753,3.1529619693756104,2.5769715309143066,2.79793119430542,2.7565879821777344,2.852717638015747,2.04085373878479,2.441663980484009,2.0184383392333984,1.8118559122085571,1.8283069133758545,0.9847724437713623,1.078521966934204,1.7131073474884033,1.757421851158142,1.4072517156600952,-0.8629149198532104,3.153174638748169,1.4840495586395264,-0.37067341804504395,-0.753751277923584,0.35840991139411926
2,99,3.1269359588623047,3.0616090297698975,3.1568806171417236,2.4702892303466797,2.706299066543579,2.7533557415008545,2.8526275157928467,1.8738816976547241,2.2487776279449463,1.8426073789596558,1.6381487846374512,1.6437171697616577,0.8579310774803162,0.8884517550468445,1.543993353843689,1.5790271759033203,1.3183573484420776,-0.7461127638816833,3.1169111728668213,3.081334114074707,3.173482656478882,2.637274742126465,2.83095383644104,2.7817018032073975,2.8725650310516357,2.087021589279175,2.499589443206787,1.9311898946762085,1.7133773565292358,1.7407454252243042,0.871213436126709,0.9918049573898315,1.6219156980514526,1.6753402948379517,1.3429653644561768,-0.789618968963623,3.1630325317382812,1.535207986831665,-0.34963101148605347,-0.7434803247451782,0.38282403349876404
2,99,3.0670084953308105,3.001598596572876,3.0962021350860596,2.450392246246338,2.676532506942749,2.7180330753326416,2.8147528171539307,1.8593658208847046,2.2287704944610596,1.7458561658859253,1.5393073558807373,1.5550132989883423,0.7886848449707031,0.8530874252319336,1.4576294422149658,1.5007637739181519,1.282331943511963,-0.7032893300056458,3.088926315307617,3.054734945297241,3.145493507385254,2.6502201557159424,2.8318941593170166,2.7797324657440186,2.8671534061431885,2.086005687713623,2.5099735260009766,1.8207110166549683,1.602612853050232,1.639240026473999,0.7898092865943909,0.9397928714752197,1.5200791358947754,1.5806134939193726,1.2948037385940552,-0.7214738726615906,3.0907583236694336,1.4675300121307373,-0.32629743218421936,-0.7534860372543335,0.38528192043304443
2,99,3.121403694152832,3.055666446685791,3.143592119216919,2.4794037342071533,2.6995246410369873,2.765535593032837,2.856760263442993,1.8812001943588257,2.2276721000671387,1.8434150218963623,1.625653624534607,1.6487375497817993,0.8030719757080078,0.9147375226020813,1.5412012338638306,1.592717170715332,1.2624433040618896,-0.6943416595458984,3.1397368907928467,3.1056838035583496,3.1896286010742188,2.672158718109131,2.8499820232391357,2.8214609622955322,2.9035027027130127,2.098571538925171,2.511983871459961,1.9129855632781982,1.6868863105773926,1.7265735864639282,0.8175634145736694,0.9958270192146301,1.600741982460022,1.6659259796142578,1.2762749195098877,-0.7038535475730896,3.065485715866089,1.4616979360580444,-0.3750717341899872,-0.755326509475708,0.38804420828819275
2,99,3.028169870376587,2.971700429916382,3.0681118965148926,2.540013551712036,2.737152099609375,2.6798160076141357,2.7745840549468994,1.9814947843551636,2.398235559463501,1.6827540397644043,1.4692444801330566,1.456748604774475,0.7593751549720764,0.6936601996421814,1.4054900407791138,1.4161787033081055,1.3072782754898071,-0.6863649487495422,3.108154296875,3.08805513381958,3.1800546646118164,2.817857265472412,2.9769034385681152,2.8079426288604736,2.893773078918457,2.298576831817627,2.7065486907958984,1.7401539087295532,1.5114717483520508,1.523530125617981,0.7451258301734924,0.775594174861908,1.4541844129562378,1.4846477508544922,1.3293440341949463,-0.7284452319145203,3.2439801692962646,1.5452537536621094,-0.3768894374370575,-0.7465586066246033,0.41253456473350525
2,99,3.007774829864502,2.9341652393341064,3.0410218238830566,2.438903570175171,2.672515869140625,2.649489641189575,2.755838632583618,1.8940465450286865,2.273958206176758,1.5027738809585571,1.301393747329712,1.2938448190689087,0.7075722813606262,0.6039056777954102,1.241377353668213,1.2616922855377197,1.2398737668991089,-0.6268972754478455,3.0616397857666016,3.0222795009613037,3.124056816101074,2.6833810806274414,2.8697118759155273,2.7463955879211426,2.842134475708008,2.1655280590057373,2.5745105743408203,1.547000765800476,1.3280330896377563,1.3473776578903198,0.6567562222480774,0.6626486778259277,1.2728630304336548,1.3150417804718018,1.2404919862747192,-0.6560111045837402,3.0999441146850586,1.464089035987854,-0.3061242997646332,-0.706979513168335,0.43885767459869385
2,99,3.0439395904541016,2.9786746501922607,3.098259210586548,2.523716688156128,2.7662997245788574,2.6915671825408936,2.80055832862854,1.9707870483398438,2.402517795562744,0.7250805497169495,0.6497631072998047,0.5081329345703125,1.3361371755599976,0.9566061496734619,0.8254464268684387,0.7309007048606873,1.9336644411087036,-0.5964556932449341,3.116995096206665,3.0896382331848145,3.204312801361084,2.810274839401245,3.0029053688049316,2.8171982765197754,2.914416790008545,2.2991716861724854,2.7168357372283936,0.7008199691772461,0.5932993292808533,0.4948570728302002,1.3168437480926514,0.9788462519645691,0.8080753087997437,0.7399789690971375,1.9522700309753418,-0.6314085125923157,3.4823153018951416,1.5690752267837524,-0.24823231995105743,-0.7070488333702087,-0.00041941701783798635
2,99,2.849170207977295,2.795008897781372,2.9142003059387207,2.463353395462036,2.661292791366577,2.517106294631958,2.618302345275879,1.960939884185791,2.363654851913452,0.7055249214172363,0.8204384446144104,0.6657056212425232,1.8726506233215332,1.5322391986846924,1.07771635055542,0.9583314657211304,2.4821386337280273,-0.5271955728530884,2.9323997497558594,2.9187099933624268,3.0323917865753174,2.7777223587036133,2.9262373447418213,2.6628329753875732,2.7512996196746826,2.334064483642578,2.6566102504730225,0.6968143582344055,0.8047386407852173,0.6848493218421936,1.9047523736953735,1.593847393989563,1.097459077835083,0.998071551322937,2.5417118072509766,-0.5689177513122559,3.530565023422241,1.580670714378357,-0.1337377429008484,-0.6867659687995911,-0.3179048001766205
2,99,2.772075653076172,2.732726812362671,2.84405517578125,2.42495059967041,2.607530117034912,2.455127000808716,2.552607774734497,1.9284461736679077,2.338407516479492,0.8145983219146729,0.9742599129676819,0.8303152322769165,2.0728094577789307,1.6823561191558838,1.2271806001663208,1.096879005432129,2.6170926094055176,-0.4546637237071991,2.8736019134521484,2.8749730587005615,2.978973627090454,2.757856607437134,2.88358473777771,2.6215980052948,2.7031610012054443,2.3175854682922363,2.6378490924835205,0.8083231449127197,0.9664069414138794,0.848655104637146,2.107225179672241,1.7414236068725586,1.2459301948547363,1.130747675895691,2.673875331878662,-0.47771814465522766,3.5276377201080322,1.5630104541778564,0.09937980771064758,-0.6872011423110962,-0.2969895303249359
2,99,2.9130961894989014,2.854335069656372,2.967228889465332,2.426287889480591,2.6323933601379395,2.5530996322631836,2.6532397270202637,1.8815841674804688,2.330395221710205,0.6762427091598511,0.8317727446556091,0.6658799648284912,1.9513300657272339,1.536941409111023,1.0687813758850098,0.928928017616272,2.530700206756592,-0.36562439799308777,2.939575672149658,2.9215140342712402,3.0284745693206787,2.696136713027954,2.8418774604797363,2.6414334774017334,2.7267472743988037,2.2217891216278076,2.598522424697876,0.6357095837593079,0.7952345609664917,0.6556382775306702,1.9769070148468018,1.5888487100601196,1.071800708770752,0.9479629397392273,2.5845394134521484,-0.3940119743347168,3.510911226272583,1.6142181158065796,0.12087426334619522,-0.6083023548126221,-0.22124116122722626
2,99,2.656393051147461,2.615203380584717,2.724500894546509,2.2887978553771973,2.482225179672241,2.3533339500427246,2.4446322917938232,1.8142080307006836,2.2288527488708496,0.4885830879211426,0.5801168084144592,0.40585029125213623,1.5085875988006592,1.0466779470443726,0.7195517420768738,0.5718568563461304,1.970200538635254,-0.21723006665706635,2.7224459648132324,2.7206578254699707,2.821608543395996,2.578550338745117,2.7086265087127686,2.4810330867767334,2.554309606552124,2.159832715988159,2.486454963684082,0.33716902136802673,0.4562688171863556,0.2878323495388031,1.4938714504241943,1.061704158782959,0.644386887550354,0.5055561065673828,1.976567029953003,-0.1877215951681137,2.964608907699585,1.529335618019104,0.15186713635921478,-0.6051647067070007,0.010492514818906784
2,99,2.7250993251800537,2.664902925491333,2.769798517227173,2.1878037452697754,2.426337718963623,2.3962066173553467,2.491938829421997,1.6673678159713745,2.1220905780792236,1.358672857284546,1.2022701501846313,1.214155673980713,0.5418998003005981,0.4282148480415344,1.002003788948059,1.0488617420196533,0.8233895301818848,-0.05905372276902199,2.726367712020874,2.698073625564575,2.796631097793579,2.3784589767456055,2.5588581562042236,2.443211078643799,2.5249624252319336,1.913264274597168,2.344151735305786,1.3145694732666016,1.1446735858917236,1.1798300743103027,0.37939420342445374,0.3738495707511902,0.9327836036682129,1.0019077062606812,0.7404072284698486,-0.013433599844574928,2.4040327072143555,1.4980072975158691,-0.02558065764605999,-0.5020973682403564,0.7872689366340637
2,99,2.946692943572998,2.8774900436401367,2.985245704650879,2.33123517036438,2.5776491165161133,2.5898163318634033,2.687762498855591,1.7414112091064453,2.2066023349761963,1.9290539026260376,1.7531052827835083,1.772946834564209,0.7797968983650208,0.9015217423439026,1.5375641584396362,1.5919489860534668,0.7055525779724121,0.01505217980593443,2.9616119861602783,2.922321081161499,3.0267398357391357,2.5188839435577393,2.7208337783813477,2.643524169921875,2.731653928756714,1.977352261543274,2.447180986404419,1.949184536933899,1.7622301578521729,1.8026933670043945,0.7071829438209534,0.9313392639160156,1.5411955118179321,1.6135098934173584,0.606490969657898,0.058612726628780365,2.432722330093384,1.5578112602233887,0.1628047227859497,-0.639924168586731,0.8100822567939758
2,99,2.983107805252075,2.917898416519165,3.0166144371032715,2.339144468307495,2.592259168624878,2.6269373893737793,2.7210309505462646,1.747534155845642,2.1695096492767334,1.9015185832977295,1.7332154512405396,1.7498691082000732,0.7841277122497559,0.9061275124549866,1.5213308334350586,1.5750397443771362,0.7066534757614136,-0.019064314663410187,3.005216598510742,2.9680824279785156,3.0634188652038574,2.5200090408325195,2.7318115234375,2.6837925910949707,2.768609046936035,1.9691405296325684,2.422628879547119,1.923040747642517,1.7461422681808472,1.7829716205596924,0.7212609052658081,0.9405741691589355,1.5253181457519531,1.596123218536377,0.5943895578384399,0.04777388274669647,2.425187587738037,1.4884239435195923,0.09077341109514236,-0.6686534285545349,0.7935755848884583
2,99,2.8587896823883057,2.796565055847168,2.9050605297088623,2.2909529209136963,2.5307583808898926,2.5150980949401855,2.613476276397705,1.7137337923049927,2.168003797531128,1.7284715175628662,1.5543041229248047,1.5799366235733032,0.6307994723320007,0.7547214031219482,1.3458353281021118,1.4080278873443604,0.6577215194702148,0.017017917707562447,2.883145809173584,2.8515610694885254,2.9550979137420654,2.4879205226898193,2.6781420707702637,2.5791666507720947,2.6657021045684814,1.9522032737731934,2.4093689918518066,1.7506663799285889,1.5654574632644653,1.6126222610473633,0.5495186448097229,0.7908052802085876,1.3514965772628784,1.4325685501098633,0.5667445063591003,0.05339059233665466,2.3704755306243896,1.519757866859436,0.02342185750603676,-0.59804767370224,0.7918145656585693
2,99,2.754218816757202,2.6959714889526367,2.8050668239593506,2.2260468006134033,2.4632976055145264,2.4257946014404297,2.5239462852478027,1.6910932064056396,2.146667003631592,1.1027774810791016,0.9598391056060791,0.963607907295227,0.5863217711448669,0.25589683651924133,0.7679926156997681,0.8009843826293945,0.8963015079498291,0.012617798522114754,2.7942490577697754,2.769066572189331,2.8709022998809814,2.450841188430786,2.6291799545288086,2.5098400115966797,2.592911720275879,1.9548892974853516,2.4048197269439697,1.0378729104995728,0.8749855160713196,0.9122365117073059,0.44134119153022766,0.1680060625076294,0.6647054553031921,0.7318568229675293,0.8343421816825867,0.050899963825941086,2.4242615699768066,1.4635467529296875,0.22975343465805054,-0.5434383153915405,0.7306510806083679
2,99,2.9371695518493652,2.8804681301116943,2.9825403690338135,2.376068592071533,2.602384328842163,2.595643997192383,2.686272144317627,1.7933592796325684,2.247814178466797,1.7279788255691528,1.5610634088516235,1.5702552795410156,0.6714620590209961,0.7173266410827637,1.3558236360549927,1.3981940746307373,0.7046388983726501,0.002049448434263468,2.974069118499756,2.947554111480713,3.045684814453125,2.581526279449463,2.765505790710449,2.6716439723968506,2.7523584365844727,2.0406179428100586,2.5004544258117676,1.7464269399642944,1.5665324926376343,1.6001057624816895,0.5687931180000305,0.7450218796730042,1.3537310361862183,1.417378544807434,0.5906800627708435,0.04596953094005585,2.495842933654785,1.5637879371643066,0.03334331512451172,-0.6558555960655212,0.7919706106185913
2,99,2.9161922931671143,2.8680880069732666,2.9687318801879883,2.379047155380249,2.6030874252319336,2.5795862674713135,2.6700639724731445,1.8011250495910645,2.240243673324585,1.4879465103149414,1.3357322216033936,1.3352677822113037,0.5872110724449158,0.5168589949607849,1.130482792854309,1.1649054288864136,0.7308252453804016,0.012703308835625648,2.969675302505493,2.951979875564575,3.047358989715576,2.5981221199035645,2.777158737182617,2.6721136569976807,2.751485824584961,2.055833339691162,2.506395101547241,1.4827996492385864,1.31387460231781,1.3439363241195679,0.41587093472480774,0.5150110721588135,1.097241997718811,1.1589447259902954,0.6020106077194214,0.053026460111141205,2.5076797008514404,1.5407894849777222,0.04144604876637459,-0.6942228674888611,0.8289336562156677
2,99,2.7315828800201416,2.6977322101593018,2.7989227771759033,2.335611581802368,2.5207269191741943,2.4233996868133545,2.5089328289031982,1.8186085224151611,2.2550277709960938,0.6843739151954651,0.6053673624992371,0.5276458859443665,0.9613587856292725,0.5158885717391968,0.49192655086517334,0.4200064539909363,1.3639178276062012,-0.010995990596711636,2.8086113929748535,2.812469005584717,2.905329942703247,2.6133694648742676,2.7429606914520264,2.5527889728546143,2.622666120529175,2.143277406692505,2.5274088382720947,0.5445329546928406,0.43363431096076965,0.40285784006118774,0.9073957204818726,0.5164220929145813,0.29445159435272217,0.2459319680929184,1.3537765741348267,0.017780417576432228,2.6476945877075195,1.5400855541229248,0.28581222891807556,-0.6268861293792725,0.37323394417762756
2,99,2.242312431335449,2.1343562602996826,2.2474749088287354,1.5509945154190063,1.7997249364852905,1.8485677242279053,1.9577810764312744,1.0633615255355835,1.4598881006240845,0.6186481714248657,0.8582744002342224,0.7074117064476013,1.9455158710479736,1.5289911031723022,0.9917632341384888,0.8433231115341187,2.2994577884674072,0.0022332132793962955,2.128370761871338,2.0584821701049805,2.162874460220337,1.6595187187194824,1.8320119380950928,1.7715357542037964,1.8657280206680298,1.2077887058258057,1.5953972339630127,0.5908317565917969,0.8562781810760498,0.7454438209533691,2.009153127670288,1.6285462379455566,1.0149794816970825,0.8871434330940247,2.3810577392578125,0.03227425739169121,2.6905033588409424,1.055878758430481,0.41607865691185,-0.033367808908224106,-0.2329832911491394
2,99,1.1115267276763916,1.2481040954589844,1.3656895160675049,2.1338963508605957,2.057478904724121,1.2098816633224487,1.2555038928985596,2.4106690883636475,0.8121798038482666,0.7683212161064148,0.6658141613006592,0.5439081192016602,1.127436876296997,0.7137174606323242,0.567481517791748,0.46836334466934204,1.5238831043243408,-0.0569552443921566,1.1142152547836304,1.307990312576294,1.390973687171936,2.299011707305908,2.1773650646209717,1.2981369495391846,1.3108214139938354,2.579402446746826,0.8019376397132874,0.6039556860923767,0.4600847661495209,0.39687877893447876,1.074078917503357,0.7306098937988281,0.33471447229385376,0.264228492975235,1.516676425933838,-0.0054192026145756245,1.7174463272094727,0.8911080956459045,0.2571299970149994,-0.739093542098999,0.2800115942955017
2,99,0.9113309979438782,1.0076611042022705,1.129921793937683,2.007007598876953,1.834700345993042,1.0830941200256348,1.1073100566864014,2.4247629642486572,0.40118932723999023,0.5773673057556152,0.7945589423179626,0.6111644506454468,1.9588258266448975,1.483820915222168,0.9599507451057434,0.7893041968345642,2.404954433441162,-0.11830130219459534,0.8246707320213318,0.9667079448699951,1.0510902404785156,2.1040449142456055,1.873811960220337,1.1131882667541504,1.101266860961914,2.5680458545684814,0.21636714041233063,0.43537187576293945,0.668274998664856,0.5083671808242798,1.8943098783493042,1.4473137855529785,0.8643147945404053,0.7080119252204895,2.3677327632904053,-0.12105482071638107,1.330212950706482,1.205133080482483,0.4729822874069214,-0.33851158618927,-0.2618604898452759
2,99,1.070300817489624,1.2050052881240845,1.272835612297058,2.2441446781158447,2.0355660915374756,1.342315435409546,1.3280186653137207,2.6153273582458496,0.200661301612854,0.6886043548583984,0.9169301986694336,0.7605582475662231,2.0413055419921875,1.6012049913406372,1.086174488067627,0.9348733425140381,2.409019947052002,-0.17964361608028412,1.0760880708694458,1.233363151550293,1.265882968902588,2.347794532775879,2.0950546264648438,1.4165695905685425,1.3772971630096436,2.76023268699646,-0.012422130443155766,0.6119936108589172,0.841887891292572,0.708828866481781,2.005585193634033,1.5884668827056885,1.0351190567016602,0.8977175951004028,2.3990540504455566,-0.19689376652240753,1.2662607431411743,1.0636582374572754,0.4521141052246094,-0.4713886082172394,-0.3053523302078247
2,99,1.6713546514511108,1.863438606262207,1.893768548965454,3.12556529045105,2.9353954792022705,2.0819430351257324,2.0509696006774902,3.6129393577575684,-0.04209833964705467,1.3391759395599365,1.590839147567749,1.4711016416549683,2.8847293853759766,2.528221368789673,1.821968913078308,1.6948858499526978,3.3480021953582764,-0.33156317472457886,1.7891203165054321,1.9904329776763916,1.996129035949707,3.2827844619750977,3.0643773078918457,2.232046604156494,2.18493914604187,3.7925524711608887,-0.22745800018310547,1.353773593902588,1.5937364101409912,1.4903056621551514,2.9026830196380615,2.563006639480591,1.8451188802719116,1.7293882369995117,3.3960719108581543,-0.41943836212158203,1.327704906463623,0.862187385559082,0.4135423004627228,-0.7104249000549316,-0.5612615346908569
2,99,1.8373565673828125,2.0461039543151855,2.046029806137085,3.351327657699585,3.1023929119110107,2.283682107925415,2.2306125164031982,3.8118653297424316,-0.17081138491630554,1.439642071723938,1.6887235641479492,1.5684542655944824,3.0078482627868652,2.6220309734344482,1.9357936382293701,1.8033506870269775,3.4503979682922363,-0.4266054332256317,1.997471809387207,2.2158052921295166,2.1900644302368164,3.5458147525787354,3.2668564319610596,2.471796751022339,2.401191234588623,4.023641586303711,-0.3674209415912628,1.5215760469436646,1.75883150100708,1.6553045511245728,3.0887820720672607,2.7206945419311523,2.023765802383423,1.9030898809432983,3.5598621368408203,-0.5320250391960144,1.2604594230651855,0.6276724934577942,0.2812049984931946,-0.7926596403121948,-0.6068009734153748
2,99,1.2769721746444702,1.415593147277832,1.4738444089889526,2.67777681350708,2.56022310256958,1.6933180093765259,1.691064476966858,3.2888479232788086,-0.35165101289749146,0.8421507477760315,1.0091904401779175,0.876776933670044,2.216665267944336,1.924965500831604,1.2847217321395874,1.1676186323165894,2.8137593269348145,-0.536274790763855,1.440354585647583,1.6009937524795532,1.6217414140701294,2.8948326110839844,2.741345167160034,1.9009716510772705,1.872848629951477,3.5243406295776367,-0.5417041778564453,0.9233373999595642,1.0672581195831299,0.9781543612480164,2.3005177974700928,2.042717695236206,1.380508542060852,1.2876852750778198,2.940984010696411,-0.6756921410560608,1.269684910774231,0.4535559415817261,0.13045424222946167,-0.732575535774231,-0.49047327041625977
2,99,1.1986140012741089,0.9206533432006836,1.0571197271347046,0.6742547750473022,0.8082104921340942,0.9425098896026611,1.0577160120010376,1.4307782649993896,-0.46060654520988464,1.2578225135803223,1.0503922700881958,1.0208169221878052,0.8070917725563049,0.5330288410186768,1.0622787475585938,1.0510698556900024,1.42554771900177,-0.5843542814254761,1.1115844249725342,0.8384345173835754,0.9355959296226501,0.7542857527732849,0.7511813640594482,0.9162082076072693,0.99246746301651,1.532493233680725,-0.6071227192878723,1.2699229717254639,1.0377817153930664,1.040107011795044,0.7871532440185547,0.605079710483551,1.0806070566177368,1.0925586223602295,1.4854187965393066,-0.6891432404518127,0.8897595405578613,0.19762229919433594,-0.0030426972080022097,-0.18320158123970032,0.2047058790922165
2,99,1.4114274978637695,1.130592942237854,1.2359849214553833,0.5991640686988831,0.8044784665107727,1.1419578790664673,1.2280902862548828,1.3989964723587036,-0.5796138048171997,1.7041209936141968,1.4821537733078003,1.4639780521392822,0.7637141346931458,0.642304539680481,1.4352980852127075,1.4303209781646729,1.2728809118270874,-0.5987284183502197,1.3669495582580566,1.094579815864563,1.1662929058074951,0.6562272906303406,0.746839165687561,1.134399175643921,1.190647840499878,1.4687623977661133,-0.6919565796852112,1.726541519165039,1.4827396869659424,1.4934715032577515,0.7374813556671143,0.719362199306488,1.457972526550293,1.4746925830841064,1.3350591659545898,-0.7042408585548401,0.8673240542411804,0.07664107531309128,-0.08154918998479843,-0.05200148746371269,0.28895634412765503
2,99,1.3947880268096924,1.113037109375,1.2125260829925537,0.5593237280845642,0.7917649745941162,1.1235394477844238,1.2020258903503418,1.3806995153427124,-0.5413916110992432,1.862304925918579,1.6365457773208618,1.6129860877990723,0.8021684288978577,0.6991934776306152,1.5757874250411987,1.5644885301589966,1.2143399715423584,-0.5546600818634033,1.3413372039794922,1.0663474798202515,1.1319575309753418,0.6059556603431702,0.7261955142021179,1.1061980724334717,1.1551882028579712,1.4440032243728638,-0.6463760733604431,1.8687716722488403,1.622586727142334,1.6268460750579834,0.7496767640113831,0.7504963278770447,1.5785188674926758,1.5886026620864868,1.2560901641845703,-0.6370587944984436,0.9579479694366455,0.07017696648836136,-0.08300121128559113,-0.017705393955111504,0.26677384972572327
2,99,1.6303586959838867,1.3539475202560425,1.4287517070770264,0.5299089550971985,0.7712033987045288,1.3274668455123901,1.3869562149047852,1.2545686960220337,-0.5271792411804199,2.1061835289001465,1.8821266889572144,1.856467366218567,0.9507161974906921,0.8648927807807922,1.7988066673278809,1.7847530841827393,1.1801146268844604,-0.5199117660522461,1.5950002670288086,1.3250248432159424,1.371229648590088,0.5491266846656799,0.6877460479736328,1.3157278299331665,1.3512907028198242,1.2947778701782227,-0.6164760589599609,2.1283910274505615,1.887784719467163,1.884672999382019,0.9137727618217468,0.9071786999702454,1.8136415481567383,1.816933512687683,1.1991665363311768,-0.5727464556694031,0.9234939813613892,0.04573317617177963,-0.10732519626617432,0.09867319464683533,0.32965558767318726
2,99,1.4631373882293701,1.1905561685562134,1.2846442461013794,0.48074066638946533,0.7235041260719299,1.168508529663086,1.249267816543579,1.2502440214157104,-0.48890745639801025,1.6837807893753052,1.4703888893127441,1.4440029859542847,0.7022448182106018,0.5575801730155945,1.4032038450241089,1.3956844806671143,1.1389487981796265,-0.49497461318969727,1.4133508205413818,1.1468749046325684,1.208470106124878,0.5194196701049805,0.636798620223999,1.1500605344772339,1.2035843133926392,1.3056162595748901,-0.5901150703430176,1.6912461519241333,1.4579428434371948,1.4570574760437012,0.6384947896003723,0.5940827131271362,1.4061280488967896,1.4179877042770386,1.1657434701919556,-0.5636118054389954,0.8120143413543701,0.06821177899837494,-0.0751955658197403,0.020254796370863914,0.42475882172584534
2,99,1.7014918327331543,1.429885983467102,1.5114957094192505,0.48828357458114624,0.7760113477706909,1.3638794422149658,1.438204050064087,1.166641116142273,-0.44261786341667175,1.9509007930755615,1.733814001083374,1.707440733909607,0.8115826845169067,0.7089799046516418,1.6316341161727905,1.6253193616867065,1.085214614868164,-0.45402297377586365,1.661180853843689,1.393768548965454,1.447106122970581,0.48639988899230957,0.6682087182998657,1.3448736667633057,1.3964920043945312,1.2014318704605103,-0.5385168194770813,1.9687947034835815,1.736573576927185,1.7295873165130615,0.7631338834762573,0.7372353076934814,1.6425764560699463,1.651308536529541,1.0921765565872192,-0.4994152784347534,0.8479612469673157,0.06136990711092949,-0.05120713263750076,0.16124744713306427,0.46749046444892883
2,99,2.3456029891967773,2.084176778793335,2.1289002895355225,1.0259026288986206,1.1569589376449585,1.9876147508621216,2.025308609008789,1.1220508813858032,-0.38866251707077026,2.598815679550171,2.3811376094818115,2.341484308242798,1.3720083236694336,1.246384620666504,2.2627336978912354,2.2397286891937256,1.2237958908081055,-0.40887951850891113,2.378645896911621,2.1232593059539795,2.1462759971618652,1.063344955444336,1.1260710954666138,2.0278472900390625,2.0499789714813232,1.1335370540618896,-0.4476805031299591,2.6793341636657715,2.4511618614196777,2.4281489849090576,1.408940315246582,1.3322654962539673,2.3332812786102295,2.322340250015259,1.244377851486206,-0.4133853018283844,0.8479925990104675,0.071044921875,-0.04672907665371895,0.3048747777938843,0.4162031412124634
2,99,2.5348708629608154,2.290205478668213,2.3294832706451416,1.2278074026107788,1.3295488357543945,2.1669554710388184,2.202239990234375,1.1219301223754883,-0.29499712586402893,2.697777032852173,2.494231700897217,2.455087661743164,1.4898583889007568,1.3638211488723755,2.3552606105804443,2.3335764408111572,1.2278553247451782,-0.31589245796203613,2.575756549835205,2.3394668102264404,2.358628034591675,1.2730047702789307,1.3148115873336792,2.21061635017395,2.2313547134399414,1.1103417873382568,-0.3028154969215393,2.769519090652466,2.5573103427886963,2.534663200378418,1.519720435142517,1.4410475492477417,2.4143404960632324,2.404585838317871,1.2196604013442993,-0.27948519587516785,0.8081600666046143,0.041849177330732346,-0.08474261313676834,0.35163822770118713,0.4436357021331787
2,99,2.723383665084839,2.4770631790161133,2.52702260017395,1.3205745220184326,1.4682056903839111,2.307001829147339,2.354055643081665,1.0399974584579468,-0.15849563479423523,2.8853211402893066,2.675004243850708,2.6480398178100586,1.5752519369125366,1.4967221021652222,2.4976487159729004,2.4882090091705322,1.1654106378555298,-0.19893591105937958,2.7508084774017334,2.5126986503601074,2.5433895587921143,1.349242925643921,1.4408965110778809,2.3358123302459717,2.3688244819641113,0.9983829855918884,-0.1444873958826065,2.9106504917144775,2.6940202713012695,2.6825456619262695,1.563348650932312,1.5305038690567017,2.5094544887542725,2.5114095211029053,1.1077520847320557,-0.1360086053609848,0.8538358807563782,0.018887434154748917,-0.11359163373708725,0.4882682263851166,0.495975524187088
2,99,2.7304129600524902,2.4855782985687256,2.535301446914673,1.2996000051498413,1.4624919891357422,2.300948143005371,2.351713180541992,0.9580657482147217,-0.053916703909635544,2.8110079765319824,2.595376491546631,2.5749518871307373,1.472414493560791,1.4256079196929932,2.4119582176208496,2.4100379943847656,1.0830018520355225,-0.16577774286270142,2.74727201461792,2.510779619216919,2.54152774810791,1.3233635425567627,1.4309005737304688,2.31968355178833,2.356252431869507,0.91958087682724,-0.04391653835773468,2.806161642074585,2.585317373275757,2.5790822505950928,1.4345147609710693,1.4302761554718018,2.3951594829559326,2.40386700630188,1.0074557065963745,-0.10255417972803116,0.7429682612419128,-0.06858108937740326,-0.1388082206249237,0.6358838677406311,0.560252845287323
2,99,2.6252472400665283,2.39648175239563,2.443417549133301,1.2509119510650635,1.4152770042419434,2.2079265117645264,2.258058547973633,0.9176443219184875,-0.03485270217061043,2.7219502925872803,2.5226590633392334,2.4995710849761963,1.4389773607254028,1.388155221939087,2.333498239517212,2.330453872680664,1.0186004638671875,-0.12996071577072144,2.641031265258789,2.4209160804748535,2.44897723197937,1.272883415222168,1.3805607557296753,2.224630117416382,2.260449171066284,0.8627395629882812,-0.01641755923628807,2.7437915802001953,2.539933681488037,2.530688524246216,1.4281443357467651,1.4202194213867188,2.3428642749786377,2.350234031677246,0.9619103670120239,-0.060506671667099,0.7542716860771179,-0.06796614825725555,-0.16844548285007477,0.6360945105552673,0.6013913750648499
2,99,2.536860466003418,2.3150687217712402,2.360147714614868,1.1536977291107178,1.3136184215545654,2.106858015060425,2.1531715393066406,0.836937427520752,-0.03285440430045128,2.666851043701172,2.4763028621673584,2.4461755752563477,1.385610818862915,1.3062396049499512,2.2683916091918945,2.257566213607788,0.973396360874176,-0.1397537887096405,2.5438966751098633,2.330698013305664,2.355708599090576,1.167149305343628,1.2642319202423096,2.1155917644500732,2.146613836288452,0.7771992087364197,-0.02617349848151207,2.6964454650878906,2.500993013381958,2.4855659008026123,1.3788312673568726,1.3459829092025757,2.2845427989959717,2.2846765518188477,0.9104059934616089,-0.06970278918743134,0.7684846520423889,-0.08239847421646118,-0.19024784862995148,0.6890773773193359,0.6663134098052979
2,99,2.752485513687134,2.532322883605957,2.5666699409484863,1.3792681694030762,1.4759067296981812,2.3237736225128174,2.353902578353882,0.9636510610580444,-0.04215690866112709,2.7788076400756836,2.589116334915161,2.5536227226257324,1.4992470741271973,1.3877630233764648,2.379810333251953,2.358133554458618,1.037662148475647,-0.12326749414205551,2.770606279373169,2.558633804321289,2.5732474327087402,1.4062634706497192,1.4442963600158691,2.3451621532440186,2.360614061355591,0.9355781674385071,-0.043500348925590515,2.8020358085632324,2.605801820755005,2.586691379547119,1.4853975772857666,1.422561526298523,2.390103578567505,2.3804545402526855,0.9804113507270813,-0.06631231307983398,0.7336596846580505,-0.061852335929870605,-0.12152489274740219,0.60006183385849,0.6057390570640564
2,99,2.739950180053711,2.5128254890441895,2.551492691040039,1.3585506677627563,1.480201244354248,2.3129072189331055,2.351344108581543,0.973962128162384,-0.03220444545149803,2.785923719406128,2.588034152984619,2.5571582317352295,1.4962810277938843,1.4114841222763062,2.3887860774993896,2.3753433227539062,1.0690990686416626,-0.12278881669044495,2.7536332607269287,2.534212589263916,2.553680419921875,1.3805148601531982,1.4458364248275757,2.3298492431640625,2.353938341140747,0.9467631578445435,-0.03449391946196556,2.8092734813690186,2.6055257320404053,2.589632749557495,1.4856417179107666,1.4454694986343384,2.400225877761841,2.397834539413452,1.0191408395767212,-0.06851905584335327,0.7281303405761719,-0.061373960226774216,-0.13944105803966522,0.5767900347709656,0.582825243473053
2,99,2.592752695083618,2.3755898475646973,2.421685218811035,1.2347685098648071,1.3996347188949585,2.171356201171875,2.2215538024902344,0.8763022422790527,-0.024710100144147873,2.654132604598999,2.4666717052459717,2.442143201828003,1.3951714038848877,1.344267725944519,2.265397071838379,2.2621519565582275,0.9851099848747253,-0.141899973154068,2.60727596282959,2.39837646484375,2.426877021789551,1.2572455406188965,1.369789958000183,2.187337636947632,2.224209785461426,0.8306072950363159,-0.010274441912770271,2.6865153312683105,2.493882179260254,2.4846932888031006,1.3906021118164062,1.38743257522583,2.283548355102539,2.2917919158935547,0.9240656495094299,-0.06534845381975174,0.7286587357521057,-0.09353949129581451,-0.19960203766822815,0.6561447381973267,0.6465966105461121
2,99,2.3225975036621094,2.1100871562957764,2.1448755264282227,0.9775902628898621,1.0909439325332642,1.9002689123153687,1.9300248622894287,0.738869309425354,-0.024181855842471123,2.6415441036224365,2.4608516693115234,2.422283887863159,1.3869346380233765,1.2578706741333008,2.2449185848236084,2.218674898147583,0.9305161833763123,-0.09874030947685242,2.3178632259368896,2.116062641143799,2.1268556118011475,0.9836089015007019,1.0156331062316895,1.8980387449264526,1.909354329109192,0.6630606055259705,-0.018756892532110214,2.6490368843078613,2.462195634841919,2.438753843307495,1.361088514328003,1.2779581546783447,2.2412312030792236,2.226372718811035,0.8724347949028015,-0.04967391490936279,0.7493800520896912,-0.08076049387454987,-0.18533369898796082,0.7629823088645935,0.6877248883247375
2,99,2.4608547687530518,2.2442800998687744,2.2779061794281006,1.0682064294815063,1.1886541843414307,2.0180256366729736,2.0503900051116943,0.7233450412750244,0.042377885431051254,2.709944009780884,2.5182840824127197,2.484398126602173,1.405936598777771,1.300822377204895,2.2959582805633545,2.2770349979400635,0.9368587136268616,-0.07717645168304443,2.445053815841675,2.2365126609802246,2.2502949237823486,1.0629390478134155,1.1164742708206177,2.0050644874572754,2.022167444229126,0.6582109332084656,0.04050542041659355,2.724421501159668,2.526508092880249,2.5081989765167236,1.3843647241592407,1.3286443948745728,2.299166202545166,2.2919156551361084,0.882284939289093,-0.02987666428089142,0.7141476273536682,-0.07459057867527008,-0.15177370607852936,0.7497459650039673,0.6959302425384521
2,99,2.241879463195801,2.0204412937164307,2.0548622608184814,0.8340903520584106,0.9734302163124084,1.79624342918396,1.827430248260498,0.6560158729553223,0.03390070050954819,2.5408194065093994,2.3468804359436035,2.303920030593872,1.2417186498641968,1.0944725275039673,2.1305387020111084,2.10231614112854,0.8664117455482483,-0.11596790701150894,2.1926538944244385,1.9772541522979736,1.9926514625549316,0.7891095876693726,0.8595827221870422,1.7510548830032349,1.7674646377563477,0.6027689576148987,0.010170591995120049,2.537810802459717,2.3372015953063965,2.310896396636963,1.1943905353546143,1.102713942527771,2.114166736602783,2.0984156131744385,0.7799665927886963,-0.06239417940378189,0.7694771885871887,-0.05261204391717911,-0.16463406383991241,0.7858104109764099,0.7493270039558411
2,99,2.5881919860839844,2.361142158508301,2.388819456100464,1.184638500213623,1.2704249620437622,2.1522555351257324,2.1780407428741455,0.8211297988891602,0.00931267999112606,2.8423678874969482,2.641495943069458,2.605715036392212,1.5181628465652466,1.4020127058029175,2.4323463439941406,2.410203456878662,1.0244219303131104,-0.0899767354130745,2.6145989894866943,2.3970787525177,2.403738260269165,1.2235182523727417,1.2404530048370361,2.1816465854644775,2.1913576126098633,0.7774627208709717,0.015291417948901653,2.8490161895751953,2.6429331302642822,2.6221983432769775,1.4941506385803223,1.4234720468521118,2.427196741104126,2.41618275642395,0.963284432888031,-0.02226969413459301,0.6990312337875366,-0.013866175897419453,-0.1135895624756813,0.6735228896141052,0.6059948205947876
2,99,2.2841074466705322,2.048485279083252,2.1101086139678955,0.905238151550293,1.1394541263580322,1.8709768056869507,1.9367142915725708,0.7676195502281189,-0.02835974656045437,2.571664571762085,2.3701016902923584,2.3472023010253906,1.2919719219207764,1.2598170042037964,2.19126558303833,2.1939258575439453,0.9569308757781982,-0.1811760812997818,2.3109800815582275,2.082653045654297,2.1227691173553467,0.9270530939102173,1.0964617729187012,1.9000827074050903,1.9499629735946655,0.7103386521339417,-0.049212805926799774,2.616914987564087,2.4074313640594482,2.4037914276123047,1.2877191305160522,1.3166577816009521,2.221022367477417,2.238185167312622,0.8969227075576782,-0.10814081877470016,0.8559879064559937,0.10377465933561325,-0.06397398561239243,0.6833827495574951,0.6654019355773926
2,99,2.0294013023376465,1.7853535413742065,1.8539245128631592,0.6332685351371765,0.9178226590156555,1.6164324283599854,1.6878644227981567,0.7333794832229614,-0.025059562176465988,2.503648042678833,2.2939093112945557,2.2715790271759033,1.2102528810501099,1.1808842420578003,2.1240625381469727,2.1273765563964844,0.9333613514900208,-0.19111734628677368,2.02614164352417,1.7891920804977417,1.8354685306549072,0.6158031821250916,0.8303977251052856,1.6143977642059326,1.669323205947876,0.6506498456001282,-0.04120533913373947,2.5245604515075684,2.307652235031128,2.3030848503112793,1.1810178756713867,1.2099837064743042,2.129700183868408,2.1467723846435547,0.8573049306869507,-0.12003903090953827,0.9366534948348999,0.17957377433776855,-0.09076495468616486,0.6567919850349426,0.676989734172821
2,99,2.0723211765289307,1.841249704360962,1.8982887268066406,0.6910189390182495,0.9354437589645386,1.6584032773971558,1.7215099334716797,0.7592229843139648,-0.07874058187007904,2.3882319927215576,2.1888582706451416,2.1691949367523193,1.1388118267059326,1.1005181074142456,2.0096275806427,2.013141393661499,0.956440806388855,-0.2641814351081848,2.0404772758483887,1.8192557096481323,1.8543803691864014,0.6668726205825806,0.8322578072547913,1.6277011632919312,1.6737523078918457,0.672199010848999,-0.07576867192983627,2.408162832260132,2.2016096115112305,2.1978437900543213,1.1063469648361206,1.124825358390808,2.0152740478515625,2.031311511993408,0.8868871927261353,-0.20123155415058136,0.7768096923828125,0.09432889521121979,-0.08847815543413162,0.6234061121940613,0.6182152628898621
2,99,2.264418601989746,2.016522169113159,2.0905020236968994,0.802017092704773,1.1162079572677612,1.8221384286880493,1.9102318286895752,0.8031774163246155,-0.018594197928905487,2.562152147293091,2.3419151306152344,2.3436973094940186,1.223724126815796,1.2647335529327393,2.1536712646484375,2.180060625076294,1.0188003778457642,-0.21860581636428833,2.2164862155914307,1.9786425828933716,2.030637502670288,0.7603391408920288,0.9973016977310181,1.7744677066802979,1.8438135385513306,0.6867563724517822,-0.008953070268034935,2.5875120162963867,2.36122727394104,2.3784260749816895,1.1966344118118286,1.2975233793258667,2.164435625076294,2.204110860824585,0.9465639591217041,-0.1384517401456833,0.8164637088775635,0.13107730448246002,-0.08221082389354706,0.6330617666244507,0.6132919788360596
2,99,1.363723635673523,1.1199699640274048,1.223097324371338,0.22390978038311005,0.5969883799552917,0.9671674966812134,1.0764565467834473,0.9819309711456299,-0.04569712281227112,2.155789375305176,1.9593631029129028,1.9388447999954224,0.9708918929100037,0.9226870536804199,1.7918171882629395,1.800063133239746,0.9130285978317261,-0.2713521718978882,1.2672145366668701,1.0358381271362305,1.1018179655075073,0.13503003120422363,0.3662901222705841,0.8668319582939148,0.9459684491157532,0.9337587356567383,-0.05787656083703041,2.1029579639434814,1.8958512544631958,1.8986914157867432,0.8303661346435547,0.8699415326118469,1.7170881032943726,1.7449150085449219,0.7686522603034973,-0.1760830581188202,1.1589195728302002,0.24132661521434784,-0.2513143718242645,0.39536336064338684,0.6943817734718323
2,99,1.4769617319107056,1.2422728538513184,1.336869716644287,0.21654529869556427,0.6311502456665039,1.0797936916351318,1.1826695203781128,0.9164977073669434,-0.04850924015045166,2.1305298805236816,1.9374971389770508,1.9231566190719604,0.9534946084022522,0.926171064376831,1.7685893774032593,1.7811623811721802,0.9245405793190002,-0.2825009822845459,1.399123191833496,1.1755837202072144,1.2378612756729126,0.06043539568781853,0.41843700408935547,1.0002485513687134,1.0765019655227661,0.8546191453933716,-0.06463631987571716,2.116225481033325,1.9145808219909668,1.919517159461975,0.8645093441009521,0.9141005873680115,1.7356301546096802,1.76461660861969,0.8167267441749573,-0.20129695534706116,1.0332112312316895,0.24625225365161896,-0.19518126547336578,0.4746583104133606,0.6542866230010986
2,99,2.4992763996124268,2.2564241886138916,2.3155834674835205,1.0428193807601929,1.300247073173523,2.0629661083221436,2.1368207931518555,0.9374208450317383,-0.0904587134718895,2.782017946243286,2.568293333053589,2.55767822265625,1.4384562969207764,1.4530174732208252,2.3742852210998535,2.389443874359131,1.1458518505096436,-0.27768537402153015,2.5146095752716064,2.2801220417022705,2.3189899921417236,1.065375804901123,1.253580093383789,2.07932186126709,2.136077404022217,0.8744559288024902,-0.10339143872261047,2.8602797985076904,2.640676736831665,2.6448702812194824,1.4707509279251099,1.5383949279785156,2.4389841556549072,2.46658992767334,1.1264865398406982,-0.1997145116329193,0.828140139579773,0.1914418637752533,-0.2792515456676483,0.49031370878219604,0.596267580986023
2,99,2.177475690841675,1.9343328475952148,2.0011720657348633,0.6909081935882568,1.0068411827087402,1.7259540557861328,1.8072937726974487,0.7654460668563843,-0.03430882468819618,2.658416509628296,2.440697193145752,2.4363763332366943,1.2867764234542847,1.3200740814208984,2.236431837081909,2.260082960128784,1.016737699508667,-0.23371930420398712,2.140059471130371,1.9060757160186768,1.9496099948883057,0.6621461510658264,0.8867264986038208,1.6895828247070312,1.7517882585525513,0.6673815250396729,-0.043805669993162155,2.6824567317962646,2.4600448608398438,2.470618963241577,1.2630689144134521,1.3535776138305664,2.245624303817749,2.2813854217529297,0.9428967833518982,-0.14262273907661438,0.8747926950454712,0.17637667059898376,-0.3297364115715027,0.6286274790763855,0.6510825157165527
2,99,2.508241891860962,2.2495040893554688,2.3110153675079346,0.9770511984825134,1.2544543743133545,2.0493123531341553,2.127387285232544,0.8429027795791626,0.014759098179638386,2.768080949783325,2.5328621864318848,2.5324039459228516,1.3479183912277222,1.3874284029006958,2.3361551761627197,2.360611915588379,1.0544939041137695,-0.16912220418453217,2.489201307296753,2.2397186756134033,2.2803590297698975,0.9728468060493469,1.170659065246582,2.0310146808624268,2.090707302093506,0.7477511167526245,0.014839363284409046,2.788144111633301,2.548081398010254,2.561851978302002,1.3234294652938843,1.4175435304641724,2.343244791030884,2.379868268966675,0.9855297803878784,-0.08042800426483154,0.766778826713562,0.20972278714179993,-0.30418840050697327,0.5493906736373901,0.6202260851860046
2,99,2.5377109050750732,2.30070161819458,2.3542771339416504,1.0752065181732178,1.3170911073684692,2.0889174938201904,2.1540350914001465,0.8501130938529968,-0.011532177217304707,2.638139009475708,2.4226295948028564,2.4196951389312744,1.2836018800735474,1.3101733922958374,2.21586275100708,2.2379214763641357,0.9778026342391968,-0.16920863091945648,2.5226454734802246,2.295069932937622,2.330214500427246,1.080126404762268,1.2523401975631714,2.0743651390075684,2.1250782012939453,0.7693140506744385,0.0038789466489106417,2.664734363555908,2.444786310195923,2.45735239982605,1.2653181552886963,1.3515284061431885,2.2282021045684814,2.2618660926818848,0.9072504043579102,-0.0747019425034523,0.634758472442627,0.1256096065044403,-0.36978912353515625,0.541564404964447,0.6893889904022217
3,99,1.341006875038147,1.4794923067092896,1.5029352903366089,1.91079580783844,1.809914469718933,1.3163847923278809,1.3154151439666748,1.8030204772949219,1.2953708171844482,2.365615129470825,2.482285261154175,2.4414331912994385,2.5462512969970703,2.4008357524871826,2.234174966812134,2.193584680557251,2.002701759338379,2.2370707988739014,1.3263576030731201,1.5027340650558472,1.5039032697677612,2.089233636856079,1.942087173461914,1.3981428146362305,1.372213363647461,2.0637030601501465,1.205132246017456,2.6062748432159424,2.7497692108154297,2.7126340866088867,2.9334309101104736,2.7889719009399414,2.5274643898010254,2.485997438430786,2.4441332817077637,2.5484986305236816,1.4593788385391235,1.47240149974823,1.5259464979171753,-0.36333709955215454,-0.7780218124389648
3,99,1.4389325380325317,1.5493853092193604,1.5840730667114258,1.8845354318618774,1.7911992073059082,1.3625668287277222,1.3728313446044922,1.6758440732955933,1.4016811847686768,2.3176255226135254,2.440249443054199,2.4101150035858154,2.597078800201416,2.44941782951355,2.2139811515808105,2.1781041622161865,2.1025044918060303,2.2577335834503174,1.4497458934783936,1.5988879203796387,1.6130262613296509,2.0867979526519775,1.943214774131775,1.4619834423065186,1.446461796760559,1.9490716457366943,1.3682034015655518,2.5760326385498047,2.723184108734131,2.691115379333496,2.9869184494018555,2.8274123668670654,2.5247299671173096,2.4827301502227783,2.5397861003875732,2.519152879714966,1.2054483890533447,1.4671363830566406,1.5262670516967773,-0.3926731050014496,-0.8349446058273315
3,99,1.5709596872329712,1.8123838901519775,1.7748571634292603,2.729236602783203,2.4947707653045654,1.8398165702819824,1.7736525535583496,2.8105082511901855,0.8762599229812622,2.4676265716552734,2.614710569381714,2.5802159309387207,2.847165822982788,2.6907501220703125,2.375178575515747,2.336177349090576,2.3173115253448486,2.4062342643737793,1.7665375471115112,2.0103588104248047,1.9645872116088867,2.963151216506958,2.716876983642578,2.064772844314575,1.9925434589385986,3.070906400680542,0.8169293403625488,2.7550623416900635,2.9252116680145264,2.8920445442199707,3.2549407482147217,3.096125602722168,2.712170124053955,2.670764923095703,2.765545129776001,2.6832664012908936,2.0907652378082275,1.5912294387817383,1.6481057405471802,-0.47473180294036865,-0.866387665271759
3,99,1.598040223121643,1.8473362922668457,1.7941738367080688,2.8534271717071533,2.572111129760742,1.9230197668075562,1.839005470275879,3.0049679279327393,0.7165995240211487,2.4829161167144775,2.6386935710906982,2.5969207286834717,2.9121007919311523,2.728715181350708,2.3993759155273438,2.3474555015563965,2.4016644954681396,2.4117398262023926,1.7616908550262451,2.0062685012817383,1.942347526550293,3.067030191421509,2.7689406871795654,2.1335175037384033,2.042834758758545,3.2872660160064697,0.4659419059753418,2.7730231285095215,2.9535460472106934,2.910353899002075,3.3315083980560303,3.140077829360962,2.7448360919952393,2.6881892681121826,2.864197015762329,2.6765377521514893,2.2577857971191406,1.597426414489746,1.7437653541564941,-0.4741041660308838,-0.8210268020629883
3,99,1.5921581983566284,1.8334519863128662,1.7864540815353394,2.785470962524414,2.5169904232025146,1.8803220987319946,1.8015450239181519,2.8864920139312744,0.8326874375343323,2.355868339538574,2.5135507583618164,2.4702064990997314,2.856231689453125,2.659843683242798,2.303928852081299,2.2474818229675293,2.3969175815582275,2.2859084606170654,1.7643240690231323,2.0070033073425293,1.9511529207229614,3.0056021213531494,2.7234432697296143,2.091137409210205,2.0063581466674805,3.1532371044158936,0.6885371208190918,2.6308653354644775,2.809976816177368,2.7676801681518555,3.244673490524292,3.0453433990478516,2.6290111541748047,2.5703341960906982,2.82458233833313,2.514481782913208,1.9136477708816528,1.5913270711898804,1.6933876276016235,-0.49445828795433044,-0.8129257559776306
3,99,1.486563801765442,1.719156265258789,1.6750661134719849,2.6216251850128174,2.336790084838867,1.7498910427093506,1.6705760955810547,2.6709086894989014,0.8686636090278625,2.3027899265289307,2.4822404384613037,2.434934139251709,2.9339442253112793,2.7035772800445557,2.3143677711486816,2.250617265701294,2.547684669494629,2.1890206336975098,1.6934492588043213,1.9295209646224976,1.8764957189559937,2.872713327407837,2.575000762939453,1.9903161525726318,1.9044407606124878,2.9510979652404785,0.806533694267273,2.5889065265655518,2.783470869064331,2.738368272781372,3.30775785446167,3.077031373977661,2.6424405574798584,2.577911853790283,2.953799247741699,2.385861873626709,1.5561689138412476,1.4728211164474487,1.637320876121521,-0.5476608872413635,-0.835177481174469
3,99,1.2990931272506714,1.465208649635315,1.4601714611053467,2.0720407962799072,1.83268141746521,1.3826898336410522,1.3338513374328613,1.9364311695098877,1.1530141830444336,2.1140530109405518,2.274228096008301,2.234232187271118,2.6922736167907715,2.4539055824279785,2.128079652786255,2.06453800201416,2.3178553581237793,2.0046958923339844,1.3549681901931763,1.5455573797225952,1.5186874866485596,2.2509891986846924,1.9704763889312744,1.509032130241394,1.4381641149520874,2.1681089401245117,1.0607781410217285,2.3804805278778076,2.553053140640259,2.5141870975494385,3.0308892726898193,2.7897937297821045,2.4294092655181885,2.363762140274048,2.682673931121826,2.1915218830108643,1.0295710563659668,1.3373080492019653,1.4629539251327515,-0.5912294983863831,-0.8440059423446655
3,99,1.4461158514022827,1.6676334142684937,1.619767189025879,2.534287214279175,2.2448248863220215,1.7067797183990479,1.6214057207107544,2.539017915725708,0.7980673313140869,1.7842016220092773,1.9684494733810425,1.9386342763900757,2.540114641189575,2.310976028442383,1.855373740196228,1.7941538095474243,2.2660911083221436,1.6239484548568726,1.6033116579055786,1.8272678852081299,1.7712030410766602,2.7281367778778076,2.4264206886291504,1.8924205303192139,1.801342248916626,2.760999917984009,0.7237215042114258,1.9323360919952393,2.124835252761841,2.0999066829681396,2.755713939666748,2.5301966667175293,2.040553569793701,1.981213092803955,2.5206665992736816,1.658408761024475,0.9680731892585754,1.4103635549545288,1.4441860914230347,-0.557762086391449,-0.7463070154190063
3,99,1.7772464752197266,1.9965739250183105,1.981734037399292,2.8169615268707275,2.621842622756958,1.975277304649353,1.92472243309021,2.819371461868286,1.2768183946609497,2.4698359966278076,2.639954090118408,2.612353801727295,3.0484724044799805,2.880063772201538,2.451411247253418,2.4027810096740723,2.647186279296875,2.3743934631347656,1.893141508102417,2.1269519329071045,2.092120885848999,3.0281834602355957,2.800811767578125,2.1523613929748535,2.0856740474700928,3.0913898944854736,1.1085048913955688,2.769073486328125,2.953803777694702,2.9311275482177734,3.438377857208252,3.274919033050537,2.7933573722839355,2.7467384338378906,3.07460355758667,2.59598970413208,1.4230146408081055,1.6190613508224487,1.7357919216156006,-0.6185047626495361,-0.8271633982658386
3,99,1.3740675449371338,1.5958398580551147,1.5592418909072876,2.4293887615203857,2.162696599960327,1.5999505519866943,1.5219714641571045,2.4739606380462646,0.9055755734443665,2.218611240386963,2.370810031890869,2.352566719055176,2.70546555519104,2.5341601371765137,2.1694695949554443,2.124204397201538,2.275625705718994,2.1695542335510254,1.5394494533538818,1.7666624784469604,1.7196873426437378,2.643773078918457,2.361990213394165,1.8015122413635254,1.716320276260376,2.716952323913574,0.8537691235542297,2.4286515712738037,2.59516978263855,2.581735134124756,3.006014108657837,2.837738037109375,2.4208197593688965,2.3765037059783936,2.617830991744995,2.338423490524292,1.504577398300171,1.5925512313842773,1.662064790725708,-0.4198058843612671,-0.7591166496276855
3,99,1.6953376531600952,1.9223917722702026,1.9025300741195679,2.7855772972106934,2.5848023891448975,1.924588918685913,1.8677295446395874,2.8388185501098633,1.1320445537567139,2.3142991065979004,2.4929373264312744,2.468698263168335,2.9494948387145996,2.784945487976074,2.3182425498962402,2.2680864334106445,2.6071178913116455,2.2120110988616943,1.779122233390808,2.0173680782318115,1.9781079292297363,2.966466188430786,2.7339484691619873,2.0745458602905273,2.002762794494629,3.095716714859009,0.8889017105102539,2.568483591079712,2.759474992752075,2.742138385772705,3.288789749145508,3.132504463195801,2.614170789718628,2.567894220352173,2.9862072467803955,2.3797807693481445,1.343977689743042,1.6596500873565674,1.7047460079193115,-0.5495272278785706,-0.782342791557312
3,99,1.5324345827102661,1.7701449394226074,1.719077706336975,2.7115848064422607,2.40973162651062,1.8144339323043823,1.7248750925064087,2.7836687564849854,0.8368107080459595,2.2976114749908447,2.4557011127471924,2.4280264377593994,2.8536832332611084,2.653533697128296,2.269439220428467,2.2171738147735596,2.4355454444885254,2.2268526554107666,1.6892991065979004,1.9320114850997925,1.8655836582183838,2.9220402240753174,2.5978505611419678,2.0128095149993896,1.9125068187713623,3.037736177444458,0.6906742453575134,2.566732883453369,2.7416956424713135,2.71667218208313,3.216703176498413,3.017076015472412,2.582197666168213,2.5292646884918213,2.8323025703430176,2.4375264644622803,1.7028967142105103,1.5931483507156372,1.6373966932296753,-0.48405736684799194,-0.8099154233932495
3,99,1.5803701877593994,1.8190370798110962,1.7663058042526245,2.746708631515503,2.4564783573150635,1.8570884466171265,1.7705456018447876,2.790349245071411,0.811561644077301,2.2179853916168213,2.3722989559173584,2.343247175216675,2.75515079498291,2.55946946144104,2.181579113006592,2.1283252239227295,2.3035550117492676,2.1552467346191406,1.712254524230957,1.954369306564331,1.8887765407562256,2.93019437789917,2.6206276416778564,2.029834032058716,1.9346675872802734,3.025787353515625,0.6338685750961304,2.4700236320495605,2.6410233974456787,2.614975929260254,3.0953900814056396,2.9022152423858643,2.4739158153533936,2.4210152626037598,2.6738717555999756,2.3560009002685547,1.718216896057129,1.5663517713546753,1.6269012689590454,-0.5034531354904175,-0.810897707939148
3,99,1.5407962799072266,1.7793859243392944,1.7302085161209106,2.7044124603271484,2.4458155632019043,1.8186577558517456,1.7407432794570923,2.7717721462249756,0.7941967844963074,2.4080748558044434,2.5369465351104736,2.508740186691284,2.7709896564483643,2.6122021675109863,2.311210870742798,2.266557455062866,2.220762014389038,2.356806993484497,1.6656384468078613,1.907274603843689,1.8441885709762573,2.886542797088623,2.6076254844665527,1.9900434017181396,1.9031167030334473,3.015397787094116,0.5846402049064636,2.68933367729187,2.8407411575317383,2.8136675357818604,3.164834499359131,3.004652500152588,2.6387717723846436,2.5924439430236816,2.6498658657073975,2.6287388801574707,2.089405059814453,1.534650444984436,1.6878817081451416,-0.509172260761261,-0.8329716920852661
3,99,1.568576693534851,1.8101454973220825,1.7564561367034912,2.7609903812408447,2.469128370285034,1.8571152687072754,1.7705837488174438,2.8262341022491455,0.8102608323097229,2.3246169090270996,2.459195137023926,2.4303154945373535,2.741936206817627,2.5600855350494385,2.241569995880127,2.195413827896118,2.219191074371338,2.2798969745635986,1.6919541358947754,1.9373937845230103,1.8685892820358276,2.9434256553649902,2.629286766052246,2.027829170227051,1.9310237169265747,3.0697872638702393,0.5981302857398987,2.58235239982605,2.739362955093384,2.711019992828369,3.1127498149871826,2.927593946456909,2.547639846801758,2.4986636638641357,2.6260898113250732,2.5172994136810303,1.9828377962112427,1.5960310697555542,1.6702992916107178,-0.48239970207214355,-0.8238402605056763
3,99,1.3749547004699707,1.608077883720398,1.5499988794326782,2.5191147327423096,2.1959829330444336,1.6505310535430908,1.5554548501968384,2.5841734409332275,0.7371191382408142,2.1567771434783936,2.3054792881011963,2.272761583328247,2.6606242656707764,2.4479787349700928,2.115745782852173,2.0618715286254883,2.219021797180176,2.104621410369873,1.4898579120635986,1.7265567779541016,1.6537293195724487,2.690704822540283,2.3461084365844727,1.8112506866455078,1.7061583995819092,2.8113279342651367,0.5529263615608215,2.386322259902954,2.553290843963623,2.5213632583618164,2.9863665103912354,2.770354747772217,2.3886985778808594,2.3322532176971436,2.5779786109924316,2.2906911373138428,1.6765798330307007,1.5297931432724,1.5832070112228394,-0.44068795442581177,-0.7979193925857544
3,99,1.6229456663131714,1.8679420948028564,1.8151684999465942,2.8265011310577393,2.5531628131866455,1.923142433166504,1.8420077562332153,2.9103200435638428,0.7811487913131714,2.3893418312072754,2.5355117321014404,2.5015244483947754,2.8120052814483643,2.6370389461517334,2.307603120803833,2.259998321533203,2.278440475463867,2.3376522064208984,1.7627040147781372,2.0091586112976074,1.9405180215835571,3.0188968181610107,2.7225341796875,2.1074116230010986,2.0155868530273438,3.1621968746185303,0.5655598640441895,2.6632628440856934,2.831913948059082,2.7985849380493164,3.201523780822754,3.0233047008514404,2.631061315536499,2.581036329269409,2.705657958984375,2.5891129970550537,2.104837656021118,1.571868896484375,1.7036559581756592,-0.5116186738014221,-0.8263440728187561
3,99,1.4339509010314941,1.6727137565612793,1.61800217628479,2.6135756969451904,2.3116209506988525,1.7225764989852905,1.6313878297805786,2.7057642936706543,0.7554022669792175,2.1868598461151123,2.3308255672454834,2.3014817237854004,2.651937484741211,2.46134877204895,2.1250076293945312,2.073680877685547,2.19629168510437,2.1444156169891357,1.5555405616760254,1.7970484495162964,1.727074146270752,2.7955105304718018,2.470785140991211,1.893241047859192,1.7921983003616333,2.9493165016174316,0.5447386503219604,2.4062089920043945,2.571428060531616,2.5425024032592773,2.982577085494995,2.787510395050049,2.3933544158935547,2.3388919830322266,2.5657541751861572,2.333132028579712,1.7929139137268066,1.5558565855026245,1.614279866218567,-0.4569428861141205,-0.7880914211273193
3,99,1.429142713546753,1.6695817708969116,1.6064203977584839,2.6087820529937744,2.284559965133667,1.7236874103546143,1.6253257989883423,2.671616792678833,0.7117854952812195,2.177701234817505,2.3254477977752686,2.2945761680603027,2.6478312015533447,2.4495527744293213,2.1187283992767334,2.0675249099731445,2.1705689430236816,2.135314464569092,1.5228984355926514,1.7624115943908691,1.6809078454971313,2.7688751220703125,2.416961908340454,1.876264214515686,1.766425371170044,2.917079210281372,0.4011227786540985,2.412503957748413,2.5796632766723633,2.5496418476104736,2.983551502227783,2.7821402549743652,2.398721933364868,2.344810962677002,2.5392861366271973,2.340247392654419,1.812857747077942,1.5031840801239014,1.5858477354049683,-0.482697993516922,-0.8158731460571289
3,99,1.4297137260437012,1.6697605848312378,1.6114236116409302,2.6011452674865723,2.310019016265869,1.7207473516464233,1.6324005126953125,2.677654504776001,0.6889749765396118,2.3020598888397217,2.434788703918457,2.4047763347625732,2.66599702835083,2.494363307952881,2.206268072128296,2.1600873470306396,2.1211602687835693,2.2519876956939697,1.5387821197509766,1.7785441875457764,1.7016065120697021,2.769641876220703,2.4520225524902344,1.8832309246063232,1.7834070920944214,2.9225075244903564,0.41180452704429626,2.562045097351074,2.717409133911133,2.6875665187835693,3.038884401321411,2.8632655143737793,2.5131783485412598,2.4639103412628174,2.528716802597046,2.5077965259552,2.0611953735351562,1.485182285308838,1.6242069005966187,-0.4894263744354248,-0.8306839466094971
3,99,1.4353137016296387,1.673071265220642,1.6139657497406006,2.5961759090423584,2.2898130416870117,1.7221078872680664,1.6303777694702148,2.6518051624298096,0.722445011138916,2.2569739818573,2.399049997329712,2.3663697242736816,2.6878714561462402,2.496554136276245,2.187788724899292,2.1380913257598877,2.1810638904571533,2.2095210552215576,1.5608304738998413,1.7985807657241821,1.7265082597732544,2.7778232097625732,2.452073335647583,1.8957834243774414,1.7959328889846802,2.9005625247955322,0.4933405816555023,2.524717330932617,2.6876718997955322,2.6550416946411133,3.060911178588867,2.8654725551605225,2.501534938812256,2.448589563369751,2.586360216140747,2.452432870864868,1.9088258743286133,1.4502911567687988,1.595165491104126,-0.5295393466949463,-0.8408022522926331
3,99,1.4185236692428589,1.6474627256393433,1.594675898551941,2.535881757736206,2.2374191284179688,1.6824344396591187,1.5944843292236328,2.570053815841675,0.7852412462234497,2.070193290710449,2.2304413318634033,2.194626808166504,2.6523802280426025,2.435349464416504,2.0626888275146484,2.004014253616333,2.255497932434082,1.9948660135269165,1.566651463508606,1.798570156097412,1.7366654872894287,2.733242988586426,2.4207746982574463,1.8690240383148193,1.7749197483062744,2.812227487564087,0.6530830264091492,2.2977404594421387,2.473482608795166,2.4399993419647217,2.965198516845703,2.7486047744750977,2.3308451175689697,2.271625518798828,2.5995068550109863,2.155148506164551,1.4622793197631836,1.4451987743377686,1.5378856658935547,-0.5372413992881775,-0.8113951683044434
3,99,1.3523098230361938,1.571471095085144,1.5311758518218994,2.40019154548645,2.125532627105713,1.5732967853546143,1.495755910873413,2.4024813175201416,0.872189998626709,2.139698028564453,2.2901291847229004,2.256066083908081,2.65456485748291,2.4520020484924316,2.109861373901367,2.0543453693389893,2.220376491546631,2.0756876468658447,1.4878005981445312,1.71303129196167,1.6640143394470215,2.593344211578369,2.30507755279541,1.7505136728286743,1.6666598320007324,2.6392757892608643,0.767695963382721,2.373587131500244,2.540376901626587,2.508233070373535,2.9755547046661377,2.772534132003784,2.383127450942993,2.3266146183013916,2.5719971656799316,2.2583677768707275,1.456246256828308,1.4606091976165771,1.5644769668579102,-0.50776606798172,-0.808366060256958
3,99,1.3386218547821045,1.5618888139724731,1.51571786403656,2.4255154132843018,2.144970178604126,1.5854192972183228,1.504764437675476,2.4694581031799316,0.7886858582496643,2.20561146736145,2.3461599349975586,2.3125007152557373,2.657973289489746,2.4652228355407715,2.1525533199310303,2.1008975505828857,2.1945533752441406,2.152930736541748,1.4958802461624146,1.7221852540969849,1.6693426370620728,2.6299667358398438,2.3395004272460938,1.77913498878479,1.6941536664962769,2.7135634422302246,0.691135823726654,2.462198257446289,2.6216137409210205,2.5886383056640625,3.011793375015259,2.8164894580841064,2.4518203735351562,2.3979294300079346,2.5797791481018066,2.373551845550537,1.6853034496307373,1.4456685781478882,1.5679279565811157,-0.5014163851737976,-0.8293874263763428
3,99,1.1933956146240234,1.3892738819122314,1.354992389678955,2.1364376544952393,1.8612275123596191,1.359610676765442,1.2871665954589844,2.105936288833618,0.9333373308181763,2.1806766986846924,2.319282054901123,2.280214309692383,2.6490478515625,2.4372918605804443,2.143312692642212,2.0867040157318115,2.2140443325042725,2.1212868690490723,1.4433834552764893,1.6465837955474854,1.6081794500350952,2.4262256622314453,2.1485960483551025,1.639963150024414,1.5649398565292358,2.40000319480896,1.0097755193710327,2.4566802978515625,2.6140904426574707,2.5744357109069824,3.023575782775879,2.806187391281128,2.463764190673828,2.4035139083862305,2.620710611343384,2.343320608139038,1.3638865947723389,1.4052518606185913,1.5203396081924438,-0.482074111700058,-0.8530409336090088
3,99,1.305417776107788,1.5205665826797485,1.4784064292907715,2.3578896522521973,2.0756101608276367,1.5300135612487793,1.4512200355529785,2.380617380142212,0.8613576292991638,2.2094218730926514,2.3576819896698,2.319147825241089,2.7246179580688477,2.512805938720703,2.18003249168396,2.1224777698516846,2.2990128993988037,2.143953561782837,1.5090904235839844,1.730272650718689,1.6803016662597656,2.605360507965088,2.3129475116729736,1.7662951946258545,1.682047724723816,2.648130416870117,0.8472235798835754,2.473855495452881,2.6397297382354736,2.602057695388794,3.084170341491699,2.869638442993164,2.4881834983825684,2.428542137145996,2.6916165351867676,2.3472301959991455,1.498512625694275,1.4367427825927734,1.574393391609192,-0.5140344500541687,-0.8336435556411743
3,99,1.491349458694458,1.7226121425628662,1.6762059926986694,2.5995631217956543,2.33363938331604,1.741923451423645,1.664607286453247,2.633587121963501,0.8386307954788208,2.1755971908569336,2.333031415939331,2.298095703125,2.713474750518799,2.5180819034576416,2.147538661956787,2.0944631099700928,2.276931047439575,2.1093130111694336,1.6254409551620483,1.8609893321990967,1.8044335842132568,2.7817165851593018,2.5005438327789307,1.9122607707977295,1.8275907039642334,2.857135772705078,0.7174550890922546,2.400312662124634,2.5729026794433594,2.542177438735962,3.0222177505493164,2.8309555053710938,2.4099910259246826,2.3582513332366943,2.617825746536255,2.2817254066467285,1.5800516605377197,1.5359922647476196,1.6316664218902588,-0.48630526661872864,-0.7828224897384644
3,99,1.4296603202819824,1.6592769622802734,1.6166784763336182,2.5236668586730957,2.268599033355713,1.6700454950332642,1.5949723720550537,2.5522751808166504,0.842049241065979,2.367412805557251,2.491319417953491,2.465181827545166,2.7022533416748047,2.5455660820007324,2.2677581310272217,2.225079298019409,2.142355442047119,2.3178622722625732,1.5640076398849487,1.7986336946487427,1.7458668947219849,2.7070045471191406,2.437180519104004,1.840949535369873,1.758828043937683,2.7744927406311035,0.7376704216003418,2.629000425338745,2.7735376358032227,2.749227523803711,3.066662073135376,2.9097073078155518,2.570345401763916,2.526447296142578,2.5392918586730957,2.579651355743408,1.94986093044281,1.5714399814605713,1.6596812009811401,-0.43299728631973267,-0.8147829174995422
3,99,1.6498671770095825,1.8876698017120361,1.843593716621399,2.792741060256958,2.562990665435791,1.9241069555282593,1.8562698364257812,2.8593313694000244,0.8352900147438049,2.4929299354553223,2.6422617435455322,2.6019725799560547,2.8848984241485596,2.7193641662597656,2.412996530532837,2.3641319274902344,2.3330681324005127,2.427372455596924,1.8242278099060059,2.0645344257354736,2.009279489517212,3.0068717002868652,2.7605929374694824,2.12933611869812,2.0534629821777344,3.1064987182617188,0.7328177094459534,2.7980360984802246,2.967604875564575,2.9295032024383545,3.295332193374634,3.131443977355957,2.761841297149658,2.7126595973968506,2.7776403427124023,2.7137956619262695,2.154614210128784,1.5715855360031128,1.6288365125656128,-0.5033289790153503,-0.8929085731506348
3,99,1.3183494806289673,1.54120934009552,1.4951879978179932,2.3966033458709717,2.138350486755371,1.566651463508606,1.490048885345459,2.5100948810577393,0.7755152583122253,2.4677648544311523,2.578948497772217,2.547227382659912,2.668555974960327,2.5256059169769287,2.3305845260620117,2.293344020843506,2.0831186771392822,2.3733720779418945,1.4719709157943726,1.698623538017273,1.6409940719604492,2.5992109775543213,2.3240039348602295,1.7580434083938599,1.6733492612838745,2.748372793197632,0.682947039604187,2.7042949199676514,2.8400614261627197,2.806720018386841,3.032045364379883,2.87965989112854,2.6143903732299805,2.5717639923095703,2.489678144454956,2.6466569900512695,2.1959645748138428,1.5386900901794434,1.5972203016281128,-0.40078672766685486,-0.8224393129348755
3,99,1.2951419353485107,1.5072267055511475,1.4661747217178345,2.284020185470581,2.0283026695251465,1.4931116104125977,1.4201219081878662,2.328343391418457,0.9024971723556519,2.3412137031555176,2.4480128288269043,2.4108726978302,2.5312752723693848,2.374600410461426,2.2084410190582275,2.1683740615844727,1.955524206161499,2.218276023864746,1.4390109777450562,1.6575767993927002,1.6067752838134766,2.4827451705932617,2.211953639984131,1.6756865978240967,1.5950672626495361,2.559147834777832,0.8471074104309082,2.55033016204834,2.679851770401001,2.646307945251465,2.858539342880249,2.7023580074310303,2.458817720413208,2.417464017868042,2.320640802383423,2.4927897453308105,1.9542444944381714,1.53746497631073,1.5466800928115845,-0.39316847920417786,-0.8221718668937683
3,99,1.4275538921356201,1.6548515558242798,1.6164716482162476,2.532932996749878,2.3199996948242188,1.6869944334030151,1.6221683025360107,2.7030341625213623,0.7970893979072571,2.507110595703125,2.6081342697143555,2.5689353942871094,2.6208114624023438,2.486414670944214,2.343757152557373,2.3048479557037354,2.00732421875,2.3319973945617676,1.5952469110488892,1.824714183807373,1.7753851413726807,2.7461330890655518,2.5167858600616455,1.8898910284042358,1.8174282312393188,2.9510552883148193,0.7029309868812561,2.7338881492614746,2.8616671562194824,2.8276758193969727,2.9839086532592773,2.8552801609039307,2.6156277656555176,2.577213764190674,2.4139621257781982,2.657912492752075,2.430596351623535,1.6174565553665161,1.571332573890686,-0.3887273371219635,-0.8031296730041504
3,99,2.0809099674224854,2.293020486831665,2.304215908050537,3.1041157245635986,3.0442280769348145,2.2758469581604004,2.2572386264801025,3.1957993507385254,1.5238568782806396,2.1471009254455566,2.3903634548187256,2.3470776081085205,3.320237398147583,3.176032066345215,2.429849624633789,2.3698081970214844,3.49172043800354,1.2081071138381958,2.194890022277832,2.421248435974121,2.4176340103149414,3.309004783630371,3.2243480682373047,2.441411018371582,2.410768747329712,3.4540200233459473,1.3969087600708008,2.2830088138580322,2.5234761238098145,2.4896745681762695,3.5197627544403076,3.387038230895996,2.607952117919922,2.555079221725464,3.770963668823242,0.9831815361976624,0.812335193157196,1.7358373403549194,1.657214879989624,-0.6506721377372742,-0.6458394527435303
3,99,2.1048264503479004,2.1873271465301514,2.2374203205108643,2.404681444168091,2.4177322387695312,1.9842960834503174,2.0090343952178955,2.1768298149108887,1.9946303367614746,1.9837080240249634,2.2322165966033936,2.167266845703125,3.1976325511932373,2.969843626022339,2.292226552963257,2.209993362426758,3.479013681411743,0.9174185395240784,2.2824926376342773,2.398637294769287,2.4318079948425293,2.7177562713623047,2.694411277770996,2.2164602279663086,2.2230544090270996,2.50085186958313,2.2002971172332764,2.0819525718688965,2.325958013534546,2.2740678787231445,3.340878963470459,3.127357006072998,2.4215455055236816,2.349174976348877,3.6881425380706787,0.72420334815979,2.344369649887085,1.57185697555542,1.4694585800170898,-0.5725739598274231,-0.695397675037384
3,99,1.8835620880126953,1.9495444297790527,2.002774238586426,2.1228690147399902,2.136962890625,1.7166498899459839,1.747889757156372,2.020864248275757,1.773794174194336,1.9690029621124268,2.212332248687744,2.1394898891448975,3.2509429454803467,3.0386269092559814,2.320223569869995,2.237440347671509,3.685476303100586,0.9245661497116089,1.9151169061660767,2.0224902629852295,2.053265333175659,2.3464248180389404,2.313040256500244,1.823818325996399,1.8310953378677368,2.2906100749969482,1.8740440607070923,2.0683252811431885,2.304532766342163,2.246216058731079,3.401874542236328,3.2052290439605713,2.455867052078247,2.3841590881347656,3.9075183868408203,0.7044298052787781,2.3816611766815186,1.4970351457595825,1.6180952787399292,-0.4518433213233948,-0.5506576299667358
3,99,2.422365188598633,2.466172218322754,2.521970510482788,2.3827273845672607,2.4537551403045654,2.2025511264801025,2.2397987842559814,1.96575129032135,2.1751811504364014,1.820245385169983,2.043320894241333,1.981181263923645,2.9502639770507812,2.787822723388672,2.125866413116455,2.0607736110687256,3.3319859504699707,0.7447198033332825,2.6422500610351562,2.718412399291992,2.7615370750427246,2.749023914337158,2.788015365600586,2.472364664077759,2.495763063430786,2.359375238418579,2.4995195865631104,1.8740373849868774,2.0854992866516113,2.03851580619812,3.046023368835449,2.9048686027526855,2.216331720352173,2.164353132247925,3.5119552612304688,0.4564215838909149,2.962629795074463,1.4419957399368286,1.5885865688323975,-0.5738958120346069,-0.46405521035194397
3,99,2.5116653442382812,2.529604434967041,2.5816760063171387,2.3499486446380615,2.4330294132232666,2.2496302127838135,2.2831335067749023,1.8885314464569092,2.150602102279663,1.9176228046417236,2.148364543914795,2.0861566066741943,3.0957343578338623,2.9512102603912354,2.2328720092773438,2.1714766025543213,3.5211431980133057,0.856872022151947,2.7930538654327393,2.853445053100586,2.8915114402770996,2.828355073928833,2.874398946762085,2.594773054122925,2.612752676010132,2.403985023498535,2.595684051513672,2.0607903003692627,2.2798025608062744,2.234532117843628,3.293541669845581,3.1722278594970703,2.422197103500366,2.3758466243743896,3.817420244216919,0.527759850025177,3.1864001750946045,1.2831411361694336,1.7433311939239502,-0.4856920838356018,-0.4810088574886322
3,99,2.367123603820801,2.3695273399353027,2.4235589504241943,2.125532627105713,2.2168068885803223,2.100254535675049,2.1416478157043457,1.6420313119888306,1.9288060665130615,1.6650067567825317,1.8831065893173218,1.8135247230529785,2.74375581741333,2.5640997886657715,1.949784755706787,1.8782039880752563,3.0978918075561523,0.8643062114715576,2.6070926189422607,2.65324068069458,2.692629337310791,2.5743658542633057,2.6221764087677,2.4048593044281006,2.4290192127227783,2.1345291137695312,2.3617212772369385,1.8025065660476685,2.012263298034668,1.957446575164795,2.945953845977783,2.7845702171325684,2.1365466117858887,2.0778167247772217,3.3949801921844482,0.5806227922439575,2.9263529777526855,1.1668740510940552,1.6108968257904053,-0.3615657389163971,-0.4917355179786682
3,99,2.403524398803711,2.4716429710388184,2.5143635272979736,2.4991934299468994,2.5648720264434814,2.2256345748901367,2.2506730556488037,2.144151449203491,2.1717190742492676,2.5726499557495117,2.7879810333251953,2.7153735160827637,3.385223388671875,3.242823600769043,2.6974568367004395,2.6260435581207275,3.3497800827026367,2.2123680114746094,2.8230936527252197,2.9347264766693115,2.965224027633667,3.1288414001464844,3.1670594215393066,2.729069709777832,2.7413406372070312,2.824199914932251,2.640040159225464,2.954404592514038,3.180041790008545,3.1145715713500977,3.872896909713745,3.7408344745635986,3.1338560581207275,3.069315195083618,3.9062891006469727,2.2999305725097656,2.1896190643310547,1.3713133335113525,1.8628203868865967,-0.5000772476196289,-0.7890112996101379
3,99,2.3695616722106934,2.43399715423584,2.476480484008789,2.419834852218628,2.4956467151641846,2.180452585220337,2.2105040550231934,2.037080764770508,2.0933966636657715,2.6101393699645996,2.8022541999816895,2.7217817306518555,3.200450897216797,3.0574839115142822,2.6403250694274902,2.568626642227173,2.9802794456481934,2.459329128265381,2.731835126876831,2.8424558639526367,2.8697266578674316,3.004263162612915,3.0477399826049805,2.6271018981933594,2.642669439315796,2.6787006855010986,2.5364065170288086,2.9179365634918213,3.128072500228882,3.054933547973633,3.654013156890869,3.524646282196045,3.0150973796844482,2.9506022930145264,3.5279295444488525,2.5712804794311523,1.970333218574524,1.3000679016113281,1.8457413911819458,-0.4891008138656616,-0.795208215713501
3,99,2.3734474182128906,2.4410579204559326,2.470945119857788,2.4041430950164795,2.472238540649414,2.1752443313598633,2.198355197906494,2.03849458694458,2.0958163738250732,2.197812795639038,2.4297666549682617,2.3546438217163086,3.1421704292297363,3.0393004417419434,2.3937389850616455,2.3357009887695312,3.324798583984375,1.6486942768096924,2.7409512996673584,2.84952712059021,2.8683066368103027,2.964456558227539,3.0097081661224365,2.61621356010437,2.628998279571533,2.644164562225342,2.5482470989227295,2.412599563598633,2.645691394805908,2.5837199687957764,3.4436707496643066,3.3594207763671875,2.659214973449707,2.612291097640991,3.7101974487304688,1.5275837182998657,2.4298102855682373,1.2380690574645996,1.823989748954773,-0.5852986574172974,-0.6848800778388977
3,99,2.379661798477173,2.455590009689331,2.4882779121398926,2.4622058868408203,2.524160861968994,2.1964244842529297,2.2207541465759277,2.109431028366089,2.128530502319336,2.3284482955932617,2.5572688579559326,2.4762816429138184,3.224898338317871,3.0932211875915527,2.4981439113616943,2.430907964706421,3.3091542720794678,1.8557777404785156,2.7019784450531006,2.8187804222106934,2.8389549255371094,2.9837727546691895,3.0193772315979004,2.596069097518921,2.608323812484741,2.6853761672973633,2.520719289779663,2.615427255630493,2.8484175205230713,2.777808427810669,3.6027750968933105,3.4852685928344727,2.835862398147583,2.777550220489502,3.7601561546325684,1.8273756504058838,2.3058245182037354,1.1607186794281006,1.8135631084442139,-0.6399230360984802,-0.7426841259002686
3,99,2.4135372638702393,2.5081114768981934,2.5379137992858887,2.578240156173706,2.6574289798736572,2.257707118988037,2.284491539001465,2.2524094581604004,2.1824307441711426,2.47933030128479,2.709193229675293,2.6285314559936523,3.310819625854492,3.220630168914795,2.615750789642334,2.55845308303833,3.3198792934417725,2.080108880996704,2.7683446407318115,2.9010584354400635,2.9206299781799316,3.1209046840667725,3.1818346977233887,2.6884100437164307,2.706571578979492,2.849372625350952,2.56947660446167,2.838860034942627,3.074167490005493,3.0045032501220703,3.7639718055725098,3.690293788909912,3.025693416595459,2.9778919219970703,3.841954469680786,2.138296365737915,2.1485629081726074,1.3076138496398926,1.8570880889892578,-0.6469263434410095,-0.7627174854278564
3,99,2.3239572048187256,2.427607774734497,2.4571475982666016,2.539825201034546,2.6385629177093506,2.1872148513793945,2.2187089920043945,2.279365062713623,2.0955185890197754,2.4426896572113037,2.671192169189453,2.5929970741271973,3.2452287673950195,3.1882500648498535,2.568963050842285,2.52126407623291,3.2648918628692627,2.0849030017852783,2.755535125732422,2.895717144012451,2.915040969848633,3.144299030303955,3.2266430854797363,2.692563533782959,2.7163007259368896,2.920922040939331,2.538904905319214,2.806037187576294,3.0397467613220215,2.974041223526001,3.7043659687042236,3.6671717166900635,2.983779191970825,2.94693660736084,3.7946832180023193,2.154923439025879,1.9960304498672485,1.277048110961914,1.8325798511505127,-0.6561931371688843,-0.7637302875518799
3,99,2.317905902862549,2.4122090339660645,2.4411404132843018,2.4881763458251953,2.5614449977874756,2.1731135845184326,2.1930465698242188,2.166962146759033,2.098956823348999,2.5393621921539307,2.7207956314086914,2.635866403579712,3.0129196643829346,2.8883516788482666,2.5252010822296143,2.45363712310791,2.726907253265381,2.454429864883423,2.6764001846313477,2.8071975708007812,2.827110767364502,3.0373446941375732,3.0941576957702637,2.610071897506714,2.6225411891937256,2.7785723209381104,2.469607353210449,2.846761703491211,3.048074722290039,2.9730494022369385,3.4761195182800293,3.3742620944976807,2.9015681743621826,2.840397357940674,3.2872750759124756,2.6359009742736816,1.6505159139633179,1.1600265502929688,1.754148006439209,-0.7174034118652344,-0.8087674975395203
3,99,2.3935294151306152,2.4547741413116455,2.5016214847564697,2.448981523513794,2.539724349975586,2.2085185050964355,2.2395179271698,2.121760368347168,2.134019374847412,2.1765623092651367,2.4028615951538086,2.341419219970703,3.1325016021728516,3.047651767730713,2.3817930221557617,2.33025860786438,3.342935562133789,1.6276938915252686,2.7885260581970215,2.8902273178100586,2.925537586212158,3.03273344039917,3.0994486808776855,2.6777069568634033,2.6978225708007812,2.742785930633545,2.6063897609710693,2.397944450378418,2.626007318496704,2.5758183002471924,3.4431705474853516,3.3738059997558594,2.655275583267212,2.6137266159057617,3.73753023147583,1.5073121786117554,2.3871028423309326,1.2929389476776123,1.8428205251693726,-0.6052101850509644,-0.6696760058403015
3,99,2.4451444149017334,2.5033228397369385,2.5629653930664062,2.4658868312835693,2.5591211318969727,2.2528696060180664,2.292381525039673,2.069532871246338,2.1684744358062744,2.1324782371520996,2.3587489128112793,2.299612283706665,3.062202215194702,2.9591825008392334,2.326798915863037,2.2739036083221436,3.2159032821655273,1.6048219203948975,2.7104129791259766,2.808134078979492,2.854827880859375,2.9181292057037354,2.983154296875,2.5864408016204834,2.613664388656616,2.5718843936920166,2.536836624145508,2.3305416107177734,2.5586647987365723,2.507951021194458,3.3457865715026855,3.2542991638183594,2.5746912956237793,2.529273271560669,3.5809335708618164,1.4897741079330444,2.4405910968780518,1.280803918838501,1.7509628534317017,-0.6343585252761841,-0.7011854648590088
3,99,2.419821262359619,2.443387269973755,2.4996142387390137,2.2855467796325684,2.3732471466064453,2.1825127601623535,2.2249672412872314,1.8269850015640259,2.056283473968506,1.6522773504257202,1.8766107559204102,1.80849027633667,2.697775363922119,2.53983473777771,1.9167224168777466,1.8489588499069214,3.010590076446533,0.9874697923660278,2.61311936378479,2.677962303161621,2.720196485519409,2.6752383708953857,2.7251834869384766,2.4404330253601074,2.4674389362335205,2.267035484313965,2.407621145248413,1.9674361944198608,2.1900806427001953,2.1323349475860596,3.042389392852783,2.89601469039917,2.2501285076141357,2.1904664039611816,3.366809844970703,1.0559402704238892,2.7263431549072266,1.2902605533599854,1.7252099514007568,-0.41693297028541565,-0.4353007972240448
3,99,2.390955686569214,2.387911796569824,2.448158025741577,2.103867292404175,2.214841604232788,2.11969256401062,2.169142007827759,1.569482445716858,1.957301378250122,1.629033088684082,1.8419620990753174,1.7794992923736572,2.6971426010131836,2.505051374435425,1.9226099252700806,1.8513123989105225,3.0153489112854004,0.7391854524612427,2.6155173778533936,2.6497397422790527,2.7000176906585693,2.51098370552063,2.585341691970825,2.399322748184204,2.435187816619873,2.019211769104004,2.350921154022217,1.7939114570617676,1.996744155883789,1.94591224193573,2.9081685543060303,2.729269504547119,2.1256043910980225,2.0645010471343994,3.304265022277832,0.49589967727661133,3.0208516120910645,1.2731428146362305,1.58549165725708,-0.3069818615913391,-0.4281321167945862
3,99,2.396944046020508,2.4246997833251953,2.4867985248565674,2.3197901248931885,2.4094653129577637,2.1694040298461914,2.2144885063171387,1.9301973581314087,2.1054580211639404,1.8355786800384521,2.0676112174987793,2.0170907974243164,3.034355640411377,2.892871618270874,2.172025680541992,2.1166930198669434,3.476033926010132,0.6837396621704102,2.661325216293335,2.7287437915802,2.777895212173462,2.7604520320892334,2.8174397945404053,2.494821786880493,2.5254156589508057,2.4008328914642334,2.492105484008789,1.9821773767471313,2.199859380722046,2.1614389419555664,3.2156479358673096,3.087646245956421,2.3519375324249268,2.306501626968384,3.7363672256469727,0.38811737298965454,3.0341665744781494,1.4296408891677856,1.6012414693832397,-0.4756363332271576,-0.4926423728466034
3,99,2.578819513320923,2.614419460296631,2.6773314476013184,2.4526445865631104,2.545736789703369,2.335721731185913,2.3848705291748047,1.9498869180679321,2.254453659057617,1.6160141229629517,1.8455227613449097,1.7922873497009277,2.77844500541687,2.655219554901123,1.9430614709854126,1.8907568454742432,3.1979587078094482,0.6470426321029663,2.7543156147003174,2.825347423553467,2.8770666122436523,2.7957763671875,2.8594489097595215,2.5652740001678467,2.6023385524749756,2.338505506515503,2.5688436031341553,1.7339967489242554,1.9445698261260986,1.9057321548461914,2.9352667331695557,2.8293566703796387,2.1008198261260986,2.0602869987487793,3.447589874267578,0.3371340036392212,3.0813257694244385,1.501858115196228,1.6199126243591309,-0.5325676798820496,-0.38632696866989136
3,99,2.574885368347168,2.585739850997925,2.6532905101776123,2.334401845932007,2.4387683868408203,2.3067238330841064,2.3585407733917236,1.8074820041656494,2.1741483211517334,1.5213054418563843,1.743768334388733,1.6833627223968506,2.6611359119415283,2.4967572689056396,1.8384737968444824,1.7737617492675781,3.080808401107788,0.6645309329032898,2.7653708457946777,2.8130927085876465,2.8701443672180176,2.7074286937713623,2.777730703353882,2.553032875061035,2.5920987129211426,2.2313711643218994,2.5347301959991455,1.6430007219314575,1.8510857820510864,1.8043864965438843,2.833165407180786,2.6853907108306885,2.0045242309570312,1.9517639875411987,3.3442771434783936,0.37439650297164917,3.089909553527832,1.467574954032898,1.563209056854248,-0.38616377115249634,-0.38202670216560364
3,99,2.607494354248047,2.631807804107666,2.6974129676818848,2.4533190727233887,2.549797773361206,2.357478618621826,2.4055633544921875,1.9484325647354126,2.3008320331573486,1.5534192323684692,1.7896711826324463,1.7337462902069092,2.7431085109710693,2.597352981567383,1.8795572519302368,1.8195905685424805,3.160656213760376,0.682905375957489,2.8763551712036133,2.9389679431915283,2.9945433139801025,2.9042792320251465,2.9713265895843506,2.6865363121032715,2.7226009368896484,2.4428789615631104,2.7100014686584473,1.6720128059387207,1.893916130065918,1.8523589372634888,2.9140625,2.784541606903076,2.0430822372436523,1.9951698780059814,3.4249935150146484,0.39217981696128845,3.029712438583374,1.5165796279907227,1.5538676977157593,-0.51019287109375,-0.4243767559528351
3,99,2.7850513458251953,2.7937464714050293,2.8650705814361572,2.5022122859954834,2.6187856197357178,2.4947166442871094,2.549586534500122,1.93769371509552,2.3421027660369873,1.693699598312378,1.9279049634933472,1.8714927434921265,2.92585825920105,2.781848192214966,2.0456769466400146,1.9872058629989624,3.4140849113464355,0.6638639569282532,2.9283275604248047,2.9740138053894043,3.035172939300537,2.8310952186584473,2.9152262210845947,2.6928188800811768,2.735888957977295,2.3233845233917236,2.6716763973236084,1.8469619750976562,2.064167022705078,2.0225613117218018,3.1214418411254883,2.9944653511047363,2.238271713256836,2.191692590713501,3.696774959564209,0.37787726521492004,3.4501795768737793,1.544368863105774,1.5836114883422852,-0.4162368178367615,-0.46207210421562195
3,99,2.6700618267059326,2.6674249172210693,2.7329518795013428,2.3534600734710693,2.464695692062378,2.391970157623291,2.4428374767303467,1.7834932804107666,2.2127132415771484,1.4849549531936646,1.7164303064346313,1.6469069719314575,2.6626906394958496,2.4567525386810303,1.8148059844970703,1.739292860031128,3.0834248065948486,0.6236410140991211,2.7822818756103516,2.816389560699463,2.870534658432007,2.6489815711975098,2.720397710800171,2.5562336444854736,2.5933704376220703,2.134568929672241,2.5155649185180664,1.6144616603851318,1.8332663774490356,1.7767871618270874,2.8393430709838867,2.6473217010498047,1.983738660812378,1.918715000152588,3.3402678966522217,0.36952659487724304,3.2287888526916504,1.4212000370025635,1.4733043909072876,-0.4023550748825073,-0.41277995705604553
3,99,2.6317198276519775,2.6342527866363525,2.7065279483795166,2.3849966526031494,2.4969308376312256,2.367845296859741,2.4232962131500244,1.859929084777832,2.2617299556732178,1.5821927785873413,1.8124263286590576,1.7494970560073853,2.7730486392974854,2.5744056701660156,1.916050910949707,1.8452883958816528,3.190439462661743,0.5575512051582336,2.79372239112854,2.8318560123443604,2.8920910358428955,2.7147583961486816,2.7884695529937744,2.5791754722595215,2.620694398880005,2.228285074234009,2.584862470626831,1.6977863311767578,1.9151705503463745,1.8633742332458496,2.922729253768921,2.7366087436676025,2.063586950302124,2.001802921295166,3.412079334259033,0.3120204508304596,3.254814624786377,1.420190691947937,1.2616021633148193,-0.5061180591583252,-0.5711672306060791
3,99,2.6581625938415527,2.6535816192626953,2.7264695167541504,2.3533504009246826,2.4749855995178223,2.3810324668884277,2.4389865398406982,1.786333441734314,2.2315683364868164,1.6413758993148804,1.8625876903533936,1.7975877523422241,2.7885122299194336,2.5950286388397217,1.963927984237671,1.8933963775634766,3.1861555576324463,0.5973436236381531,2.8125710487365723,2.8409993648529053,2.903339385986328,2.6670444011688232,2.7528865337371826,2.580472469329834,2.6259894371032715,2.1367316246032715,2.5568833351135254,1.7410845756530762,1.9479552507400513,1.896911859512329,2.927926778793335,2.7515010833740234,2.0997276306152344,2.040400266647339,3.4109866619110107,0.31515610218048096,3.3635573387145996,1.484340786933899,1.2795740365982056,-0.41818296909332275,-0.5813229084014893
3,99,2.7156941890716553,2.7146358489990234,2.7866737842559814,2.414187431335449,2.5324630737304688,2.433976173400879,2.492581367492676,1.825327754020691,2.285720109939575,1.771903157234192,1.9951226711273193,1.931185245513916,2.9482483863830566,2.7657909393310547,2.109605550765991,2.043303966522217,3.3487861156463623,0.5532547831535339,2.882117986679077,2.9135847091674805,2.9760680198669434,2.737607717514038,2.8235011100769043,2.6449735164642334,2.6924846172332764,2.185173273086548,2.6186764240264893,1.871425986289978,2.0767393112182617,2.0278818607330322,3.078835964202881,2.914997100830078,2.2425689697265625,2.187710762023926,3.568019151687622,0.23603752255439758,3.562312602996826,1.5219156742095947,1.2741129398345947,-0.4780769944190979,-0.598580002784729
3,99,2.5842254161834717,2.58740234375,2.6665120124816895,2.3403992652893066,2.4588003158569336,2.319504737854004,2.383059501647949,1.8191089630126953,2.2103593349456787,1.6234073638916016,1.8435951471328735,1.7776967287063599,2.768746852874756,2.5706846714019775,1.9483869075775146,1.877478837966919,3.1557416915893555,0.5565802454948425,2.749211311340332,2.783939838409424,2.852940082550049,2.6561920642852783,2.7409448623657227,2.529029607772827,2.5806901454925537,2.167639970779419,2.5229368209838867,1.6899223327636719,1.8931323289871216,1.8414162397384644,2.8722143173217773,2.691570997238159,2.0518672466278076,1.9919838905334473,3.349707841873169,0.24516336619853973,3.268120765686035,1.479455590248108,1.2263078689575195,-0.48371046781539917,-0.5820856094360352
3,99,2.528554677963257,2.519716501235962,2.59928035736084,2.219428300857544,2.349557399749756,2.2550437450408936,2.321382999420166,1.688485860824585,2.0843915939331055,1.58762788772583,1.8012645244598389,1.7298157215118408,2.703779458999634,2.4865477085113525,1.9082741737365723,1.8315503597259521,3.077214002609253,0.5291058421134949,2.6563124656677246,2.678941488265991,2.748324394226074,2.5008676052093506,2.5940353870391846,2.425560474395752,2.479580879211426,2.003816604614258,2.3791120052337646,1.6696373224258423,1.8667845726013184,1.8090035915374756,2.8198328018188477,2.6187520027160645,2.024151086807251,1.958020806312561,3.2774972915649414,0.240519717335701,3.286186695098877,1.388213872909546,1.197341799736023,-0.396051287651062,-0.5714758038520813
3,99,2.5561978816986084,2.5439813137054443,2.6245436668395996,2.226438283920288,2.363053560256958,2.2781734466552734,2.3440499305725098,1.6898783445358276,2.0863752365112305,1.5404912233352661,1.7536500692367554,1.683882713317871,2.6577489376068115,2.4497036933898926,1.861055612564087,1.7864363193511963,3.0559253692626953,0.5358590483665466,2.673210859298706,2.691802740097046,2.762873888015747,2.4962244033813477,2.597233772277832,2.437143325805664,2.491422176361084,1.9958645105361938,2.3742966651916504,1.6159498691558838,1.8131095170974731,1.7574708461761475,2.771557569503784,2.580350160598755,1.9729382991790771,1.9095231294631958,3.2569029331207275,0.2454822063446045,3.2808008193969727,1.4107248783111572,1.197509527206421,-0.38384342193603516,-0.5743468999862671
3,99,2.508514881134033,2.4953060150146484,2.5774710178375244,2.1882987022399902,2.325504779815674,2.237560272216797,2.3040876388549805,1.65816068649292,2.062957525253296,1.5214557647705078,1.7303475141525269,1.6589229106903076,2.609851360321045,2.3834681510925293,1.8321541547775269,1.7524126768112183,2.9710497856140137,0.5215799808502197,2.63492751121521,2.652560234069824,2.724661111831665,2.465832233428955,2.56476092338562,2.4054830074310303,2.4593732357025146,1.968065619468689,2.357848882675171,1.6128528118133545,1.809045672416687,1.7501977682113647,2.7358784675598145,2.5247433185577393,1.9547622203826904,1.885193109512329,3.1699411869049072,0.2873927354812622,3.2225916385650635,1.3775529861450195,1.1738667488098145,-0.37637361884117126,-0.5653027296066284
3,99,2.5262362957000732,2.514420509338379,2.5970818996429443,2.214761972427368,2.3489108085632324,2.2543182373046875,2.3211216926574707,1.6810362339019775,2.078700304031372,1.4730216264724731,1.6874793767929077,1.6140459775924683,2.576883554458618,2.3538262844085693,1.785056471824646,1.70526921749115,2.9546473026275635,0.5277459025382996,2.63244891166687,2.6509292125701904,2.7239224910736084,2.4702861309051514,2.567882776260376,2.401334047317505,2.4561667442321777,1.9722824096679688,2.3482236862182617,1.5284892320632935,1.7291237115859985,1.6685326099395752,2.6722776889801025,2.464813470840454,1.876757025718689,1.8074240684509277,3.1324236392974854,0.2623235583305359,3.186336040496826,1.4223731756210327,1.1926604509353638,-0.3877567648887634,-0.5260367393493652
3,99,2.5032687187194824,2.5077884197235107,2.5774197578430176,2.277580976486206,2.381763219833374,2.251309871673584,2.3039681911468506,1.768172025680542,2.1745564937591553,1.5113052129745483,1.7305392026901245,1.6611446142196655,2.638631582260132,2.424971103668213,1.8276824951171875,1.7504929304122925,3.009406089782715,0.5205352902412415,2.663449287414551,2.6995937824249268,2.758268117904663,2.586820602416992,2.6554157733917236,2.455801010131836,2.4952757358551025,2.108595848083496,2.4746129512786865,1.5838698148727417,1.7901195287704468,1.733986735343933,2.7487952709198,2.551156520843506,1.9344518184661865,1.8684695959091187,3.1987295150756836,0.26123934984207153,3.103533983230591,1.4817410707473755,1.2144931554794312,-0.4592362940311432,-0.5641555190086365
3,99,2.5030415058135986,2.501889705657959,2.5739500522613525,2.2459378242492676,2.3620004653930664,2.250548839569092,2.304708480834961,1.7260334491729736,2.1470067501068115,1.410871982574463,1.6244971752166748,1.5550882816314697,2.502338409423828,2.2847797870635986,1.714166283607483,1.635417103767395,2.8668229579925537,0.5069857835769653,2.6407694816589355,2.669326066970825,2.731214761734009,2.5254809856414795,2.606261968612671,2.428764820098877,2.4703283309936523,2.0368971824645996,2.4273595809936523,1.4543325901031494,1.6559135913848877,1.5990879535675049,2.5857560634613037,2.3835391998291016,1.7931150197982788,1.725508451461792,3.0293796062469482,0.25580260157585144,3.0551812648773193,1.4871770143508911,1.1855956315994263,-0.44050613045692444,-0.5176110863685608
3,99,2.601522207260132,2.5907676219940186,2.6639926433563232,2.274691104888916,2.401963233947754,2.324439287185669,2.3810014724731445,1.7176512479782104,2.167856454849243,1.5167694091796875,1.7359399795532227,1.6661688089370728,2.6720895767211914,2.4499733448028564,1.8458921909332275,1.7672247886657715,3.081953525543213,0.4961673617362976,2.761331796646118,2.78057599067688,2.8458144664764404,2.583799123764038,2.6787397861480713,2.526262044906616,2.571833610534668,2.0640108585357666,2.481548309326172,1.5764931440353394,1.7828216552734375,1.7242445945739746,2.7650740146636963,2.556088924407959,1.9372096061706543,1.8683117628097534,3.2485783100128174,0.2487281858921051,3.302544116973877,1.5123767852783203,1.2164846658706665,-0.39783480763435364,-0.5363042950630188
3,99,2.588831901550293,2.5849032402038574,2.6613264083862305,2.317641258239746,2.4425644874572754,2.3249988555908203,2.383528470993042,1.786881923675537,2.20767879486084,1.552201271057129,1.7728244066238403,1.7058366537094116,2.7081198692321777,2.491211175918579,1.8790401220321655,1.8018523454666138,3.101471424102783,0.48809143900871277,2.73671817779541,2.762220859527588,2.829061985015869,2.6051409244537354,2.696413040161133,2.5126705169677734,2.5591650009155273,2.101925849914551,2.4973044395446777,1.600435733795166,1.8088009357452393,1.752515196800232,2.786870002746582,2.5826947689056396,1.9567548036575317,1.888973593711853,3.251079797744751,0.24801534414291382,3.2757232189178467,1.531333327293396,1.2169480323791504,-0.49421608448028564,-0.5497132539749146
3,99,2.6210055351257324,2.623309850692749,2.6980228424072266,2.3792967796325684,2.497528314590454,2.359811305999756,2.416936159133911,1.8465765714645386,2.274031400680542,1.529822587966919,1.7539582252502441,1.6881904602050781,2.6999833583831787,2.495022773742676,1.8595346212387085,1.784980297088623,3.1087429523468018,0.49715563654899597,2.7819855213165283,2.8140783309936523,2.878767728805542,2.6800529956817627,2.765502691268921,2.5618085861206055,2.6068155765533447,2.17537260055542,2.5709316730499268,1.5702049732208252,1.7819496393203735,1.7276008129119873,2.7730565071105957,2.5815112590789795,1.9310530424118042,1.8662941455841064,3.254758358001709,0.2552025020122528,3.2421069145202637,1.5715194940567017,1.241532564163208,-0.5194798707962036,-0.5366328954696655
3,99,2.652499198913574,2.660557270050049,2.7291805744171143,2.4219629764556885,2.540308952331543,2.392995595932007,2.444739580154419,1.8913204669952393,2.3226523399353027,1.563531756401062,1.7857754230499268,1.7253897190093994,2.726189136505127,2.5432567596435547,1.892886996269226,1.8247039318084717,3.1391749382019043,0.5054752826690674,2.8359792232513428,2.8741238117218018,2.93300461769104,2.7464590072631836,2.833942413330078,2.6187939643859863,2.6587390899658203,2.244839668273926,2.638684034347534,1.6269642114639282,1.8351733684539795,1.7873305082321167,2.820854663848877,2.6523303985595703,1.9873573780059814,1.930130124092102,3.307915210723877,0.2572554051876068,3.2620043754577637,1.5881376266479492,1.2659921646118164,-0.5461798906326294,-0.5466172099113464
3,99,2.4304540157318115,2.426589250564575,2.4971306324005127,2.1700966358184814,2.2935307025909424,2.1742048263549805,2.2307188510894775,1.674971580505371,2.0571529865264893,1.4938538074493408,1.701358675956726,1.631385087966919,2.5904128551483154,2.3654110431671143,1.809723973274231,1.7302628755569458,2.9577271938323975,0.4879084527492523,2.5650627613067627,2.5909018516540527,2.6514997482299805,2.4510836601257324,2.5384156703948975,2.3515563011169434,2.395244836807251,1.9879536628723145,2.332291603088379,1.5749790668487549,1.7706817388534546,1.712224006652832,2.703183650970459,2.491518497467041,1.9206613302230835,1.8512591123580933,3.1394662857055664,0.25783321261405945,3.084702730178833,1.4161357879638672,1.20991051197052,-0.4510531723499298,-0.5282387137413025
3,99,2.577831745147705,2.554717779159546,2.6379201412200928,2.2205984592437744,2.372586488723755,2.293245315551758,2.3581736087799072,1.6950864791870117,2.07428240776062,1.6125178337097168,1.8262609243392944,1.7600067853927612,2.7713823318481445,2.5555026531219482,1.948111891746521,1.8720571994781494,3.1957945823669434,0.4913981556892395,2.6798834800720215,2.6853456497192383,2.7612011432647705,2.470104217529297,2.5892333984375,2.4349474906921387,2.4894332885742188,1.98126220703125,2.3359830379486084,1.6783809661865234,1.8788115978240967,1.8236280679702759,2.8683278560638428,2.6664247512817383,2.044651508331299,1.978877067565918,3.3678181171417236,0.22635138034820557,3.4084677696228027,1.4698899984359741,1.2214900255203247,-0.4214751124382019,-0.5654909610748291
3,99,2.649681568145752,2.637047529220581,2.71726131439209,2.3433356285095215,2.4773266315460205,2.371534585952759,2.4343700408935547,1.808841586112976,2.1998610496520996,1.732935905456543,1.9565718173980713,1.8891682624816895,2.94305419921875,2.7247517108917236,2.082779884338379,2.006298542022705,3.3829092979431152,0.5019013285636902,2.7742536067962646,2.791402578353882,2.863349437713623,2.617130756378174,2.7184040546417236,2.5380911827087402,2.589918851852417,2.118156909942627,2.4747958183288574,1.8075367212295532,2.0185799598693848,1.9625011682510376,3.044754981994629,2.8401565551757812,2.183835029602051,2.1167104244232178,3.5524959564208984,0.262848824262619,3.5150113105773926,1.5492775440216064,1.2485508918762207,-0.4644537568092346,-0.5818215012550354
3,99,2.6909475326538086,2.6757965087890625,2.755101203918457,2.3658246994018555,2.498697280883789,2.403233051300049,2.4678688049316406,1.8076207637786865,2.249199151992798,1.440148115158081,1.6692465543746948,1.5971040725708008,2.634418487548828,2.4142162799835205,1.7748173475265503,1.6948187351226807,3.0721373558044434,0.4993165135383606,2.8282251358032227,2.843148708343506,2.9135353565216064,2.649447441101074,2.7488551139831543,2.5808827877044678,2.6341938972473145,2.1229159832000732,2.54289174079895,1.4489942789077759,1.6641085147857666,1.6048134565353394,2.688119888305664,2.483747959136963,1.82538640499115,1.7565003633499146,3.217211961746216,0.20879222452640533,3.3091373443603516,1.556135654449463,1.2457704544067383,-0.45388394594192505,-0.5346477627754211
3,99,1.5572004318237305,1.7765226364135742,1.8075215816497803,2.6844582557678223,2.6320955753326416,1.7599481344223022,1.7566429376602173,2.845726728439331,1.2246547937393188,2.0874059200286865,2.3454883098602295,2.293867349624634,3.511906623840332,3.353370189666748,2.503413438796997,2.4395503997802734,3.867605686187744,0.5351433157920837,1.5976824760437012,1.837507963180542,1.848965048789978,2.8275034427642822,2.748631715774536,1.8628215789794922,1.8433064222335815,3.032024383544922,1.1160471439361572,2.163667678833008,2.4069766998291016,2.3683252334594727,3.610816717147827,3.4689433574676514,2.6062474250793457,2.552647352218628,4.037301063537598,0.2623837888240814,1.454978346824646,1.515995979309082,1.2608342170715332,-0.6340976357460022,-0.6454200148582458
3,99,2.160276412963867,2.397148847579956,2.414196252822876,3.531935214996338,3.4591171741485596,2.5092692375183105,2.490232467651367,3.9207613468170166,0.8558817505836487,1.541135311126709,1.8112468719482422,1.7479114532470703,2.9619970321655273,2.7953131198883057,1.9260971546173096,1.8511075973510742,3.370739221572876,0.4964626729488373,2.192967176437378,2.4386677742004395,2.432823657989502,3.621655225753784,3.5190770626068115,2.5838921070098877,2.5494320392608643,4.056976318359375,0.607083797454834,1.5559200048446655,1.8116289377212524,1.7716832160949707,3.016422748565674,2.874424934387207,1.9789042472839355,1.9225823879241943,3.5046260356903076,0.2674385905265808,1.0262001752853394,1.522887110710144,1.2020186185836792,-0.6319412589073181,-0.6105065941810608
3,99,1.6006776094436646,1.8160094022750854,1.841171383857727,2.9031214714050293,2.8041093349456787,1.9237810373306274,1.905861258506775,3.3788681030273438,0.6630558967590332,1.2997045516967773,1.5545122623443604,1.4756778478622437,2.6432125568389893,2.42616605758667,1.6546951532363892,1.5610668659210205,3.0941882133483887,0.47454124689102173,1.5767126083374023,1.8038957118988037,1.8027552366256714,2.9483325481414795,2.816591262817383,1.9505044221878052,1.9132038354873657,3.4732375144958496,0.4340270161628723,1.2371141910552979,1.4848103523254395,1.4292776584625244,2.6371445655822754,2.445596694946289,1.6358908414840698,1.5601838827133179,3.1688156127929688,0.272567480802536,0.9610485434532166,1.5374997854232788,1.1698635816574097,-0.47062909603118896,-0.5716745257377625
3,99,1.5291615724563599,1.7413394451141357,1.7690421342849731,2.806934118270874,2.6915760040283203,1.838820457458496,1.8170194625854492,3.250990152359009,0.6002942323684692,1.34825599193573,1.6053221225738525,1.5217139720916748,2.6743886470794678,2.4246299266815186,1.6907907724380493,1.5868891477584839,3.0691981315612793,0.4735613763332367,1.5007896423339844,1.7254681587219238,1.7261955738067627,2.8487539291381836,2.6976351737976074,1.8609387874603271,1.8189404010772705,3.3389694690704346,0.37804973125457764,1.2611033916473389,1.5121432542800903,1.4498097896575928,2.6404054164886475,2.4155430793762207,1.6436729431152344,1.5562330484390259,3.1134040355682373,0.27817532420158386,0.9909297823905945,1.4688395261764526,1.180948257446289,-0.5466076135635376,-0.5319147109985352
3,99,1.4892518520355225,1.6986535787582397,1.7170883417129517,2.747476816177368,2.5893728733062744,1.7925924062728882,1.7577112913131714,3.1497366428375244,0.5926616787910461,1.4336016178131104,1.686202049255371,1.595744252204895,2.7394487857818604,2.445996046066284,1.7699501514434814,1.6533069610595703,3.083620309829712,0.4877640902996063,1.4522234201431274,1.6735661029815674,1.6661040782928467,2.7795231342315674,2.586012840270996,1.8050055503845215,1.7507264614105225,3.2287511825561523,0.3698417842388153,1.3387633562088013,1.586035132408142,1.5153405666351318,2.697962999343872,2.4283337593078613,1.713757038116455,1.6130945682525635,3.1219935417175293,0.28815922141075134,1.0019047260284424,1.4544720649719238,1.29957914352417,-0.5361257791519165,-0.4733369052410126
3,99,1.4309203624725342,1.6360150575637817,1.652712106704712,2.6738574504852295,2.504059076309204,1.735620379447937,1.6976592540740967,3.078026533126831,0.6086763143539429,1.469221830368042,1.7183738946914673,1.6246892213821411,2.764662742614746,2.4561033248901367,1.8088421821594238,1.6898109912872314,3.107358455657959,0.5219447612762451,1.4020828008651733,1.6186691522598267,1.6089823246002197,2.720292568206787,2.514584541320801,1.759790301322937,1.702775478363037,3.1766278743743896,0.3696880638599396,1.373732328414917,1.6165995597839355,1.5425879955291748,2.7261154651641846,2.4422123432159424,1.7538976669311523,1.6508455276489258,3.153630495071411,0.30049145221710205,1.0055848360061646,1.4429683685302734,1.2865945100784302,-0.5166271924972534,-0.4720984995365143
3,99,1.5903922319412231,1.7982516288757324,1.8134965896606445,2.84155535697937,2.683980941772461,1.901006817817688,1.864667534828186,3.2350995540618896,0.5782381296157837,1.4567325115203857,1.7086586952209473,1.6219021081924438,2.755535364151001,2.468883752822876,1.795034646987915,1.6833475828170776,3.093256711959839,0.4772797226905823,1.5727534294128418,1.790308952331543,1.7810779809951782,2.8851215839385986,2.6941773891448975,1.927011251449585,1.8731253147125244,3.3239710330963135,0.3545565903186798,1.3658738136291504,1.610055685043335,1.5424728393554688,2.7085800170898438,2.4457666873931885,1.7378466129302979,1.6416503190994263,3.1222574710845947,0.28225237131118774,0.9694718718528748,1.4294370412826538,1.2458782196044922,-0.5650547742843628,-0.4833681881427765
3,99,1.3223804235458374,1.5247938632965088,1.54109525680542,2.5564680099487305,2.3845865726470947,1.6242142915725708,1.5860525369644165,2.9815540313720703,0.5859578847885132,1.396898627281189,1.644106149673462,1.5500003099441528,2.678292989730835,2.3690125942230225,1.7295403480529785,1.609479308128357,3.0345563888549805,0.5269991159439087,1.280263900756836,1.496679663658142,1.4840575456619263,2.595065116882324,2.3844034671783447,1.6378248929977417,1.578672170639038,3.069995403289795,0.3590492606163025,1.2811015844345093,1.5229835510253906,1.4479526281356812,2.62613844871521,2.34091854095459,1.658434510231018,1.5544153451919556,3.0709164142608643,0.30217620730400085,0.9804785251617432,1.5299752950668335,1.1829720735549927,-0.3781447410583496,-0.5320858359336853
3,99,1.5153217315673828,1.7254334688186646,1.732485055923462,2.7900173664093018,2.6134989261627197,1.8425731658935547,1.7984693050384521,3.208648920059204,0.5900266170501709,1.5455312728881836,1.7930506467819214,1.702101469039917,2.861948251724243,2.5584781169891357,1.8995516300201416,1.7835066318511963,3.2205755710601807,0.5200971961021423,1.5155680179595947,1.7342063188552856,1.7162423133850098,2.855231523513794,2.644657611846924,1.8894094228744507,1.827750563621521,3.32075834274292,0.35899412631988525,1.4936020374298096,1.7341539859771729,1.6594212055206299,2.857901096343994,2.575530529022217,1.8830617666244507,1.7806332111358643,3.2919199466705322,0.3094276785850525,0.955859899520874,1.4297982454299927,1.3572473526000977,-0.5623082518577576,-0.45498818159103394
3,99,1.4594517946243286,1.6731337308883667,1.691114068031311,2.697542905807495,2.557681083679199,1.753488540649414,1.7238545417785645,3.06066632270813,0.6430149078369141,1.495447039604187,1.7496899366378784,1.6653728485107422,2.791585683822632,2.519773483276367,1.828595519065857,1.7216651439666748,3.1045968532562256,0.5485727787017822,1.4167273044586182,1.6421518325805664,1.634461760520935,2.7333881855010986,2.5583341121673584,1.766234040260315,1.7173160314559937,3.155918598175049,0.3831605613231659,1.41603422164917,1.6652100086212158,1.5959203243255615,2.763479471206665,2.511791467666626,1.7868868112564087,1.6927059888839722,3.157207489013672,0.32320916652679443,0.9527559280395508,1.5437992811203003,1.3114432096481323,-0.43733206391334534,-0.47642090916633606
3,99,1.5547479391098022,1.783738374710083,1.8167519569396973,2.837547779083252,2.779589891433716,1.8590465784072876,1.853863000869751,3.2315595149993896,0.6977171897888184,1.6139863729476929,1.8859094381332397,1.8149333000183105,2.9624855518341064,2.7758595943450928,1.9625355005264282,1.8807975053787231,3.304760456085205,0.6345060467720032,1.520769715309143,1.7554048299789429,1.764797329902649,2.8868191242218018,2.7970616817474365,1.889495849609375,1.865939974784851,3.358170747756958,0.37941136956214905,1.526792287826538,1.7844070196151733,1.7309521436691284,2.9313712120056152,2.766782522201538,1.9247112274169922,1.8566097021102905,3.3848085403442383,0.29015493392944336,0.9275184273719788,1.6583181619644165,1.461063027381897,-0.4279062747955322,-0.49433398246765137
3,99,1.420607566833496,1.646628975868225,1.6583454608917236,2.595400810241699,2.490103006362915,1.6915282011032104,1.667820692062378,2.8535544872283936,0.7214160561561584,1.5117006301879883,1.768754482269287,1.7078725099563599,2.7331385612487793,2.5355887413024902,1.8119183778762817,1.733675479888916,2.9407427310943604,0.6937446594238281,1.395763635635376,1.6261179447174072,1.6141201257705688,2.6580145359039307,2.5194733142852783,1.7380846738815308,1.6970586776733398,3.00519061088562,0.37429654598236084,1.5012261867523193,1.7502855062484741,1.6929404735565186,2.782515525817871,2.5883843898773193,1.8542042970657349,1.7804067134857178,3.088948965072632,0.38531243801116943,0.6410427689552307,1.6350767612457275,1.570671796798706,-0.4067384898662567,-0.37536224722862244
3,99,1.4394721984863281,1.6755738258361816,1.668188452720642,2.607057571411133,2.45068621635437,1.7058119773864746,1.665331244468689,2.7814102172851562,0.7335423231124878,1.4689573049545288,1.7258846759796143,1.6648677587509155,2.6737051010131836,2.450218677520752,1.762285590171814,1.6825971603393555,2.8294496536254883,0.6629871129989624,1.376603603363037,1.6088539361953735,1.5867366790771484,2.621295928955078,2.441185235977173,1.7127809524536133,1.6586782932281494,2.905214786529541,0.3403533101081848,1.437703251838684,1.6861509084701538,1.626396894454956,2.6964573860168457,2.471788167953491,1.7813719511032104,1.70128333568573,2.947206497192383,0.3584705591201782,0.4646681249141693,1.6989343166351318,1.543800950050354,-0.36232805252075195,-0.3574139177799225
3,99,1.3836668729782104,1.6148251295089722,1.5967525243759155,2.5068676471710205,2.3270301818847656,1.6440563201904297,1.5950711965560913,2.639044761657715,0.7119535207748413,1.492120623588562,1.7372783422470093,1.676137089729309,2.6584739685058594,2.4260435104370117,1.7868179082870483,1.7070716619491577,2.7945291996002197,0.6194198727607727,1.3006967306137085,1.5263938903808594,1.4943705797195435,2.4962921142578125,2.2954325675964355,1.6284890174865723,1.5672663450241089,2.7422149181365967,0.3292831778526306,1.4663578271865845,1.7016667127609253,1.638336181640625,2.6748781204223633,2.4379780292510986,1.8046855926513672,1.722663402557373,2.900230646133423,0.3243486285209656,0.3923848271369934,1.6511741876602173,1.6452590227127075,-0.35745948553085327,-0.2791352868080139
3,99,1.2049641609191895,1.4297548532485962,1.4224250316619873,2.21028470993042,2.0700554847717285,1.4072374105453491,1.369946002960205,2.2620689868927,0.7421719431877136,1.3046095371246338,1.5461913347244263,1.4920088052749634,2.379626989364624,2.179220199584961,1.5589121580123901,1.487205147743225,2.454726457595825,0.6070693135261536,1.1040170192718506,1.3284728527069092,1.3154809474945068,2.1728501319885254,2.0200958251953125,1.3565019369125366,1.312970519065857,2.310508966445923,0.49553459882736206,1.2025501728057861,1.4352483749389648,1.3765184879302979,2.3261232376098633,2.1176180839538574,1.5047504901885986,1.429555058479309,2.500403642654419,0.3039640784263611,0.40838685631752014,1.5455595254898071,1.60627281665802,-0.3497118651866913,-0.16313663125038147
3,99,1.2716755867004395,1.411258578300476,1.4564396142959595,1.820145845413208,1.762233853340149,1.2514386177062988,1.2667282819747925,1.6706633567810059,1.1971969604492188,1.2869800329208374,1.5031945705413818,1.447739839553833,2.30334734916687,2.0745632648468018,1.546514868736267,1.4696094989776611,2.4203336238861084,0.5308902263641357,1.1486998796463013,1.303624153137207,1.34232497215271,1.8014949560165405,1.7191182374954224,1.1760755777359009,1.1810516119003296,1.725968599319458,1.0383496284484863,1.2528334856033325,1.4577490091323853,1.3965725898742676,2.305087089538574,2.0670111179351807,1.5527361631393433,1.4723707437515259,2.50612473487854,0.2551104724407196,1.220447063446045,1.4266772270202637,1.4747039079666138,-0.4567308723926544,-0.1961129754781723
3,99,1.1697652339935303,1.3171064853668213,1.3586434125900269,1.8066084384918213,1.725860595703125,1.1923261880874634,1.197698712348938,1.7190916538238525,1.0576931238174438,1.2667478322982788,1.4816641807556152,1.4251283407211304,2.283822536468506,2.046569347381592,1.5254017114639282,1.4451286792755127,2.396329164505005,0.5111919045448303,1.0217273235321045,1.1837886571884155,1.2194044589996338,1.773768663406372,1.6678485870361328,1.1035858392715454,1.0984249114990234,1.7793742418289185,0.8448877334594727,1.2294834852218628,1.4341979026794434,1.371211051940918,2.2813830375671387,2.034003973007202,1.5273759365081787,1.4436312913894653,2.476409435272217,0.24019210040569305,1.0733500719070435,1.4190024137496948,1.4534327983856201,-0.41461724042892456,-0.19468681514263153
3,99,1.2001723051071167,1.313557744026184,1.3700406551361084,1.6875678300857544,1.6419084072113037,1.155465006828308,1.1793979406356812,1.5607702732086182,1.1393952369689941,1.2578036785125732,1.4663920402526855,1.4116121530532837,2.2595205307006836,2.024467706680298,1.5139600038528442,1.4358779191970825,2.3935320377349854,0.516645610332489,1.0703494548797607,1.2007702589035034,1.2518783807754517,1.6755748987197876,1.6035617589950562,1.078034520149231,1.0916386842727661,1.6321616172790527,0.9767965078353882,1.2381117343902588,1.4374643564224243,1.3750617504119873,2.2765181064605713,2.0303642749786377,1.5350933074951172,1.4527462720870972,2.4922640323638916,0.2426217645406723,1.2635843753814697,1.3942571878433228,1.439886450767517,-0.4012909531593323,-0.19969186186790466
3,99,1.0330169200897217,1.1826109886169434,1.2185417413711548,1.7034555673599243,1.6057723760604858,1.0593868494033813,1.0576493740081787,1.6527318954467773,0.9545344114303589,1.2653254270553589,1.4800243377685547,1.4256322383880615,2.2871901988983154,2.0547237396240234,1.521965742111206,1.4431556463241577,2.4108476638793945,0.5291408896446228,1.0884335041046143,1.2416577339172363,1.2817888259887695,1.7971580028533936,1.7046722173690796,1.1416246891021729,1.1415770053863525,1.773759126663208,0.9504680633544922,1.2250547409057617,1.4311212301254272,1.3697707653045654,2.284998893737793,2.0420405864715576,1.5231093168258667,1.4405109882354736,2.492598056793213,0.25675979256629944,0.998901903629303,1.4720228910446167,1.4806766510009766,-0.2619384825229645,-0.18823736906051636
3,99,0.930081844329834,1.1123007535934448,1.1285489797592163,1.759315848350525,1.6291831731796265,1.0405349731445312,1.0184510946273804,1.8023382425308228,0.7740039825439453,1.3217365741729736,1.5400210618972778,1.4833173751831055,2.363457202911377,2.1380772590637207,1.5878714323043823,1.5095747709274292,2.4984805583953857,0.5363991260528564,0.8829466700553894,1.0684082508087158,1.0874584913253784,1.782317042350769,1.6495620012283325,1.042801856994629,1.0200045108795166,1.8972141742706299,0.6277881264686584,1.2828260660171509,1.490212082862854,1.4299969673156738,2.360325813293457,2.1290414333343506,1.5884921550750732,1.5085713863372803,2.5802478790283203,0.2593766450881958,0.8370814919471741,1.5344098806381226,1.496907114982605,-0.1631590574979782,-0.22182971239089966
3,99,1.1748806238174438,1.3831348419189453,1.3874280452728271,2.1503207683563232,2.031820058822632,1.3690176010131836,1.3384219408035278,2.251232624053955,0.7557971477508545,1.3834999799728394,1.6095720529556274,1.560261845588684,2.455796957015991,2.2676374912261963,1.652288794517517,1.582955241203308,2.5993294715881348,0.5767956972122192,1.0237150192260742,1.2303036451339722,1.2217544317245483,2.0996203422546387,1.9588871002197266,1.3031667470932007,1.2620556354522705,2.3376238346099854,0.35991278290748596,1.3231934309005737,1.5385608673095703,1.4847055673599243,2.4352896213531494,2.240738868713379,1.6359728574752808,1.56486976146698,2.6715004444122314,0.27814942598342896,0.5341611504554749,1.537244439125061,1.6132128238677979,-0.3503081202507019,-0.2098051756620407
3,99,0.9989801645278931,1.2033337354660034,1.2066564559936523,1.9188568592071533,1.7620278596878052,1.1592410802841187,1.1223959922790527,1.954037070274353,0.7228410243988037,1.3106627464294434,1.5373486280441284,1.4791399240493774,2.364257335662842,2.1287872791290283,1.5732923746109009,1.4913573265075684,2.4560587406158447,0.5329991579055786,0.8152128458023071,1.0245189666748047,1.0130528211593628,1.8543249368667603,1.6698458194732666,1.0701419115066528,1.0192760229110718,2.0291872024536133,0.3505447208881378,1.2419806718826294,1.4587948322296143,1.39427649974823,2.331028699874878,2.0866620540618896,1.5443756580352783,1.4592945575714111,2.5076546669006348,0.2571644186973572,0.6430729627609253,1.4820526838302612,1.5126835107803345,-0.27220848202705383,-0.19136585295200348
3,99,1.2432016134262085,1.4647283554077148,1.4615663290023804,2.2729597091674805,2.1255743503570557,1.4684723615646362,1.4305921792984009,2.3788115978240967,0.6908703446388245,1.3617621660232544,1.599181890487671,1.5398362874984741,2.44779372215271,2.229196548461914,1.6309528350830078,1.5527158975601196,2.553068161010742,0.5963658094406128,1.1051297187805176,1.3202993869781494,1.3019683361053467,2.2133045196533203,2.041954517364502,1.4009315967559814,1.349863052368164,2.4395084381103516,0.3139627277851105,1.2759782075881958,1.5016789436340332,1.4392833709716797,2.403625726699829,2.180495023727417,1.588943600654602,1.5085541009902954,2.6052846908569336,0.29674622416496277,0.48556220531463623,1.5396445989608765,1.624500036239624,-0.35084134340286255,-0.18112677335739136
3,99,1.0685794353485107,1.279449224472046,1.266083002090454,2.01997709274292,1.8238807916641235,1.259426474571228,1.2107744216918945,2.028481960296631,0.6622210144996643,1.257974624633789,1.488203525543213,1.4192148447036743,2.278468132019043,2.0124330520629883,1.5009909868240356,1.4114272594451904,2.2882118225097656,0.5859213471412659,0.9131134748458862,1.1256626844406128,1.09530508518219,1.955988883972168,1.7306544780731201,1.1792590618133545,1.1140950918197632,2.083038806915283,0.3152289092540741,1.1662073135375977,1.390040636062622,1.3171987533569336,2.2299487590789795,1.9564564228057861,1.449805498123169,1.3564966917037964,2.3252391815185547,0.32667794823646545,0.47876080870628357,1.4587916135787964,1.4992787837982178,-0.31841039657592773,-0.13741563260555267
3,99,1.1134872436523438,1.305955410003662,1.2978159189224243,1.983329176902771,1.7706533670425415,1.2648173570632935,1.216070294380188,1.9137650728225708,0.777837872505188,1.358506679534912,1.5774656534194946,1.5025088787078857,2.359267473220825,2.0543034076690674,1.6042760610580444,1.5034483671188354,2.342344045639038,0.5513268113136292,0.9644546508789062,1.1647980213165283,1.1439210176467896,1.9274258613586426,1.687799334526062,1.181547999382019,1.119150996208191,1.960321307182312,0.481589674949646,1.2977098226547241,1.5108716487884521,1.4309074878692627,2.333035469055176,2.0195257663726807,1.5776386260986328,1.4735395908355713,2.391315221786499,0.30264896154403687,0.6639050245285034,1.4076517820358276,1.4693689346313477,-0.38885149359703064,-0.15538941323757172
3,99,1.1346713304519653,1.3532841205596924,1.334611177444458,2.151219129562378,1.9501591920852661,1.3505494594573975,1.2962400913238525,2.1887898445129395,0.6791989803314209,1.3717784881591797,1.6050772666931152,1.5387539863586426,2.452855110168457,2.192793369293213,1.6397135257720947,1.5505582094192505,2.5028650760650635,0.5807955265045166,1.0626906156539917,1.281927466392517,1.254599928855896,2.145414352416992,1.929159164428711,1.3330262899398804,1.2707185745239258,2.268413543701172,0.43017661571502686,1.324264407157898,1.5508474111557007,1.4799466133117676,2.445791006088257,2.1781485080718994,1.6318923234939575,1.539695143699646,2.576874017715454,0.3183399736881256,0.4727539122104645,1.4669833183288574,1.5638920068740845,-0.37948963046073914,-0.18835614621639252
3,99,1.1126530170440674,1.318005919456482,1.2966017723083496,2.075488328933716,1.8406603336334229,1.313597559928894,1.2514487504959106,2.0894949436187744,0.6817529797554016,1.3641470670700073,1.5854007005691528,1.512801170349121,2.399153709411621,2.0978193283081055,1.6216071844100952,1.522112488746643,2.4283511638641357,0.5708253979682922,1.0117952823638916,1.2190338373184204,1.184814214706421,2.0503363609313965,1.793086290359497,1.2740881443023682,1.200154423713684,2.1592295169830322,0.3935271203517914,1.3133667707443237,1.5279796123504639,1.4497390985488892,2.3877763748168945,2.077099323272705,1.609696388244629,1.506299614906311,2.4974186420440674,0.30080902576446533,0.5138072371482849,1.4033746719360352,1.4708919525146484,-0.3996477723121643,-0.20291949808597565
3,99,1.2695825099945068,1.490809679031372,1.4624028205871582,2.3350119590759277,2.094856023788452,1.5123344659805298,1.4456021785736084,2.410456418991089,0.7088395357131958,1.4038912057876587,1.6382118463516235,1.5657662153244019,2.5261151790618896,2.228928804397583,1.6912553310394287,1.5928784608840942,2.617563247680664,0.5759518146514893,1.2022345066070557,1.4240401983261108,1.37858247756958,2.3417370319366455,2.0742595195770264,1.5068327188491821,1.4259538650512695,2.5078413486480713,0.3973824977874756,1.3962405920028687,1.622164011001587,1.5453993082046509,2.5589702129364014,2.253164291381836,1.724328637123108,1.6228164434432983,2.730332851409912,0.30373477935791016,0.42043811082839966,1.425354242324829,1.5344805717468262,-0.4876668453216553,-0.24966345727443695
3,99,1.2673311233520508,1.4869956970214844,1.451752781867981,2.3237102031707764,2.052884817123413,1.5023906230926514,1.4281370639801025,2.3611555099487305,0.70721435546875,1.3593696355819702,1.5932815074920654,1.5150036811828613,2.4666924476623535,2.1405975818634033,1.6344693899154663,1.5290600061416626,2.514529228210449,0.5866851210594177,1.17512047290802,1.3951544761657715,1.3420923948287964,2.311053991317749,2.011200189590454,1.479280710220337,1.389493703842163,2.452209711074829,0.3519364595413208,1.3313614130020142,1.5587377548217773,1.4752206802368164,2.482954263687134,2.14700984954834,1.650367021560669,1.5405457019805908,2.612712860107422,0.3127445578575134,0.38565877079963684,1.5258833169937134,1.4607479572296143,-0.36744338274002075,-0.2704724669456482
3,99,1.2538033723831177,1.4754631519317627,1.4431196451187134,2.3158414363861084,2.0568153858184814,1.4903080463409424,1.4190515279769897,2.3703553676605225,0.7124436497688293,1.3303648233413696,1.5660666227340698,1.4904532432556152,2.4420430660247803,2.1275322437286377,1.6057589054107666,1.5031731128692627,2.5046160221099854,0.5978694558143616,1.155379056930542,1.3766111135482788,1.32719087600708,2.2993035316467285,2.0123231410980225,1.4623066186904907,1.3761383295059204,2.4602158069610596,0.3541523814201355,1.2904679775238037,1.5190078020095825,1.4377961158752441,2.4509825706481934,2.126352548599243,1.613339900970459,1.5061969757080078,2.6016314029693604,0.30845803022384644,0.38061264157295227,1.5498573780059814,1.4900014400482178,-0.3532872200012207,-0.24361568689346313
3,99,1.2244858741760254,1.4452482461929321,1.4124010801315308,2.284398317337036,2.015695333480835,1.4610695838928223,1.3868008852005005,2.3414342403411865,0.7022854685783386,1.336395025253296,1.5705995559692383,1.4935969114303589,2.447763442993164,2.122190475463867,1.6140382289886475,1.507936954498291,2.513170003890991,0.5905178189277649,1.125425100326538,1.3452459573745728,1.2944040298461914,2.2675704956054688,1.9694305658340454,1.433626413345337,1.3438541889190674,2.431544542312622,0.34402045607566833,1.3022493124008179,1.528767704963684,1.4459577798843384,2.460103750228882,2.1239960193634033,1.6258796453475952,1.5152381658554077,2.6112747192382812,0.30650606751441956,0.39457812905311584,1.527443766593933,1.4630566835403442,-0.34951427578926086,-0.2645297348499298
3,99,1.2888578176498413,1.514679193496704,1.4967912435531616,2.3531033992767334,2.1515939235687256,1.5187348127365112,1.4648628234863281,2.453392267227173,0.7562857270240784,1.3952646255493164,1.6358784437179565,1.5706499814987183,2.5160114765167236,2.253420352935791,1.669385552406311,1.5806858539581299,2.6263630390167236,0.6381458044052124,1.1635233163833618,1.3879610300064087,1.3525437116622925,2.3170595169067383,2.0876076221466064,1.4703469276428223,1.4012134075164795,2.538860559463501,0.3665132224559784,1.3437457084655762,1.5757944583892822,1.5053857564926147,2.5148308277130127,2.243675708770752,1.6673781871795654,1.5747441053390503,2.72194504737854,0.3306354284286499,0.4240805506706238,1.6038198471069336,1.5941319465637207,-0.3435712158679962,-0.2465279996395111
3,99,1.3534332513809204,1.5834572315216064,1.5755999088287354,2.4357011318206787,2.2822983264923096,1.584869146347046,1.5440043210983276,2.574744462966919,0.7874664664268494,1.462267518043518,1.7067363262176514,1.65000581741333,2.6062591075897217,2.3896358013153076,1.7426213026046753,1.6657966375350952,2.762458086013794,0.6463057994842529,1.227285623550415,1.4543896913528442,1.430911898612976,2.399355173110962,2.2212562561035156,1.5373822450637817,1.4827845096588135,2.6653430461883545,0.38229355216026306,1.4161993265151978,1.6509172916412354,1.5906260013580322,2.6075832843780518,2.3851988315582275,1.7449333667755127,1.6654534339904785,2.860377788543701,0.33838069438934326,0.44793835282325745,1.6132893562316895,1.6417447328567505,-0.40208297967910767,-0.2819133400917053
3,99,1.1119344234466553,1.3217684030532837,1.3012034893035889,2.073810338973999,1.8510055541992188,1.3073927164077759,1.2488555908203125,2.08981990814209,0.6853882670402527,1.278747320175171,1.5028239488601685,1.4332305192947388,2.3102710247039795,2.0232999324798584,1.5305793285369873,1.4352049827575684,2.3475561141967773,0.5491507649421692,0.9567424654960632,1.1667811870574951,1.1280708312988281,2.006800889968872,1.7534527778625488,1.2295633554458618,1.1536868810653687,2.1419637203216553,0.32477807998657227,1.2028770446777344,1.4190033674240112,1.343185305595398,2.273981809616089,1.9768363237380981,1.49713134765625,1.396621584892273,2.3962700366973877,0.2808287441730499,0.43724218010902405,1.410315752029419,1.4467859268188477,-0.38821494579315186,-0.1873435378074646
3,99,1.1692739725112915,1.3816828727722168,1.3650606870651245,2.1663780212402344,1.9558402299880981,1.3729759454727173,1.3185093402862549,2.2494118213653564,0.7267282009124756,1.3693100214004517,1.5971388816833496,1.5308655500411987,2.4367339611053467,2.1619884967803955,1.6290066242218018,1.5375157594680786,2.535870313644409,0.6122990250587463,1.0244570970535278,1.2368346452713013,1.2036813497543335,2.114614486694336,1.8760229349136353,1.3086698055267334,1.238243818283081,2.32112979888916,0.3513866066932678,1.307161569595337,1.526963472366333,1.4547500610351562,2.4207828044891357,2.136151075363159,1.613974690437317,1.5175243616104126,2.6119301319122314,0.31530341506004333,0.46814534068107605,1.5030730962753296,1.5573816299438477,-0.37063807249069214,-0.20994415879249573
3,99,1.1331685781478882,1.3436042070388794,1.323423981666565,2.112048625946045,1.8936848640441895,1.3400927782058716,1.2826428413391113,2.156745195388794,0.6736556887626648,1.293670654296875,1.5172460079193115,1.4486321210861206,2.3361048698425293,2.0559241771698,1.5529643297195435,1.459755539894104,2.399864912033081,0.5441130995750427,0.9920470714569092,1.1990257501602173,1.1634211540222168,2.0536105632781982,1.8095000982284546,1.2746336460113525,1.202191710472107,2.2209184169769287,0.3049069344997406,1.2300132513046265,1.4444489479064941,1.370336651802063,2.310763359069824,2.021946430206299,1.5314396619796753,1.4336189031600952,2.460556745529175,0.27232033014297485,0.4286329448223114,1.4084492921829224,1.4682629108428955,-0.405649334192276,-0.1971273571252823
3,99,1.109976887702942,1.3200000524520874,1.2985625267028809,2.0631959438323975,1.8438266515731812,1.304352879524231,1.2455693483352661,2.0645883083343506,0.6655305624008179,1.2715978622436523,1.4950590133666992,1.4262162446975708,2.2862255573272705,2.0051286220550537,1.5161116123199463,1.4220566749572754,2.3038182258605957,0.5470687747001648,0.9583621025085449,1.1669334173202515,1.127941370010376,1.9948937892913818,1.7467668056488037,1.2280144691467285,1.1532739400863647,2.118837594985962,0.3026624619960785,1.188033103942871,1.4035494327545166,1.3282467126846313,2.2419822216033936,1.9509220123291016,1.4749449491500854,1.3759981393814087,2.3474204540252686,0.27599433064460754,0.41701528429985046,1.4161652326583862,1.4543167352676392,-0.3702256381511688,-0.16597771644592285
3,99,1.174818754196167,1.3943102359771729,1.3752387762069702,2.1867332458496094,1.9730594158172607,1.3860597610473633,1.3300719261169434,2.2302002906799316,0.6870587468147278,1.3299992084503174,1.5626285076141357,1.4954619407653809,2.4054157733917236,2.130154848098755,1.59369957447052,1.5017083883285522,2.468766689300537,0.5504747033119202,1.0422061681747437,1.2592136859893799,1.2226680517196655,2.137559413909912,1.8962390422821045,1.3300045728683472,1.257738471031189,2.3014936447143555,0.31346315145492554,1.2749518156051636,1.498480200767517,1.425905466079712,2.38834285736084,2.104767322540283,1.5809401273727417,1.4845205545425415,2.5369672775268555,0.277729332447052,0.4321487247943878,1.4419125318527222,1.4566704034805298,-0.4080279767513275,-0.24841147661209106
3,99,1.134181261062622,1.346926212310791,1.3307232856750488,2.1119022369384766,1.9083366394042969,1.3337801694869995,1.2808982133865356,2.16296648979187,0.6931736469268799,1.295173168182373,1.5217185020446777,1.4558058977127075,2.340012550354004,2.072870969772339,1.5498982667922974,1.459748387336731,2.4118170738220215,0.5622411370277405,0.9660252928733826,1.1771926879882812,1.1438710689544678,2.031852960586548,1.8004411458969116,1.2445276975631714,1.1752815246582031,2.2097716331481934,0.31817442178726196,1.209482192993164,1.4272037744522095,1.355224370956421,2.2948968410491943,2.0187690258026123,1.5082566738128662,1.4132252931594849,2.4570178985595703,0.28285089135169983,0.43714189529418945,1.4882174730300903,1.5384562015533447,-0.33905652165412903,-0.15457449853420258
3,99,1.126882791519165,1.339331030845642,1.3228623867034912,2.0920193195343018,1.8890447616577148,1.320693016052246,1.268471360206604,2.1171767711639404,0.6898010969161987,1.2862690687179565,1.5128719806671143,1.4464409351348877,2.3202855587005615,2.0528740882873535,1.5364840030670166,1.446576714515686,2.3675992488861084,0.5531530380249023,0.9648176431655884,1.1760622262954712,1.1423261165618896,2.0177643299102783,1.7866688966751099,1.2373297214508057,1.168433666229248,2.168757438659668,0.31769412755966187,1.2031103372573853,1.4209582805633545,1.3487962484359741,2.276566743850708,2.0005929470062256,1.4966349601745605,1.401974081993103,2.413099765777588,0.2778990864753723,0.44019919633865356,1.438159704208374,1.4734729528427124,-0.3777470290660858,-0.18817313015460968
3,99,1.3733446598052979,1.599449872970581,1.5915390253067017,2.4411611557006836,2.2858409881591797,1.6051644086837769,1.5633970499038696,2.5519964694976807,0.7620639801025391,1.3794625997543335,1.621364712715149,1.5649415254592896,2.4947633743286133,2.275775194168091,1.647902250289917,1.5699262619018555,2.609931468963623,0.6333833932876587,1.2517081499099731,1.4726369380950928,1.4503754377365112,2.3988842964172363,2.2201087474823,1.5561968088150024,1.5014996528625488,2.630596399307251,0.3659583330154419,1.3139708042144775,1.5459954738616943,1.4847705364227295,2.479637861251831,2.253286123275757,1.6344966888427734,1.5527739524841309,2.695437431335449,0.31880831718444824,0.40764668583869934,1.5955610275268555,1.5798105001449585,-0.39515936374664307,-0.2654397189617157
3,99,1.504331111907959,1.746142029762268,1.7322291135787964,2.6328513622283936,2.4775474071502686,1.761388897895813,1.7156271934509277,2.716148614883423,0.7608569264411926,1.4431360960006714,1.7002378702163696,1.6405298709869385,2.5982508659362793,2.383563280105591,1.7199360132217407,1.641067624092102,2.6665663719177246,0.6745607852935791,1.4135736227035522,1.6491295099258423,1.621604084968567,2.6112349033355713,2.433922052383423,1.7343759536743164,1.6779248714447021,2.804710865020752,0.3783216178417206,1.379555106163025,1.6268925666809082,1.5648735761642456,2.588123321533203,2.3685967922210693,1.7085070610046387,1.628301978111267,2.7595760822296143,0.3555302917957306,0.4111357629299164,1.588480830192566,1.602150321006775,-0.45377007126808167,-0.30320876836776733
3,99,1.5425641536712646,1.7807343006134033,1.7732031345367432,2.694526195526123,2.5641531944274902,1.8095332384109497,1.7700891494750977,2.852024555206299,0.7620875835418701,1.4415570497512817,1.696462631225586,1.6428029537200928,2.5931591987609863,2.403198480606079,1.7060884237289429,1.6332664489746094,2.703914165496826,0.7564101219177246,1.4744477272033691,1.706808090209961,1.684391975402832,2.695237159729004,2.5409231185913086,1.8062098026275635,1.7550995349884033,2.9613935947418213,0.38237738609313965,1.4030543565750122,1.65267014503479,1.5941089391708374,2.6185765266418457,2.420053720474243,1.7247734069824219,1.6484166383743286,2.8286547660827637,0.45934292674064636,0.43808767199516296,1.72572922706604,1.6821014881134033,-0.3646128475666046,-0.3193310499191284
3,99,1.3928791284561157,1.6216635704040527,1.6131988763809204,2.481588125228882,2.331763982772827,1.6250196695327759,1.583180546760559,2.5577399730682373,0.7351309061050415,1.4412262439727783,1.6850700378417969,1.6340371370315552,2.515246629714966,2.312281608581543,1.6615692377090454,1.5883116722106934,2.5196945667266846,0.8298373818397522,1.2812618017196655,1.511386513710022,1.4846413135528564,2.448124408721924,2.2700154781341553,1.5844128131866455,1.5272527933120728,2.6404426097869873,0.3579760193824768,1.327755093574524,1.5731308460235596,1.5169141292572021,2.476909637451172,2.264225959777832,1.609006404876709,1.530680537223816,2.591536283493042,0.51387619972229,0.40775132179260254,1.6310977935791016,1.6879501342773438,-0.3863944411277771,-0.25818097591400146
3,99,1.1684650182724,1.3761876821517944,1.3633142709732056,2.16218900680542,1.945318341255188,1.3757216930389404,1.3168938159942627,2.2172205448150635,0.6933266520500183,1.3482751846313477,1.5697410106658936,1.5178425312042236,2.307176113128662,2.045330047607422,1.530710220336914,1.444777011871338,2.2579727172851562,0.9029799699783325,1.0766911506652832,1.2894561290740967,1.2556411027908325,2.151480197906494,1.901580810546875,1.3500547409057617,1.2747684717178345,2.302417755126953,0.39913511276245117,1.2964692115783691,1.523235559463501,1.4618710279464722,2.326552152633667,2.0473973751068115,1.5290852785110474,1.4350203275680542,2.356264114379883,0.6857642531394958,0.4278603196144104,1.5152642726898193,1.5940475463867188,-0.360147088766098,-0.23039832711219788
3,99,1.3853342533111572,1.6116853952407837,1.5601823329925537,2.471907138824463,2.140094518661499,1.634840965270996,1.5407098531723022,2.470505952835083,0.7133671045303345,2.124405860900879,2.294804096221924,2.2583320140838623,2.706113576889038,2.469560384750366,2.11118745803833,2.052570343017578,2.22686767578125,2.0130505561828613,1.423208475112915,1.6515440940856934,1.5781974792480469,2.5778486728668213,2.212900161743164,1.7318456172943115,1.622226357460022,2.663862943649292,0.4186673164367676,2.3170769214630127,2.500866651535034,2.464846134185791,2.974747657775879,2.7332708835601807,2.339179754257202,2.2775628566741943,2.5275423526763916,2.1396303176879883,1.5394935607910156,1.564292073249817,1.6218061447143555,-0.3938032388687134,-0.7986888885498047
3,99,1.1812775135040283,1.3799339532852173,1.3119077682495117,2.158581495285034,1.762868881225586,1.4162861108779907,1.3027527332305908,2.1446120738983154,0.5941177606582642,2.2112209796905518,2.2840006351470947,2.2855136394500732,2.272862672805786,2.1736068725585938,2.044674873352051,2.041628837585449,1.623085379600525,2.1019465923309326,1.2218388319015503,1.4199074506759644,1.3306087255477905,2.259138345718384,1.8304553031921387,1.5114845037460327,1.3833309412002563,2.326019048690796,0.32237616181373596,2.405362606048584,2.4984569549560547,2.493239164352417,2.564183235168457,2.438840866088867,2.272709369659424,2.258068799972534,1.9369425773620605,2.3476481437683105,2.196511745452881,1.362471103668213,1.474593162536621,-0.3927243947982788,-0.9334519505500793
3,99,1.246300220489502,1.4541234970092773,1.390259861946106,2.283212184906006,1.9126994609832764,1.501471757888794,1.395147442817688,2.308889150619507,0.6014176607131958,2.278778314590454,2.356156349182129,2.355160713195801,2.3794031143188477,2.265911340713501,2.118105173110962,2.1073009967803955,1.7340494394302368,2.1836166381835938,1.3152117729187012,1.522671103477478,1.4381147623062134,2.4105708599090576,2.0102388858795166,1.6238346099853516,1.5042288303375244,2.516404151916504,0.32613739371299744,2.4812002182006836,2.5805633068084717,2.5736284255981445,2.687932252883911,2.551543712615967,2.358464002609253,2.3371098041534424,2.0700600147247314,2.4343454837799072,2.2653794288635254,1.3808573484420776,1.553059697151184,-0.42955049872398376,-0.8861563801765442
3,99,1.3455804586410522,1.5571402311325073,1.5006670951843262,2.4118518829345703,2.068042755126953,1.6093651056289673,1.510514497756958,2.4749062061309814,0.6314315795898438,2.448518753051758,2.5257370471954346,2.528208017349243,2.510740280151367,2.4200408458709717,2.2687394618988037,2.260502815246582,1.8276796340942383,2.3302736282348633,1.4285069704055786,1.6385482549667358,1.5613032579421997,2.5529491901397705,2.179375410079956,1.746268630027771,1.6345232725143433,2.698960065841675,0.3436592221260071,2.6618118286132812,2.7622878551483154,2.7591967582702637,2.839200019836426,2.7252750396728516,2.5219788551330566,2.5034878253936768,2.1884453296661377,2.602855682373047,2.4898831844329834,1.4553200006484985,1.5851207971572876,-0.4350610077381134,-0.8773643374443054
3,99,1.3121747970581055,1.5307669639587402,1.4688743352890015,2.3883795738220215,2.0461761951446533,1.5780022144317627,1.4791775941848755,2.448951482772827,0.630482017993927,2.3969428539276123,2.477102041244507,2.4682908058166504,2.443812131881714,2.345900535583496,2.216427803039551,2.2065274715423584,1.776635766029358,2.2699921131134033,1.3896669149398804,1.6053452491760254,1.5253212451934814,2.526447296142578,2.156261920928955,1.71058988571167,1.5997226238250732,2.6703786849975586,0.33956024050712585,2.5985240936279297,2.7032392024993896,2.6888465881347656,2.764835834503174,2.6442794799804688,2.458714723587036,2.438567638397217,2.129845142364502,2.539144277572632,2.452650785446167,1.4590684175491333,1.5905542373657227,-0.41995811462402344,-0.870512068271637
3,99,1.320783257484436,1.5398106575012207,1.4766619205474854,2.4030535221099854,2.0488698482513428,1.5863063335418701,1.483752965927124,2.4545905590057373,0.6603869199752808,2.3715479373931885,2.455583333969116,2.4462668895721436,2.444840431213379,2.3369600772857666,2.1983611583709717,2.1865875720977783,1.7962677478790283,2.253321647644043,1.3873927593231201,1.6054176092147827,1.523481845855713,2.53367018699646,2.149726390838623,1.708158254623413,1.5928159952163696,2.6651060581207275,0.37950438261032104,2.586608409881592,2.6954762935638428,2.679645299911499,2.7803187370300293,2.648468017578125,2.4559078216552734,2.4327785968780518,2.1631786823272705,2.529087543487549,2.3848459720611572,1.5035152435302734,1.5179476737976074,-0.3878634572029114,-0.8833034634590149
3,99,1.2438809871673584,1.4538707733154297,1.3892155885696411,2.2795493602752686,1.9139821529388428,1.4969254732131958,1.3911596536636353,2.316007375717163,0.6226911544799805,2.3192782402038574,2.393541097640991,2.39080548286438,2.3541269302368164,2.263838052749634,2.140296459197998,2.1343085765838623,1.70169997215271,2.1941890716552734,1.3096531629562378,1.5190887451171875,1.435272455215454,2.4054884910583496,2.009890556335449,1.6150875091552734,1.4963769912719727,2.5158257484436035,0.3678995370864868,2.510669469833374,2.6084091663360596,2.5987637042999268,2.6596193313598633,2.5426995754241943,2.370698928833008,2.3529226779937744,2.036303758621216,2.450073003768921,2.3457746505737305,1.4477192163467407,1.4858225584030151,-0.37697067856788635,-0.8877401351928711
3,99,1.1789339780807495,1.3805155754089355,1.3199405670166016,2.170264482498169,1.8074254989624023,1.4195297956466675,1.3146532773971558,2.1996638774871826,0.6002423763275146,2.2822463512420654,2.356053113937378,2.3565495014190674,2.314011812210083,2.2336227893829346,2.107489824295044,2.1038620471954346,1.6670423746109009,2.1552953720092773,1.2429313659667969,1.4440336227416992,1.363012433052063,2.2938263416290283,1.8991692066192627,1.5358450412750244,1.4172898530960083,2.3956072330474854,0.35551774501800537,2.471477746963501,2.5665199756622314,2.561006546020508,2.6066651344299316,2.5013394355773926,2.3320488929748535,2.3174984455108643,1.9859070777893066,2.405866861343384,2.282142162322998,1.3897703886032104,1.4420744180679321,-0.3965831995010376,-0.9152173399925232
3,99,1.1983627080917358,1.4055577516555786,1.3412199020385742,2.215221643447876,1.843125820159912,1.4491167068481445,1.3405472040176392,2.249746799468994,0.5960798263549805,2.305528163909912,2.3779900074005127,2.3807742595672607,2.3090579509735107,2.239184617996216,2.1225697994232178,2.1228344440460205,1.6541540622711182,2.1634578704833984,1.255394697189331,1.4595859050750732,1.3747870922088623,2.333428382873535,1.928741455078125,1.5608915090560913,1.4389011859893799,2.448556423187256,0.31875476241111755,2.4905495643615723,2.5852158069610596,2.581683397293091,2.601778507232666,2.505530595779419,2.3436849117279053,2.3324642181396484,1.9731254577636719,2.4187209606170654,2.355836868286133,1.425609827041626,1.500586986541748,-0.3717249929904938,-0.9093858003616333
3,99,1.1457993984222412,1.350938320159912,1.2893915176391602,2.1475167274475098,1.777868628501892,1.3878737688064575,1.2805341482162476,2.181488513946533,0.6096541285514832,2.304363489151001,2.3667991161346436,2.374523162841797,2.2578835487365723,2.2066450119018555,2.110184669494629,2.1161394119262695,1.5968459844589233,2.1310083866119385,1.1927698850631714,1.396713376045227,1.3130587339401245,2.26230788230896,1.8576925992965698,1.4930782318115234,1.3709815740585327,2.377448081970215,0.3370971083641052,2.4714365005493164,2.55684494972229,2.5573809146881104,2.5366320610046387,2.455343246459961,2.313255786895752,2.306739330291748,1.9020683765411377,2.3787765502929688,2.3476500511169434,1.4134749174118042,1.4317041635513306,-0.36485913395881653,-0.9031326174736023
3,99,1.2089519500732422,1.4193737506866455,1.3586610555648804,2.231801748275757,1.8716975450515747,1.4554131031036377,1.3510063886642456,2.2631165981292725,0.6319442987442017,2.32977557182312,2.4051625728607178,2.4050819873809814,2.345052719116211,2.2675187587738037,2.1489226818084717,2.145387649536133,1.684620976448059,2.1922590732574463,1.2513986825942993,1.4606437683105469,1.3786773681640625,2.3413712978363037,1.9473766088485718,1.5554144382476807,1.43674635887146,2.455106019973755,0.35223716497421265,2.5190792083740234,2.617272138595581,2.611067771911621,2.644772529602051,2.5419251918792725,2.3753702640533447,2.3606255054473877,2.0121538639068604,2.451286792755127,2.3393218517303467,1.450203776359558,1.470423698425293,-0.3648238480091095,-0.8974527716636658
3,99,1.3148847818374634,1.5330990552902222,1.4708271026611328,2.393364191055298,2.0529913902282715,1.5843043327331543,1.484894871711731,2.470038652420044,0.6253834962844849,2.3983209133148193,2.47829008102417,2.470147132873535,2.4277522563934326,2.3367953300476074,2.213458776473999,2.2042601108551025,1.7662670612335205,2.2584822177886963,1.3930461406707764,1.6073650121688843,1.5274533033370972,2.531209707260132,2.1628386974334717,1.716826319694519,1.6058427095413208,2.6905860900878906,0.3330022990703583,2.592803716659546,2.697995185852051,2.6835317611694336,2.7458999156951904,2.630206346511841,2.4498536586761475,2.4295670986175537,2.118373155593872,2.5249183177948,2.4821746349334717,1.461814522743225,1.5205135345458984,-0.4118787348270416,-0.8702945709228516
3,99,1.3449681997299194,1.5675941705703735,1.506129264831543,2.454871416091919,2.114217519760132,1.6239756345748901,1.5240269899368286,2.5469980239868164,0.6340256333351135,2.478229522705078,2.556814670562744,2.5525240898132324,2.4841678142547607,2.4055135250091553,2.283541440963745,2.2773704528808594,1.8071454763412476,2.320434093475342,1.4239410161972046,1.6425812244415283,1.5625649690628052,2.5936834812164307,2.223845958709717,1.7570829391479492,1.6451486349105835,2.767350435256958,0.3414539694786072,2.6867191791534424,2.791396141052246,2.780839443206787,2.8208441734313965,2.7173120975494385,2.535022020339966,2.5176620483398438,2.1784424781799316,2.6096858978271484,2.5918238162994385,1.5148212909698486,1.5047718286514282,-0.3891502320766449,-0.8820844292640686
3,99,1.241407036781311,1.4573123455047607,1.3872350454330444,2.2891995906829834,1.8976331949234009,1.506156086921692,1.391456127166748,2.321791887283325,0.5912047028541565,2.3250699043273926,2.398298501968384,2.403963088989258,2.3023478984832764,2.242316484451294,2.137996196746826,2.1427481174468994,1.6405930519104004,2.1580841541290283,1.2992392778396606,1.5106332302093506,1.4197641611099243,2.4031004905700684,1.9782425165176392,1.6137290000915527,1.4854364395141602,2.5105512142181396,0.3195624351501465,2.504094362258911,2.600555419921875,2.599684476852417,2.591857671737671,2.503847122192383,2.353297472000122,2.3460609912872314,1.9552968740463257,2.417431116104126,2.4534189701080322,1.4253517389297485,1.4496111869812012,-0.3756536543369293,-0.9236097931861877
3,99,1.2965728044509888,1.518515706062317,1.4507710933685303,2.3783740997314453,1.9951906204223633,1.5706956386566162,1.4581615924835205,2.422477960586548,0.6073828935623169,2.44484543800354,2.5212550163269043,2.5280885696411133,2.415396213531494,2.361829996109009,2.251267910003662,2.2571394443511963,1.7286866903305054,2.273085594177246,1.362166166305542,1.5790843963623047,1.4904719591140747,2.500631093978882,2.0840868949890137,1.6866708993911743,1.5603609085083008,2.6208207607269287,0.32868143916130066,2.647174835205078,2.7470715045928955,2.7483162879943848,2.7298061847686768,2.6509907245635986,2.4904236793518066,2.4852840900421143,2.0693135261535645,2.558797836303711,2.5793046951293945,1.4877914190292358,1.504023551940918,-0.372982919216156,-0.9237629175186157
3,99,1.3075934648513794,1.531921148300171,1.4636030197143555,2.4035701751708984,2.0222339630126953,1.5871844291687012,1.4748262166976929,2.4596517086029053,0.5970135927200317,2.479870319366455,2.5626893043518066,2.565734624862671,2.4712233543395996,2.4068105220794678,2.2893006801605225,2.2906758785247803,1.7783706188201904,2.314242124557495,1.373232364654541,1.5910013914108276,1.501424789428711,2.525683641433716,2.110687494277954,1.704755187034607,1.578830599784851,2.6629536151885986,0.2999614179134369,2.6898181438446045,2.7963602542877197,2.793919801712036,2.7947964668273926,2.7059032917022705,2.5370495319366455,2.527545690536499,2.1294384002685547,2.6052520275115967,2.609266757965088,1.4968560934066772,1.5273948907852173,-0.3711808919906616,-0.9179346561431885
3,99,1.2383167743682861,1.4521591663360596,1.3803858757019043,2.301546573638916,1.903565526008606,1.5155611038208008,1.397836446762085,2.364966869354248,0.5671405792236328,2.4290645122528076,2.489725112915039,2.503124237060547,2.3171956539154053,2.2961771488189697,2.2221474647521973,2.237294912338257,1.641012191772461,2.194333791732788,1.3145856857299805,1.5214028358459473,1.429537057876587,2.4312732219696045,2.001188278198242,1.6404602527618408,1.5102101564407349,2.570795774459839,0.28601109981536865,2.5961337089538574,2.6810951232910156,2.687455177307129,2.6030080318450928,2.5492019653320312,2.4260659217834473,2.4282736778259277,1.9528049230575562,2.4649100303649902,2.6468629837036133,1.427574872970581,1.4306106567382812,-0.38206830620765686,-0.9275833964347839
3,99,1.3280662298202515,1.54643976688385,1.4670405387878418,2.4283666610717773,2.0095624923706055,1.6269943714141846,1.502557396888733,2.504976749420166,0.5272918343544006,2.268890380859375,2.3457155227661133,2.3537144660949707,2.2699832916259766,2.201970338821411,2.0926477909088135,2.0959811210632324,1.659844160079956,2.1069061756134033,1.439496636390686,1.6486173868179321,1.5508363246917725,2.5828025341033936,2.1348586082458496,1.7798353433609009,1.644773006439209,2.728909969329834,0.24071714282035828,2.4364066123962402,2.540585517883301,2.5395796298980713,2.5707850456237793,2.46584415435791,2.3053152561187744,2.2931509017944336,1.9938298463821411,2.3590850830078125,2.5297999382019043,1.3372009992599487,1.4829740524291992,-0.4810822904109955,-0.8939154148101807
3,99,1.1256017684936523,1.3311361074447632,1.2453736066818237,2.1445345878601074,1.6952717304229736,1.3986092805862427,1.264951467514038,2.166205883026123,0.46724933385849,2.104128837585449,2.1794352531433105,2.1898512840270996,2.1390912532806396,2.0658035278320312,1.9483815431594849,1.9510482549667358,1.5490875244140625,1.9689546823501587,1.2129316329956055,1.410972237586975,1.3054070472717285,2.2725629806518555,1.792389988899231,1.5256452560424805,1.3806768655776978,2.358471155166626,0.21827657520771027,2.271498680114746,2.3692660331726074,2.3714897632598877,2.413451671600342,2.3067269325256348,2.1529481410980225,2.1413660049438477,1.8469171524047852,2.202268123626709,2.238720417022705,1.242113709449768,1.3062269687652588,-0.4456006586551666,-0.9448605179786682
4,99,2.278815984725952,2.3198628425598145,2.379774808883667,2.2354893684387207,2.3044936656951904,2.0628366470336914,2.1105291843414307,1.7813092470169067,2.082231044769287,2.256962537765503,2.3627583980560303,2.3197715282440186,2.4225823879241943,2.276095390319824,2.118237018585205,2.075054407119751,1.936092495918274,2.1298410892486572,2.4486117362976074,2.5316641330718994,2.574965000152588,2.61564302444458,2.6332695484161377,2.3043429851531982,2.3320958614349365,2.2224526405334473,2.3610665798187256,2.5015385150909424,2.6405272483825684,2.5990335941314697,2.8527979850769043,2.7028326988220215,2.431256055831909,2.3855271339416504,2.445084571838379,2.437513828277588,1.3362140655517578,1.4093419313430786,1.4787859916687012,-0.4701414406299591,-0.7235682010650635
4,99,2.320519208908081,2.355273962020874,2.4195029735565186,2.248567581176758,2.3260538578033447,2.0880424976348877,2.1399824619293213,1.7924374341964722,2.1000490188598633,2.320173501968384,2.4215242862701416,2.384521961212158,2.4585530757904053,2.3257484436035156,2.1645405292510986,2.127683401107788,1.9626420736312866,2.1929869651794434,2.471569538116455,2.5504446029663086,2.5982837677001953,2.6236040592193604,2.6481261253356934,2.3144328594207764,2.3462908267974854,2.2356228828430176,2.374852180480957,2.516139030456543,2.6540207862854004,2.615168809890747,2.860621690750122,2.7155447006225586,2.4359841346740723,2.3931663036346436,2.458203077316284,2.4561941623687744,1.3151758909225464,1.4226465225219727,1.515701413154602,-0.4463725984096527,-0.7083289623260498
4,99,2.306138753890991,2.339038133621216,2.4029669761657715,2.23073410987854,2.30741810798645,2.0743606090545654,2.1271474361419678,1.7716912031173706,2.0882818698883057,2.3050572872161865,2.403456449508667,2.3677830696105957,2.434805393218994,2.303325891494751,2.1480298042297363,2.113074779510498,1.936743140220642,2.174464225769043,2.4472806453704834,2.523733377456665,2.571652889251709,2.5953047275543213,2.6191163063049316,2.290311813354492,2.3232293128967285,2.2067418098449707,2.351593017578125,2.509284734725952,2.6437337398529053,2.6068613529205322,2.8428103923797607,2.7002294063568115,2.4264650344848633,2.386014223098755,2.4357261657714844,2.451425790786743,1.3031504154205322,1.4310789108276367,1.504085659980774,-0.4217627942562103,-0.6950047016143799
4,99,2.3368539810180664,2.3642940521240234,2.4328536987304688,2.224999189376831,2.320014238357544,2.091801166534424,2.149049997329712,1.7693439722061157,2.087188959121704,2.3214778900146484,2.4181361198425293,2.384050130844116,2.434992551803589,2.3101894855499268,2.155137062072754,2.123246192932129,1.9363489151000977,2.177971124649048,2.4743285179138184,2.5471222400665283,2.599820137023926,2.5961320400238037,2.636186122894287,2.305631637573242,2.343005895614624,2.212895393371582,2.364910840988159,2.526759624481201,2.660857915878296,2.625312328338623,2.8501298427581787,2.7135555744171143,2.436357021331787,2.398470401763916,2.4452552795410156,2.465881586074829,1.3403719663619995,1.4072039127349854,1.5090490579605103,-0.4144015908241272,-0.6867176294326782
4,99,2.383101463317871,2.4098823070526123,2.48152232170105,2.2439231872558594,2.35102915763855,2.1263813972473145,2.1870155334472656,1.7818756103515625,2.1112256050109863,2.3517963886260986,2.4456069469451904,2.411701202392578,2.4198989868164062,2.299329996109009,2.167430877685547,2.136298179626465,1.8935984373092651,2.171370029449463,2.5017991065979004,2.573850631713867,2.6303462982177734,2.6035261154174805,2.6553401947021484,2.32301664352417,2.3642008304595947,2.221453905105591,2.38175630569458,2.576752185821533,2.7091495990753174,2.673496961593628,2.862161159515381,2.7299277782440186,2.470158576965332,2.432835817337036,2.432310104370117,2.503204107284546,1.380615472793579,1.42306649684906,1.4929722547531128,-0.39215555787086487,-0.6727811098098755
4,99,1.9791275262832642,2.1882128715515137,2.2079803943634033,3.1303293704986572,3.1163971424102783,2.2809793949127197,2.277820348739624,3.4982752799987793,0.9731013774871826,2.4854695796966553,2.5883796215057373,2.5495383739471436,2.5355451107025146,2.44315242767334,2.301466226577759,2.257052421569824,1.9928867816925049,2.2530171871185303,2.189042329788208,2.4034337997436523,2.4030795097351074,3.4010093212127686,3.3576362133026123,2.532665252685547,2.5160152912139893,3.810187816619873,0.8036864995956421,2.7069644927978516,2.845266819000244,2.814440965652466,2.958869218826294,2.884124279022217,2.5936927795410156,2.554198980331421,2.505978584289551,2.606384515762329,2.935605764389038,1.417701244354248,1.5613945722579956,-0.6421031951904297,-0.6990028619766235
4,99,1.4246888160705566,1.6362346410751343,1.653831124305725,2.613974094390869,2.5060577392578125,1.7301045656204224,1.7120839357376099,3.035902976989746,0.6623216867446899,2.807142496109009,2.8905835151672363,2.873769521713257,2.6768839359283447,2.6182966232299805,2.5549027919769287,2.538266181945801,1.9852787256240845,2.4491851329803467,1.5429418087005615,1.7507065534591675,1.7379226684570312,2.8233861923217773,2.672058343887329,1.9272726774215698,1.8873844146728516,3.3358116149902344,0.29541510343551636,2.9541938304901123,3.0761055946350098,3.0560765266418457,3.0305845737457275,2.9568979740142822,2.765526294708252,2.7419419288635254,2.431382656097412,2.769777536392212,3.1642379760742188,1.5201185941696167,1.5562294721603394,-0.3985131084918976,-0.6142451167106628
4,99,1.400461196899414,1.6142579317092896,1.6206934452056885,2.591726541519165,2.4498348236083984,1.716123342514038,1.6864346265792847,2.984684705734253,0.5693874359130859,2.8198049068450928,2.9214870929718018,2.9049596786499023,2.7884650230407715,2.714465856552124,2.5946311950683594,2.5715720653533936,2.091020345687866,2.5322399139404297,1.5236345529556274,1.7299225330352783,1.7060186862945557,2.787452220916748,2.601864814758301,1.9082669019699097,1.85814368724823,3.265561580657959,0.21457405388355255,3.0332674980163574,3.170250177383423,3.151231050491333,3.1871166229248047,3.1001334190368652,2.868328809738159,2.8389968872070312,2.567617893218994,2.8842923641204834,3.1510236263275146,1.487826943397522,1.592628836631775,-0.3837592303752899,-0.6740562319755554
4,99,1.4734058380126953,1.6828742027282715,1.688820481300354,2.701439380645752,2.5901670455932617,1.8162801265716553,1.7940324544906616,3.143929958343506,0.49869871139526367,2.7846744060516357,2.8822271823883057,2.860783815383911,2.7722291946411133,2.705247163772583,2.5633468627929688,2.5377376079559326,2.105134963989258,2.525941848754883,1.6394604444503784,1.8424601554870605,1.822850227355957,2.921718120574951,2.774714469909668,2.037039279937744,1.9973113536834717,3.4367058277130127,0.180749773979187,3.0010862350463867,3.133755922317505,3.111140489578247,3.178807497024536,3.1039116382598877,2.8434576988220215,2.813753128051758,2.5932862758636475,2.8698391914367676,3.2051167488098145,1.4869399070739746,1.6066787242889404,-0.421834260225296,-0.6896998286247253
4,99,1.5042394399642944,1.713954210281372,1.726313829421997,2.722048282623291,2.6349895000457764,1.8383797407150269,1.8241771459579468,3.1533212661743164,0.5214784145355225,2.720155715942383,2.8223936557769775,2.796076536178589,2.7461979389190674,2.671050548553467,2.5085794925689697,2.4763259887695312,2.0998125076293945,2.472541570663452,1.6656558513641357,1.8696153163909912,1.8562872409820557,2.9403202533721924,2.8173270225524902,2.056810140609741,2.0248522758483887,3.4468019008636475,0.19435857236385345,2.966904401779175,3.105114698410034,3.080111026763916,3.1857285499572754,3.1096062660217285,2.8206446170806885,2.7870829105377197,2.6199638843536377,2.8447093963623047,3.134068250656128,1.4672396183013916,1.6125890016555786,-0.43142232298851013,-0.6662834882736206
4,99,1.3819631338119507,1.598761796951294,1.5958925485610962,2.633563995361328,2.4518916606903076,1.7207087278366089,1.6793417930603027,3.0484228134155273,0.5238538384437561,2.885423183441162,2.975184202194214,2.964930295944214,2.8283913135528564,2.7668869495391846,2.6326088905334473,2.6144087314605713,2.1156129837036133,2.5823757648468018,1.5283139944076538,1.740303874015808,1.706977367401123,2.8431859016418457,2.619141101837158,1.9307329654693604,1.8694016933441162,3.3299503326416016,0.21379515528678894,3.0784707069396973,3.2041239738464355,3.1898646354675293,3.213768482208252,3.1328938007354736,2.8872787952423096,2.8607192039489746,2.581329584121704,2.9211063385009766,3.2490077018737793,1.4450880289077759,1.640899419784546,-0.3953654170036316,-0.6826708912849426
4,99,1.4157248735427856,1.6291534900665283,1.6332637071609497,2.6250486373901367,2.4980578422546387,1.737484097480774,1.7118029594421387,3.0284183025360107,0.5143503546714783,2.7038912773132324,2.8053407669067383,2.7778756618499756,2.725698947906494,2.6351261138916016,2.4847004413604736,2.453927755355835,2.0545384883880615,2.442955255508423,1.5548584461212158,1.7642186880111694,1.7413249015808105,2.82641863822937,2.6603660583496094,1.937639594078064,1.8930598497390747,3.3035340309143066,0.20348671078681946,2.9585001468658447,3.0964365005493164,3.0674805641174316,3.1678717136383057,3.070040464401245,2.801889181137085,2.766561508178711,2.5703561305999756,2.821276903152466,3.0754735469818115,1.4023938179016113,1.6159512996673584,-0.4888680577278137,-0.6444375514984131
4,99,1.3866500854492188,1.5942387580871582,1.5963152647018433,2.5923449993133545,2.449185371398926,1.7172536849975586,1.6853920221328735,2.995274066925049,0.4957410395145416,2.75956392288208,2.8536853790283203,2.838122844696045,2.756978988647461,2.6897435188293457,2.541910171508789,2.5172247886657715,2.07490873336792,2.5005812644958496,1.5236271619796753,1.7263405323028564,1.7004456520080566,2.7876830101013184,2.605027675628662,1.9126405715942383,1.8620307445526123,3.265538215637207,0.17941157519817352,2.9777915477752686,3.106104612350464,3.088012933731079,3.15806245803833,3.077855348587036,2.821263551712036,2.790386915206909,2.551161766052246,2.8395609855651855,3.1154887676239014,1.4774527549743652,1.638434648513794,-0.38494616746902466,-0.6873579025268555
4,99,1.2574360370635986,1.4632089138031006,1.4659606218338013,2.421755790710449,2.2785799503326416,1.5620571374893188,1.5319777727127075,2.8125789165496826,0.4922853112220764,2.850778818130493,2.930691719055176,2.9175095558166504,2.7602832317352295,2.70572829246521,2.6132380962371826,2.593080759048462,2.0216856002807617,2.5403482913970947,1.3504098653793335,1.5540485382080078,1.5260993242263794,2.582885503768921,2.39654278755188,1.7201077938079834,1.6689592599868774,3.0503251552581787,0.1863584667444229,3.0536997318267822,3.1657907962799072,3.150703191757202,3.1313352584838867,3.065194606781006,2.8675055503845215,2.841918706893921,2.460838794708252,2.8882505893707275,3.163515329360962,1.4529093503952026,1.6450947523117065,-0.3364579677581787,-0.6933785080909729
4,99,1.3683253526687622,1.576141119003296,1.5716006755828857,2.5850977897644043,2.3993136882781982,1.7016918659210205,1.6590006351470947,2.994676351547241,0.4966740608215332,2.82059383392334,2.896991014480591,2.8912386894226074,2.71553111076355,2.6644723415374756,2.572347640991211,2.554319143295288,1.9937820434570312,2.4833016395568848,1.5095736980438232,1.7127925157546997,1.678472638130188,2.7867023944854736,2.559370756149292,1.9026122093200684,1.8403105735778809,3.2683286666870117,0.18682177364826202,3.0068657398223877,3.118262767791748,3.1083438396453857,3.0883982181549072,3.0168137550354004,2.816908597946167,2.7901782989501953,2.442167043685913,2.8243086338043213,3.245711326599121,1.4553006887435913,1.6308703422546387,-0.401194304227829,-0.6606619358062744
4,99,1.27649986743927,1.487974762916565,1.4912654161453247,2.483520269393921,2.334169626235962,1.5969152450561523,1.5661824941635132,2.894376754760742,0.5000537633895874,2.7345237731933594,2.8210904598236084,2.8040056228637695,2.68887996673584,2.6143107414245605,2.5026092529296875,2.475770950317383,1.998587965965271,2.4337847232818604,1.3969812393188477,1.6042519807815552,1.5776020288467407,2.671787738800049,2.4812278747558594,1.7835931777954102,1.7327510118484497,3.1611075401306152,0.1834307610988617,2.962019920349121,3.0842971801757812,3.064537525177002,3.1012983322143555,3.0143492221832275,2.78973388671875,2.7566733360290527,2.4832096099853516,2.8009843826293945,3.0565261840820312,1.4885579347610474,1.5979201793670654,-0.35654130578041077,-0.6646274328231812
4,99,1.558056116104126,1.7688605785369873,1.7691645622253418,2.757472515106201,2.6426804065704346,1.8901971578598022,1.865342617034912,3.162219524383545,0.5327664613723755,2.685326337814331,2.7922987937927246,2.7667927742004395,2.7178568840026855,2.6390857696533203,2.4874722957611084,2.456303596496582,2.076988697052002,2.4458017349243164,1.7131074666976929,1.9154192209243774,1.8933923244476318,2.9638445377349854,2.816494941711426,2.096928119659424,2.0569491386413574,3.4466395378112793,0.19617971777915955,2.896754741668701,3.038666248321533,3.010267972946167,3.114466428756714,3.025392770767212,2.7622792720794678,2.725796699523926,2.5513570308685303,2.7634809017181396,3.123117685317993,1.5239359140396118,1.6186902523040771,-0.41636744141578674,-0.6628414392471313
4,99,1.4584330320358276,1.6694672107696533,1.6544785499572754,2.661133289337158,2.470806837081909,1.7928342819213867,1.7452688217163086,3.030717134475708,0.5009922981262207,2.78851580619812,2.872779369354248,2.856656312942505,2.705662488937378,2.639301300048828,2.5531105995178223,2.5348920822143555,1.9768849611282349,2.4709510803222656,1.6080448627471924,1.8110700845718384,1.7724254131317139,2.8605709075927734,2.635380506515503,1.9940322637557983,1.9307537078857422,3.3038244247436523,0.18949849903583527,2.982290029525757,3.1004831790924072,3.0796115398406982,3.076566219329834,2.990720748901367,2.8031811714172363,2.7763445377349854,2.4161505699157715,2.8065812587738037,3.260871410369873,1.531638503074646,1.6002197265625,-0.3871942460536957,-0.6964622735977173
4,99,1.4762104749679565,1.6879243850708008,1.681117296218872,2.6742422580718994,2.5247979164123535,1.8041634559631348,1.7698224782943726,3.0526561737060547,0.5027745366096497,2.643883466720581,2.7579874992370605,2.7234864234924316,2.7192835807800293,2.6119232177734375,2.4472131729125977,2.4141807556152344,2.0743257999420166,2.423089027404785,1.6380677223205566,1.8407611846923828,1.8131035566329956,2.8848767280578613,2.7046101093292236,2.018909215927124,1.969760775566101,3.3388938903808594,0.18893113732337952,2.9485411643981934,3.0954763889312744,3.060556650161743,3.192842960357666,3.081386089324951,2.811286687850952,2.774901866912842,2.6091272830963135,2.830658197402954,3.0154271125793457,1.5477455854415894,1.6088334321975708,-0.38986021280288696,-0.6890640258789062
4,99,1.4735921621322632,1.6924430131912231,1.687831163406372,2.6980605125427246,2.5545787811279297,1.8087621927261353,1.7754122018814087,3.098700761795044,0.5278922915458679,2.7875373363494873,2.88511323928833,2.864295244216919,2.748446464538574,2.6695454120635986,2.5672237873077393,2.5437796115875244,2.055464506149292,2.5074338912963867,1.6307010650634766,1.8376469612121582,1.811844825744629,2.907184362411499,2.73331880569458,2.0202114582061768,1.972787857055664,3.3908562660217285,0.1837984025478363,2.977060556411743,3.1090173721313477,3.0855846405029297,3.1175904273986816,3.027278423309326,2.8147594928741455,2.785566806793213,2.498854875564575,2.8301544189453125,3.2115399837493896,1.5800793170928955,1.7154245376586914,-0.3711845278739929,-0.6391351819038391
4,99,1.7040104866027832,1.9187262058258057,1.919034719467163,2.952552318572998,2.8409335613250732,2.0554471015930176,2.030742883682251,3.3726837635040283,0.5430582165718079,2.7752411365509033,2.871546983718872,2.851923704147339,2.7584426403045654,2.685974597930908,2.558119773864746,2.5354127883911133,2.097923517227173,2.522620916366577,1.8908554315567017,2.0946595668792725,2.0753605365753174,3.1851210594177246,3.0455338954925537,2.291473388671875,2.253448009490967,3.686403512954712,0.1725476086139679,2.9649605751037598,3.095733880996704,3.0745365619659424,3.1337718963623047,3.0533761978149414,2.8095812797546387,2.7826104164123535,2.551978588104248,2.83522891998291,3.338783025741577,1.5739225149154663,1.7376627922058105,-0.45794954895973206,-0.6409772038459778
4,99,1.556926965713501,1.759178638458252,1.760917067527771,2.735506296157837,2.629444122314453,1.8870564699172974,1.8633865118026733,3.1453697681427,0.5218768119812012,2.757957935333252,2.8478546142578125,2.8265836238861084,2.6878974437713623,2.618652820587158,2.536961078643799,2.5130600929260254,1.9997740983963013,2.4557015895843506,1.7263243198394775,1.9159510135650635,1.897749662399292,2.9528911113739014,2.817467451095581,2.108541250228882,2.071436882019043,3.449118137359619,0.14695532619953156,2.929957628250122,3.0516555309295654,3.02903151512146,3.031238079071045,2.9548163414001465,2.763655662536621,2.7356951236724854,2.4167392253875732,2.7646749019622803,3.284139394760132,1.5593622922897339,1.6093711853027344,-0.4135940968990326,-0.6670960783958435
4,99,1.5424293279647827,1.7467883825302124,1.7497026920318604,2.723829507827759,2.6280789375305176,1.8708583116531372,1.8498833179473877,3.143986940383911,0.5365729331970215,2.739401340484619,2.8246350288391113,2.798513650894165,2.642824172973633,2.565652370452881,2.510070562362671,2.4831337928771973,1.9510735273361206,2.405282974243164,1.7038838863372803,1.8978016376495361,1.8825740814208984,2.9330379962921143,2.8110997676849365,2.0818705558776855,2.048617362976074,3.431312084197998,0.20457860827445984,2.947413444519043,3.065880537033081,3.0410823822021484,3.0280203819274902,2.950814962387085,2.773508310317993,2.7450122833251953,2.409942388534546,2.7748286724090576,3.277383804321289,1.5442376136779785,1.5904693603515625,-0.4142870604991913,-0.6498806476593018
4,99,1.498486876487732,1.7156438827514648,1.704659104347229,2.7509496212005615,2.5989301204681396,1.8532382249832153,1.8141874074935913,3.1762826442718506,0.5169384479522705,2.8791744709014893,2.9481682777404785,2.936121940612793,2.7079262733459473,2.6594200134277344,2.6251120567321777,2.6132171154022217,1.9774259328842163,2.498549222946167,1.6720514297485352,1.8739501237869263,1.8447610139846802,2.9708025455474854,2.7919819355010986,2.0789451599121094,2.0280935764312744,3.4849159717559814,0.1352357417345047,3.022819757461548,3.125884771347046,3.111356496810913,3.035433053970337,2.973397731781006,2.8245127201080322,2.8065834045410156,2.3824193477630615,2.811206579208374,3.4167962074279785,1.579206109046936,1.6617621183395386,-0.4053197205066681,-0.6641229391098022
4,99,1.533025860786438,1.7491123676300049,1.738738775253296,2.756702184677124,2.6247997283935547,1.8776521682739258,1.8417655229568481,3.1543359756469727,0.5339154601097107,2.7843551635742188,2.8661394119262695,2.846465587615967,2.6954305171966553,2.6281237602233887,2.556504011154175,2.535449743270874,2.0048391819000244,2.4809281826019287,1.7040354013442993,1.9090534448623657,1.8812897205352783,2.972809314727783,2.8149328231811523,2.0957672595977783,2.0487542152404785,3.4462852478027344,0.20502033829689026,2.9542453289031982,3.0691230297088623,3.048750400543213,3.043881416320801,2.9695851802825928,2.7830557823181152,2.7578928470611572,2.428804397583008,2.797607421875,3.2662832736968994,1.5381203889846802,1.643198847770691,-0.4256533980369568,-0.6943811178207397
4,99,1.6105830669403076,1.8332737684249878,1.817558765411377,2.8600661754608154,2.721919059753418,1.9656708240509033,1.9277253150939941,3.2657017707824707,0.5354679226875305,2.8150742053985596,2.9063453674316406,2.8829283714294434,2.7234113216400146,2.658169984817505,2.5807645320892334,2.561018943786621,2.0290520191192627,2.500373363494873,1.7943073511123657,2.0029284954071045,1.9709081649780273,3.0841567516326904,2.9206223487854004,2.194601058959961,2.1458981037139893,3.5654613971710205,0.1990767866373062,2.9884371757507324,3.1144397258758545,3.089491367340088,3.0811562538146973,3.00747013092041,2.812478542327881,2.7881247997283936,2.4636783599853516,2.8284740447998047,3.372764825820923,1.5475519895553589,1.6349588632583618,-0.43797314167022705,-0.6776872873306274
4,99,1.593948483467102,1.8290202617645264,1.8071099519729614,2.9020068645477295,2.751988410949707,1.9666762351989746,1.924418330192566,3.3133656978607178,0.565597414970398,2.697834014892578,2.807711124420166,2.7676806449890137,2.722172975540161,2.621594190597534,2.4893765449523926,2.465147018432617,2.121659278869629,2.4329257011413574,1.7879586219787598,2.0089972019195557,1.9724090099334717,3.136864423751831,2.9633047580718994,2.205773115158081,2.1531944274902344,3.6200411319732666,0.2414427548646927,2.890967607498169,3.038959503173828,2.9971563816070557,3.118380069732666,3.010305643081665,2.751983404159546,2.7225852012634277,2.5997793674468994,2.7634592056274414,3.160780429840088,1.5118483304977417,1.632401466369629,-0.4734017848968506,-0.652251124382019
4,99,1.2631268501281738,1.482077717781067,1.418222427368164,2.3762214183807373,2.0301504135131836,1.5649187564849854,1.463871955871582,2.5313124656677246,0.5553044676780701,2.384016275405884,2.4619925022125244,2.4615490436553955,2.3194024562835693,2.275890827178955,2.184627056121826,2.188153028488159,1.6704318523406982,2.134148359298706,1.3709098100662231,1.5804935693740845,1.4969172477722168,2.5320932865142822,2.153470516204834,1.7185202836990356,1.6046116352081299,2.757024049758911,0.28040313720703125,2.523064136505127,2.6286654472351074,2.6219828128814697,2.597805976867676,2.524772882461548,2.3679678440093994,2.3596787452697754,1.9912461042404175,2.393397092819214,2.663651943206787,1.3628811836242676,1.4039263725280762,-0.43187615275382996,-0.8381708860397339
4,99,1.5638757944107056,1.7985448837280273,1.7773375511169434,2.7424540519714355,2.57688307762146,1.8651657104492188,1.8135464191436768,2.951291561126709,0.8127482533454895,2.7357726097106934,2.8388216495513916,2.8319175243377686,2.7768189907073975,2.7177507877349854,2.5496935844421387,2.531583547592163,2.116612672805786,2.5349271297454834,1.682315707206726,1.9173424243927002,1.8752180337905884,2.9181699752807617,2.721923351287842,2.028529167175293,1.9629920721054077,3.182013988494873,0.596117377281189,2.9709627628326416,3.102853536605835,3.098393440246582,3.168998956680298,3.1079909801483154,2.838754177093506,2.8187267780303955,2.569793224334717,2.879298210144043,2.7996978759765625,1.5783253908157349,1.6129707098007202,-0.41592687368392944,-0.7854974269866943
4,99,1.7225269079208374,1.7847436666488647,1.8468140363693237,1.9030745029449463,1.9284013509750366,1.5286064147949219,1.5696700811386108,1.825401782989502,1.599840760231018,1.916041612625122,2.1533308029174805,2.0954511165618896,3.108745813369751,2.901099920272827,2.229152202606201,2.1551549434661865,3.454252004623413,1.1886605024337769,1.7162705659866333,1.8231911659240723,1.862608551979065,2.115147113800049,2.0855157375335693,1.6089277267456055,1.624361515045166,2.0906763076782227,1.6821389198303223,2.0917842388153076,2.3230695724487305,2.2768492698669434,3.359626531600952,3.163015127182007,2.4569215774536133,2.3903067111968994,3.787834882736206,0.9922711253166199,2.1137585639953613,1.3285000324249268,1.5860172510147095,-0.4080732762813568,-0.632531464099884
4,99,2.381913423538208,2.3943114280700684,2.4755547046661377,2.1589012145996094,2.2910196781158447,2.10699725151062,2.1746597290039062,1.8466485738754272,2.0078024864196777,1.6362875699996948,1.8671398162841797,1.7971973419189453,2.807523488998413,2.590974807739258,1.9503560066223145,1.8695051670074463,3.3125767707824707,0.8519246578216553,2.458385705947876,2.5068202018737793,2.576824903488159,2.424415349960327,2.5142428874969482,2.2407596111297607,2.2936902046203613,2.1734750270843506,2.2475738525390625,1.7732503414154053,1.9961155652999878,1.9296554327011108,3.0143346786499023,2.7995731830596924,2.1408281326293945,2.0630364418029785,3.604665994644165,0.5823968052864075,2.896630048751831,1.4012198448181152,1.5052239894866943,-0.3436039090156555,-0.5462207794189453
4,99,2.462857723236084,2.4775726795196533,2.568279981613159,2.2389562129974365,2.396310806274414,2.192197561264038,2.264220952987671,1.8577218055725098,2.1264522075653076,1.7800167798995972,1.9807021617889404,1.928553819656372,2.9543282985687256,2.7543389797210693,2.137028694152832,2.0646774768829346,3.4823811054229736,0.5151510834693909,2.570676803588867,2.614607572555542,2.6956381797790527,2.4986042976379395,2.6185362339019775,2.3464865684509277,2.4046995639801025,2.1566884517669678,2.3752639293670654,1.927207589149475,2.1120622158050537,2.0633084774017334,3.1260461807250977,2.9289374351501465,2.315253973007202,2.2479066848754883,3.724555730819702,0.22853881120681763,3.308994770050049,1.478025197982788,1.426053524017334,-0.4260060787200928,-0.5268391966819763
4,99,2.312166213989258,2.3150362968444824,2.3914716243743896,2.055372714996338,2.182239532470703,2.0499656200408936,2.116427421569824,1.6272674798965454,1.9435824155807495,1.770541787147522,1.965985655784607,1.9033184051513672,2.907365560531616,2.6689352989196777,2.121215343475342,2.043353796005249,3.3169829845428467,0.3901088237762451,2.4021427631378174,2.4365644454956055,2.50343656539917,2.311114549636841,2.3972079753875732,2.1888747215270996,2.2419087886810303,1.9289418458938599,2.1891987323760986,1.9424961805343628,2.1224019527435303,2.0647778511047363,3.0922515392303467,2.858917474746704,2.315178871154785,2.241946220397949,3.561755895614624,0.11745157092809677,3.3217806816101074,1.249794363975525,1.1335163116455078,-0.44107213616371155,-0.6583531498908997
4,99,2.386873483657837,2.3841331005096436,2.458212375640869,2.085014581680298,2.2133893966674805,2.1151344776153564,2.18165922164917,1.6232799291610718,1.9721184968948364,1.7176547050476074,1.9132124185562134,1.8531653881072998,2.844045639038086,2.612283706665039,2.064812421798706,1.9896271228790283,3.25152325630188,0.43935251235961914,2.4690303802490234,2.4972500801086426,2.5620908737182617,2.331745147705078,2.419814348220825,2.2448341846466064,2.298515796661377,1.918807029724121,2.221317768096924,1.8864924907684326,2.067171335220337,2.012122392654419,3.0287039279937744,2.8018059730529785,2.2566230297088623,2.1858668327331543,3.495863676071167,0.17582324147224426,3.334893226623535,1.2355375289916992,1.2503185272216797,-0.4469008445739746,-0.5394797921180725
4,99,2.2265403270721436,2.2357912063598633,2.3125057220458984,2.024773120880127,2.1396546363830566,1.9907492399215698,2.0591301918029785,1.622327446937561,1.8887819051742554,1.646565556526184,1.839470386505127,1.7754664421081543,2.7320923805236816,2.481633186340332,1.9795442819595337,1.8993401527404785,3.0985541343688965,0.43126824498176575,2.3419594764709473,2.3823187351226807,2.4474024772644043,2.2949962615966797,2.367593765258789,2.1544129848480225,2.2077760696411133,1.927791714668274,2.144583225250244,1.8330010175704956,2.0105390548706055,1.9516633749008179,2.9325602054595947,2.685628890991211,2.1871228218078613,2.1108055114746094,3.3570210933685303,0.18218311667442322,3.0608441829681396,1.25687837600708,1.2073149681091309,-0.44013023376464844,-0.5315443277359009
4,99,2.393332004547119,2.3911375999450684,2.4737112522125244,2.0737736225128174,2.2249720096588135,2.1148791313171387,2.188385248184204,1.6048965454101562,1.9665502309799194,1.5787326097488403,1.775238037109375,1.7164455652236938,2.6791789531707764,2.4453155994415283,1.9116473197937012,1.8347320556640625,3.0677952766418457,0.47920748591423035,2.488365888595581,2.516129493713379,2.589472532272339,2.3242239952087402,2.4346394538879395,2.2540202140808105,2.3146207332611084,1.8951163291931152,2.2271881103515625,1.7507493495941162,1.931647539138794,1.8765376806259155,2.873936176300049,2.642864942550659,2.1125316619873047,2.039123058319092,3.32841157913208,0.21366482973098755,3.198237895965576,1.3321994543075562,1.2912427186965942,-0.39084428548812866,-0.4969562888145447
4,99,2.3259189128875732,2.3239586353302,2.409486770629883,2.0338337421417236,2.1861579418182373,2.0538086891174316,2.1266930103302,1.6008111238479614,1.9314557313919067,1.6049902439117432,1.795539140701294,1.7363214492797852,2.688323736190796,2.4515068531036377,1.935795545578003,1.8576163053512573,3.0750415325164795,0.502551794052124,2.4112727642059326,2.4386770725250244,2.5146162509918213,2.2754111289978027,2.385714530944824,2.1848862171173096,2.244157075881958,1.8833467960357666,2.1749680042266846,1.7530308961868286,1.9289882183074951,1.8722246885299683,2.86198091506958,2.626268148422241,2.114865779876709,2.0399181842803955,3.317661762237549,0.21991270780563354,3.1214940547943115,1.3113219738006592,1.2999396324157715,-0.3957374691963196,-0.5082377195358276
4,99,2.2901418209075928,2.2966721057891846,2.374063491821289,2.0447893142700195,2.172319173812866,2.031352996826172,2.099604845046997,1.6177678108215332,1.929816484451294,1.7859605550765991,1.971822738647461,1.9154462814331055,2.8723065853118896,2.6533756256103516,2.1240248680114746,2.0532114505767822,3.262765407562256,0.4864708483219147,2.3774609565734863,2.4123892784118652,2.480133295059204,2.282691717147827,2.3719277381896973,2.164492607116699,2.2200772762298584,1.8961046934127808,2.1610593795776367,1.9632705450057983,2.134636163711548,2.081937551498413,3.0670831203460693,2.8512725830078125,2.3259408473968506,2.258131742477417,3.5200164318084717,0.21098358929157257,3.2248475551605225,1.3187792301177979,1.294102430343628,-0.442746639251709,-0.5546119809150696
4,99,2.283392906188965,2.2914719581604004,2.3712563514709473,2.041646957397461,2.1710305213928223,2.027367353439331,2.096189022064209,1.631293773651123,1.9106147289276123,1.7917306423187256,1.98075532913208,1.921432375907898,2.897336959838867,2.66495418548584,2.139181613922119,2.06461238861084,3.3052432537078857,0.4682443141937256,2.3607304096221924,2.3984854221343994,2.4687860012054443,2.278411388397217,2.3676443099975586,2.153566598892212,2.2093989849090576,1.9149123430252075,2.136584997177124,1.9780666828155518,2.151829481124878,2.096374750137329,3.0992908477783203,2.869988203048706,2.3486077785491943,2.277174949645996,3.5678892135620117,0.19555771350860596,3.248392105102539,1.316283941268921,1.2643765211105347,-0.41233357787132263,-0.5630308985710144
4,99,1.8265374898910522,1.7918094396591187,1.8866673707962036,1.4590888023376465,1.6354968547821045,1.5556622743606567,1.645743489265442,1.1247884035110474,1.2952150106430054,1.6005388498306274,1.7748477458953857,1.7046902179718018,2.6170239448547363,2.3306589126586914,1.9161354303359985,1.8261629343032837,2.9332804679870605,0.38801541924476624,1.7744073867797852,1.7641639709472656,1.8548334836959839,1.5667694807052612,1.6970882415771484,1.5428272485733032,1.6231552362442017,1.2939724922180176,1.393903136253357,1.7884198427200317,1.949994444847107,1.881262183189392,2.8185343742370605,2.532735586166382,2.124605894088745,2.0365912914276123,3.18825626373291,0.1363336443901062,2.929025173187256,1.0633623600006104,1.111039638519287,-0.06245660409331322,-0.5353688597679138
4,99,2.253943681716919,2.2523751258850098,2.3334834575653076,1.947800874710083,2.0914230346679688,1.983605980873108,2.0551459789276123,1.5112601518630981,1.8334959745407104,1.725332260131836,1.9065946340560913,1.846164345741272,2.8107032775878906,2.561580181121826,2.067487955093384,1.9883677959442139,3.2076618671417236,0.4231124818325043,2.3003690242767334,2.326805353164673,2.4002368450164795,2.152658224105835,2.2552154064178467,2.0754246711730957,2.1348977088928223,1.768503189086914,2.040501594543457,1.922178030014038,2.0894293785095215,2.030848264694214,3.021320343017578,2.7733988761901855,2.285961151123047,2.2091312408447266,3.47308087348938,0.17017729580402374,3.26389479637146,1.2826147079467773,1.2216185331344604,-0.3564208447933197,-0.5413654446601868
4,99,2.4330976009368896,2.4303433895111084,2.5130879878997803,2.091372489929199,2.244568347930908,2.1381659507751465,2.2120962142944336,1.612310767173767,1.9771150350570679,1.8413357734680176,2.021960973739624,1.9711917638778687,2.9645748138427734,2.7554738521575928,2.1996021270751953,2.1321792602539062,3.424139976501465,0.4493468999862671,2.4737300872802734,2.4980928897857666,2.5739188194274902,2.2894184589385986,2.4059038162231445,2.2231900691986084,2.286649703979492,1.8671178817749023,2.1873419284820557,2.04510498046875,2.210843801498413,2.1623220443725586,3.182438850402832,2.975863218307495,2.4272749423980713,2.362226963043213,3.7018144130706787,0.17371678352355957,3.5052578449249268,1.3792943954467773,1.3216869831085205,-0.3862815499305725,-0.550628662109375
4,99,2.341671943664551,2.3496999740600586,2.4246652126312256,2.093088150024414,2.213421583175659,2.0695557594299316,2.1339499950408936,1.6482493877410889,1.965985655784607,1.8371001482009888,2.0292093753814697,1.9763283729553223,2.99025297164917,2.787442445755005,2.2021734714508057,2.137465715408325,3.420194387435913,0.45823076367378235,2.4029417037963867,2.4399259090423584,2.506235361099243,2.3133745193481445,2.3981266021728516,2.1793181896209717,2.232318162918091,1.9183452129364014,2.173461437225342,2.0384652614593506,2.214590549468994,2.166447401046753,3.2049450874328613,3.006978750228882,2.4264755249023438,2.365516424179077,3.6965863704681396,0.18262900412082672,3.335414171218872,1.393570899963379,1.3607585430145264,-0.44448330998420715,-0.5407848358154297
4,99,2.2947332859039307,2.2819554805755615,2.3559935092926025,1.9360260963439941,2.0785610675811768,2.0133960247039795,2.084808826446533,1.4567173719406128,1.7926901578903198,1.7140394449234009,1.8970462083816528,1.836876392364502,2.791741371154785,2.557655096054077,2.0528414249420166,1.980004072189331,3.1732871532440186,0.4330050051212311,2.325374126434326,2.3395450115203857,2.405879020690918,2.11690354347229,2.220946788787842,2.084779977798462,2.1456124782562256,1.6840132474899292,1.9919018745422363,1.9225738048553467,2.0912129878997803,2.0350000858306885,3.013453960418701,2.782832622528076,2.2826359272003174,2.212564468383789,3.4522414207458496,0.17748390138149261,3.3248960971832275,1.2750184535980225,1.3020082712173462,-0.325527548789978,-0.4950645864009857
4,99,2.2285900115966797,2.23954439163208,2.301790237426758,1.9885176420211792,2.094320774078369,1.966672658920288,2.0283203125,1.5401840209960938,1.8343427181243896,1.9117964506149292,2.099149703979492,2.0413215160369873,3.027571201324463,2.811784029006958,2.2635884284973145,2.195625066757202,3.407087564468384,0.4512214958667755,2.271775722503662,2.311784267425537,2.3652637004852295,2.192411422729492,2.2614083290100098,2.0579938888549805,2.108157157897949,1.7947325706481934,2.02276611328125,2.1217398643493652,2.2934646606445312,2.241194725036621,3.248396873474121,3.037823438644409,2.4943888187408447,2.429823637008667,3.6883981227874756,0.17062333226203918,3.3308284282684326,1.3123403787612915,1.3309522867202759,-0.42608532309532166,-0.5484540462493896
4,99,2.3027515411376953,2.3074629306793213,2.3627376556396484,2.010035753250122,2.1114742755889893,2.0261616706848145,2.0887742042541504,1.5112738609313965,1.8465434312820435,1.9388988018035889,2.129647970199585,2.072641134262085,3.0801637172698975,2.865540027618408,2.2960762977600098,2.2301950454711914,3.4639475345611572,0.41252097487449646,2.3344123363494873,2.367882251739502,2.414599657058716,2.199155330657959,2.264878034591675,2.1020543575286865,2.154221534729004,1.7497541904449463,2.0351309776306152,2.148240804672241,2.323467254638672,2.273071050643921,3.2959136962890625,3.0876786708831787,2.5229949951171875,2.460325241088867,3.734940528869629,0.1514294594526291,3.4915218353271484,1.3338145017623901,1.2993220090866089,-0.42195287346839905,-0.5646967887878418
4,99,2.3663363456726074,2.3704211711883545,2.4252076148986816,2.0344619750976562,2.1449906826019287,2.091315984725952,2.1495630741119385,1.5143458843231201,1.8727000951766968,1.8216474056243896,2.003425121307373,1.9506007432937622,2.9105281829833984,2.703084945678711,2.1646535396575928,2.100576639175415,3.2936182022094727,0.39167752861976624,2.3992276191711426,2.4303677082061768,2.4772942066192627,2.2138562202453613,2.289865255355835,2.1640658378601074,2.212376832962036,1.7399688959121704,2.0723979473114014,2.0356037616729736,2.2021069526672363,2.154653549194336,3.1300625801086426,2.9280648231506348,2.3951525688171387,2.3342456817626953,3.5648193359375,0.14863570034503937,3.490488290786743,1.3171138763427734,1.2579094171524048,-0.40898099541664124,-0.5376116037368774
4,99,2.3972220420837402,2.4055910110473633,2.4603488445281982,2.0687453746795654,2.183960199356079,2.1188323497772217,2.1815574169158936,1.5371756553649902,1.8955323696136475,1.8030120134353638,1.988477110862732,1.9358243942260742,2.8932182788848877,2.690213203430176,2.1440412998199463,2.0823934078216553,3.269059181213379,0.38868293166160583,2.4432950019836426,2.4784278869628906,2.5250864028930664,2.2535457611083984,2.3355965614318848,2.20216703414917,2.2555630207061768,1.7612433433532715,2.104304552078247,1.9871881008148193,2.1566202640533447,2.1097402572631836,3.0822174549102783,2.884761095046997,2.345154285430908,2.286186456680298,3.509982109069824,0.1492910534143448,3.5028133392333984,1.3345625400543213,1.2523404359817505,-0.4398518204689026,-0.5364692211151123
4,99,2.2037978172302246,2.2180230617523193,2.2741830348968506,1.9485900402069092,2.051079273223877,1.947420597076416,2.0078883171081543,1.4681742191314697,1.7939693927764893,1.7677695751190186,1.9555567502975464,1.8975263833999634,2.8412187099456787,2.6197338104248047,2.099165678024292,2.0320396423339844,3.164377450942993,0.4106059968471527,2.251483201980591,2.2925500869750977,2.339517831802368,2.1327455043792725,2.2000246047973633,2.0337183475494385,2.0834386348724365,1.6870635747909546,1.9811453819274902,1.933813214302063,2.1058309078216553,2.053462028503418,3.0137083530426025,2.797544240951538,2.2826974391937256,2.218438148498535,3.3897736072540283,0.1705690324306488,3.2313039302825928,1.2872633934020996,1.2603508234024048,-0.4458494782447815,-0.5076147317886353
4,99,2.246886968612671,2.264601469039917,2.3175230026245117,1.9808324575424194,2.0778868198394775,1.9848394393920898,2.0442585945129395,1.4833307266235352,1.81721031665802,1.8430346250534058,2.0227177143096924,1.9678183794021606,2.9172399044036865,2.698350429534912,2.18180251121521,2.116480827331543,3.274818181991577,0.3620651364326477,2.292235851287842,2.3360342979431152,2.3801631927490234,2.161167860031128,2.2236905097961426,2.0680975914001465,2.117248296737671,1.7013940811157227,2.0067522525787354,2.0214474201202393,2.185353994369507,2.1359333992004395,3.098019599914551,2.8847200870513916,2.375523567199707,2.3127949237823486,3.5052945613861084,0.12401164323091507,3.3813636302948,1.301684856414795,1.1851650476455688,-0.46364879608154297,-0.5721085667610168
4,99,2.3088598251342773,2.3126814365386963,2.3677356243133545,2.0137202739715576,2.115511655807495,2.042644739151001,2.101266860961914,1.5066754817962646,1.866294264793396,1.9850316047668457,2.163397789001465,2.1094861030578613,3.0641019344329834,2.850430727005005,2.3239495754241943,2.2600839138031006,3.4035959243774414,0.3828616440296173,2.3558826446533203,2.3857309818267822,2.432870864868164,2.201341390609741,2.2698256969451904,2.1288156509399414,2.1777491569519043,1.7346099615097046,2.0621745586395264,2.175450325012207,2.3393876552581787,2.290682792663574,3.257662296295166,3.049354314804077,2.5295557975769043,2.468327760696411,3.647470712661743,0.13001079857349396,3.551351308822632,1.3174598217010498,1.209001898765564,-0.4918256998062134,-0.5965149998664856
4,99,2.27585506439209,2.27117919921875,2.333143949508667,1.9423437118530273,2.0551841259002686,1.9979674816131592,2.064777374267578,1.428855299949646,1.7815183401107788,1.889877200126648,2.0752437114715576,2.017373561859131,2.9668703079223633,2.7481143474578857,2.2235023975372314,2.158320903778076,3.2805979251861572,0.39817163348197937,2.3135182857513428,2.3350331783294678,2.388615369796753,2.115478515625,2.193939685821533,2.071269989013672,2.1285552978515625,1.6339106559753418,1.9731457233428955,2.071406602859497,2.241023540496826,2.1884913444519043,3.152885913848877,2.9399099349975586,2.422020673751831,2.3593270778656006,3.5206961631774902,0.13778696954250336,3.4739561080932617,1.263327717781067,1.265771508216858,-0.448209285736084,-0.5287785530090332
4,99,2.1192150115966797,2.1259467601776123,2.1889452934265137,1.880696177482605,1.978140115737915,1.871568202972412,1.9365395307540894,1.4123049974441528,1.734810471534729,1.8545966148376465,2.0356268882751465,1.9742127656936646,2.9031007289886475,2.653419256210327,2.178821563720703,2.1046860218048096,3.179042339324951,0.37890151143074036,2.1737799644470215,2.2073729038238525,2.260641574859619,2.0725324153900146,2.1315226554870605,1.9654232263565063,2.018510580062866,1.634621262550354,1.923377513885498,2.036989688873291,2.2036428451538086,2.146803379058838,3.08937406539917,2.844170570373535,2.376744508743286,2.304884672164917,3.41621470451355,0.13315853476524353,3.2413747310638428,1.2475190162658691,1.1621066331863403,-0.48652759194374084,-0.5744072198867798
4,99,2.235945701599121,2.233990430831909,2.2943062782287598,1.9016090631484985,2.021005630493164,1.9742248058319092,2.041619062423706,1.4042983055114746,1.7457228899002075,1.5318206548690796,1.709031343460083,1.6496827602386475,2.5601673126220703,2.313847780227661,1.8489091396331787,1.7752677202224731,2.8832266330718994,0.3619762659072876,2.264366388320923,2.287895679473877,2.3390467166900635,2.0629935264587402,2.143226385116577,2.037348985671997,2.093825340270996,1.6000151634216309,1.9344507455825806,1.6898893117904663,1.8519275188446045,1.7975465059280396,2.724382162094116,2.4821794033050537,2.0237748622894287,1.952364206314087,3.097395658493042,0.1381300687789917,3.1538021564483643,1.2180182933807373,1.1281558275222778,-0.37297892570495605,-0.5056827664375305
4,99,2.3806710243225098,2.378298044204712,2.43989634513855,2.0190751552581787,2.148977279663086,2.103767156600952,2.171851396560669,1.4785581827163696,1.85824453830719,1.6436843872070312,1.819745421409607,1.768331527709961,2.679791212081909,2.452895164489746,1.964056372642517,1.8975881338119507,3.0037424564361572,0.3822917640209198,2.4255425930023193,2.447476863861084,2.500570774078369,2.1883926391601562,2.2827579975128174,2.1805925369262695,2.238856792449951,1.675315260887146,2.0636630058288574,1.7849797010421753,1.9465792179107666,1.899695873260498,2.8268728256225586,2.6038854122161865,2.122190475463867,2.057685136795044,3.200226306915283,0.16216865181922913,3.3647100925445557,1.2949233055114746,1.1531025171279907,-0.4676123559474945,-0.5400710701942444
4,99,2.359532594680786,2.355269193649292,2.4230635166168213,2.022975206375122,2.1531028747558594,2.0864925384521484,2.157393217086792,1.4975100755691528,1.8711292743682861,1.732380747795105,1.9040461778640747,1.8575470447540283,2.7585716247558594,2.5490972995758057,2.0492589473724365,1.988608479499817,3.0613186359405518,0.378658264875412,2.416182279586792,2.4343421459198,2.4939558506011963,2.191699266433716,2.290264129638672,2.172405958175659,2.2342703342437744,1.6861604452133179,2.069896936416626,1.8520328998565674,2.009694814682007,1.967688798904419,2.8815970420837402,2.676574230194092,2.184108018875122,2.1255030632019043,3.23209547996521,0.1594436913728714,3.388935089111328,1.3044395446777344,1.1327420473098755,-0.5304476618766785,-0.5633224248886108
4,99,2.3223400115966797,2.326350688934326,2.388031482696533,2.0197861194610596,2.131312370300293,2.055410861968994,2.120432138442993,1.4962127208709717,1.867284893989563,1.7515190839767456,1.9217010736465454,1.8786832094192505,2.7805497646331787,2.5901951789855957,2.0722568035125732,2.017609119415283,3.106782913208008,0.36449283361434937,2.3782904148101807,2.4048218727111816,2.4584217071533203,2.1876983642578125,2.2697553634643555,2.1415324211120605,2.1979520320892334,1.688124179840088,2.058537244796753,1.8819881677627563,2.036146879196167,1.9982202053070068,2.9122262001037598,2.7273075580596924,2.2181618213653564,2.165684461593628,3.289402723312378,0.12673801183700562,3.357330083847046,1.3286333084106445,1.1433907747268677,-0.5411811470985413,-0.5640512108802795
4,99,2.415764331817627,2.4291317462921143,2.48940110206604,2.1488192081451416,2.25162935256958,2.146266222000122,2.208712577819824,1.6147291660308838,2.010453462600708,1.8004851341247559,1.9719574451446533,1.9383509159088135,2.8590407371520996,2.711566925048828,2.132270097732544,2.0900216102600098,3.2276885509490967,0.3886946141719818,2.4852235317230225,2.5211596488952637,2.5732431411743164,2.3296890258789062,2.406567335128784,2.2474942207336426,2.3018829822540283,1.8224010467529297,2.207465410232544,1.9254825115203857,2.0808968544006348,2.0521318912506104,2.9862494468688965,2.843998908996582,2.273690700531006,2.2332794666290283,3.4065816402435303,0.15147651731967926,3.4036083221435547,1.2994135618209839,1.2153236865997314,-0.674624502658844,-0.5571842193603516
4,99,2.2675466537475586,2.283374786376953,2.3374087810516357,2.0058650970458984,2.0987160205841064,2.011359453201294,2.0717318058013916,1.4869506359100342,1.8631941080093384,1.7716422080993652,1.942876935005188,1.896061658859253,2.7991726398468018,2.6038646697998047,2.091585874557495,2.0346529483795166,3.1052143573760986,0.3555986285209656,2.3260598182678223,2.363820791244507,2.409337282180786,2.172661542892456,2.2365591526031494,2.0999975204467773,2.1514298915863037,1.6763725280761719,2.045156240463257,1.8929768800735474,2.0481374263763428,2.007493019104004,2.9212961196899414,2.732640504837036,2.227719306945801,2.1735827922821045,3.278154134750366,0.11854002624750137,3.30814266204834,1.3209335803985596,1.1375449895858765,-0.5632915496826172,-0.5608195066452026
4,99,2.354830265045166,2.356642484664917,2.416975975036621,2.0329926013946533,2.1473512649536133,2.083803176879883,2.147355794906616,1.4970200061798096,1.887640357017517,1.7974127531051636,1.9655969142913818,1.9198131561279297,2.8365607261657715,2.6385505199432373,2.1245276927948,2.06648588180542,3.1816964149475098,0.3592627942562103,2.4034574031829834,2.427912473678589,2.4803428649902344,2.1999759674072266,2.2835521697998047,2.1643218994140625,2.2189321517944336,1.6938092708587646,2.0792887210845947,1.9426608085632324,2.0962352752685547,2.0548908710479736,2.9845187664031982,2.791006326675415,2.285170793533325,2.229283571243286,3.379387617111206,0.12111864984035492,3.4464590549468994,1.3229442834854126,1.1574680805206299,-0.522033154964447,-0.5773261785507202
4,99,2.2572474479675293,2.272130250930786,2.3285293579101562,2.0141232013702393,2.1072309017181396,2.003979206085205,2.065141201019287,1.5114926099777222,1.8699421882629395,1.7696294784545898,1.945385217666626,1.898037075996399,2.8089542388916016,2.60738468170166,2.0905652046203613,2.0321924686431885,3.1246607303619385,0.35012707114219666,2.3231754302978516,2.3613617420196533,2.409015417098999,2.193675994873047,2.2567718029022217,2.101905107498169,2.1536664962768555,1.7159289121627808,2.0587565898895264,1.9073753356933594,2.067850112915039,2.0253958702087402,2.948038339614868,2.7514896392822266,2.2431817054748535,2.1868903636932373,3.312012195587158,0.12199372053146362,3.2734458446502686,1.3418821096420288,1.1405749320983887,-0.5504503846168518,-0.5626473426818848
4,99,2.4105803966522217,2.426957607269287,2.4856791496276855,2.1403188705444336,2.241652250289917,2.1403517723083496,2.2011756896972656,1.6140152215957642,1.9911317825317383,1.9451464414596558,2.119474172592163,2.076913595199585,3.0286521911621094,2.8515777587890625,2.289494514465332,2.2374050617218018,3.407693386077881,0.3705471456050873,2.47298526763916,2.5131568908691406,2.5639142990112305,2.3252694606781006,2.398336172103882,2.2377562522888184,2.2899584770202637,1.832243800163269,2.188931465148926,2.114237070083618,2.272138833999634,2.2345898151397705,3.1984059810638428,3.026610851287842,2.4740350246429443,2.424161911010742,3.6291182041168213,0.11872084438800812,3.564821720123291,1.4072415828704834,1.2403054237365723,-0.5587711334228516,-0.5712493658065796
4,99,2.426496982574463,2.42627215385437,2.485365867614746,2.0744822025299072,2.1920952796936035,2.1452367305755615,2.2092339992523193,1.5247293710708618,1.9202284812927246,1.8038727045059204,1.9753485918045044,1.9305192232131958,2.8561720848083496,2.666099786758423,2.1336779594421387,2.07808780670166,3.206695079803467,0.3764021694660187,2.4717252254486084,2.4940900802612305,2.545750379562378,2.237522602081299,2.325820207595825,2.2213096618652344,2.2770793437957764,1.717221975326538,2.114063262939453,1.9474672079086304,2.103800058364868,2.0641982555389404,3.002537250518799,2.817876100540161,2.2927772998809814,2.239664077758789,3.402604579925537,0.14374218881130219,3.529048442840576,1.3483110666275024,1.1970561742782593,-0.5241448879241943,-0.5528189539909363
4,99,2.5045533180236816,2.4983465671539307,2.5584604740142822,2.122380495071411,2.2448623180389404,2.2151401042938232,2.2795231342315674,1.5545709133148193,1.9425935745239258,1.8352210521697998,2.0075771808624268,1.9644266366958618,2.895843505859375,2.7151927947998047,2.1681735515594482,2.1157381534576416,3.268059730529785,0.3761148452758789,2.555147647857666,2.572030544281006,2.6243584156036377,2.2908785343170166,2.384065866470337,2.2959554195404053,2.3522353172302246,1.7511991262435913,2.151669502258301,1.9859168529510498,2.143115282058716,2.1053733825683594,3.0487751960754395,2.87381911277771,2.3339946269989014,2.2840142250061035,3.469896078109741,0.14398956298828125,3.6442041397094727,1.3453354835510254,1.2094120979309082,-0.5157304406166077,-0.5646577477455139
4,99,2.4594855308532715,2.4462203979492188,2.511363983154297,2.058655261993408,2.198452949523926,2.1716995239257812,2.242690086364746,1.4933563470840454,1.8780732154846191,1.7138575315475464,1.877686619758606,1.8330923318862915,2.7219631671905518,2.525787353515625,2.0303544998168945,1.974365472793579,3.0492947101593018,0.35162803530693054,2.5097954273223877,2.517298698425293,2.574841022491455,2.212740659713745,2.323469877243042,2.2475767135620117,2.3107895851135254,1.664603590965271,2.078650712966919,1.834416389465332,1.9830230474472046,1.943261742591858,2.844428777694702,2.6528124809265137,2.166602849960327,2.1124494075775146,3.222355604171753,0.11831345409154892,3.532658338546753,1.3140043020248413,1.1628395318984985,-0.5258564949035645,-0.5328934192657471
4,99,2.4884936809539795,2.4811573028564453,2.54862642288208,2.1253652572631836,2.2541353702545166,2.196160316467285,2.266108512878418,1.574461817741394,1.9699089527130127,1.7606970071792603,1.9296380281448364,1.893349289894104,2.824235439300537,2.658006191253662,2.0955209732055664,2.0486245155334473,3.2185306549072266,0.3587445318698883,2.538287401199341,2.553328037261963,2.6134414672851562,2.290057420730591,2.3913137912750244,2.27575945854187,2.3383419513702393,1.768729329109192,2.1678671836853027,1.8998818397521973,2.0526316165924072,2.0208871364593506,2.9649670124053955,2.8033857345581055,2.2515106201171875,2.2059803009033203,3.410372495651245,0.11714047938585281,3.5352447032928467,1.387356162071228,1.1838226318359375,-0.5365609526634216,-0.5674718618392944
4,99,2.3870620727539062,2.3851592540740967,2.4472551345825195,2.0611441135406494,2.1843605041503906,2.1099045276641846,2.1759073734283447,1.5508149862289429,1.9230307340621948,1.8711076974868774,2.0546822547912598,2.004617691040039,2.9611668586730957,2.758666515350342,2.2098920345306396,2.150083541870117,3.3108720779418945,0.41477957367897034,2.4375627040863037,2.4613022804260254,2.5152297019958496,2.2457425594329834,2.336442708969116,2.1969430446624756,2.2537403106689453,1.7703678607940674,2.124422073364258,2.0409350395202637,2.2091739177703857,2.1639227867126465,3.1371703147888184,2.9385533332824707,2.397639751434326,2.3396849632263184,3.540274143218994,0.15752823650836945,3.4975624084472656,1.3607611656188965,1.2822165489196777,-0.48352354764938354,-0.534778356552124
4,99,2.5484325885772705,2.555845260620117,2.616236448287964,2.1766390800476074,2.3129613399505615,2.256659507751465,2.3193652629852295,1.6402246952056885,1.994517207145691,1.5436533689498901,1.7270140647888184,1.6931711435317993,2.601917028427124,2.4764480590820312,1.8658537864685059,1.8263325691223145,3.062307834625244,0.4974198043346405,2.575272798538208,2.608835458755493,2.6635844707489014,2.34562087059021,2.4570908546447754,2.3205132484436035,2.376877784729004,1.866446852684021,2.2033677101135254,1.7029563188552856,1.866204857826233,1.8385869264602661,2.7766215801239014,2.6563076972961426,2.0525524616241455,2.015645980834961,3.3029263019561768,0.23363925516605377,3.338411808013916,1.3902606964111328,1.352434515953064,-0.397586464881897,-0.43918725848197937
4,99,2.533235788345337,2.5305607318878174,2.5937154293060303,2.132366180419922,2.282609701156616,2.238170862197876,2.2996938228607178,1.586384654045105,1.9904627799987793,1.5222446918487549,1.7208131551742554,1.674554467201233,2.585203170776367,2.417738914489746,1.826974868774414,1.770690679550171,3.014134407043457,0.6830147504806519,2.539499282836914,2.5643248558044434,2.620725393295288,2.291759729385376,2.41018009185791,2.2840757369995117,2.3368079662323,1.8108844757080078,2.185633659362793,1.669137954711914,1.8545544147491455,1.8135671615600586,2.7707769870758057,2.6056511402130127,2.0100643634796143,1.9571342468261719,3.2698416709899902,0.444789856672287,3.17396879196167,1.4262880086898804,1.4913784265518188,-0.2927486002445221,-0.3951238989830017
4,99,2.608497142791748,2.8429529666900635,2.8566360473632812,3.862584114074707,3.834562301635742,2.9423153400421143,2.9339146614074707,4.124672889709473,1.157797932624817,2.1327571868896484,2.396040439605713,2.353783369064331,3.3124094009399414,3.2140634059906006,2.4095489978790283,2.364739418029785,3.4333574771881104,1.3900504112243652,2.8522350788116455,3.0885910987854004,3.0873029232025146,4.160481929779053,4.109048366546631,3.224999189376831,3.2054271697998047,4.4733991622924805,0.9349770545959473,2.4247443675994873,2.6829848289489746,2.655900001525879,3.668919563293457,3.587503433227539,2.744152545928955,2.7086997032165527,3.855727434158325,1.303606390953064,1.0263723134994507,1.5746848583221436,1.5120930671691895,-0.7447668313980103,-0.7895651459693909
4,99,1.4581352472305298,1.690383791923523,1.6838899850845337,2.6703405380249023,2.507946014404297,1.7524536848068237,1.7141255140304565,2.963226079940796,0.8583797216415405,2.5564141273498535,2.68196702003479,2.6467597484588623,2.7624380588531494,2.6384661197662354,2.4123330116271973,2.3811872005462646,2.247164726257324,2.4293124675750732,1.6356897354125977,1.8743884563446045,1.8459532260894775,2.942967176437378,2.7487730979919434,1.9988927841186523,1.9442025423049927,3.30517840385437,0.6306040287017822,2.772077798843384,2.933899402618408,2.896373987197876,3.175018787384033,3.0398316383361816,2.701923370361328,2.664196491241455,2.738628625869751,2.7110652923583984,2.446915864944458,1.5595136880874634,1.5712916851043701,-0.4825834631919861,-0.7350624203681946
4,99,1.1968533992767334,1.3985809087753296,1.327887773513794,2.2455661296844482,1.8574421405792236,1.4859482049942017,1.3747884035110474,2.3561630249023438,0.5167697668075562,1.9053899049758911,1.9969052076339722,1.9842811822891235,2.000269889831543,1.8818390369415283,1.7592426538467407,1.7564384937286377,1.508014440536499,1.7736109495162964,1.326301097869873,1.519503116607666,1.4309519529342651,2.419466972351074,2.001943349838257,1.6575230360031128,1.5335805416107178,2.589496612548828,0.2669632136821747,2.0231900215148926,2.144549608230591,2.119969606399536,2.2692956924438477,2.108083486557007,1.931951880455017,1.9103964567184448,1.821101427078247,1.9678161144256592,2.132124185562134,1.15916907787323,1.2609798908233643,-0.5310275554656982,-0.7828623056411743
4,99,1.6784456968307495,1.9186264276504517,1.8696820735931396,2.9475598335266113,2.695451498031616,2.0359222888946533,1.9626189470291138,3.198657274246216,0.554288387298584,2.7127256393432617,2.8233141899108887,2.796218156814575,2.7323014736175537,2.6448941230773926,2.5183658599853516,2.507725238800049,2.03851056098938,2.4892635345458984,1.844257116317749,2.0696587562561035,2.0071372985839844,3.1455280780792236,2.8720438480377197,2.240095615386963,2.1571264266967773,3.4721784591674805,0.23102475702762604,2.9196369647979736,3.0605053901672363,3.03157639503479,3.0931243896484375,2.993088722229004,2.7764666080474854,2.7596547603607178,2.4495997428894043,2.8128435611724854,3.2115042209625244,1.5535966157913208,1.630059838294983,-0.4698595404624939,-0.7873315215110779
4,99,1.578073501586914,1.8104021549224854,1.7870270013809204,2.769470691680908,2.6326584815979004,1.8957545757293701,1.8561877012252808,3.0687315464019775,0.6278606057167053,2.7646963596343994,2.870934247970581,2.8277201652526855,2.7553348541259766,2.6543750762939453,2.5692386627197266,2.5422861576080322,2.033273458480835,2.4812867641448975,1.7181216478347778,1.937787652015686,1.9004229307174683,2.9554078578948975,2.7984397411346436,2.0842301845550537,2.034337043762207,3.343737840652466,0.289808452129364,3.0125391483306885,3.1462037563323975,3.1113739013671875,3.1460554599761963,3.058190107345581,2.86077618598938,2.838063955307007,2.474194049835205,2.8786513805389404,3.1199088096618652,1.688758373260498,1.6738314628601074,-0.35502734780311584,-0.7519069910049438
4,99,1.1809664964675903,1.3952780961990356,1.3846346139907837,2.199923038482666,2.051323652267456,1.3986999988555908,1.3652452230453491,2.40120530128479,0.805047869682312,2.6275384426116943,2.72693133354187,2.6864664554595947,2.6247847080230713,2.519460439682007,2.440286159515381,2.4168291091918945,1.9381173849105835,2.362696409225464,1.3442462682724,1.5595752000808716,1.5431932210922241,2.424445390701294,2.267396926879883,1.6091597080230713,1.5700796842575073,2.672947645187378,0.7188071608543396,2.8611910343170166,2.98885440826416,2.950709342956543,3.0059759616851807,2.899704694747925,2.7210216522216797,2.696125030517578,2.3729476928710938,2.725255250930786,2.4788379669189453,1.6361591815948486,1.5763052701950073,-0.2542676329612732,-0.7555340528488159
4,99,1.3026607036590576,1.4575300216674805,1.4847317934036255,1.9538644552230835,1.8476662635803223,1.3083164691925049,1.3130005598068237,1.90328848361969,1.2410812377929688,2.5487287044525146,2.649637222290039,2.6143500804901123,2.593862771987915,2.4828269481658936,2.3730437755584717,2.3547134399414062,1.9378186464309692,2.3183376789093018,1.2346101999282837,1.4240604639053345,1.432592511177063,2.0882067680358887,1.937592625617981,1.3464016914367676,1.3266609907150269,2.146353006362915,1.0679137706756592,2.7993226051330566,2.9300661087036133,2.8962037563323975,2.9987988471984863,2.881629705429077,2.6750495433807373,2.6529009342193604,2.396815538406372,2.6876001358032227,1.8101253509521484,1.632066011428833,1.5469675064086914,-0.24276810884475708,-0.7775502800941467
4,99,1.3471120595932007,1.4398261308670044,1.4819766283035278,1.66359543800354,1.5933246612548828,1.2341729402542114,1.265885353088379,1.4477214813232422,1.2981635332107544,2.2670724391937256,2.37402606010437,2.339787006378174,2.3942649364471436,2.2623465061187744,2.132279872894287,2.1144397258758545,1.844443678855896,2.100344181060791,1.266585350036621,1.40056312084198,1.4229094982147217,1.8046897649765015,1.673028826713562,1.2453252077102661,1.2485873699188232,1.6852500438690186,1.2270203828811646,2.517336130142212,2.6535654067993164,2.616264820098877,2.7956480979919434,2.6467764377593994,2.436842441558838,2.4103052616119385,2.295387029647827,2.432589292526245,1.3350638151168823,1.4414931535720825,1.3716106414794922,-0.1955360472202301,-0.7933954000473022
4,99,1.406353235244751,1.5900161266326904,1.6010046005249023,2.1619343757629395,2.0657973289489746,1.4844703674316406,1.4783154726028442,2.1442668437957764,1.2572990655899048,2.5024993419647217,2.622640609741211,2.5771737098693848,2.6104753017425537,2.493122100830078,2.353219985961914,2.327113389968872,2.001176595687866,2.3158316612243652,1.4091811180114746,1.6151691675186157,1.60826575756073,2.311588764190674,2.180600166320801,1.5697649717330933,1.5445138216018677,2.3789141178131104,1.1048849821090698,2.7841248512268066,2.932271718978882,2.8880929946899414,3.038969039916992,2.919140577316284,2.6865596771240234,2.6579372882843018,2.4803686141967773,2.6866819858551025,1.8671274185180664,1.5792704820632935,1.5255459547042847,-0.3948315382003784,-0.8057279586791992
4,99,1.498801350593567,1.6519477367401123,1.674865961074829,2.077867269515991,1.9901883602142334,1.4895716905593872,1.4957849979400635,1.9294642210006714,1.4398994445800781,2.4603817462921143,2.5790820121765137,2.536024808883667,2.589958906173706,2.4634430408477783,2.3168790340423584,2.2914209365844727,1.9910227060317993,2.28084397315979,1.5095831155776978,1.6929458379745483,1.6986709833145142,2.258385419845581,2.130842447280884,1.5836645364761353,1.5690701007843018,2.187570333480835,1.3687713146209717,2.749641180038452,2.897311210632324,2.8561244010925293,3.0311055183410645,2.9006011486053467,2.660090446472168,2.6312806606292725,2.4827287197113037,2.664508581161499,1.5807418823242188,1.566263198852539,1.4992488622665405,-0.39101728796958923,-0.8135508298873901
4,99,1.1745500564575195,1.388354778289795,1.3694661855697632,2.1362252235412598,1.9327282905578613,1.3588299751281738,1.31276535987854,2.216430425643921,0.907379150390625,2.4804868698120117,2.606473207473755,2.5627832412719727,2.6425232887268066,2.502883195877075,2.348741054534912,2.321234941482544,2.037757396697998,2.312868118286133,1.3446911573410034,1.5684807300567627,1.5338526964187622,2.379671812057495,2.1540770530700684,1.579185962677002,1.5196775197982788,2.4887402057647705,0.8822579979896545,2.733905076980591,2.887129306793213,2.844882011413574,3.0394036769866943,2.8944897651672363,2.653184652328491,2.6218960285186768,2.484316349029541,2.6514980792999268,2.0695431232452393,1.4415560960769653,1.5224525928497314,-0.4308775067329407,-0.819115161895752
4,99,1.5909576416015625,1.8141703605651855,1.7865878343582153,2.7412822246551514,2.600400447845459,1.9045732021331787,1.8636865615844727,3.026439905166626,0.6132369637489319,2.816863536834717,2.9383976459503174,2.8950672149658203,2.855513334274292,2.756852149963379,2.6344878673553467,2.611420154571533,2.1296494007110596,2.575737953186035,1.743192195892334,1.9508030414581299,1.9093364477157593,2.935106039047241,2.773378372192383,2.104914665222168,2.0530214309692383,3.3134384155273438,0.2652081847190857,3.072831153869629,3.2207329273223877,3.180476665496826,3.2509782314300537,3.1551663875579834,2.936318874359131,2.913529872894287,2.577160358428955,2.944608211517334,3.1153321266174316,1.6625559329986572,1.6907148361206055,-0.35947301983833313,-0.781714916229248
4,99,1.3092271089553833,1.4961341619491577,1.4978610277175903,2.1100144386291504,1.9467066526412964,1.4036872386932373,1.3828049898147583,2.083939552307129,1.1548469066619873,2.458629846572876,2.579420566558838,2.540411949157715,2.622173547744751,2.489224433898926,2.3261806964874268,2.3049142360687256,2.019582509994507,2.2975456714630127,1.3022795915603638,1.5127654075622559,1.4932183027267456,2.2571234703063965,2.052398204803467,1.4866523742675781,1.4421359300613403,2.324018955230713,0.9673266410827637,2.7194631099700928,2.86803936958313,2.826900005340576,3.026657819747925,2.8812217712402344,2.6388490200042725,2.611003875732422,2.473370313644409,2.6217844486236572,1.818210244178772,1.580854892730713,1.50754714012146,-0.34905514121055603,-0.8182510137557983
4,99,1.2582712173461914,1.4327809810638428,1.4410032033920288,1.9675241708755493,1.8254132270812988,1.3034242391586304,1.292280912399292,1.9291865825653076,1.1799900531768799,2.438389539718628,2.562234401702881,2.517023801803589,2.588576316833496,2.4482500553131104,2.301724433898926,2.276620864868164,2.002760410308838,2.2662174701690674,1.2251098155975342,1.4292654991149902,1.4165624380111694,2.1175806522369385,1.9318406581878662,1.3720146417617798,1.3359853029251099,2.1782994270324707,1.0156898498535156,2.7035417556762695,2.8558804988861084,2.811115264892578,3.003336191177368,2.855987787246704,2.6204426288604736,2.5906903743743896,2.4700675010681152,2.61836838722229,1.7081100940704346,1.5301494598388672,1.4902498722076416,-0.3149203956127167,-0.7937324643135071
4,99,1.3988568782806396,1.6122289896011353,1.6057740449905396,2.452781915664673,2.387911796569824,1.6608264446258545,1.6452234983444214,2.72383189201355,0.7046027183532715,2.6276416778564453,2.7485246658325195,2.6961612701416016,2.704129219055176,2.597423553466797,2.468168020248413,2.4364848136901855,2.065880060195923,2.4039435386657715,1.5303502082824707,1.7387666702270508,1.7256569862365723,2.6263747215270996,2.5515482425689697,1.829150915145874,1.8076720237731934,2.951873779296875,0.5449506044387817,2.8841540813446045,3.029874563217163,2.9845540523529053,3.093395709991455,3.0009915828704834,2.768120288848877,2.7410364151000977,2.504673719406128,2.769637107849121,2.697495222091675,1.608237862586975,1.584126353263855,-0.3134322762489319,-0.7647183537483215
4,99,1.490316390991211,1.7088779211044312,1.697349190711975,2.549806594848633,2.458601474761963,1.7498652935028076,1.7259838581085205,2.7782325744628906,0.8040348291397095,2.6119914054870605,2.745619058609009,2.694995164871216,2.765977621078491,2.656975746154785,2.47627329826355,2.4425530433654785,2.161069869995117,2.441601276397705,1.661686897277832,1.8781955242156982,1.8596863746643066,2.7608556747436523,2.6592836380004883,1.9529067277908325,1.9233578443527222,3.0290098190307617,0.7039781808853149,2.9223694801330566,3.0811405181884766,3.0347206592559814,3.2108001708984375,3.1090683937072754,2.8349812030792236,2.8030195236206055,2.6543965339660645,2.822488307952881,2.551939010620117,1.6265963315963745,1.6111698150634766,-0.36060845851898193,-0.7862619161605835
4,99,1.5067787170410156,1.6596847772598267,1.689345121383667,2.115096092224121,2.062455892562866,1.509183406829834,1.5238314867019653,2.0258097648620605,1.424224615097046,2.5147037506103516,2.6373708248138428,2.5912718772888184,2.6541714668273926,2.532768726348877,2.3737869262695312,2.345198631286621,2.0656819343566895,2.346068859100342,1.5099513530731201,1.6934045553207397,1.7063792943954468,2.2905375957489014,2.201913595199585,1.5981864929199219,1.5937519073486328,2.285519599914551,1.3292934894561768,2.7633352279663086,2.914641857147217,2.8695108890533447,3.057849407196045,2.9331958293914795,2.677457094192505,2.646165609359741,2.5286312103271484,2.670865297317505,1.671553134918213,1.46876060962677,1.5331337451934814,-0.5466465950012207,-0.8064906597137451
4,99,1.2884597778320312,1.4975991249084473,1.4962807893753052,2.2539169788360596,2.13202166557312,1.479327917098999,1.45647132396698,2.3963875770568848,0.940639853477478,2.660083770751953,2.7835605144500732,2.7371115684509277,2.7698473930358887,2.653855323791504,2.509856700897217,2.48140025138855,2.113898277282715,2.4567348957061768,1.4555834531784058,1.6720223426818848,1.657971739768982,2.4863967895507812,2.346912145614624,1.6917146444320679,1.6580991744995117,2.6610591411590576,0.9017078280448914,2.9127838611602783,3.0622520446777344,3.0186195373535156,3.1639163494110107,3.0486016273498535,2.8112494945526123,2.7819931507110596,2.5629138946533203,2.799866199493408,2.3290867805480957,1.6886265277862549,1.6281943321228027,-0.26041409373283386,-0.8022491931915283
4,99,1.3804044723510742,1.604706048965454,1.583931565284729,2.4958086013793945,2.3493378162384033,1.6625986099243164,1.6226729154586792,2.7383809089660645,0.7113197445869446,2.6651430130004883,2.791875123977661,2.746117115020752,2.7933826446533203,2.678046941757202,2.5168323516845703,2.486358165740967,2.1536216735839844,2.4606199264526367,1.4975721836090088,1.7174146175384521,1.678762674331665,2.676384925842285,2.5045878887176514,1.8347728252410889,1.7814767360687256,2.99851655960083,0.44737136363983154,2.9550938606262207,3.1083900928497314,3.0670228004455566,3.225759267807007,3.1152567863464355,2.856518507003784,2.8266899585723877,2.636833429336548,2.844862461090088,2.6503965854644775,1.6350924968719482,1.6115822792053223,-0.3158206641674042,-0.788007378578186
4,99,1.5180881023406982,1.7233706712722778,1.7291206121444702,2.5253548622131348,2.476895570755005,1.7471044063568115,1.7395014762878418,2.7648301124572754,0.9537839293479919,2.5864107608795166,2.7123067378997803,2.6599326133728027,2.7093162536621094,2.6014981269836426,2.4404096603393555,2.404379367828369,2.1261558532714844,2.405397415161133,1.6774911880493164,1.8859319686889648,1.8807084560394287,2.7466585636138916,2.682687997817993,1.9507614374160767,1.9344104528427124,3.0346648693084717,0.8411977291107178,2.871297836303711,3.023876428604126,2.976702928543091,3.1443986892700195,3.046834945678711,2.778815507888794,2.7456607818603516,2.6217968463897705,2.7756943702697754,2.455573558807373,1.6243711709976196,1.5819097757339478,-0.407286137342453,-0.7681365013122559
4,99,1.4632341861724854,1.6419894695281982,1.6605733633041382,2.2341551780700684,2.171278476715088,1.5438086986541748,1.5468696355819702,2.2590229511260986,1.297134518623352,2.552603006362915,2.685586452484131,2.6341655254364014,2.732239246368408,2.607374906539917,2.4226813316345215,2.387657642364502,2.167236804962158,2.3944180011749268,1.5019252300262451,1.7050132751464844,1.706579566001892,2.425659656524658,2.3315443992614746,1.6682088375091553,1.6538814306259155,2.533655881881714,1.1649999618530273,2.813753128051758,2.974308967590332,2.9250271320343018,3.1470329761505127,3.023244857788086,2.7400996685028076,2.7041568756103516,2.642988681793213,2.7199087142944336,1.863403558731079,1.5854225158691406,1.569932460784912,-0.4360602796077728,-0.8105800151824951
4,99,1.3437755107879639,1.5003461837768555,1.5273839235305786,2.01365065574646,1.9157909154891968,1.362626075744629,1.3706177473068237,1.9970377683639526,1.271006464958191,2.491615056991577,2.6113944053649902,2.5716919898986816,2.625882148742676,2.5029494762420654,2.342252254486084,2.3208367824554443,2.0534543991088867,2.308732032775879,1.3234659433364868,1.5140002965927124,1.5213651657104492,2.1924853324890137,2.0522103309631348,1.4486929178237915,1.4324978590011597,2.2752280235290527,1.1311231851577759,2.737478256225586,2.8873980045318604,2.848179817199707,3.037184000015259,2.906893730163574,2.647435188293457,2.621612310409546,2.527601480484009,2.646314859390259,1.7191658020019531,1.5725576877593994,1.514922022819519,-0.3324660658836365,-0.7655878067016602
4,99,1.5370444059371948,1.696094274520874,1.7239575386047363,2.147538661956787,2.0866892337799072,1.5339395999908447,1.5498404502868652,2.0320394039154053,1.4657983779907227,2.598013401031494,2.7227234840393066,2.6755950450897217,2.718998908996582,2.59842848777771,2.446061611175537,2.4217467308044434,2.09029483795166,2.395535707473755,1.5374019145965576,1.7271487712860107,1.7375112771987915,2.3204421997070312,2.220900058746338,1.6197552680969238,1.6150864362716675,2.2877190113067627,1.3727003335952759,2.8331644535064697,2.9865000247955322,2.9418795108795166,3.109905242919922,2.9872822761535645,2.7347869873046875,2.7085318565368652,2.541403293609619,2.726778984069824,1.7345075607299805,1.6438909769058228,1.5602853298187256,-0.3674605190753937,-0.8091417551040649
4,99,1.432948112487793,1.574536919593811,1.6107789278030396,1.9860799312591553,1.945196270942688,1.412306785583496,1.4315674304962158,1.914942741394043,1.3758008480072021,2.5487520694732666,2.659200429916382,2.620461940765381,2.622354745864868,2.514680862426758,2.389388084411621,2.364020586013794,2.0179874897003174,2.348236560821533,1.396759271621704,1.5704690217971802,1.5902695655822754,2.137564182281494,2.058830499649048,1.4682319164276123,1.467749834060669,2.163041114807129,1.2621970176696777,2.7609071731567383,2.899447441101074,2.8624117374420166,2.990424633026123,2.880103826522827,2.6545426845550537,2.6271092891693115,2.450956344604492,2.663203477859497,1.6949056386947632,1.5952709913253784,1.503669261932373,-0.312348872423172,-0.7755576372146606
4,99,1.5413954257965088,1.751624345779419,1.750819444656372,2.5799453258514404,2.5399608612060547,1.797813892364502,1.7895317077636719,2.846414804458618,0.7870718836784363,2.5943236351013184,2.7273168563842773,2.672646999359131,2.7320494651794434,2.627549648284912,2.4551587104797363,2.420001983642578,2.1349070072174072,2.406497001647949,1.7079663276672363,1.914912223815918,1.9086905717849731,2.782504081726074,2.734309196472168,1.9941327571868896,1.9811499118804932,3.0899665355682373,0.6771844625473022,2.8427069187164307,2.9995763301849365,2.9521355628967285,3.1136579513549805,3.02447247505188,2.7492847442626953,2.7192740440368652,2.5722734928131104,2.738866090774536,2.6282424926757812,1.626420259475708,1.5808192491531372,-0.3596367835998535,-0.7775088548660278
4,99,1.3820022344589233,1.6043250560760498,1.5910019874572754,2.4763848781585693,2.3612372875213623,1.6486510038375854,1.6205024719238281,2.7357723712921143,0.8037608861923218,2.6872167587280273,2.8108644485473633,2.7651333808898926,2.7702980041503906,2.665048360824585,2.5198490619659424,2.4939799308776855,2.1237308979034424,2.4738857746124268,1.618712306022644,1.8390369415283203,1.8215279579162598,2.747238874435425,2.626736640930176,1.9132939577102661,1.8815245628356934,3.0301480293273926,0.7799224853515625,2.8802857398986816,3.0325472354888916,2.9871387481689453,3.1225061416625977,3.0145270824432373,2.7676949501037598,2.739628791809082,2.5448739528656006,2.760660409927368,2.619628667831421,1.6367238759994507,1.6252230405807495,-0.3494867980480194,-0.7711231112480164
4,99,1.4539963006973267,1.648783802986145,1.6620680093765259,2.30092191696167,2.2161266803741455,1.5724259614944458,1.5705950260162354,2.35754132270813,1.2345733642578125,2.5906565189361572,2.719684362411499,2.6731035709381104,2.7190799713134766,2.6039676666259766,2.4394383430480957,2.415707588195801,2.1070854663848877,2.399324893951416,1.4756271839141846,1.689495325088501,1.684389591217041,2.4662132263183594,2.3481690883636475,1.6799687147140503,1.6590015888214111,2.6131019592285156,1.0474224090576172,2.838721752166748,2.9963724613189697,2.950336456298828,3.123934268951416,3.0053858757019043,2.7434287071228027,2.71705961227417,2.5746467113494873,2.729783773422241,2.0401406288146973,1.6277700662612915,1.5665946006774902,-0.40657371282577515,-0.7860428094863892
4,99,1.4186190366744995,1.599365472793579,1.6198168992996216,2.1809182167053223,2.1229140758514404,1.4896656274795532,1.4969607591629028,2.2226481437683105,1.281585454940796,2.560173511505127,2.6840858459472656,2.6331536769866943,2.6722733974456787,2.550638437271118,2.405795097351074,2.3767001628875732,2.085836172103882,2.347412109375,1.4355018138885498,1.6413376331329346,1.6438907384872437,2.359405994415283,2.2687153816223145,1.5980455875396729,1.5864366292953491,2.489480495452881,1.1374988555908203,2.786398410797119,2.9395604133605957,2.892735242843628,3.0612375736236572,2.944188117980957,2.6880550384521484,2.659492015838623,2.541142702102661,2.6798954010009766,1.9207872152328491,1.5766723155975342,1.5288101434707642,-0.4090346395969391,-0.7608453631401062
4,99,1.3885654211044312,1.5982602834701538,1.5902868509292603,2.4561145305633545,2.3732213973999023,1.6610571146011353,1.638608455657959,2.7645456790924072,0.7061884999275208,2.595025062561035,2.7152786254882812,2.672792673110962,2.670041799545288,2.567941427230835,2.431755542755127,2.399827480316162,2.073244571685791,2.3874642848968506,1.5052334070205688,1.7078965902328491,1.6841312646865845,2.6346044540405273,2.5310556888580322,1.8338065147399902,1.8005322217941284,3.0270915031433105,0.4239705204963684,2.8338754177093506,2.978821277618408,2.944796323776245,3.050767183303833,2.963930368423462,2.717661142349243,2.6906347274780273,2.5125174522399902,2.7467212677001953,2.6687090396881104,1.5735868215560913,1.579389214515686,-0.3350341320037842,-0.7312289476394653
4,99,1.3483730554580688,1.5740498304367065,1.5528910160064697,2.4783661365509033,2.304260730743408,1.6326237916946411,1.5816673040390015,2.7381949424743652,0.7769307494163513,2.6069328784942627,2.705509901046753,2.6848268508911133,2.5896055698394775,2.5176889896392822,2.4045751094818115,2.3890485763549805,1.9584832191467285,2.382648468017578,1.5072118043899536,1.7285834550857544,1.7007561922073364,2.688878059387207,2.5040159225463867,1.833587408065796,1.7779879570007324,3.0008552074432373,0.6350411772727966,2.763139486312866,2.8883566856384277,2.8696980476379395,2.8944449424743652,2.8181982040405273,2.6096787452697754,2.5911459922790527,2.325617551803589,2.6615066528320312,2.6414573192596436,1.6173847913742065,1.5717101097106934,-0.3641032874584198,-0.7474575638771057
4,99,1.689443826675415,1.9288756847381592,1.903339147567749,2.909395456314087,2.7193808555603027,2.0032966136932373,1.9422017335891724,3.1496498584747314,0.8879568576812744,2.8079984188079834,2.8970084190368652,2.90163254737854,2.7705538272857666,2.741171360015869,2.584404230117798,2.57323956489563,2.0885753631591797,2.5655205249786377,1.8183207511901855,2.055431365966797,2.010606050491333,3.104020357131958,2.8842062950134277,2.185253381729126,2.112197160720825,3.4177446365356445,0.6140729784965515,2.9983749389648438,3.118722677230835,3.123558282852173,3.134289264678955,3.0941162109375,2.832195997238159,2.8161861896514893,2.520608425140381,2.8859732151031494,2.967848062515259,1.7454626560211182,1.6586135625839233,-0.4045896828174591,-0.7565029263496399
4,99,1.5296423435211182,1.7060527801513672,1.7315772771835327,2.312473773956299,2.2245473861694336,1.6124780178070068,1.6013563871383667,2.3490700721740723,1.3825119733810425,1.8895968198776245,2.113405704498291,2.0619330406188965,2.7978827953338623,2.595792055130005,2.0474119186401367,1.9758108854293823,2.785351276397705,1.5492202043533325,1.6587828397750854,1.863391637802124,1.8628790378570557,2.573697566986084,2.4423694610595703,1.8148659467697144,1.7805525064468384,2.6458194255828857,1.3718433380126953,2.054495334625244,2.2851078510284424,2.241229295730591,3.066246747970581,2.870654344558716,2.2707905769348145,2.2034921646118164,3.132061719894409,1.4806787967681885,0.8287854790687561,1.3935364484786987,1.5117899179458618,-0.5787650942802429,-0.6878648996353149
4,99,1.5665262937545776,1.7066807746887207,1.7540704011917114,2.1773557662963867,2.172917604446411,1.5654627084732056,1.5862153768539429,2.208674430847168,1.4795286655426025,1.9318809509277344,2.151540994644165,2.105412244796753,2.8265485763549805,2.675586700439453,2.085197687149048,2.0279455184936523,2.8711862564086914,1.6043134927749634,1.692834496498108,1.8709443807601929,1.8925946950912476,2.472702741622925,2.423272132873535,1.7787971496582031,1.774978756904602,2.542630195617676,1.5275177955627441,2.110658645629883,2.337249279022217,2.3001015186309814,3.1121416091918945,2.9708173274993896,2.324476718902588,2.27302885055542,3.2373006343841553,1.5410473346710205,1.0706695318222046,1.3397470712661743,1.5752228498458862,-0.564659595489502,-0.6714382767677307
4,99,1.7993667125701904,2.021868944168091,2.0268192291259766,2.9646778106689453,2.8367109298706055,2.0803897380828857,2.048877716064453,3.243147850036621,1.0873184204101562,1.8432620763778687,2.0784735679626465,2.0326600074768066,2.8577568531036377,2.6701912879943848,2.0322072505950928,1.9669057130813599,2.9416990280151367,1.5006262063980103,1.9224793910980225,2.157663345336914,2.1320412158966064,3.185408592224121,3.013861656188965,2.268873453140259,2.215014934539795,3.5232200622558594,0.8497518301010132,2.0134806632995605,2.2572054862976074,2.217165231704712,3.152461290359497,2.968688726425171,2.275453567504883,2.2128775119781494,3.327420234680176,1.3763774633407593,0.8541355729103088,1.4238934516906738,1.6334985494613647,-0.6332449316978455,-0.6080058217048645
4,99,1.8451366424560547,2.0343081951141357,2.0757319927215576,2.8845460414886475,2.948230266571045,2.108086109161377,2.1337037086486816,3.310227632522583,0.8486875295639038,1.8524856567382812,2.0483429431915283,1.998055338859558,2.456019639968872,2.391541004180908,1.8713879585266113,1.8351967334747314,2.3739571571350098,1.6987820863723755,1.9694147109985352,2.153985023498535,2.178893804550171,3.073411703109741,3.112812042236328,2.2853517532348633,2.2977495193481445,3.581629991531372,0.5253911018371582,1.952575922012329,2.166003942489624,2.1232261657714844,2.69815993309021,2.647001028060913,2.039262294769287,2.0086941719055176,2.709341526031494,1.6961493492126465,1.7851810455322266,1.626259207725525,1.5473796129226685,-0.456050843000412,-0.6091306805610657
4,99,1.3833928108215332,1.5694133043289185,1.6028228998184204,2.386662721633911,2.411134958267212,1.622867226600647,1.6397351026535034,2.8109633922576904,0.7354111075401306,1.699148416519165,1.917945146560669,1.8657134771347046,2.793242931365967,2.697920560836792,2.0011231899261475,1.955538034439087,3.1884217262268066,0.6866635084152222,1.356217622756958,1.5346988439559937,1.5518056154251099,2.4435923099517822,2.4435086250305176,1.6687387228012085,1.670994520187378,2.968083620071411,0.37540408968925476,1.7234066724777222,1.9213709831237793,1.8790961503982544,2.852999448776245,2.772329092025757,2.0661349296569824,2.0271048545837402,3.3460075855255127,0.35286372900009155,0.8639727830886841,1.4589637517929077,1.5302746295928955,-0.45873159170150757,-0.4423061013221741
4,99,1.1659049987792969,1.3513174057006836,1.3799693584442139,2.1606550216674805,2.068370819091797,1.3931689262390137,1.3813530206680298,2.4163143634796143,0.5893824696540833,1.3953510522842407,1.6207741498947144,1.5555739402770996,2.484147310256958,2.2775144577026367,1.6861146688461304,1.6039574146270752,2.7085275650024414,0.5197168588638306,1.0793651342391968,1.2645325660705566,1.2646125555038452,2.162846803665161,2.0319504737854004,1.3814975023269653,1.348400592803955,2.512824296951294,0.23085303604602814,1.3717708587646484,1.578930377960205,1.5156333446502686,2.49340558052063,2.2895827293395996,1.701891303062439,1.624176263809204,2.811192750930786,0.19439831376075745,0.7637792825698853,1.384574294090271,1.3955250978469849,-0.37652862071990967,-0.32491636276245117
4,99,1.478474736213684,1.6769260168075562,1.7054686546325684,2.5701675415039062,2.5626399517059326,1.7582719326019287,1.7611687183380127,2.9134528636932373,0.6078831553459167,1.591874361038208,1.8231128454208374,1.7793883085250854,2.7444794178009033,2.6417980194091797,1.9084597826004028,1.8586925268173218,3.0567514896392822,0.5706751942634583,1.4726359844207764,1.6614515781402588,1.670433521270752,2.6255388259887695,2.5932416915893555,1.811777114868164,1.8021196126937866,3.0683693885803223,0.21690420806407928,1.6226723194122314,1.8327150344848633,1.794344425201416,2.8047616481781006,2.711458206176758,1.9779936075210571,1.9349443912506104,3.216527223587036,0.21908038854599,0.6598527431488037,1.5241661071777344,1.4934368133544922,-0.4249297082424164,-0.4288482964038849
4,99,1.5459120273590088,1.7439831495285034,1.7625844478607178,2.6034679412841797,2.5668442249298096,1.8089338541030884,1.8021557331085205,2.8812544345855713,0.639460027217865,1.658913016319275,1.8857561349868774,1.8374029397964478,2.777108669281006,2.6473164558410645,1.9595178365707397,1.9040014743804932,3.0314748287200928,0.5749821066856384,1.5222028493881226,1.713297724723816,1.7143570184707642,2.6383092403411865,2.5771968364715576,1.8396224975585938,1.8204433917999268,3.0110061168670654,0.2688617408275604,1.6721434593200684,1.8802995681762695,1.8369709253311157,2.817763566970825,2.6964216232299805,2.008598566055298,1.9582778215408325,3.1694605350494385,0.23147378861904144,0.6527022123336792,1.5479713678359985,1.4953442811965942,-0.42878827452659607,-0.42325466871261597
4,99,1.3848594427108765,1.5875210762023926,1.6080231666564941,2.4158077239990234,2.3976175785064697,1.6287412643432617,1.6278280019760132,2.6803572177886963,0.6593524813652039,1.4927242994308472,1.7196455001831055,1.677526593208313,2.59089994430542,2.4862544536590576,1.7830862998962402,1.7344911098480225,2.852646589279175,0.5611481666564941,1.332033395767212,1.524734377861023,1.5301718711853027,2.432023286819458,2.3927547931671143,1.6414008140563965,1.6289633512496948,2.8103060722351074,0.26214098930358887,1.4903405904769897,1.6983325481414795,1.6612521409988403,2.6184160709381104,2.5224335193634033,1.8191908597946167,1.775791049003601,2.9778764247894287,0.23571020364761353,0.6196327805519104,1.5634958744049072,1.486933708190918,-0.35638782382011414,-0.3676051199436188
4,99,1.440841555595398,1.6383240222930908,1.6557494401931763,2.468580484390259,2.4102108478546143,1.68674635887146,1.6752662658691406,2.7094764709472656,0.6799309253692627,1.5179634094238281,1.7413671016693115,1.6917411088943481,2.6221883296966553,2.469743490219116,1.8155734539031982,1.75265371799469,2.863675355911255,0.5302767157554626,1.392549753189087,1.5826914310455322,1.5808130502700806,2.493692636489868,2.4071547985076904,1.7039899826049805,1.6783345937728882,2.84224271774292,0.269916832447052,1.5379337072372437,1.743087649345398,1.6944624185562134,2.669527530670166,2.519716501235962,1.8720589876174927,1.8121947050094604,3.002774477005005,0.2006198614835739,0.6606137156486511,1.536979079246521,1.4104827642440796,-0.3995557129383087,-0.40262505412101746
4,99,1.32939612865448,1.5255486965179443,1.5323618650436401,2.352242946624756,2.25199556350708,1.5760219097137451,1.551270842552185,2.542538642883301,0.5965073108673096,1.4709742069244385,1.6931971311569214,1.6343930959701538,2.5552945137023926,2.36356520652771,1.7593568563461304,1.684917688369751,2.7279160022735596,0.5136459469795227,1.2867262363433838,1.4762909412384033,1.4641777276992798,2.3716983795166016,2.2457475662231445,1.593462347984314,1.5559333562850952,2.6585140228271484,0.2328488528728485,1.464604139328003,1.6715267896652222,1.613492727279663,2.576258659362793,2.3880715370178223,1.7888174057006836,1.7177683115005493,2.8352413177490234,0.2108909785747528,0.6144132614135742,1.4709569215774536,1.3801116943359375,-0.3904925584793091,-0.37036359310150146
4,99,1.5792090892791748,1.790789008140564,1.8122224807739258,2.744598865509033,2.722804307937622,1.8834376335144043,1.8815745115280151,3.1169636249542236,0.6264559030532837,1.5540028810501099,1.7939318418502808,1.7521785497665405,2.772351026535034,2.6697089672088623,1.8921136856079102,1.843263030052185,3.126969575881958,0.5390036106109619,1.6056864261627197,1.8060224056243896,1.8102755546569824,2.828434467315674,2.7836780548095703,1.967239499092102,1.9530448913574219,3.2995054721832275,0.2179027646780014,1.6240156888961792,1.8436462879180908,1.8071484565734863,2.870222568511963,2.7742576599121094,1.9987401962280273,1.9551821947097778,3.314624309539795,0.21630020439624786,0.6052586436271667,1.4827476739883423,1.4747198820114136,-0.5137475728988647,-0.4545738995075226
4,99,1.3906291723251343,1.5955582857131958,1.6138014793395996,2.4444360733032227,2.3931186199188232,1.6406245231628418,1.628392219543457,2.6839945316314697,0.6717016696929932,1.440869688987732,1.672625184059143,1.625748634338379,2.5598256587982178,2.4183425903320312,1.7335669994354248,1.671567440032959,2.788508415222168,0.5643381476402283,1.3309708833694458,1.5285451412200928,1.5291506052017212,2.4584460258483887,2.3814077377319336,1.6467503309249878,1.6226931810379028,2.8103296756744385,0.2716137766838074,1.4321229457855225,1.6484601497650146,1.6013120412826538,2.586862564086914,2.4462640285491943,1.7652901411056519,1.7061271667480469,2.9105329513549805,0.248810276389122,0.6113775372505188,1.5904927253723145,1.4811664819717407,-0.3613654673099518,-0.35174018144607544
4,99,1.3356428146362305,1.530686616897583,1.5485057830810547,2.3451974391937256,2.2971701622009277,1.5741990804672241,1.565315842628479,2.5717594623565674,0.6474949717521667,1.376722812652588,1.6010253429412842,1.5511126518249512,2.463735818862915,2.3210220336914062,1.6661911010742188,1.6048511266708374,2.6884238719940186,0.51827073097229,1.2796854972839355,1.4696046113967896,1.469960331916809,2.3646092414855957,2.2903225421905518,1.5832732915878296,1.5615557432174683,2.694882392883301,0.2714763581752777,1.3728045225143433,1.5786588191986084,1.5325361490249634,2.4914984703063965,2.354924440383911,1.7014687061309814,1.6455615758895874,2.812471389770508,0.19484877586364746,0.6397082805633545,1.4846611022949219,1.3790655136108398,-0.3950549364089966,-0.378950297832489
4,99,1.3384793996810913,1.5334645509719849,1.5428491830825806,2.3334968090057373,2.2537524700164795,1.5730282068252563,1.5532886981964111,2.533107042312622,0.6651439666748047,1.4292120933532715,1.6472468376159668,1.590057134628296,2.5016660690307617,2.324350595474243,1.7175648212432861,1.6462732553482056,2.7054080963134766,0.49575987458229065,1.25804603099823,1.446846842765808,1.437910795211792,2.329345464706421,2.2214581966400146,1.5589287281036377,1.525762915611267,2.6370699405670166,0.2653157711029053,1.4177900552749634,1.6191834211349487,1.5629010200500488,2.516979217529297,2.342580795288086,1.741134524345398,1.6731135845184326,2.8094334602355957,0.18537653982639313,0.6587469577789307,1.4866214990615845,1.3819420337677002,-0.386617511510849,-0.35159245133399963
4,99,1.2096446752548218,1.4104586839675903,1.4042043685913086,2.2541964054107666,2.0930042266845703,1.4676507711410522,1.4233585596084595,2.437800645828247,0.5778380632400513,1.4008458852767944,1.6228082180023193,1.5533288717269897,2.507326364517212,2.257676601409912,1.702744960784912,1.612400770187378,2.6815199851989746,0.4794604778289795,1.1660274267196655,1.3599388599395752,1.335087537765503,2.276026487350464,2.088010787963867,1.484264850616455,1.4279996156692505,2.5573556423187256,0.225483700633049,1.4139124155044556,1.6198216676712036,1.5502936840057373,2.5479986667633057,2.2994699478149414,1.7507340908050537,1.6634562015533447,2.809570074081421,0.17342112958431244,0.6145735383033752,1.4348273277282715,1.3637967109680176,-0.3738873600959778,-0.34692710638046265
4,99,1.2862123250961304,1.4903850555419922,1.4887950420379639,2.3252854347229004,2.187577724456787,1.5375714302062988,1.5016344785690308,2.4940590858459473,0.6106809973716736,1.3599071502685547,1.5859122276306152,1.519377589225769,2.460570812225342,2.235597610473633,1.6560444831848145,1.5709460973739624,2.6256139278411865,0.4778975546360016,1.228577733039856,1.4263298511505127,1.4057393074035645,2.335545778274536,2.1701602935791016,1.5410414934158325,1.4915176630020142,2.6019890308380127,0.2423628866672516,1.3647902011871338,1.5752403736114502,1.5080726146697998,2.493919610977173,2.26853346824646,1.6960563659667969,1.6130332946777344,2.742521286010742,0.18317995965480804,0.5930214524269104,1.4287737607955933,1.311885118484497,-0.40851345658302307,-0.37119895219802856
4,99,1.3705025911331177,1.563702940940857,1.582829236984253,2.385808229446411,2.31850528717041,1.6162017583847046,1.6028400659561157,2.6150224208831787,0.6238445043563843,1.4645397663116455,1.6889394521713257,1.6298877000808716,2.556227922439575,2.3852832317352295,1.7618615627288818,1.6905423402786255,2.775885820388794,0.5023792386054993,1.3138012886047363,1.5002375841140747,1.5001918077468872,2.3967316150665283,2.302009344100952,1.6193372011184692,1.5922664403915405,2.7248592376708984,0.25701746344566345,1.4524019956588745,1.6564918756484985,1.6019246578216553,2.569831132888794,2.405717134475708,1.7844698429107666,1.7189366817474365,2.8847029209136963,0.1764303296804428,0.7044621109962463,1.5037027597427368,1.3936513662338257,-0.37582463026046753,-0.36776959896087646
4,99,1.4876453876495361,1.6829288005828857,1.733001708984375,2.497187376022339,2.5765345096588135,1.711695909500122,1.746485948562622,2.879210948944092,0.8154880404472351,1.3213671445846558,1.5566251277923584,1.515968918800354,2.4308838844299316,2.398956060409546,1.6167374849319458,1.5834920406341553,2.825515031814575,0.5551599860191345,1.378865122795105,1.5643075704574585,1.6030142307281494,2.474088668823242,2.5360147953033447,1.6779500246047974,1.7007092237472534,2.9739599227905273,0.3989444673061371,1.26838219165802,1.4745908975601196,1.4462409019470215,2.418560028076172,2.402496099472046,1.616857886314392,1.5917500257492065,2.9329757690429688,0.1858094036579132,0.7423514723777771,1.589795470237732,1.510905146598816,-0.39647120237350464,-0.3507686257362366
4,99,2.1985788345336914,2.4677646160125732,2.4738101959228516,3.583984136581421,3.517213821411133,2.554682731628418,2.534128189086914,3.8079476356506348,1.0318248271942139,2.053842544555664,2.3320086002349854,2.283557415008545,3.5318548679351807,3.3933990001678467,2.485931873321533,2.426082134246826,3.8524701595306396,0.4355679750442505,2.2657856941223145,2.5327773094177246,2.529254198074341,3.7067222595214844,3.6256959438323975,2.6651010513305664,2.637728214263916,3.9982340335845947,0.7358416318893433,2.1976547241210938,2.4562788009643555,2.414719343185425,3.6899383068084717,3.558717966079712,2.655346632003784,2.6020419597625732,4.084256649017334,0.12085078656673431,0.8137034773826599,1.7185287475585938,1.3457547426223755,-0.6432051062583923,-0.6578702330589294
4,99,2.4511735439300537,2.4204626083374023,2.513857364654541,2.069932460784912,2.230073928833008,2.1399970054626465,2.2159409523010254,1.579372763633728,1.8791546821594238,2.047924518585205,2.2650468349456787,2.204026699066162,3.292654037475586,3.076906442642212,2.429677724838257,2.3586623668670654,3.6955506801605225,0.35513776540756226,2.4890809059143066,2.488281011581421,2.576791763305664,2.27052640914917,2.3987185955047607,2.2197582721710205,2.2873265743255615,1.8240677118301392,2.084743022918701,2.2101404666900635,2.412349224090576,2.3595590591430664,3.4619011878967285,3.256657123565674,2.6096019744873047,2.545060157775879,3.920907974243164,0.09433232992887497,3.8385398387908936,1.4129259586334229,1.1234450340270996,-0.4098435342311859,-0.6939834952354431
4,99,2.758000373840332,2.7340805530548096,2.8120524883270264,2.358065128326416,2.481252908706665,2.431785821914673,2.498786449432373,1.7462213039398193,2.1991400718688965,1.5292391777038574,1.756603479385376,1.6921340227127075,2.801269292831421,2.597102403640747,1.9097760915756226,1.839812159538269,3.3021254539489746,0.3665662109851837,2.8956549167633057,2.9068026542663574,2.9772636890411377,2.677701711654663,2.766378879547119,2.617720127105713,2.674631357192993,2.1198127269744873,2.5383989810943604,1.6370272636413574,1.8450431823730469,1.79313325881958,2.926170825958252,2.7375869750976562,2.0467214584350586,1.985485315322876,3.5015158653259277,0.084782674908638,3.62168025970459,1.5042662620544434,1.1632224321365356,-0.4413967430591583,-0.6235315799713135
4,99,2.603044033050537,2.6081364154815674,2.679906129837036,2.3341305255889893,2.4302210807800293,2.3113017082214355,2.369795560836792,1.7563567161560059,2.193821907043457,1.490552306175232,1.7127172946929932,1.6422195434570312,2.729576587677002,2.511303186416626,1.8606570959091187,1.7851462364196777,3.1902642250061035,0.3104572594165802,2.7992141246795654,2.8361856937408447,2.8996942043304443,2.6854865550994873,2.750648260116577,2.5529181957244873,2.6005539894104004,2.144476890563965,2.539005756378174,1.5415970087051392,1.7435165643692017,1.6895378828048706,2.794478178024292,2.5965428352355957,1.9375540018081665,1.8740673065185547,3.326791763305664,0.054420240223407745,3.3999340534210205,1.4761227369308472,1.142154335975647,-0.5651253461837769,-0.5319088101387024
4,99,2.672093629837036,2.656466245651245,2.7411563396453857,2.3269407749176025,2.448397636413574,2.364468574523926,2.4307525157928467,1.7303026914596558,2.1862900257110596,1.3688374757766724,1.5902316570281982,1.5220146179199219,2.6114892959594727,2.398026943206787,1.7410179376602173,1.6675386428833008,3.105785846710205,0.2891083359718323,2.853234052658081,2.8689680099487305,2.9468817710876465,2.666367530822754,2.757235288619995,2.589433193206787,2.646115779876709,2.111044406890869,2.53303861618042,1.4064451456069946,1.6062662601470947,1.5545789003372192,2.6636106967926025,2.4700872898101807,1.806384563446045,1.7447930574417114,3.2322752475738525,0.029077965766191483,3.426445484161377,1.4549003839492798,1.14071786403656,-0.5334224104881287,-0.516148567199707
4,99,2.7631750106811523,2.7445409297943115,2.834545612335205,2.4073894023895264,2.539583444595337,2.450901746749878,2.5242621898651123,1.8114333152770996,2.255948305130005,1.406432032585144,1.6355161666870117,1.5613224506378174,2.6621546745300293,2.433929204940796,1.777580976486206,1.6978176832199097,3.152721405029297,0.3270759582519531,2.882000684738159,2.893956422805786,2.9759018421173096,2.6799609661102295,2.7782511711120605,2.610394239425659,2.673330783843994,2.12557053565979,2.5444653034210205,1.4455366134643555,1.6560168266296387,1.5969221591949463,2.721463918685913,2.5113365650177,1.845826268196106,1.7770335674285889,3.2824389934539795,0.08187427371740341,3.5162272453308105,1.551747441291809,1.1304177045822144,-0.47514232993125916,-0.5435077548027039
4,99,2.6285717487335205,2.6230204105377197,2.706648111343384,2.3514244556427,2.4700984954833984,2.344552516937256,2.4061777591705322,1.8100664615631104,2.226860523223877,1.523015022277832,1.746340274810791,1.6736944913864136,2.7650673389434814,2.5256736278533936,1.8887441158294678,1.8064550161361694,3.2166943550109863,0.2817954421043396,2.876638889312744,2.9040346145629883,2.9798855781555176,2.756896495819092,2.8431949615478516,2.6388566493988037,2.6889634132385254,2.2456071376800537,2.6257855892181396,1.5799468755722046,1.7885665893554688,1.728968620300293,2.838559865951538,2.6155221462249756,1.9688901901245117,1.8966797590255737,3.3502211570739746,0.07006770372390747,3.470625162124634,1.5136919021606445,1.1107177734375,-0.5162118077278137,-0.5496600866317749
4,99,2.567047119140625,2.5454628467559814,2.6389660835266113,2.2573444843292236,2.392329692840576,2.2816379070281982,2.3532135486602783,1.7640541791915894,2.121185779571533,1.2616138458251953,1.4844096899032593,1.396080493927002,2.500356912612915,2.1812376976013184,1.623061180114746,1.516932487487793,2.9355175495147705,0.22599738836288452,2.689232349395752,2.697282552719116,2.7828762531280518,2.5292811393737793,2.62458872795105,2.444094657897949,2.5027778148651123,2.0690858364105225,2.393946409225464,1.2729511260986328,1.4825297594070435,1.4068729877471924,2.534031867980957,2.2314260005950928,1.6617844104766846,1.5666815042495728,3.0297749042510986,0.027976714074611664,3.2805123329162598,1.485186219215393,1.004907488822937,-0.45742878317832947,-0.4983755350112915
4,99,2.631631851196289,2.61260986328125,2.7056076526641846,2.313734531402588,2.4445037841796875,2.3377482891082764,2.4083876609802246,1.792829990386963,2.196291446685791,1.23499596118927,1.4589885473251343,1.3739306926727295,2.4827489852905273,2.189570665359497,1.6000500917434692,1.5002577304840088,2.960761070251465,0.24445432424545288,2.756122589111328,2.768291473388672,2.8530726432800293,2.597851276397705,2.6887850761413574,2.5054287910461426,2.5632450580596924,2.1179635524749756,2.482046365737915,1.2445015907287598,1.4549013376235962,1.386876106262207,2.519705057144165,2.2467703819274902,1.6391338109970093,1.5524893999099731,3.059528112411499,0.05715540423989296,3.2952136993408203,1.5126479864120483,0.9583126306533813,-0.47327399253845215,-0.5365973711013794
4,99,2.7225639820098877,2.7191927433013916,2.8067147731781006,2.449150323867798,2.575061798095703,2.440901756286621,2.5120744705200195,1.9216333627700806,2.2977142333984375,1.094469428062439,1.3193190097808838,1.2371240854263306,2.3387632369995117,2.082501173019409,1.4644330739974976,1.375927448272705,2.8445448875427246,0.20705021917819977,2.890322208404541,2.9164819717407227,2.994799852371216,2.7585017681121826,2.849649429321289,2.6487011909484863,2.7082784175872803,2.2585089206695557,2.6115565299987793,1.0662866830825806,1.2718170881271362,1.212427020072937,2.330811023712158,2.0991103649139404,1.4632673263549805,1.3893662691116333,2.900038719177246,0.02935694344341755,3.269824504852295,1.5318723917007446,0.9796223640441895,-0.587107241153717,-0.44466596841812134
4,99,2.6217539310455322,2.629101037979126,2.702021360397339,2.3768608570098877,2.4848155975341797,2.3606457710266113,2.4234797954559326,1.8617507219314575,2.230454206466675,1.1158009767532349,1.3369866609573364,1.259045124053955,2.343569040298462,2.087357997894287,1.4791758060455322,1.3919211626052856,2.8271219730377197,0.17224842309951782,2.7694106101989746,2.805784225463867,2.8701913356781006,2.6636343002319336,2.738947629928589,2.547832727432251,2.599435329437256,2.180265426635742,2.51273775100708,1.0954914093017578,1.2988104820251465,1.2431743144989014,2.338351011276245,2.1051626205444336,1.4799563884735107,1.4073255062103271,2.8769702911376953,0.009892863221466541,3.2033815383911133,1.5317397117614746,0.9643614888191223,-0.5934542417526245,-0.4209935963153839
4,99,2.576923370361328,2.569981336593628,2.654409885406494,2.3245134353637695,2.4372622966766357,2.311534881591797,2.3799805641174316,1.8078389167785645,2.20596981048584,1.1560745239257812,1.376490831375122,1.284842848777771,2.375422954559326,2.052729845046997,1.5137170553207397,1.4072365760803223,2.7951629161834717,0.16334368288516998,2.733781576156616,2.7561850547790527,2.831127166748047,2.621917486190796,2.6955180168151855,2.5079431533813477,2.56295108795166,2.1311821937561035,2.4990837574005127,1.129336953163147,1.3357118368148804,1.2615063190460205,2.368776798248291,2.06657075881958,1.5110269784927368,1.4170109033584595,2.8445801734924316,0.0005023482954129577,3.2027828693389893,1.3945375680923462,0.932905912399292,-0.6449746489524841,-0.4036356508731842
4,99,2.4748775959014893,2.487825870513916,2.5686490535736084,2.321669101715088,2.4148592948913574,2.228562831878662,2.292419910430908,1.855051875114441,2.167279005050659,1.2295200824737549,1.4557905197143555,1.3561311960220337,2.4892730712890625,2.1602132320404053,1.6046932935714722,1.4951690435409546,2.9328575134277344,0.141945019364357,2.6160500049591064,2.6595699787139893,2.730473041534424,2.6104238033294678,2.6653215885162354,2.414781332015991,2.4647700786590576,2.175041913986206,2.4245643615722656,1.2120792865753174,1.4256150722503662,1.3443593978881836,2.4924333095550537,2.184190034866333,1.6084396839141846,1.5112062692642212,2.9856386184692383,0.002116282470524311,3.1354970932006836,1.508233904838562,0.9176795482635498,-0.5926221013069153,-0.48062336444854736
4,99,2.4819352626800537,2.5067636966705322,2.5800952911376953,2.3469600677490234,2.4435153007507324,2.244846820831299,2.305927276611328,1.8597134351730347,2.1760671138763428,1.3879393339157104,1.609908103942871,1.517968773841858,2.634322166442871,2.3208487033843994,1.761012315750122,1.6582621335983276,3.066303014755249,0.13092093169689178,2.623830795288086,2.6786231994628906,2.7425992488861084,2.631683588027954,2.692167282104492,2.4305005073547363,2.4786226749420166,2.173816680908203,2.42942214012146,1.373215913772583,1.5836026668548584,1.5101042985916138,2.6361794471740723,2.3443901538848877,1.7625513076782227,1.671668529510498,3.1128225326538086,0.010836727917194366,3.258855104446411,1.5384598970413208,0.9017202258110046,-0.6098116636276245,-0.525917649269104
4,99,2.470059871673584,2.4843485355377197,2.563063859939575,2.3227643966674805,2.412014961242676,2.229949474334717,2.2909746170043945,1.864030361175537,2.1690657138824463,1.226712703704834,1.4506505727767944,1.3534060716629028,2.470743179321289,2.156154155731201,1.598265528678894,1.4932523965835571,2.925924777984619,0.15952375531196594,2.6109392642974854,2.655721664428711,2.724375009536743,2.6115288734436035,2.6630971431732178,2.4164228439331055,2.463794231414795,2.1857571601867676,2.425966739654541,1.2093656063079834,1.4198672771453857,1.3425158262252808,2.475087881088257,2.182302713394165,1.6026694774627686,1.5103745460510254,2.9813742637634277,0.01697435975074768,3.1094319820404053,1.5094879865646362,0.90821772813797,-0.5911808609962463,-0.5007505416870117
4,99,2.584372043609619,2.5718021392822266,2.646836757659912,2.261198043823242,2.3821628093719482,2.310755491256714,2.378478765487671,1.708040714263916,2.137105941772461,1.2067207098007202,1.4286595582962036,1.3341715335845947,2.4259021282196045,2.097907781600952,1.5629454851150513,1.4550580978393555,2.8386542797088623,0.1635819971561432,2.7126963138580322,2.730642557144165,2.796394109725952,2.5371506214141846,2.6170129776000977,2.4783616065979004,2.5327858924865723,2.0137815475463867,2.4194209575653076,1.1998049020767212,1.410672903060913,1.3339000940322876,2.4418630599975586,2.134298324584961,1.577915072441101,1.4825516939163208,2.904364585876465,0.020083604380488396,3.2988011837005615,1.4595823287963867,0.9045427441596985,-0.500527560710907,-0.4667139947414398
4,99,2.6203248500823975,2.6311378479003906,2.7022857666015625,2.398327350616455,2.498586654663086,2.363588809967041,2.4205079078674316,1.859270691871643,2.2560548782348633,1.2288073301315308,1.4579826593399048,1.374865174293518,2.481576919555664,2.222918748855591,1.6007136106491089,1.514161467552185,2.958432674407959,0.1680644154548645,2.781911611557007,2.8246188163757324,2.885952949523926,2.7099320888519287,2.7755417823791504,2.568979263305664,2.613816261291504,2.204749345779419,2.5532658100128174,1.2343337535858154,1.4473605155944824,1.386676549911499,2.500002861022949,2.2644565105438232,1.6226102113723755,1.549615740776062,3.0242843627929688,0.03210507333278656,3.2707602977752686,1.480830192565918,0.9154781699180603,-0.6445206999778748,-0.5236449241638184
5,99,2.44693922996521,2.517263412475586,2.5657570362091064,2.510826587677002,2.5752248764038086,2.251136064529419,2.2846431732177734,2.0765957832336426,2.2977921962738037,2.492708206176758,2.616480588912964,2.5579726696014404,2.6677494049072266,2.530747652053833,2.3447766304016113,2.294471025466919,2.145390748977661,2.3436341285705566,2.6682937145233154,2.780200958251953,2.8140690326690674,2.944422483444214,2.9712917804718018,2.5504050254821777,2.568720817565918,2.5814130306243896,2.5871102809906006,2.7362143993377686,2.89422607421875,2.839693784713745,3.1119773387908936,2.9810850620269775,2.6620895862579346,2.6127493381500244,2.6854825019836426,2.651726245880127,1.4475641250610352,1.558712124824524,1.5718904733657837,-0.5548325181007385,-0.7438211441040039
5,99,2.292541265487671,2.385331153869629,2.426042079925537,2.5229008197784424,2.560859441757202,2.145099401473999,2.1719248294830322,2.156404972076416,2.1829917430877686,2.6017684936523438,2.7995262145996094,2.73307728767395,3.2646875381469727,3.109204053878784,2.6435327529907227,2.5797011852264404,2.9922196865081787,2.4099347591400146,2.581629991531372,2.7145912647247314,2.7417078018188477,3.008918523788452,3.0152769088745117,2.5170140266418457,2.5289652347564697,2.695507526397705,2.480476140975952,3.0048646926879883,3.218416213989258,3.1572699546813965,3.779820680618286,3.630423069000244,3.1013922691345215,3.040940761566162,3.559161424636841,2.646268844604492,1.6254470348358154,1.4830292463302612,1.7210866212844849,-0.7513290643692017,-0.8665441274642944
5,99,1.8008570671081543,2.03317928314209,2.01872181892395,2.9803593158721924,2.8312394618988037,2.078195095062256,2.0391952991485596,3.196765661239624,0.8905768394470215,2.8433444499969482,2.9367029666900635,2.898527145385742,2.8509790897369385,2.743929862976074,2.6213266849517822,2.5878639221191406,2.0968124866485596,2.621642589569092,1.900826096534729,2.130854368209839,2.1007306575775146,3.1589226722717285,2.985309600830078,2.246669292449951,2.1965768337249756,3.482977867126465,0.5112330913543701,3.0614981651306152,3.1866366863250732,3.1469674110412598,3.231217384338379,3.1167352199554443,2.891108512878418,2.8532907962799072,2.5362164974212646,2.9471867084503174,3.094597339630127,1.7880460023880005,1.7527793645858765,-0.4373759627342224,-0.726863443851471
5,99,1.1014882326126099,1.2919632196426392,1.324122667312622,2.0860466957092285,2.0330986976623535,1.2653690576553345,1.268778920173645,2.3711209297180176,0.8266734480857849,2.7172372341156006,2.825101852416992,2.7843964099884033,2.7968058586120605,2.6937289237976074,2.524075508117676,2.4865119457244873,2.1624300479888916,2.5310211181640625,1.1662936210632324,1.3673993349075317,1.38753080368042,2.299579381942749,2.2250497341156006,1.4463709592819214,1.4376802444458008,2.7027628421783447,0.5451009273529053,2.92470645904541,3.0620930194854736,3.0222327709198,3.1671717166900635,3.063537836074829,2.7874045372009277,2.748403310775757,2.6063754558563232,2.819550037384033,2.3844153881073,1.6508278846740723,1.7223691940307617,-0.24721919000148773,-0.7369435429573059
5,99,1.4433236122131348,1.6059927940368652,1.6166763305664062,2.159376382827759,2.0141303539276123,1.4564088582992554,1.4464031457901,2.061908721923828,1.3527662754058838,2.539121150970459,2.6704611778259277,2.615626811981201,2.8141732215881348,2.6324963569641113,2.4147603511810303,2.3707218170166016,2.2360334396362305,2.438915729522705,1.4568631649017334,1.6533392667770386,1.6462074518203735,2.35986328125,2.176995277404785,1.571956753730774,1.5401817560195923,2.3553152084350586,1.2283726930618286,2.807612657546997,2.966909646987915,2.9106805324554443,3.2306630611419678,3.040048360824585,2.740342378616333,2.6909685134887695,2.7064120769500732,2.7276346683502197,1.587390661239624,1.6546043157577515,1.5905351638793945,-0.40439778566360474,-0.8689255714416504
5,99,1.2779425382614136,1.5124305486679077,1.473818302154541,2.392253875732422,2.190931797027588,1.5273853540420532,1.4708958864212036,2.553079128265381,0.793842613697052,2.301676034927368,2.4859232902526855,2.417694330215454,2.863862991333008,2.6577553749084473,2.279759645462036,2.2201457023620605,2.472069501876831,2.2009830474853516,1.375531554222107,1.6088584661483765,1.5605857372283936,2.5864953994750977,2.3683369159698486,1.7072014808654785,1.6412527561187744,2.8563430309295654,0.48298773169517517,2.544394016265869,2.7464799880981445,2.681682586669922,3.21362566947937,3.0104570388793945,2.5708541870117188,2.511415719985962,2.8663344383239746,2.3761560916900635,1.6567926406860352,1.6240776777267456,1.6015937328338623,-0.365471214056015,-0.854279100894928
5,99,1.3012704849243164,1.5356894731521606,1.475705623626709,2.4644389152526855,2.140699625015259,1.5852769613265991,1.4928460121154785,2.5754005908966064,0.6854453086853027,2.3890089988708496,2.521533966064453,2.476706027984619,2.7177319526672363,2.5199060440063477,2.2853763103485107,2.243598222732544,2.1640591621398926,2.3061673641204834,1.4586272239685059,1.6904544830322266,1.6266412734985352,2.6673755645751953,2.336416006088257,1.782659649848938,1.6868783235549927,2.8313024044036865,0.5388814806938171,2.6444807052612305,2.7995712757110596,2.752695322036743,3.08730149269104,2.8799264430999756,2.5868263244628906,2.5389413833618164,2.5676112174987793,2.570054292678833,2.120826482772827,1.5774091482162476,1.5694926977157593,-0.405264288187027,-0.8766775131225586
5,99,1.2621036767959595,1.3387190103530884,1.3787559270858765,1.6434171199798584,1.4935719966888428,1.1636602878570557,1.177641749382019,1.387771725654602,1.2230743169784546,2.048628568649292,2.157769203186035,2.1267495155334473,2.3631248474121094,2.157632827758789,1.9681055545806885,1.928810954093933,1.8833616971969604,1.9793444871902466,1.2569828033447266,1.3761711120605469,1.3944123983383179,1.8381766080856323,1.6279312372207642,1.247586727142334,1.2298145294189453,1.6454675197601318,1.2017890214920044,2.2929303646087646,2.4298548698425293,2.390989303588867,2.742196559906006,2.5107293128967285,2.2672154903411865,2.2143383026123047,2.3006534576416016,2.2182369232177734,1.11964750289917,1.312762975692749,1.3005281686782837,-0.39714640378952026,-0.9024595022201538
5,99,1.6396337747573853,1.882485270500183,1.8245247602462769,2.885075092315674,2.584723472595215,1.9675164222717285,1.8799725770950317,3.0523250102996826,0.7222282290458679,2.560434579849243,2.6612281799316406,2.626077651977539,2.6740403175354004,2.526210069656372,2.383624315261841,2.355012893676758,2.0241098403930664,2.401991367340088,1.8297460079193115,2.0677967071533203,2.003385305404663,3.1168432235717773,2.8056507110595703,2.195335626602173,2.1031088829040527,3.3426175117492676,0.5209220051765442,2.78096342086792,2.912691354751587,2.8735625743865967,3.0509636402130127,2.886331796646118,2.659712076187134,2.62239408493042,2.4484620094299316,2.701509475708008,2.759350061416626,1.6026891469955444,1.5835503339767456,-0.5124577283859253,-0.858069121837616
5,99,1.3586740493774414,1.5905687808990479,1.5394973754882812,2.4435813426971436,2.158200263977051,1.5980381965637207,1.5182924270629883,2.495102882385254,0.8678403496742249,2.4062540531158447,2.5602052211761475,2.505171775817871,2.8178176879882812,2.604499578475952,2.341189384460449,2.2873916625976562,2.3024868965148926,2.3264384269714355,1.5245919227600098,1.7561551332473755,1.7050844430923462,2.661790132522583,2.374115467071533,1.8043785095214844,1.7237107753753662,2.7629342079162598,0.7669280767440796,2.700385808944702,2.875308036804199,2.8194522857666016,3.220839738845825,3.0015926361083984,2.6814794540405273,2.623253107070923,2.7396647930145264,2.595216989517212,1.8489733934402466,1.6536022424697876,1.5642471313476562,-0.3829458951950073,-0.9004213809967041
5,99,1.3789310455322266,1.6140694618225098,1.5503743886947632,2.5575196743011475,2.229567766189575,1.681926965713501,1.584598422050476,2.6923303604125977,0.616757869720459,2.543428897857666,2.63979434967041,2.622215986251831,2.641070604324341,2.5169599056243896,2.3628077507019043,2.3434598445892334,1.9738214015960693,2.4133620262145996,1.5054271221160889,1.734841227531433,1.6592400074005127,2.7331836223602295,2.387925624847412,1.8563398122787476,1.7516124248504639,2.9415154457092285,0.363172322511673,2.7704429626464844,2.891464948654175,2.8715603351593018,2.9922616481781006,2.854580879211426,2.63344407081604,2.6071856021881104,2.362725257873535,2.707977771759033,2.5948338508605957,1.5989251136779785,1.6175084114074707,-0.38891392946243286,-0.8621577620506287
5,99,1.4370757341384888,1.6760506629943848,1.616150140762329,2.639761447906494,2.342965841293335,1.7473158836364746,1.658908486366272,2.815769672393799,0.6847658157348633,2.530952215194702,2.6374552249908447,2.6060779094696045,2.67508602142334,2.5305092334747314,2.3680765628814697,2.3393940925598145,2.0595476627349854,2.4014058113098145,1.5797772407531738,1.8128310441970825,1.7457726001739502,2.8348748683929443,2.5259954929351807,1.9376505613327026,1.8442621231079102,3.084493637084961,0.43984442949295044,2.757537364959717,2.892090320587158,2.857438564300537,3.045555353164673,2.8868582248687744,2.6469058990478516,2.6106677055358887,2.476253032684326,2.68987774848938,2.5328547954559326,1.5937570333480835,1.5971052646636963,-0.4372214078903198,-0.8420292139053345
5,99,1.722538709640503,1.9737921953201294,1.913676142692566,2.939923048019409,2.658313751220703,2.024423360824585,1.9386990070343018,3.027127981185913,0.8655487895011902,2.6529159545898438,2.7897980213165283,2.749058485031128,2.942229747772217,2.774477243423462,2.528913736343384,2.487015724182129,2.315074920654297,2.5728232860565186,1.8225715160369873,2.072122573852539,1.9973264932632446,3.109117269515991,2.8027563095092773,2.182072162628174,2.0856924057006836,3.2856528759002686,0.5417183041572571,2.963070869445801,3.125171422958374,3.08402419090271,3.3815014362335205,3.2087018489837646,2.890192985534668,2.8440566062927246,2.794543981552124,2.900705337524414,2.457592725753784,1.7392349243164062,1.690410852432251,-0.4559288024902344,-0.8977108001708984
5,99,1.7681310176849365,2.0015437602996826,1.9727004766464233,2.8821239471435547,2.675138473510742,2.0103888511657715,1.950400948524475,2.9007229804992676,1.109586477279663,2.093837022781372,2.321383476257324,2.2664570808410645,3.030707359313965,2.802173137664795,2.2375738620758057,2.1637661457061768,2.8365859985351562,1.7010364532470703,2.0046658515930176,2.23917555809021,2.2094526290893555,3.1499931812286377,2.941169261932373,2.2702887058258057,2.209343671798706,3.188624143600464,1.1152234077453613,2.2617156505584717,2.4961485862731934,2.4475836753845215,3.2718558311462402,3.048851490020752,2.4459128379821777,2.375171661376953,3.1289029121398926,1.6865980625152588,0.7764272689819336,1.7183786630630493,1.5886229276657104,-0.5307727456092834,-0.7805383801460266
5,99,2.0663950443267822,2.15232253074646,2.2138912677764893,2.356517791748047,2.387223482131958,1.9306129217147827,1.9714103937149048,2.0792322158813477,1.9836243391036987,2.395426034927368,2.5862090587615967,2.5427627563476562,3.105316638946533,2.9326961040496826,2.445650100708008,2.3892734050750732,2.889568567276001,2.184352397918701,2.2301230430603027,2.3568849563598633,2.4030420780181885,2.7274155616760254,2.7147507667541504,2.1816840171813965,2.2024059295654297,2.5164830684661865,2.128488302230835,2.6942896842956543,2.9008145332336426,2.860647678375244,3.518341302871704,3.3454902172088623,2.801081418991089,2.7448198795318604,3.3633975982666016,2.307924509048462,1.4446886777877808,1.6226613521575928,1.6613014936447144,-0.5355225205421448,-0.8231041431427002
5,99,2.1913442611694336,2.211280584335327,2.286665678024292,2.0957283973693848,2.1975791454315186,1.9464925527572632,2.0066897869110107,1.6327018737792969,1.9855875968933105,2.2859063148498535,2.448366641998291,2.4034574031829834,2.834336519241333,2.6496927738189697,2.2782135009765625,2.217932939529419,2.536651134490967,2.1313111782073975,2.2903547286987305,2.3545119762420654,2.415132761001587,2.421891927719116,2.466803550720215,2.118694305419922,2.1582155227661133,2.028151035308838,2.2042791843414307,2.5429415702819824,2.7235264778137207,2.6837596893310547,3.2108078002929688,3.0293045043945312,2.589073657989502,2.5305488109588623,2.9748847484588623,2.296931743621826,1.746813416481018,1.4805673360824585,1.570743441581726,-0.34057098627090454,-0.7925218939781189
5,99,1.5115748643875122,1.756144642829895,1.7001763582229614,2.7269558906555176,2.390989303588867,1.8045119047164917,1.7018508911132812,2.834479331970215,0.8612189888954163,2.5956950187683105,2.6981794834136963,2.6957221031188965,2.7665562629699707,2.653841018676758,2.42795991897583,2.405043840408325,2.1259753704071045,2.4528517723083496,1.5735282897949219,1.8231738805770874,1.7404381036758423,2.8725085258483887,2.4943971633911133,1.9323877096176147,1.8120498657226562,3.0645391941070557,0.5521295070648193,2.8155691623687744,2.944467306137085,2.939570426940918,3.124375104904175,2.9962940216064453,2.699049234390259,2.6682398319244385,2.529740333557129,2.7348971366882324,2.402449369430542,1.7763473987579346,1.6889026165008545,-0.35059654712677,-0.8228564262390137
5,99,1.5276812314987183,1.7695121765136719,1.7114626169204712,2.7612102031707764,2.445943593978882,1.8493242263793945,1.7499793767929077,2.9115889072418213,0.7458556890487671,2.678921699523926,2.7767176628112793,2.77840256690979,2.7961676120758057,2.706735134124756,2.500150203704834,2.4820873737335205,2.1370811462402344,2.5336833000183105,1.642202615737915,1.8832318782806396,1.8063994646072388,2.932478427886963,2.588395357131958,2.0123162269592285,1.9014718532562256,3.1499621868133545,0.4946557879447937,2.9026026725769043,3.026604413986206,3.026042938232422,3.160858392715454,3.056352138519287,2.77567982673645,2.750236749649048,2.550302505493164,2.8263838291168213,2.6395668983459473,1.7431724071502686,1.6766098737716675,-0.3568948209285736,-0.8502627015113831
5,99,1.5397802591323853,1.7762069702148438,1.7197935581207275,2.7749664783477783,2.4481866359710693,1.860480785369873,1.7575856447219849,2.916342258453369,0.7389240860939026,2.78633451461792,2.8710925579071045,2.886357069015503,2.855562210083008,2.785130023956299,2.584214925765991,2.5703516006469727,2.1632378101348877,2.6113176345825195,1.654598355293274,1.8904454708099365,1.8092901706695557,2.9544014930725098,2.5916693210601807,2.0334174633026123,1.9165675640106201,3.176628351211548,0.4263108968734741,3.042461395263672,3.1532328128814697,3.1663341522216797,3.2528939247131348,3.1667914390563965,2.8913733959198,2.8701131343841553,2.6070454120635986,2.948208808898926,2.7788898944854736,1.744625210762024,1.7032146453857422,-0.362492173910141,-0.8632298707962036
5,99,1.3600962162017822,1.5913206338882446,1.5293341875076294,2.5311577320098877,2.1801393032073975,1.6510465145111084,1.5437065362930298,2.6313352584838867,0.7343814969062805,2.5810048580169678,2.668111801147461,2.6730384826660156,2.695176362991333,2.593167304992676,2.4048142433166504,2.3911263942718506,2.0532095432281494,2.4578330516815186,1.4509060382843018,1.6852843761444092,1.6006520986557007,2.6888325214385986,2.3043432235717773,1.7973610162734985,1.6754077672958374,2.857282876968384,0.4882889688014984,2.8043718338012695,2.9159903526306152,2.9180619716644287,3.048788547515869,2.9301254749298096,2.6760013103485107,2.654106855392456,2.4494032859802246,2.7441186904907227,2.4241154193878174,1.6654372215270996,1.6131020784378052,-0.35237744450569153,-0.8643496036529541
5,99,1.6252034902572632,1.8262407779693604,1.820588231086731,2.580277681350708,2.378974437713623,1.7931314706802368,1.7419919967651367,2.576996088027954,1.2909969091415405,2.263280153274536,2.426208019256592,2.403000593185425,2.8257486820220947,2.643578052520752,2.2544002532958984,2.201151132583618,2.4626548290252686,2.1709370613098145,1.6847518682479858,1.903834342956543,1.877257227897644,2.756014823913574,2.516913414001465,1.9224203824996948,1.8531200885772705,2.821791648864746,1.1134244203567505,2.466266393661499,2.6448974609375,2.6248092651367188,3.13020396232605,2.9480412006378174,2.504377841949463,2.4509615898132324,2.815290689468384,2.308885335922241,1.1869518756866455,1.6075397729873657,1.6121437549591064,-0.5805941224098206,-0.8221948742866516
5,99,1.6876881122589111,1.9014291763305664,1.8842867612838745,2.694533109664917,2.4658942222595215,1.8738728761672974,1.811245083808899,2.6886978149414062,1.2958956956863403,2.45015549659729,2.6059482097625732,2.5822575092315674,2.950778007507324,2.7692785263061523,2.4142489433288574,2.3608362674713135,2.5173306465148926,2.3620822429656982,1.7607402801513672,1.9910848140716553,1.9523309469223022,2.8726468086242676,2.606428623199463,2.0105037689208984,1.9299747943878174,2.928534507751465,1.123807430267334,2.6953744888305664,2.8687055110931396,2.8474719524383545,3.299755334854126,3.1176936626434326,2.7052676677703857,2.6510725021362305,2.910194158554077,2.56329607963562,1.4439655542373657,1.6226469278335571,1.667640209197998,-0.5899664759635925,-0.8470573425292969
5,99,1.394958734512329,1.630780816078186,1.5837655067443848,2.567324638366699,2.2852516174316406,1.6795234680175781,1.5930174589157104,2.6964404582977295,0.7587526440620422,2.6529641151428223,2.736171245574951,2.7386984825134277,2.711325168609619,2.6357600688934326,2.4576222896575928,2.4450888633728027,2.0272459983825684,2.5040760040283203,1.4982861280441284,1.7369753122329712,1.6721267700195312,2.7341315746307373,2.425678253173828,1.8343511819839478,1.7360590696334839,2.9265823364257812,0.5462452173233032,2.8475496768951416,2.9555795192718506,2.957306385040283,3.036923408508301,2.9498610496520996,2.6973929405212402,2.679456949234009,2.398766040802002,2.774813413619995,2.547935724258423,1.7098705768585205,1.667490839958191,-0.3546834886074066,-0.8397209048271179
5,99,1.5326653718948364,1.7556356191635132,1.727310061454773,2.5924549102783203,2.3839287757873535,1.7638949155807495,1.7022947072982788,2.6788337230682373,0.991140604019165,2.5611681938171387,2.673614501953125,2.653697967529297,2.747572898864746,2.633089303970337,2.4195427894592285,2.3871865272521973,2.1447458267211914,2.443347454071045,1.660282850265503,1.8891115188598633,1.8475403785705566,2.788790225982666,2.5587658882141113,1.9396803379058838,1.8683826923370361,2.9289896488189697,0.8448156118392944,2.8152291774749756,2.9497318267822266,2.9359209537506104,3.1227476596832275,3.0152735710144043,2.7177693843841553,2.6870737075805664,2.5655744075775146,2.761256217956543,2.200366497039795,1.6736515760421753,1.6600687503814697,-0.4355422854423523,-0.8380457758903503
5,99,1.632078766822815,1.8462845087051392,1.834877610206604,2.6702187061309814,2.5232369899749756,1.8421117067337036,1.8019882440567017,2.769853115081787,1.1002107858657837,2.70052170753479,2.7998311519622803,2.7802391052246094,2.8285183906555176,2.737083911895752,2.532130718231201,2.505096197128296,2.176957845687866,2.5623183250427246,1.687496304512024,1.9131447076797485,1.8807597160339355,2.8372230529785156,2.656543493270874,1.9750655889511108,1.9187817573547363,3.0388405323028564,0.7964668273925781,2.997741937637329,3.1232528686523438,3.108433723449707,3.268146514892578,3.181284189224243,2.87971568107605,2.853614091873169,2.668473720550537,2.9323618412017822,2.3460347652435303,1.7558729648590088,1.7528184652328491,-0.4080810248851776,-0.7764846682548523
5,99,1.7339874505996704,1.9652683734893799,1.955755352973938,2.838658571243286,2.749098539352417,1.9845631122589111,1.9566842317581177,2.983424186706543,0.9586145281791687,2.769024610519409,2.8795220851898193,2.8558390140533447,2.879667043685913,2.801065683364868,2.597228527069092,2.5644476413726807,2.1996238231658936,2.5876448154449463,1.829880952835083,2.0664353370666504,2.037684917449951,2.997375726699829,2.879343271255493,2.126955509185791,2.0853147506713867,3.2008473873138428,0.7533106207847595,2.9807324409484863,3.1172573566436768,3.0999460220336914,3.232125997543335,3.1649675369262695,2.8552072048187256,2.8265128135681152,2.6065640449523926,2.8846590518951416,2.690906286239624,1.6008882522583008,1.7109264135360718,-0.48605188727378845,-0.837478756904602
5,99,2.3508646488189697,2.3732662200927734,2.4456698894500732,2.2519924640655518,2.355710029602051,2.114469289779663,2.17090106010437,1.7830913066864014,2.1214523315429688,2.391505718231201,2.50759220123291,2.469170093536377,2.6362907886505127,2.5074410438537598,2.2755672931671143,2.231590509414673,2.183262586593628,2.2917487621307373,2.514528512954712,2.580395221710205,2.6389150619506836,2.6360814571380615,2.694959878921509,2.3504791259765625,2.389993667602539,2.235018253326416,2.406921148300171,2.669525623321533,2.8137707710266113,2.780729293823242,3.079171657562256,2.9571149349212646,2.616891384124756,2.5753307342529297,2.7007648944854736,2.5931456089019775,1.4844599962234497,1.4398750066757202,1.5582069158554077,-0.45091986656188965,-0.7567450404167175
5,99,2.2186973094940186,2.2386860847473145,2.308985710144043,2.1714377403259277,2.238070011138916,2.000469923019409,2.0586202144622803,1.7363688945770264,2.0075223445892334,2.3520944118499756,2.5369973182678223,2.483297109603882,3.08748197555542,2.8617606163024902,2.440657615661621,2.3725521564483643,2.8955678939819336,2.07647442817688,2.411816120147705,2.478066921234131,2.5302419662475586,2.588266611099243,2.5967838764190674,2.2716317176818848,2.306514024734497,2.202659845352173,2.308758497238159,2.730491876602173,2.928952932357788,2.875539779663086,3.557894706726074,3.329077959060669,2.8662056922912598,2.796826124191284,3.4084134101867676,2.2403934001922607,2.0161447525024414,1.326169490814209,1.5754015445709229,-0.5376073718070984,-0.8421935439109802
5,99,1.9313498735427856,1.970822811126709,2.025848388671875,1.9986920356750488,2.0203704833984375,1.7704448699951172,1.8136850595474243,1.6970986127853394,1.783902883529663,1.925278902053833,2.1276540756225586,2.0628974437713623,2.946352958679199,2.6698668003082275,2.2001309394836426,2.114274501800537,3.115471839904785,0.9526575803756714,2.102250814437866,2.177964925765991,2.216118335723877,2.3403377532958984,2.3131072521209717,2.006545066833496,2.0285351276397705,2.0712082386016846,2.0194709300994873,2.108161449432373,2.3054769039154053,2.246091842651367,3.1754074096679688,2.9021644592285156,2.4169375896453857,2.334132432937622,3.4114928245544434,0.7249397039413452,2.3764119148254395,1.2454437017440796,1.2885621786117554,-0.5771957039833069,-0.6791200637817383
5,99,2.408573865890503,2.3920631408691406,2.450127363204956,2.054844617843628,2.1752872467041016,2.13826060295105,2.195870876312256,1.496819257736206,1.9492367506027222,1.463796615600586,1.6617755889892578,1.6079001426696777,2.4568121433258057,2.245337963104248,1.71621572971344,1.6484438180923462,2.730668067932129,0.7623689770698547,2.4542272090911865,2.4676947593688965,2.5160536766052246,2.2569491863250732,2.336341142654419,2.2234232425689697,2.268702507019043,1.7470433712005615,2.174071788787842,1.562437653541565,1.754148244857788,1.708408236503601,2.602739095687866,2.3994314670562744,1.8526456356048584,1.7905464172363281,2.9490370750427246,0.5445267558097839,2.8834080696105957,1.356852412223816,1.3439743518829346,-0.2773808240890503,-0.4962387979030609
5,99,2.3521392345428467,2.3329648971557617,2.392139434814453,2.0130884647369385,2.136549472808838,2.0867490768432617,2.1453499794006348,1.4584263563156128,1.9146450757980347,1.4874271154403687,1.6719650030136108,1.6281592845916748,2.4549801349639893,2.2628657817840576,1.7483454942703247,1.6906139850616455,2.7007532119750977,0.6047160029411316,2.4241483211517334,2.4318151473999023,2.4820313453674316,2.2212674617767334,2.3084330558776855,2.193291425704956,2.241013526916504,1.6974201202392578,2.14587664604187,1.5953469276428223,1.7720075845718384,1.7336010932922363,2.5894863605499268,2.402514696121216,1.8835948705673218,1.8294535875320435,2.893876075744629,0.3995782136917114,2.961308240890503,1.24248206615448,1.3280471563339233,-0.4562806189060211,-0.42150914669036865
5,99,2.349130868911743,2.322324275970459,2.3807530403137207,1.972145438194275,2.108672618865967,2.082857370376587,2.1439297199249268,1.4218943119049072,1.8605916500091553,1.4338546991348267,1.614255428314209,1.5660221576690674,2.3738901615142822,2.158332109451294,1.6864330768585205,1.6222590208053589,2.5986127853393555,0.5388317108154297,2.4166431427001953,2.4149398803710938,2.4645652770996094,2.1648752689361572,2.263946056365967,2.1796915531158447,2.2299416065216064,1.6352969408035278,2.091034412384033,1.525208592414856,1.6980940103530884,1.6540677547454834,2.489417314529419,2.2769269943237305,1.8041695356369019,1.7427477836608887,2.7706432342529297,0.3304755389690399,3.0073015689849854,1.3021838665008545,1.2121195793151855,-0.3731842339038849,-0.4782998561859131
5,99,2.293998956680298,2.2572991847991943,2.3167638778686523,1.8781148195266724,2.0276360511779785,2.0289249420166016,2.092435121536255,1.3535672426223755,1.7542425394058228,1.3706873655319214,1.545228123664856,1.4931195974349976,2.292170763015747,2.055751085281372,1.6211048364639282,1.551218032836914,2.498525857925415,0.46311670541763306,2.348301649093628,2.3344218730926514,2.3855135440826416,2.0464694499969482,2.158600091934204,2.1079750061035156,2.1610419750213623,1.5342015027999878,1.9700958728790283,1.4527512788772583,1.6204602718353271,1.5705631971359253,2.394155502319336,2.158162832260132,1.7265888452529907,1.6582659482955933,2.6498053073883057,0.2673133313655853,3.006624460220337,1.2235774993896484,1.1455976963043213,-0.351064532995224,-0.42943012714385986
5,99,2.264596700668335,2.267530679702759,2.320054292678833,2.0694940090179443,2.1601834297180176,2.0320193767547607,2.0810532569885254,1.5827116966247559,1.9657469987869263,1.6443897485733032,1.8395789861679077,1.7900588512420654,2.658780574798584,2.45563006401062,1.9199450016021729,1.857262134552002,2.8828346729278564,0.5868323445320129,2.390683174133301,2.422757625579834,2.4648008346557617,2.336036443710327,2.3906409740448,2.199086904525757,2.2355120182037354,1.8774079084396362,2.2131171226501465,1.77219820022583,1.9601613283157349,1.9142780303955078,2.811615467071533,2.611166000366211,2.0738954544067383,2.0138332843780518,3.0924062728881836,0.362999826669693,2.89115834236145,1.3447930812835693,1.3470003604888916,-0.4753388464450836,-0.463602751493454
5,99,2.2403881549835205,2.2359225749969482,2.2932960987091064,2.0064773559570312,2.1084022521972656,1.9971445798873901,2.0520145893096924,1.5178841352462769,1.9152188301086426,1.5607738494873047,1.752557635307312,1.6950745582580566,2.541459083557129,2.315786838531494,1.8245899677276611,1.7543716430664062,2.7512600421905518,0.6254205107688904,2.358537197113037,2.382270574569702,2.4288275241851807,2.261589288711548,2.3247625827789307,2.154240369796753,2.1959879398345947,1.7989248037338257,2.162043571472168,1.6752218008041382,1.8608850240707397,1.8068110942840576,2.686939239501953,2.4638171195983887,1.9687011241912842,1.901066541671753,2.9563400745391846,0.4055764079093933,2.8194515705108643,1.3093100786209106,1.325268030166626,-0.46138739585876465,-0.4711236357688904
5,99,2.1822433471679688,2.1691956520080566,2.22642183303833,1.8788397312164307,1.9911130666732788,1.9205950498580933,1.9790533781051636,1.3881829977035522,1.7839773893356323,1.5913114547729492,1.7744793891906738,1.718827486038208,2.594546318054199,2.3618767261505127,1.8770419359207153,1.8067917823791504,2.8488640785217285,0.5337703824043274,2.2198586463928223,2.2329840660095215,2.2819724082946777,2.0589051246643066,2.1331613063812256,1.995764136314392,2.0431149005889893,1.6086242198944092,1.963234782218933,1.7364283800125122,1.9112834930419922,1.8584842681884766,2.76178240776062,2.5306358337402344,2.0474674701690674,1.9790843725204468,3.069485664367676,0.31329452991485596,2.959921360015869,1.2863770723342896,1.3002558946609497,-0.3599151372909546,-0.4477583169937134
5,99,2.2201786041259766,2.204319715499878,2.257765293121338,1.9127429723739624,2.0197155475616455,1.967689871788025,2.023785352706909,1.4177700281143188,1.7979305982589722,1.6141600608825684,1.79662024974823,1.7417051792144775,2.5960850715637207,2.375338315963745,1.8932960033416748,1.8277204036712646,2.829287052154541,0.4907064735889435,2.287750005722046,2.2985143661499023,2.3422839641571045,2.1149494647979736,2.184227228164673,2.070228099822998,2.1149332523345947,1.6474639177322388,2.01279616355896,1.7574436664581299,1.9319697618484497,1.8802388906478882,2.756035327911377,2.53762149810791,2.0572943687438965,1.993577003479004,3.036376953125,0.2872656583786011,3.0445950031280518,1.2402799129486084,1.243831992149353,-0.3882131278514862,-0.47164100408554077
5,99,2.257347822189331,2.2295494079589844,2.288508415222168,1.8862446546554565,2.0147433280944824,1.992560625076294,2.052698850631714,1.3782269954681396,1.7867660522460938,1.549531102180481,1.7282158136367798,1.6724255084991455,2.525803327560425,2.2819485664367676,1.8266534805297852,1.7540032863616943,2.759883403778076,0.4938671588897705,2.3088107109069824,2.3059823513031006,2.35615611076355,2.069220542907715,2.1578121185302734,2.076321840286255,2.125001907348633,1.5876611471176147,1.9947930574417114,1.6818242073059082,1.853743076324463,1.8007100820541382,2.676945686340332,2.435051679611206,1.9802547693252563,1.909702181816101,2.9569859504699707,0.30048856139183044,3.0674326419830322,1.2455320358276367,1.1713016033172607,-0.3627530038356781,-0.5276157855987549
5,99,2.3144750595092773,2.281917095184326,2.3451321125030518,1.9357342720031738,2.0831472873687744,2.043081521987915,2.1090574264526367,1.4231467247009277,1.8453433513641357,1.6040483713150024,1.7799792289733887,1.7234002351760864,2.5741448402404785,2.3236467838287354,1.8773609399795532,1.8011486530303955,2.819230556488037,0.5839971303939819,2.367340564727783,2.3596277236938477,2.4142086505889893,2.124035596847534,2.229489326477051,2.129714012145996,2.183662176132202,1.6402413845062256,2.060554027557373,1.7385622262954712,1.9088969230651855,1.8553824424743652,2.7369329929351807,2.488250494003296,2.039702892303467,1.966102957725525,3.039597749710083,0.3573838174343109,3.1014769077301025,1.2881914377212524,1.28056800365448,-0.3449612557888031,-0.49525266885757446
5,99,2.161867618560791,2.1436824798583984,2.2018024921417236,1.8662410974502563,1.980059266090393,1.9129801988601685,1.9731028079986572,1.39248526096344,1.792744755744934,1.5327675342559814,1.7160816192626953,1.6543806791305542,2.5135200023651123,2.2526533603668213,1.8057341575622559,1.7257468700408936,2.746083974838257,0.5719394683837891,2.224179983139038,2.2347967624664307,2.282517910003662,2.081096649169922,2.148895025253296,2.0163192749023438,2.062331438064575,1.6453274488449097,2.005922317504883,1.6922252178192139,1.8693017959594727,1.8116742372512817,2.6996350288391113,2.4418132305145264,1.9906398057937622,1.9134461879730225,2.9841654300689697,0.37625735998153687,2.852625608444214,1.2514628171920776,1.2345839738845825,-0.33262893557548523,-0.48384785652160645
5,99,2.234611749649048,2.206916093826294,2.2701921463012695,1.9044297933578491,2.0311198234558105,1.9756050109863281,2.041628122329712,1.4161168336868286,1.8382275104522705,1.6282082796096802,1.8091412782669067,1.7466357946395874,2.6105892658233643,2.3335702419281006,1.9005450010299683,1.815695881843567,2.8556857109069824,0.6053295731544495,2.3053159713745117,2.305462121963501,2.358395576477051,2.123877763748169,2.2023279666900635,2.085232973098755,2.136683464050293,1.66990327835083,2.0670783519744873,1.7742998600006104,1.9505422115325928,1.892342448234558,2.78458309173584,2.511605978012085,2.071767568588257,1.9900420904159546,3.0810787677764893,0.41405561566352844,3.001519203186035,1.2890615463256836,1.2223190069198608,-0.3085675835609436,-0.5464436411857605
5,99,2.294525146484375,2.2838902473449707,2.352215528488159,2.028951406478882,2.1357526779174805,2.0344021320343018,2.0972704887390137,1.5729122161865234,1.9458513259887695,1.805625081062317,2.001948356628418,1.9357236623764038,2.8921663761138916,2.60605788230896,2.1156468391418457,2.0266809463500977,3.2160253524780273,0.587766170501709,2.3923187255859375,2.4107882976531982,2.4678385257720947,2.2764041423797607,2.3364815711975098,2.174696445465088,2.222109794616699,1.8546189069747925,2.186544179916382,1.9357621669769287,2.125758409500122,2.062758684158325,3.0479190349578857,2.765756368637085,2.270453691482544,2.1843955516815186,3.4238970279693604,0.37257564067840576,3.172236442565918,1.3402358293533325,1.2261029481887817,-0.39330345392227173,-0.5994124412536621
5,99,2.5412404537200928,2.543055772781372,2.6011879444122314,2.2659966945648193,2.362013339996338,2.270956039428711,2.324892520904541,1.753990650177002,2.166088104248047,1.8594210147857666,2.0810348987579346,2.019113063812256,3.0689167976379395,2.8320882320404053,2.2064406871795654,2.1294522285461426,3.4793970584869385,0.5629236698150635,2.6305360794067383,2.6649909019470215,2.7132792472839355,2.5236005783081055,2.579881191253662,2.408107042312622,2.448923349380493,2.0630760192871094,2.409745693206787,1.9938886165618896,2.2048721313476562,2.149641275405884,3.228518486022949,2.999817132949829,2.366678476333618,2.2949485778808594,3.69973087310791,0.3124517500400543,3.4442198276519775,1.5310120582580566,1.178704857826233,-0.44698360562324524,-0.6714887022972107
5,99,2.5099809169769287,2.5071663856506348,2.584904193878174,2.2410426139831543,2.355710506439209,2.246934413909912,2.314429998397827,1.736741542816162,2.1159281730651855,1.3776674270629883,1.6026616096496582,1.5293694734573364,2.5713672637939453,2.2818453311920166,1.7122819423675537,1.617874264717102,2.9567792415618896,0.49029645323753357,2.6185824871063232,2.6476457118988037,2.7137629985809326,2.5065677165985107,2.575881242752075,2.4000964164733887,2.4522457122802734,2.037714719772339,2.3779265880584717,1.3979884386062622,1.6107215881347656,1.5455034971237183,2.6269690990448,2.346999406814575,1.7664722204208374,1.67905592918396,3.087001085281372,0.22902892529964447,3.0647544860839844,1.465927004814148,1.1773728132247925,-0.45944473147392273,-0.46007582545280457
5,99,2.487891912460327,2.484018325805664,2.5599734783172607,2.2166454792022705,2.3270926475524902,2.217611074447632,2.2822697162628174,1.6997697353363037,2.0975544452667236,1.3410801887512207,1.5652518272399902,1.4935154914855957,2.537046432495117,2.2564899921417236,1.674163818359375,1.5823192596435547,2.922471046447754,0.4789232015609741,2.6849923133850098,2.7148597240448,2.780693292617798,2.5793161392211914,2.64859938621521,2.4635169506073,2.5136685371398926,2.096466541290283,2.446244955062866,1.3688809871673584,1.579999566078186,1.5193915367126465,2.6002233028411865,2.331815242767334,1.7369128465652466,1.6536725759506226,3.0631442070007324,0.22283639013767242,3.028393268585205,1.3999005556106567,1.066593050956726,-0.5053736567497253,-0.5293698906898499
5,99,2.6539502143859863,2.6544487476348877,2.734755277633667,2.380302667617798,2.5079166889190674,2.3834424018859863,2.4501872062683105,1.8537179231643677,2.262173652648926,1.4673736095428467,1.686846375465393,1.6284105777740479,2.684436321258545,2.424851655960083,1.8187928199768066,1.7361317873001099,3.056145668029785,0.4327731728553772,2.8116586208343506,2.8439910411834717,2.9144246578216553,2.6967577934265137,2.783205270767212,2.587372303009033,2.640206813812256,2.2012686729431152,2.573237657546997,1.5173934698104858,1.7229152917861938,1.6747500896453857,2.7563657760620117,2.5086283683776855,1.8945037126541138,1.8200405836105347,3.192331314086914,0.204984650015831,3.287444829940796,1.508545994758606,0.8585819005966187,-0.6122334003448486,-0.630181074142456
5,99,3.0931649208068848,3.0322370529174805,3.1180334091186523,2.447693347930908,2.645556688308716,2.720597982406616,2.8032186031341553,1.784462571144104,2.2714784145355225,1.1107090711593628,1.219562292098999,1.1139109134674072,1.7487330436706543,1.4110546112060547,1.1130386590957642,0.9984319806098938,2.0469987392425537,0.6814874410629272,3.101196050643921,3.077146530151367,3.156454086303711,2.6739108562469482,2.820141077041626,2.78043532371521,2.8506295680999756,2.0923147201538086,2.5722882747650146,0.9836864471435547,1.1386587619781494,1.0379865169525146,1.8511769771575928,1.526344656944275,1.0847342014312744,0.9678580164909363,2.215920925140381,0.6717911958694458,2.911532402038574,1.5067635774612427,0.6815563440322876,-0.4586218595504761,-0.4353492259979248
5,99,2.791985511779785,2.745558023452759,2.8341705799102783,2.260571241378784,2.4565563201904297,2.453972578048706,2.542637825012207,1.6942744255065918,2.1425819396972656,0.44044139981269836,0.632828414440155,0.5341694355010986,1.5762975215911865,1.1936113834381104,0.6771539449691772,0.5398393869400024,2.0017549991607666,0.27796471118927,2.7997090816497803,2.790889024734497,2.8698999881744385,2.484889268875122,2.6150786876678467,2.5140650272369385,2.5857326984405518,1.9811973571777344,2.401076078414917,0.33796823024749756,0.5718151926994324,0.4905727803707123,1.6478034257888794,1.2861485481262207,0.7103112936019897,0.5909623503684998,2.1387991905212402,0.15765339136123657,2.766181468963623,1.470030665397644,0.4626726806163788,-0.4482528567314148,-0.15393197536468506
5,99,2.7159440517425537,2.659024953842163,2.7574989795684814,2.1724140644073486,2.3820183277130127,2.3714191913604736,2.4640705585479736,1.6422395706176758,2.0787994861602783,0.9701526165008545,1.2003350257873535,1.108138084411621,2.279515504837036,1.8947312831878662,1.356421709060669,1.2317681312561035,2.6974077224731445,0.2601591646671295,2.7543580532073975,2.731910228729248,2.8210067749023438,2.4072134494781494,2.553769588470459,2.457026720046997,2.532698392868042,1.9233551025390625,2.3472838401794434,1.0331827402114868,1.2566496133804321,1.1835962533950806,2.371151924133301,2.0067946910858154,1.4421446323394775,1.3318966627120972,2.8240466117858887,0.18456660211086273,3.240264892578125,1.418402910232544,0.359973281621933,-0.5304273366928101,-0.5303857922554016
5,99,2.8183987140655518,2.755402088165283,2.852710485458374,2.218165874481201,2.4476659297943115,2.4627974033355713,2.558899402618408,1.648622751235962,2.1122097969055176,0.4718140959739685,0.6822046637535095,0.5725216269493103,1.6582180261611938,1.250141978263855,0.7660634517669678,0.6236698031425476,2.057309627532959,0.2348063737154007,2.8336827754974365,2.805191993713379,2.893724203109741,2.4334328174591064,2.596724033355713,2.5235886573791504,2.6034598350524902,1.911811351776123,2.3806397914886475,0.45383530855178833,0.6853218674659729,0.6094360947608948,1.7446397542953491,1.3697108030319214,0.8227402567863464,0.7044826149940491,2.180605173110962,0.2016904503107071,2.908348798751831,1.4485695362091064,0.23670321702957153,-0.5305412411689758,-0.2533092796802521
5,99,2.9871623516082764,2.9130470752716064,3.0214085578918457,2.293705701828003,2.563277006149292,2.6041831970214844,2.7054996490478516,1.7054855823516846,2.13053822517395,0.4537702202796936,0.5904668569564819,0.4874168634414673,1.432399868965149,1.0376546382904053,0.5842692852020264,0.43291616439819336,1.8827437162399292,0.25623849034309387,2.969446897506714,2.9284005165100098,3.0305824279785156,2.480355978012085,2.687335252761841,2.6311159133911133,2.7181434631347656,1.952133059501648,2.4047415256500244,0.33322063088417053,0.5278856158256531,0.45637214183807373,1.5149812698364258,1.1572705507278442,0.600065290927887,0.47316527366638184,2.0040805339813232,0.24569253623485565,2.9016358852386475,1.4380699396133423,0.1637835055589676,-0.47560563683509827,-0.1299218088388443
5,99,3.0014374256134033,2.9265012741088867,3.0337274074554443,2.3135974407196045,2.579726219177246,2.6238362789154053,2.723580837249756,1.7182446718215942,2.1613705158233643,0.4270724952220917,0.6061277389526367,0.49136224389076233,1.535934329032898,1.1415678262710571,0.6632103323936462,0.5147984027862549,2.0068366527557373,0.21226434409618378,2.992140054702759,2.948749303817749,3.0497429370880127,2.4970991611480713,2.703047752380371,2.656442880630493,2.7421581745147705,1.9569002389907837,2.4310648441314697,0.36716750264167786,0.587981104850769,0.5102407336235046,1.6309356689453125,1.2726832628250122,0.7130893468856812,0.5916777849197388,2.134672164916992,0.20327554643154144,3.0252933502197266,1.4786412715911865,0.1668579876422882,-0.5029540061950684,-0.1672758311033249
5,99,2.868654727935791,2.8088955879211426,2.910505533218384,2.2923436164855957,2.5157833099365234,2.5123817920684814,2.603410482406616,1.7339532375335693,2.1926748752593994,0.4335681200027466,0.6351256966590881,0.5289064645767212,1.6117756366729736,1.2304400205612183,0.7102776169776917,0.5706382393836975,2.0894358158111572,0.23364892601966858,2.878849744796753,2.854764699935913,2.948359727859497,2.516899585723877,2.675868034362793,2.5739221572875977,2.648595094680786,2.025329113006592,2.460477590560913,0.39656585454940796,0.6263829469680786,0.558418869972229,1.7009600400924683,1.3547393083572388,0.7662325501441956,0.654700756072998,2.214923620223999,0.20710605382919312,2.902971029281616,1.5053199529647827,0.24422982335090637,-0.5105793476104736,-0.19213193655014038
5,99,2.6238977909088135,2.5484747886657715,2.6686313152313232,2.0731608867645264,2.3264060020446777,2.2786922454833984,2.3897736072540283,1.6357383728027344,1.9284343719482422,0.7269242405891418,0.9551927447319031,0.8650602698326111,2.012665033340454,1.635013461112976,1.0811518430709839,0.9514908194541931,2.4638168811798096,0.3005814850330353,2.634873628616333,2.5924830436706543,2.707041025161743,2.291473627090454,2.484180450439453,2.3390865325927734,2.4355058670043945,1.9115442037582397,2.159022331237793,0.7414968609809875,0.9678292274475098,0.8988062143325806,2.0887937545776367,1.732803225517273,1.1443382501602173,1.0327470302581787,2.590742349624634,0.1966482400894165,2.933928966522217,1.369968295097351,0.4252023696899414,-0.4672171473503113,-0.4343814551830292
5,99,2.92874813079834,2.8834028244018555,2.9837512969970703,2.487236976623535,2.6626815795898438,2.584843397140503,2.6773412227630615,1.94874107837677,2.3953158855438232,1.1139750480651855,1.361290454864502,1.2866828441619873,2.505472421646118,2.200843572616577,1.5073407888412476,1.4012537002563477,3.006654739379883,0.43662768602371216,3.011350631713867,3.0022199153900146,3.0949485301971436,2.776437520980835,2.9030520915985107,2.7235658168792725,2.80184268951416,2.2973320484161377,2.6853384971618652,1.1211379766464233,1.3617713451385498,1.3062764406204224,2.572847843170166,2.290041446685791,1.561508297920227,1.4723657369613647,3.141899824142456,0.2640327215194702,3.342494010925293,1.6116715669631958,0.6587187647819519,-0.6038219928741455,-0.6025316119194031
5,99,3.0243771076202393,2.9755699634552,3.051856517791748,2.526292324066162,2.6735002994537354,2.6634457111358643,2.734368085861206,1.927583932876587,2.4373490810394287,1.4810453653335571,1.7193937301635742,1.6354947090148926,2.806772232055664,2.5861990451812744,1.8608343601226807,1.7719885110855103,3.3655054569244385,0.5444105267524719,3.12007212638855,3.111192226409912,3.181094169616699,2.8591182231903076,2.9677982330322266,2.8237059116363525,2.8838768005371094,2.3500397205352783,2.7852728366851807,1.682726263999939,1.9189496040344238,1.8499783277511597,3.0756587982177734,2.8718647956848145,2.107985496520996,2.031029224395752,3.689894914627075,0.413302481174469,3.6885602474212646,1.6097021102905273,0.9164683222770691,-0.45229077339172363,-0.7414770126342773
5,99,2.874778985977173,2.827983856201172,2.9162721633911133,2.456252098083496,2.608839988708496,2.574486494064331,2.6493945121765137,1.8455671072006226,2.3535876274108887,1.4985531568527222,1.720533013343811,1.658828854560852,2.697970390319824,2.4468483924865723,1.8283053636550903,1.747680425643921,3.03635311126709,0.6280321478843689,3.0285634994506836,3.015084981918335,3.09352970123291,2.783703565597534,2.8917527198791504,2.7750203609466553,2.8363447189331055,2.2062649726867676,2.7062180042266846,1.5986415147781372,1.8125848770141602,1.7602665424346924,2.8444881439208984,2.607771635055542,1.9681986570358276,1.8963212966918945,3.2651572227478027,0.3701842725276947,3.4429421424865723,1.5187712907791138,1.1188868284225464,-0.38183221220970154,-0.6315841674804688
5,99,2.773545503616333,2.7336597442626953,2.813586950302124,2.314382314682007,2.482943534851074,2.478703260421753,2.5560131072998047,1.7161991596221924,2.177480459213257,1.4886040687561035,1.6941579580307007,1.6353434324264526,2.5802648067474365,2.326620578765869,1.7914458513259888,1.7140957117080688,2.844604730606079,0.6097354888916016,2.9115469455718994,2.900092840194702,2.9704442024230957,2.593212127685547,2.719811201095581,2.652225971221924,2.7171313762664795,2.008570432662964,2.507749080657959,1.5591107606887817,1.7544585466384888,1.704055905342102,2.6813430786132812,2.4385757446289062,1.8906348943710327,1.820137858390808,3.012561321258545,0.39505964517593384,3.41622257232666,1.4031639099121094,1.314469337463379,-0.4516936242580414,-0.42959362268447876
5,99,2.567490577697754,2.534400224685669,2.6144144535064697,2.220207452774048,2.3654727935791016,2.281266689300537,2.359524726867676,1.6999160051345825,2.1459639072418213,1.9666023254394531,2.1755154132843018,2.1235623359680176,3.1440017223358154,2.8945066928863525,2.3089685440063477,2.2354888916015625,3.4408998489379883,0.5967877507209778,2.6599345207214355,2.65822696685791,2.7281417846679688,2.4755187034606934,2.576594591140747,2.4189305305480957,2.4834659099578857,1.9861798286437988,2.4013583660125732,2.119786262512207,2.3210649490356445,2.272733688354492,3.315427303314209,3.0701146125793457,2.481858015060425,2.411351442337036,3.659787178039551,0.39964330196380615,3.534639835357666,1.4636472463607788,1.1098052263259888,-0.4829058349132538,-0.7003746032714844
5,99,2.335360050201416,2.3029420375823975,2.390637159347534,2.1020333766937256,2.233330249786377,2.09051775932312,2.1691975593566895,1.7036471366882324,2.034486770629883,1.7961971759796143,1.9959149360656738,1.9449034929275513,2.9123291969299316,2.6434242725372314,2.1129281520843506,2.033362865447998,3.1865522861480713,0.688327431678772,2.4518721103668213,2.4519498348236084,2.527977228164673,2.384455680847168,2.467677593231201,2.2580316066741943,2.3201072216033936,2.0167412757873535,2.282838821411133,1.9445359706878662,2.1394481658935547,2.0908071994781494,3.0865478515625,2.8195507526397705,2.2834463119506836,2.206159830093384,3.406243324279785,0.5200791358947754,2.999457836151123,1.385197401046753,1.1226001977920532,-0.4654254615306854,-0.71246737241745
5,99,2.023271083831787,2.031913995742798,2.1044180393218994,2.016684055328369,2.084592580795288,1.838998794555664,1.8986876010894775,1.6455551385879517,1.8714783191680908,2.2943668365478516,2.4889469146728516,2.438312292098999,3.3726541996002197,3.1252756118774414,2.6075239181518555,2.53410267829895,3.5292437076568604,0.6829325556755066,2.1590044498443604,2.198575735092163,2.2582406997680664,2.2961902618408203,2.324002981185913,2.0261504650115967,2.069303035736084,1.9432756900787354,2.0747053623199463,2.492009401321411,2.6811037063598633,2.632827043533325,3.5850107669830322,3.3402340412139893,2.820420980453491,2.7490575313568115,3.7803282737731934,0.5160255432128906,2.984894275665283,1.330374836921692,1.2137749195098877,-0.6404145359992981,-0.7121935486793518
5,99,2.1679158210754395,2.370025634765625,2.397597551345825,3.2644195556640625,3.217303991317749,2.394657611846924,2.3900392055511475,3.4196813106536865,1.415124773979187,2.224148988723755,2.468702793121338,2.4387683868408203,3.4788219928741455,3.3455240726470947,2.543599843978882,2.494133472442627,3.7051987648010254,1.0509264469146729,2.101308822631836,2.3286209106445312,2.3290884494781494,3.342198133468628,3.2501132488250732,2.415073871612549,2.3886559009552,3.605211019515991,0.9842283725738525,2.3626339435577393,2.6050057411193848,2.5772898197174072,3.6677308082580566,3.53542160987854,2.7208056449890137,2.6736834049224854,3.965846300125122,0.8040049076080322,0.8101639747619629,1.8111599683761597,1.7393980026245117,-0.6286897659301758,-0.6226506233215332
5,99,1.6508467197418213,1.8198837041854858,1.8632855415344238,2.6456754207611084,2.653207302093506,1.839493751525879,1.85745108127594,2.9469521045684814,1.1541134119033813,2.550266742706299,2.6768014430999756,2.653453826904297,2.931586503982544,2.8619728088378906,2.459977865219116,2.4279730319976807,2.578908681869507,2.4219415187835693,1.7667436599731445,1.9517275094985962,1.9804731607437134,2.8966331481933594,2.8795881271362305,2.047916889190674,2.0529253482818604,3.3055999279022217,0.8578996658325195,2.8252904415130615,2.9750030040740967,2.9575068950653076,3.356100559234619,3.295764207839966,2.7984743118286133,2.770587205886841,3.0768439769744873,2.658578872680664,1.9658458232879639,1.6829719543457031,1.7534489631652832,-0.5168372392654419,-0.733232319355011
5,99,1.6662952899932861,1.8879634141921997,1.883048415184021,2.837707757949829,2.705108880996704,1.949413776397705,1.917500615119934,3.084512710571289,0.8126065135002136,2.7156474590301514,2.8023605346679688,2.7905139923095703,2.75695538520813,2.697730541229248,2.5092761516571045,2.4987452030181885,2.0738015174865723,2.51168155670166,1.7627135515213013,1.9814767837524414,1.9618641138076782,3.0121023654937744,2.85453462600708,2.1140940189361572,2.0700747966766357,3.3664207458496094,0.42923712730407715,2.931209087371826,3.044288158416748,3.0355889797210693,3.1134464740753174,3.055997371673584,2.771371603012085,2.760909080505371,2.4841554164886475,2.8195533752441406,2.8615217208862305,1.7934290170669556,1.6808797121047974,-0.40386444330215454,-0.798336923122406
5,99,1.740584135055542,1.9491853713989258,1.942860722541809,2.9000189304351807,2.8107118606567383,2.0496702194213867,2.0275635719299316,3.203794240951538,0.6345279812812805,2.6385295391082764,2.722313642501831,2.6987712383270264,2.680346965789795,2.6156606674194336,2.444812297821045,2.4321603775024414,2.0539815425872803,2.457139015197754,1.886970043182373,2.0893139839172363,2.074101448059082,3.0922510623931885,2.988515853881836,2.2428581714630127,2.212522506713867,3.479076862335205,0.302878737449646,2.8767800331115723,2.9866139888763428,2.967458486557007,3.061650276184082,3.0038223266601562,2.731173515319824,2.720755100250244,2.4879512786865234,2.783099412918091,3.007514238357544,1.6185771226882935,1.562996506690979,-0.4651847779750824,-0.8398256897926331
5,99,1.8989976644515991,2.1098880767822266,2.0887510776519775,3.0824778079986572,2.9368221759796143,2.225038528442383,2.181969165802002,3.404772996902466,0.6276076436042786,2.895451068878174,2.954444169998169,2.935326337814331,2.710641860961914,2.6426525115966797,2.6456987857818604,2.631518602371216,1.915929913520813,2.468665361404419,2.0435378551483154,2.2456209659576416,2.214045286178589,3.2631802558898926,3.102461338043213,2.408851146697998,2.3586878776550293,3.663728952407837,0.30323320627212524,3.0692102909088135,3.1555588245391846,3.137951612472534,3.031407356262207,2.961386203765869,2.860812187194824,2.84505558013916,2.2882163524627686,2.802882432937622,3.648635149002075,1.688165545463562,1.6080002784729004,-0.4569615423679352,-0.7530627846717834
5,99,1.8155303001403809,2.0137388706207275,2.012174606323242,2.890281915664673,2.8623509407043457,2.1037840843200684,2.095252752304077,3.2063896656036377,0.6771636605262756,2.6519436836242676,2.7322487831115723,2.6926963329315186,2.5891408920288086,2.4950368404388428,2.4522705078125,2.4143924713134766,1.8982062339782715,2.359999895095825,1.999076008796692,2.1932263374328613,2.186307907104492,3.1022462844848633,3.0671896934509277,2.313642740249634,2.301708459854126,3.464664936065674,0.508280336856842,2.84124493598938,2.9470317363739014,2.913733720779419,2.918412685394287,2.8403847217559814,2.6837339401245117,2.6507740020751953,2.2826943397521973,2.6848256587982178,3.2095394134521484,1.6129573583602905,1.588833212852478,-0.458951473236084,-0.7606202960014343
5,99,1.8070316314697266,2.017357349395752,2.016819953918457,2.907423973083496,2.9150941371917725,2.0991735458374023,2.102872610092163,3.225353717803955,0.6552980542182922,2.5906143188476562,2.707803964614868,2.65307879447937,2.692742347717285,2.597946882247925,2.4325268268585205,2.395132303237915,2.0808372497558594,2.42488431930542,1.9698610305786133,2.1711997985839844,2.164947986602783,3.1084911823272705,3.1071605682373047,2.301551103591919,2.299823045730591,3.5041844844818115,0.35261353850364685,2.8181121349334717,2.96223521232605,2.9126980304718018,3.065582513809204,2.9866995811462402,2.709425210952759,2.6775400638580322,2.514833450317383,2.726480484008789,2.965764045715332,1.5675675868988037,1.6258745193481445,-0.47973915934562683,-0.7694864869117737
5,99,2.1502785682678223,2.357581853866577,2.3646228313446045,3.307140350341797,3.3442752361297607,2.4783172607421875,2.4903676509857178,3.6716511249542236,0.5508825182914734,2.5369045734405518,2.6693739891052246,2.6182639598846436,2.746500253677368,2.681730270385742,2.405147075653076,2.3736958503723145,2.2148656845092773,2.417295217514038,2.3663110733032227,2.565319299697876,2.564160108566284,3.5502049922943115,3.574340343475342,2.726444959640503,2.7311456203460693,3.9799656867980957,0.2332320511341095,2.8205723762512207,2.980288028717041,2.9357290267944336,3.1807875633239746,3.1334753036499023,2.745518684387207,2.721113681793213,2.711521863937378,2.733318567276001,3.138442277908325,1.203370213508606,1.572532057762146,-0.7848289608955383,-0.8252547383308411
5,99,1.291223406791687,1.4736860990524292,1.4939852952957153,2.3446154594421387,2.3695578575134277,1.5697740316390991,1.5847232341766357,2.8171887397766113,0.5217922329902649,2.7166004180908203,2.8082525730133057,2.751100778579712,2.642788887023926,2.530123710632324,2.5005502700805664,2.4506595134735107,1.9699820280075073,2.4301111698150635,1.4341356754302979,1.6121591329574585,1.6169036626815796,2.5470473766326904,2.551488161087036,1.7699790000915527,1.7733486890792847,3.090392827987671,0.26360368728637695,2.962996244430542,3.085869073867798,3.0318188667297363,3.061889171600342,2.9646191596984863,2.8014843463897705,2.755523204803467,2.471822738647461,2.8201487064361572,3.0155467987060547,1.0914075374603271,1.6058465242385864,-0.6373710036277771,-0.6848325133323669
5,99,1.1016207933425903,1.2643917798995972,1.2951937913894653,2.093189239501953,2.1345067024230957,1.371468186378479,1.3955962657928467,2.598217248916626,0.36013880372047424,2.7742955684661865,2.8489906787872314,2.7751126289367676,2.5739552974700928,2.4379327297210693,2.5433244705200195,2.4863555431365967,1.8332737684249878,2.3494205474853516,1.2023502588272095,1.3625268936157227,1.3724431991577148,2.252981662750244,2.268108606338501,1.5287885665893555,1.5378717184066772,2.8207411766052246,0.12817834317684174,2.958099126815796,3.0632638931274414,2.991594076156616,2.91827654838562,2.7986562252044678,2.7712526321411133,2.7174720764160156,2.2516303062438965,2.732975721359253,3.1996700763702393,0.9169133305549622,1.5403575897216797,-0.6111863851547241,-0.6607319712638855
5,99,0.871211051940918,1.043022871017456,1.072211742401123,1.8271836042404175,1.9075816869735718,1.12270188331604,1.1577669382095337,2.326962947845459,0.3389939069747925,2.8216969966888428,2.9060308933258057,2.8193068504333496,2.618539571762085,2.44942045211792,2.59959077835083,2.5288426876068115,1.8473914861679077,2.3786160945892334,0.9639395475387573,1.1387556791305542,1.1419379711151123,1.9834637641906738,2.0367417335510254,1.2723641395568848,1.2894606590270996,2.5253567695617676,0.20513290166854858,2.9389114379882812,3.054647922515869,2.968230724334717,2.8968095779418945,2.746778726577759,2.760194778442383,2.692750930786133,2.20448899269104,2.7032828330993652,3.0879158973693848,0.5197883248329163,1.539386510848999,-0.6874331831932068,-0.7283437252044678
5,99,0.49044761061668396,0.4784969389438629,0.5854809284210205,0.8286805152893066,1.0032211542129517,0.26326990127563477,0.4030568301677704,1.4664901494979858,0.22481019794940948,2.988750457763672,3.0627729892730713,2.9758729934692383,2.702496290206909,2.538454294204712,2.734161138534546,2.665038585662842,1.8804593086242676,2.4179141521453857,0.30698415637016296,0.3642832040786743,0.4170251786708832,0.9070144295692444,1.014966368675232,0.1913093477487564,0.2812490165233612,1.5539418458938599,0.20043814182281494,3.079754590988159,3.1863620281219482,3.099611282348633,2.9625630378723145,2.8198859691619873,2.868962526321411,2.8036606311798096,2.235410690307617,2.7579729557037354,2.75832462310791,0.14476999640464783,1.5641576051712036,-0.07688111811876297,-0.7249643206596375
5,99,1.3782216310501099,1.2522467374801636,1.3102084398269653,0.40852048993110657,0.6184849143028259,1.010385274887085,1.057146668434143,0.6915834546089172,0.16878336668014526,3.330519676208496,3.375518798828125,3.301725387573242,2.907597780227661,2.763854503631592,3.043750047683716,2.985780954360962,1.9798197746276855,2.49819278717041,1.3097516298294067,1.1910500526428223,1.2224502563476562,0.3463210165500641,0.4633810818195343,0.9452513456344604,0.9689003825187683,0.6629893183708191,0.16679047048091888,3.393489122390747,3.4678874015808105,3.392486095428467,3.112544536590576,2.977632761001587,3.1380510330200195,3.0801734924316406,2.2509028911590576,2.8479926586151123,2.6467158794403076,0.02693619392812252,1.672012209892273,0.6699655055999756,-0.8568745255470276
5,99,1.2184524536132812,1.0961863994598389,1.155147910118103,0.30764222145080566,0.569679856300354,0.8623937368392944,0.9057300090789795,0.8084081411361694,0.12360881268978119,3.323326587677002,3.3877012729644775,3.29758358001709,2.962524890899658,2.7812881469726562,3.0487308502197266,2.978503465652466,2.0272438526153564,2.560307264328003,1.1509113311767578,1.0396555662155151,1.0619291067123413,0.24870187044143677,0.3866511285305023,0.797650933265686,0.8088376522064209,0.772864818572998,0.12572912871837616,3.35821533203125,3.4504127502441406,3.3594768047332764,3.134536027908325,2.9695541858673096,3.1149072647094727,3.046753168106079,2.2685484886169434,2.863147497177124,2.7807865142822266,-0.03023502230644226,1.6991207599639893,0.5956428050994873,-0.8237400650978088
5,99,0.591471791267395,0.5507538914680481,0.6355705857276917,0.6527289152145386,0.7900092005729675,0.24606455862522125,0.3666839599609375,1.2499130964279175,0.21484015882015228,3.116486072540283,3.2008938789367676,3.113422155380249,2.85794734954834,2.690836191177368,2.861640453338623,2.797274589538574,1.99252450466156,2.575331449508667,0.44961827993392944,0.45562630891799927,0.4781176447868347,0.7345339059829712,0.7766724824905396,0.09704480320215225,0.16869468986988068,1.3113752603530884,0.22175607085227966,3.2461023330688477,3.363914966583252,3.275357246398926,3.1567771434783936,3.0021493434906006,3.036062002182007,2.9731340408325195,2.375635862350464,2.9508163928985596,2.7969489097595215,0.06930791586637497,1.6958277225494385,0.033731795847415924,-0.8165289163589478
5,99,0.7561861872673035,0.9179865121841431,0.9540523290634155,1.7069040536880493,1.7737010717391968,1.0328785181045532,1.064655065536499,2.2361679077148438,0.2532429099082947,2.8672327995300293,2.9561595916748047,2.8815417289733887,2.6634678840637207,2.5206215381622314,2.6361751556396484,2.5757007598876953,1.872214913368225,2.4124763011932373,0.8583016991615295,1.0197445154190063,1.023473858833313,1.8564701080322266,1.8915750980377197,1.1818207502365112,1.192061185836792,2.412782669067383,0.14457100629806519,2.9801690578460693,3.0987706184387207,3.0256736278533936,2.935661792755127,2.808917999267578,2.7936336994171143,2.7364349365234375,2.2271792888641357,2.735966205596924,3.1219985485076904,0.4893772602081299,1.5604841709136963,-0.7095277905464172,-0.8073794841766357
5,99,2.5710856914520264,2.541999101638794,2.5862295627593994,1.9810258150100708,2.087285041809082,2.205735921859741,2.248804807662964,1.2933374643325806,1.7464172840118408,3.0241951942443848,3.0444343090057373,2.9867982864379883,2.5549960136413574,2.44144344329834,2.7125205993652344,2.6710739135742188,1.7206878662109375,2.2460684776306152,2.466230869293213,2.4705822467803955,2.5090439319610596,2.0792319774627686,2.1596310138702393,2.1440885066986084,2.1805977821350098,1.5283364057540894,1.937572717666626,3.0398001670837402,3.092332601547241,3.034262180328369,2.755542278289795,2.6424901485443115,2.7715389728546143,2.7283108234405518,2.0361886024475098,2.5763142108917236,1.49334716796875,1.2978966236114502,1.5018500089645386,-0.04276232048869133,-0.6137391328811646
5,99,1.0778977870941162,1.236194372177124,1.255411982536316,1.7759190797805786,1.744194746017456,1.077082872390747,1.0880376100540161,1.9441959857940674,1.0201469659805298,2.823361396789551,2.917205572128296,2.845993995666504,2.753296375274658,2.6136677265167236,2.598496198654175,2.549457550048828,2.0622482299804688,2.5207839012145996,1.043426752090454,1.2463624477386475,1.2440968751907349,1.986925721168518,1.9234048128128052,1.1936366558074951,1.1833875179290771,2.26706862449646,0.8628548383712769,3.0295677185058594,3.1576333045959473,3.091106414794922,3.1476199626922607,3.0196502208709717,2.862578868865967,2.816314458847046,2.5419864654541016,2.9019229412078857,2.1997509002685547,1.1896318197250366,1.6908916234970093,-0.5824256539344788,-0.6104626655578613
5,99,1.2931886911392212,1.4957573413848877,1.4936434030532837,2.3783578872680664,2.263498067855835,1.5683082342147827,1.542364478111267,2.6929945945739746,0.5326951742172241,2.6706080436706543,2.7628252506256104,2.7036354541778564,2.6721627712249756,2.5417990684509277,2.4786596298217773,2.435917854309082,1.9718133211135864,2.4298858642578125,1.4219411611557007,1.6131051778793335,1.6035449504852295,2.5578806400299072,2.430614948272705,1.7524772882461548,1.7205723524093628,2.9654488563537598,0.22748735547065735,2.909087657928467,3.028790235519409,2.9709081649780273,3.049668550491333,2.9201247692108154,2.7608609199523926,2.7168667316436768,2.397642135620117,2.777132511138916,2.903125762939453,1.5325654745101929,1.6239643096923828,-0.3377557396888733,-0.7878409624099731
5,99,1.4570914506912231,1.677170991897583,1.6504439115524292,2.5534372329711914,2.3992578983306885,1.732150912284851,1.6907378435134888,2.8090274333953857,0.623680055141449,2.6451327800750732,2.7752561569213867,2.706303596496582,2.8062565326690674,2.6473782062530518,2.5036308765411377,2.4534406661987305,2.1575217247009277,2.479219913482666,1.577941656112671,1.7846249341964722,1.7509223222732544,2.7250988483428955,2.557936906814575,1.9068140983581543,1.858893871307373,3.079230546951294,0.2954205870628357,2.9526352882385254,3.1081461906433105,3.0410962104797363,3.2406558990478516,3.0844411849975586,2.85507869720459,2.8048059940338135,2.635056495666504,2.846511125564575,2.7213780879974365,1.6140105724334717,1.6193526983261108,-0.35353726148605347,-0.8231773376464844
5,99,1.422284483909607,1.564190149307251,1.5727001428604126,1.9179039001464844,1.797812581062317,1.3721191883087158,1.3703911304473877,1.6917979717254639,1.3676120042800903,2.3629310131073,2.5134782791137695,2.447075843811035,2.695301055908203,2.5006887912750244,2.288727045059204,2.237025499343872,2.1799936294555664,2.2901501655578613,1.412319302558899,1.5857499837875366,1.5781224966049194,2.080202102661133,1.9197150468826294,1.4435125589370728,1.420715093612671,1.9338393211364746,1.295891284942627,2.6346476078033447,2.80652117729187,2.7384729385375977,3.0802135467529297,2.8769989013671875,2.6055262088775635,2.5488319396972656,2.6043291091918945,2.5464670658111572,1.3213458061218262,1.542720913887024,1.5523265600204468,-0.3308691084384918,-0.8716086745262146
5,99,1.5784645080566406,1.7292022705078125,1.7407151460647583,2.1639628410339355,2.071270227432251,1.5827701091766357,1.5747087001800537,2.011042594909668,1.4601737260818481,2.473816156387329,2.6137993335723877,2.556293249130249,2.7910125255584717,2.6178715229034424,2.3996329307556152,2.3459904193878174,2.3012564182281494,2.369450092315674,1.6393095254898071,1.8148657083511353,1.8096930980682373,2.3651037216186523,2.236647844314575,1.7146668434143066,1.6888456344604492,2.2781801223754883,1.4039226770401,2.808932065963745,2.9684085845947266,2.9144320487976074,3.2341208457946777,3.065000534057617,2.7768094539642334,2.7236146926879883,2.7813479900360107,2.6976802349090576,1.4674826860427856,1.5699197053909302,1.6012365818023682,-0.4550767242908478,-0.8578310012817383
5,99,1.5286458730697632,1.660965085029602,1.6754201650619507,2.0017495155334473,1.8941396474838257,1.4980403184890747,1.4901692867279053,1.7411123514175415,1.4525240659713745,2.2715659141540527,2.4082133769989014,2.3575198650360107,2.6015865802764893,2.4153919219970703,2.2114686965942383,2.157749652862549,2.1086912155151367,2.17294979095459,1.5836063623428345,1.740797758102417,1.7389224767684937,2.1866705417633057,2.038830518722534,1.6135084629058838,1.5865484476089478,1.979030728340149,1.4313042163848877,2.5831363201141357,2.7365450859069824,2.6891164779663086,3.001056432723999,2.8174023628234863,2.5572712421417236,2.5031752586364746,2.5346457958221436,2.476315498352051,1.2464526891708374,1.4978218078613281,1.4824211597442627,-0.4400777518749237,-0.8924288749694824
5,99,1.6334701776504517,1.782547950744629,1.790218710899353,2.210376024246216,2.088685989379883,1.641610860824585,1.6231181621551514,1.9967973232269287,1.516559362411499,2.355966806411743,2.4933559894561768,2.44377064704895,2.70869517326355,2.523857593536377,2.2976512908935547,2.243000030517578,2.2179548740386963,2.245643377304077,1.7117060422897339,1.883190393447876,1.8746503591537476,2.4089181423187256,2.2500808238983154,1.7786659002304077,1.7426116466522217,2.246263265609741,1.4866132736206055,2.6469032764434814,2.802483081817627,2.755640745162964,3.097285747528076,2.913569450378418,2.6267755031585693,2.571171283721924,2.6404526233673096,2.5208306312561035,1.296706199645996,1.550217866897583,1.5284212827682495,-0.5120466351509094,-0.8867990970611572
5,99,1.8976079225540161,2.1066088676452637,2.1010687351226807,2.7940969467163086,2.6533193588256836,2.035390615463257,1.998908519744873,2.7207388877868652,1.4520772695541382,2.558980941772461,2.7301924228668213,2.676841974258423,3.0334155559539795,2.853593587875366,2.5207412242889404,2.460832118988037,2.528313636779785,2.411173105239868,2.007330894470215,2.2286598682403564,2.207951784133911,2.9923338890075684,2.821232318878174,2.1962294578552246,2.1462278366088867,2.9719347953796387,1.3383288383483887,2.8345654010772705,3.0235707759857178,2.971656084060669,3.4101507663726807,3.2291078567504883,2.838447332382202,2.777153968811035,2.9479291439056396,2.6268370151519775,1.6178169250488281,1.6669120788574219,1.7246114015579224,-0.6005005836486816,-0.8494760394096375
5,99,2.0405819416046143,2.242884397506714,2.2527027130126953,2.9171624183654785,2.893357038497925,2.1787285804748535,2.1708202362060547,2.9469053745269775,1.5050551891326904,2.4215924739837646,2.594167947769165,2.5527772903442383,2.9223949909210205,2.8227579593658447,2.3895645141601562,2.3443961143493652,2.5399158000946045,2.2619411945343018,2.1490588188171387,2.361168146133423,2.356633424758911,3.1024413108825684,3.052337884902954,2.333275556564331,2.3136751651763916,3.184971809387207,1.3785464763641357,2.618091106414795,2.806518793106079,2.7698557376861572,3.223266839981079,3.131027936935425,2.630871534347534,2.5889360904693604,2.9021782875061035,2.3786869049072266,1.4574980735778809,1.7070997953414917,1.746625304222107,-0.5899291634559631,-0.7597799897193909
5,99,2.0331108570098877,2.1004116535186768,2.1611533164978027,2.1810386180877686,2.2402617931365967,1.8611892461776733,1.9000401496887207,1.8058645725250244,1.9578640460968018,2.4745779037475586,2.6110668182373047,2.5720303058624268,2.84157395362854,2.701688766479492,2.4012372493743896,2.3499674797058105,2.3952524662017822,2.34688401222229,2.1563315391540527,2.25907039642334,2.305539608001709,2.4819719791412354,2.4996349811553955,2.0515663623809814,2.072859048843384,2.1626031398773193,2.111450672149658,2.7092015743255615,2.867368698120117,2.8316755294799805,3.2085094451904297,3.070157527923584,2.6890227794647217,2.6382625102996826,2.8302626609802246,2.545849323272705,1.3762167692184448,1.6037780046463013,1.668817400932312,-0.41119199991226196,-0.7788180112838745
5,99,1.9361993074417114,1.9444057941436768,2.0125887393951416,1.7914600372314453,1.891933798789978,1.7055377960205078,1.7674070596694946,1.419582724571228,1.6748123168945312,1.7389172315597534,1.92526376247406,1.86661696434021,2.7096941471099854,2.4557688236236572,1.999396800994873,1.9191532135009766,2.9408822059631348,0.7961152791976929,2.034083843231201,2.0727694034576416,2.1271748542785645,2.0389082431793213,2.090980291366577,1.8502538204193115,1.8941023349761963,1.6934146881103516,1.8901557922363281,1.8899648189544678,2.0711846351623535,2.0155370235443115,2.8958547115325928,2.6423263549804688,2.180115222930908,2.10197114944458,3.183030605316162,0.6102032661437988,2.570665121078491,1.1919294595718384,1.392927646636963,-0.4033093750476837,-0.5353773236274719
5,99,2.0718631744384766,2.124183416366577,2.192668914794922,2.2181334495544434,2.2809927463531494,1.8945115804672241,1.9474698305130005,2.012911081314087,1.9194034337997437,1.9512919187545776,2.161973237991333,2.1012823581695557,2.993429660797119,2.785019874572754,2.197474718093872,2.122706651687622,3.271968364715576,1.1383382081985474,2.2314112186431885,2.317431926727295,2.370060682296753,2.5382449626922607,2.560518741607666,2.1166298389434814,2.150742292404175,2.3663997650146484,2.126563549041748,2.0455291271209717,2.2556071281433105,2.1969106197357178,3.170603036880493,2.9601359367370605,2.3522160053253174,2.278571128845215,3.5520577430725098,0.8156259655952454,2.259713888168335,1.4600263833999634,1.6407595872879028,-0.4901675879955292,-0.6038413047790527
5,99,2.2597923278808594,2.2878968715667725,2.341038703918457,2.1828408241271973,2.2523176670074463,2.031883955001831,2.0752618312835693,1.7443739175796509,2.0382819175720215,2.0182924270629883,2.227339506149292,2.164983034133911,3.0773651599884033,2.8624114990234375,2.297776222229004,2.225098133087158,3.3191404342651367,0.7917101979255676,2.439573049545288,2.4991705417633057,2.5381968021392822,2.505305290222168,2.536025285720825,2.2579433917999268,2.285459280014038,2.0883307456970215,2.3216652870178223,2.1531410217285156,2.3560309410095215,2.300400972366333,3.2436039447784424,3.0352394580841064,2.4610419273376465,2.393242359161377,3.545351266860962,0.5693578124046326,2.9751064777374268,1.3935922384262085,1.4935880899429321,-0.5173026919364929,-0.5467416644096375
5,99,2.383316993713379,2.3820202350616455,2.4334280490875244,2.1018307209014893,2.214733839035034,2.118861436843872,2.173593282699585,1.5843422412872314,2.0043537616729736,1.6570007801055908,1.8529523611068726,1.7997230291366577,2.6621530055999756,2.4650473594665527,1.917201280593872,1.8521215915679932,2.968710422515869,0.7859185934066772,2.4889886379241943,2.519042730331421,2.5589237213134766,2.366238594055176,2.437649726867676,2.2681076526641846,2.308969259262085,1.8931350708007812,2.272897243499756,1.7774428129196167,1.9665786027908325,1.9219614267349243,2.8279671669006348,2.6385726928710938,2.0757439136505127,2.016000986099243,3.2097644805908203,0.5369861721992493,2.945720672607422,1.2985095977783203,1.4570468664169312,-0.37694352865219116,-0.4837068021297455
5,99,2.2210843563079834,2.213780164718628,2.2606585025787354,1.9425772428512573,2.043534994125366,1.972413182258606,2.0165481567382812,1.4241137504577637,1.8648794889450073,1.6416906118392944,1.826425552368164,1.7774914503097534,2.603012800216675,2.4065895080566406,1.8938047885894775,1.8290609121322632,2.869081735610962,0.7094919681549072,2.3674516677856445,2.3898942470550537,2.4277894496917725,2.2400498390197754,2.304992437362671,2.1607398986816406,2.1924948692321777,1.7638980150222778,2.156217336654663,1.7576568126678467,1.9365582466125488,1.8942880630493164,2.753282308578491,2.56326961517334,2.0395193099975586,1.9800541400909424,3.0820865631103516,0.48741501569747925,2.866049289703369,1.2552752494812012,1.305801510810852,-0.3544352948665619,-0.5691835880279541
5,99,2.3028135299682617,2.285227060317993,2.332810163497925,1.9839740991592407,2.0914320945739746,2.0477020740509033,2.094026565551758,1.4413764476776123,1.878241777420044,1.5327343940734863,1.7236613035202026,1.6749756336212158,2.4907264709472656,2.3052401542663574,1.7796136140823364,1.7203415632247925,2.724963903427124,0.64569091796875,2.400052547454834,2.411369562149048,2.448777914047241,2.220586061477661,2.29107928276062,2.17975115776062,2.2141506671905518,1.7061563730239868,2.1364543437957764,1.6329981088638306,1.8179982900619507,1.7756941318511963,2.622826337814331,2.4435689449310303,1.9093092679977417,1.8548023700714111,2.9184136390686035,0.4273509383201599,2.923854351043701,1.1976734399795532,1.3264203071594238,-0.3823870122432709,-0.48006904125213623
5,99,2.3468973636627197,2.336817979812622,2.38974666595459,2.083897590637207,2.1929702758789062,2.097820520401001,2.1501827239990234,1.5625134706497192,1.9715721607208252,1.591347336769104,1.7840646505355835,1.7320048809051514,2.5717458724975586,2.3665218353271484,1.851636290550232,1.7870593070983887,2.7816548347473145,0.6198967099189758,2.4720118045806885,2.490638256072998,2.533496379852295,2.347778081893921,2.4199934005737305,2.2606751918792725,2.3007466793060303,1.8503743410110474,2.236609697341919,1.7020111083984375,1.888321876525879,1.8408770561218262,2.7147669792175293,2.5127599239349365,1.9941363334655762,1.932887315750122,2.991551637649536,0.370502233505249,2.958467721939087,1.3549867868423462,1.3920199871063232,-0.43567192554473877,-0.42473405599594116
5,99,2.333331823348999,2.324522018432617,2.3740837574005127,2.1027112007141113,2.1945290565490723,2.0915839672088623,2.140270233154297,1.5936394929885864,2.002312660217285,1.6741002798080444,1.869794249534607,1.816132664680481,2.68978214263916,2.473876953125,1.9490522146224976,1.882324457168579,2.9057867527008057,0.5864108800888062,2.464167833328247,2.4841883182525635,2.523250102996826,2.3727188110351562,2.4277143478393555,2.2617623805999756,2.2977800369262695,1.888874888420105,2.2618353366851807,1.797135353088379,1.9868006706237793,1.9382737874984741,2.8386600017547607,2.6271109580993652,2.098381996154785,2.035230875015259,3.11250901222229,0.35793155431747437,3.00508713722229,1.380649447441101,1.353660225868225,-0.4779854416847229,-0.47628188133239746
5,99,2.2992873191833496,2.2929527759552,2.341539144515991,2.071894645690918,2.165916681289673,2.056187868118286,2.1072490215301514,1.5781011581420898,1.9536266326904297,1.6866651773452759,1.8865532875061035,1.828361988067627,2.710106611251831,2.489732265472412,1.9610238075256348,1.891766905784607,2.9295411109924316,0.6237397789955139,2.437828779220581,2.4627485275268555,2.4991681575775146,2.358304023742676,2.411921262741089,2.2366244792938232,2.273484230041504,1.88856041431427,2.2302958965301514,1.8136714696884155,2.0070815086364746,1.954428791999817,2.866884708404541,2.650442123413086,2.1171250343322754,2.0513131618499756,3.1485865116119385,0.3794252872467041,2.972719669342041,1.299457311630249,1.2997201681137085,-0.43266671895980835,-0.5639230608940125
5,99,2.2198219299316406,2.231764316558838,2.2788922786712646,2.0193421840667725,2.1047251224517822,1.9846705198287964,2.03460431098938,1.5441890954971313,1.9071061611175537,1.6817193031311035,1.881898283958435,1.8198360204696655,2.7172558307647705,2.4723050594329834,1.9693914651870728,1.8923355340957642,2.951280355453491,0.6048816442489624,2.3442981243133545,2.3886303901672363,2.423556327819824,2.3011019229888916,2.3425745964050293,2.1557464599609375,2.1903529167175293,1.8578540086746216,2.1684019565582275,1.8322808742523193,2.023958444595337,1.9678826332092285,2.895437240600586,2.6556692123413086,2.146840810775757,2.073590040206909,3.188248872756958,0.37724757194519043,2.9235024452209473,1.2910771369934082,1.2679849863052368,-0.4346705377101898,-0.5710132718086243
5,99,2.297231674194336,2.3093960285186768,2.3568477630615234,2.089751720428467,2.166808843612671,2.0614521503448486,2.1074771881103516,1.5893610715866089,1.9870175123214722,1.6870602369308472,1.8930851221084595,1.8304799795150757,2.7521307468414307,2.508129596710205,1.983331322669983,1.9053013324737549,2.9978082180023193,0.6016858220100403,2.4310126304626465,2.476247787475586,2.511634111404419,2.384303331375122,2.418255567550659,2.243065595626831,2.273800849914551,1.9180946350097656,2.2593047618865967,1.838506817817688,2.035332202911377,1.979381799697876,2.9315409660339355,2.6943094730377197,2.161616802215576,2.0883328914642334,3.2386295795440674,0.36826032400131226,2.992612838745117,1.276942491531372,1.3159732818603516,-0.495622456073761,-0.5321088433265686
5,99,1.924929141998291,1.921075463294983,1.9852969646453857,1.7271708250045776,1.812838077545166,1.6982285976409912,1.759105920791626,1.3014194965362549,1.590000867843628,1.8540836572647095,2.0457868576049805,1.9747554063796997,2.8595738410949707,2.5874972343444824,2.1442527770996094,2.060274600982666,3.027627468109131,0.5233286023139954,2.00191593170166,2.030139207839966,2.0820493698120117,1.9606431722640991,1.9997037649154663,1.8209712505340576,1.8660948276519775,1.5591340065002441,1.7944343090057373,2.0253031253814697,2.208601474761963,2.1420159339904785,3.0480024814605713,2.7807981967926025,2.334324359893799,2.2534329891204834,3.2649664878845215,0.30789923667907715,2.950360059738159,1.1150327920913696,1.085631012916565,-0.3805919587612152,-0.693971574306488
5,99,2.1636602878570557,2.1616969108581543,2.214881420135498,1.943983793258667,2.0250704288482666,1.926364541053772,1.9765807390213013,1.4817057847976685,1.846277117729187,1.7092629671096802,1.9081963300704956,1.8372143507003784,2.7437331676483154,2.482815980911255,2.00167179107666,1.9192886352539062,2.9733588695526123,0.5993795990943909,2.2691779136657715,2.299717903137207,2.3405048847198486,2.2101283073425293,2.2460570335388184,2.0793426036834717,2.114187240600586,1.781796932220459,2.0909340381622314,1.8814945220947266,2.0736727714538574,2.0093460083007812,2.9440135955810547,2.690638542175293,2.1985673904418945,2.1208412647247314,3.2270748615264893,0.3976764976978302,2.9438259601593018,1.2693064212799072,1.3346344232559204,-0.40639612078666687,-0.49655190110206604
5,99,1.999328851699829,1.987623929977417,2.0444068908691406,1.78681218624115,1.8615623712539673,1.7751888036727905,1.8262839317321777,1.3624523878097534,1.6996290683746338,1.6444882154464722,1.8259028196334839,1.752769947052002,2.6149444580078125,2.3286871910095215,1.9214705228805542,1.8323148488998413,2.8271355628967285,0.5218029022216797,2.0982699394226074,2.116154670715332,2.160667896270752,2.034411907196045,2.061699867248535,1.9176113605499268,1.952574372291565,1.6383891105651855,1.9282808303833008,1.7948477268218994,1.9712016582489014,1.9027214050292969,2.7888996601104736,2.508897304534912,2.0935568809509277,2.008244276046753,3.0496017932891846,0.3284773826599121,2.8161826133728027,1.1643375158309937,1.2007368803024292,-0.3605710566043854,-0.512508749961853
5,99,2.3297226428985596,2.3394553661346436,2.3948543071746826,2.1665518283843994,2.2436745166778564,2.0866823196411133,2.1379916667938232,1.7130151987075806,2.05718994140625,1.9850049018859863,2.1864705085754395,2.1250572204589844,3.094498872756958,2.8629119396209717,2.304227828979492,2.2301697731018066,3.432811975479126,0.5356095433235168,2.4513449668884277,2.4895379543304443,2.534649610519409,2.4297125339508057,2.4711151123046875,2.251446485519409,2.2899131774902344,2.0101449489593506,2.29196834564209,2.1415951251983643,2.3350017070770264,2.279149055480957,3.270806074142456,3.046060085296631,2.4832675457000732,2.413365125656128,3.662668228149414,0.3036481738090515,3.2854249477386475,1.4479893445968628,1.3364132642745972,-0.5071122050285339,-0.5831108093261719
5,99,2.458634853363037,2.453007936477661,2.5162651538848877,2.1873362064361572,2.3014414310455322,2.1789870262145996,2.2361536026000977,1.6935462951660156,2.093062400817871,2.0191802978515625,2.209503173828125,2.155200719833374,3.11259126663208,2.913433313369751,2.3414387702941895,2.275236129760742,3.5120887756347656,0.5525635480880737,2.544717788696289,2.5642480850219727,2.6193556785583496,2.4076738357543945,2.48956298828125,2.302908420562744,2.3494129180908203,1.9529463052749634,2.310533046722412,2.1616530418395996,2.343545913696289,2.2941858768463135,3.276017189025879,3.083385705947876,2.5088393688201904,2.4470300674438477,3.7330994606018066,0.30311816930770874,3.507124900817871,1.4998910427093506,1.3928697109222412,-0.463667631149292,-0.5765342116355896
5,99,2.550071954727173,2.547292470932007,2.6107852458953857,2.2644832134246826,2.382575035095215,2.2669899463653564,2.3235926628112793,1.7333166599273682,2.1789236068725586,1.926391839981079,2.123892307281494,2.072948455810547,3.0398480892181396,2.849431037902832,2.248204469680786,2.184659242630005,3.449610710144043,0.5616941452026367,2.653841495513916,2.677046775817871,2.731785535812378,2.502000331878662,2.58760929107666,2.4079017639160156,2.4535815715789795,2.0063610076904297,2.4200079441070557,2.064851760864258,2.2530181407928467,2.2064766883850098,3.2024943828582764,3.01698637008667,2.414982795715332,2.3552498817443848,3.6759042739868164,0.29553768038749695,3.493704080581665,1.5519882440567017,1.4124391078948975,-0.4790850281715393,-0.5659061074256897
5,99,2.1506173610687256,2.137082576751709,2.201080560684204,1.918351411819458,2.0152831077575684,1.9105796813964844,1.9717042446136475,1.4796570539474487,1.8370048999786377,1.5910468101501465,1.7746940851211548,1.7148139476776123,2.602235794067383,2.3535890579223633,1.882611632347107,1.8052064180374146,2.8774473667144775,0.4347701668739319,2.272951364517212,2.28749942779541,2.341000556945801,2.180295467376709,2.2364237308502197,2.073061227798462,2.1202709674835205,1.7678725719451904,2.0882771015167236,1.7430875301361084,1.9192719459533691,1.8612005710601807,2.7730159759521484,2.526873826980591,2.0577619075775146,1.9823544025421143,3.0997471809387207,0.20878100395202637,2.9363582134246826,1.2425320148468018,1.152191162109375,-0.44443386793136597,-0.5318047404289246
5,99,2.135702133178711,2.1235618591308594,2.1888351440429688,1.9139678478240967,2.0157501697540283,1.9033870697021484,1.9652091264724731,1.4679453372955322,1.8218218088150024,1.5602405071258545,1.7389310598373413,1.67851722240448,2.5394718647003174,2.2841148376464844,1.8440660238265991,1.7649041414260864,2.800581455230713,0.4272534251213074,2.26371169090271,2.27820086479187,2.33306884765625,2.1726584434509277,2.2340943813323975,2.069324016571045,2.117253065109253,1.7483010292053223,2.072904109954834,1.6947859525680542,1.8665897846221924,1.80784273147583,2.6923930644989014,2.4390079975128174,2.000835418701172,1.9236725568771362,3.0040836334228516,0.2126999944448471,2.8920257091522217,1.2416402101516724,1.165563941001892,-0.44986480474472046,-0.5135023593902588
5,99,2.1111104488372803,2.100632667541504,2.160123586654663,1.889884352684021,1.9703214168548584,1.8726952075958252,1.9304510354995728,1.4239916801452637,1.8199783563613892,1.7111836671829224,1.89066743850708,1.8327127695083618,2.718031644821167,2.4728734493255615,2.0064423084259033,1.9314219951629639,2.982426404953003,0.4180789887905121,2.288874387741089,2.3055224418640137,2.3560853004455566,2.2021796703338623,2.2474842071533203,2.0913872718811035,2.1366469860076904,1.7620267868041992,2.1118509769439697,1.8531051874160767,2.025810480117798,1.970064401626587,2.87432861328125,2.632817268371582,2.167178153991699,2.0942420959472656,3.1839988231658936,0.21488143503665924,3.006462335586548,1.2460554838180542,1.1446553468704224,-0.42743825912475586,-0.5740636587142944
5,99,2.288424491882324,2.271848440170288,2.3240597248077393,2.0008890628814697,2.094102621078491,2.035964012145996,2.0937323570251465,1.501025915145874,1.9151029586791992,1.7338751554489136,1.922760248184204,1.8615468740463257,2.783160924911499,2.5226333141326904,2.0406346321105957,1.9616966247558594,3.0578486919403076,0.44084739685058594,2.4190897941589355,2.4308488368988037,2.47236967086792,2.271831750869751,2.3231472969055176,2.2059500217437744,2.2498226165771484,1.7960456609725952,2.18912672996521,1.870667576789856,2.05193829536438,1.9941977262496948,2.9365622997283936,2.6800332069396973,2.197801351547241,2.121399402618408,3.260455369949341,0.2181054651737213,3.2135279178619385,1.2920422554016113,1.045832872390747,-0.46270158886909485,-0.7102506160736084
5,99,2.385343551635742,2.362844467163086,2.4143805503845215,2.095175266265869,2.1746366024017334,2.1280417442321777,2.1785202026367188,1.5615700483322144,2.01717472076416,1.775391936302185,1.9731472730636597,1.9145441055297852,2.8644626140594482,2.623548746109009,2.0936532020568848,2.019770860671997,3.1290359497070312,0.41982197761535645,2.5299744606018066,2.53696870803833,2.5789406299591064,2.3860957622528076,2.4270761013031006,2.3138656616210938,2.3517565727233887,1.8769633769989014,2.307335615158081,1.921964168548584,2.1127846240997314,2.059006929397583,3.026165246963501,2.7931792736053467,2.2590601444244385,2.1891112327575684,3.3390443325042725,0.21067112684249878,3.3465559482574463,1.3016958236694336,1.086129069328308,-0.5596324801445007,-0.6998470425605774
5,99,2.364423990249634,2.3668971061706543,2.411632537841797,2.1719019412994385,2.2351088523864746,2.123755931854248,2.167266845703125,1.6382877826690674,2.075721502304077,1.8679691553115845,2.0817017555236816,2.0220677852630615,3.020944833755493,2.788085699081421,2.198148012161255,2.1248271465301514,3.313202142715454,0.4255656898021698,2.6292660236358643,2.663505792617798,2.697758197784424,2.577453136444092,2.6079249382019043,2.433187246322632,2.4635515213012695,2.0591392517089844,2.4590461254119873,1.9825860261917114,2.186195135116577,2.13210129737854,3.150954008102417,2.924582004547119,2.3340935707092285,2.2650768756866455,3.5035598278045654,0.16126678884029388,3.3157083988189697,1.3931834697723389,1.1347500085830688,-0.5817363262176514,-0.7012437582015991
5,99,2.5042526721954346,2.497316837310791,2.5497117042541504,2.2547216415405273,2.3409435749053955,2.2457122802734375,2.295738458633423,1.7106711864471436,2.153442621231079,1.9319697618484497,2.1469082832336426,2.0903983116149902,3.1074061393737793,2.8809661865234375,2.2707371711730957,2.1997792720794678,3.416167736053467,0.4103245437145233,2.6833701133728027,2.7082107067108154,2.7497990131378174,2.5820112228393555,2.6313629150390625,2.4676387310028076,2.504420280456543,2.0599889755249023,2.4738192558288574,2.057354211807251,2.2627980709075928,2.2132656574249268,3.244847297668457,3.0269598960876465,2.4138402938842773,2.348095655441284,3.6042540073394775,0.18576692044734955,3.54429292678833,1.4029451608657837,1.0092825889587402,-0.6101049780845642,-0.7722299695014954
5,99,2.288595199584961,2.2859253883361816,2.3421051502227783,2.0964722633361816,2.18162202835083,2.0596137046813965,2.1101770401000977,1.618006706237793,1.9942103624343872,1.8474713563919067,2.0525898933410645,1.9920090436935425,2.9493582248687744,2.6983792781829834,2.1648948192596436,2.0868377685546875,3.174605131149292,0.4124183654785156,2.467658042907715,2.494934320449829,2.540412664413452,2.4124486446380615,2.460210084915161,2.2801473140716553,2.316938638687134,1.9472907781600952,2.2912395000457764,1.9618043899536133,2.1588306427001953,2.102759599685669,3.077357053756714,2.832167148590088,2.2970447540283203,2.222831964492798,3.351806402206421,0.19159655272960663,3.2401692867279053,1.2425109148025513,1.0637719631195068,-0.6554385423660278,-0.6979641318321228
5,99,2.246405601501465,2.2145190238952637,2.2804155349731445,1.875156283378601,2.010493516921997,1.9890457391738892,2.0535099506378174,1.375190019607544,1.7650071382522583,1.6041679382324219,1.7923071384429932,1.7281508445739746,2.616533041000366,2.3451318740844727,1.9010118246078491,1.8177553415298462,2.8177366256713867,0.4253934919834137,2.3302834033966064,2.326514959335327,2.3827896118164062,2.099595308303833,2.190718650817871,2.1088671684265137,2.1600756645202637,1.6138533353805542,2.0152175426483154,1.730978012084961,1.9107983112335205,1.850670337677002,2.758539915084839,2.491544246673584,2.0460333824157715,1.9662903547286987,3.007791519165039,0.2226305603981018,3.1822361946105957,1.115585207939148,1.0344613790512085,-0.425796240568161,-0.6461465358734131
5,99,2.403728723526001,2.3754732608795166,2.4390344619750977,2.0156984329223633,2.1487326622009277,2.129329204559326,2.1929826736450195,1.4834651947021484,1.912384033203125,1.7805944681167603,1.9787871837615967,1.9179940223693848,2.8665006160736084,2.6016464233398438,2.0965094566345215,2.015570640563965,3.124889373779297,0.48693394660949707,2.499891996383667,2.5010061264038086,2.5543882846832275,2.2585220336914062,2.34732985496521,2.2632346153259277,2.3133254051208496,1.7477312088012695,2.1822919845581055,1.9125360250473022,2.1022186279296875,2.045334577560425,3.0146589279174805,2.753817319869995,2.2474210262298584,2.169672966003418,3.321373224258423,0.2738245129585266,3.4271352291107178,1.2846533060073853,1.0879645347595215,-0.4027736186981201,-0.6805351972579956
5,99,2.222620964050293,2.1981759071350098,2.2634975910186768,1.8942599296569824,2.0275068283081055,1.9745622873306274,2.0422794818878174,1.4076664447784424,1.8148630857467651,1.6236414909362793,1.8132679462432861,1.7542142868041992,2.629552125930786,2.358157157897949,1.907372236251831,1.826234221458435,2.8141160011291504,0.45508742332458496,2.3270604610443115,2.329901933670044,2.384816884994507,2.1284918785095215,2.2183384895324707,2.1124701499938965,2.1664912700653076,1.6525222063064575,2.0656349658966064,1.7183494567871094,1.9009125232696533,1.8445154428482056,2.7389237880706787,2.4698543548583984,2.01932954788208,1.9403764009475708,2.966240167617798,0.27095696330070496,3.0924766063690186,1.2158987522125244,0.9912643432617188,-0.4217134714126587,-0.6687922477722168
5,99,2.1579885482788086,2.1330437660217285,2.1965110301971436,1.8159589767456055,1.9554740190505981,1.9147804975509644,1.9818928241729736,1.346891164779663,1.7385746240615845,1.486426830291748,1.6623051166534424,1.6049180030822754,2.442629337310791,2.1706438064575195,1.7597641944885254,1.6788958311080933,2.6346800327301025,0.42366141080856323,2.2375059127807617,2.2362558841705322,2.290480136871338,2.012524127960205,2.1109373569488525,2.0238962173461914,2.078545093536377,1.5552170276641846,1.9568973779678345,1.5644721984863281,1.7333362102508545,1.6776626110076904,2.5351972579956055,2.2641654014587402,1.8552216291427612,1.7758934497833252,2.7692902088165283,0.24102851748466492,2.9543514251708984,1.1849743127822876,0.9643839001655579,-0.42935094237327576,-0.6167222857475281
5,99,2.2261617183685303,2.204298257827759,2.2623703479766846,1.8691034317016602,1.998418927192688,1.9764652252197266,2.0402019023895264,1.3682488203048706,1.7758142948150635,1.4845362901687622,1.665390133857727,1.6111491918563843,2.4589037895202637,2.2066147327423096,1.7605090141296387,1.6853294372558594,2.6579885482788086,0.41870802640914917,2.295940399169922,2.2984778881073,2.347635269165039,2.0586369037628174,2.1486172676086426,2.07553768157959,2.1275622844696045,1.570970058441162,1.9922503232955933,1.5593589544296265,1.7318003177642822,1.679321527481079,2.5476949214935303,2.296708583831787,1.8536968231201172,1.7799588441848755,2.792328357696533,0.2223932445049286,3.033201217651367,1.2188470363616943,1.0472160577774048,-0.4254463016986847,-0.5242634415626526
5,99,2.151520013809204,2.125730276107788,2.188929796218872,1.7941597700119019,1.9420902729034424,1.9069337844848633,1.9759849309921265,1.314814567565918,1.6964199542999268,1.4909276962280273,1.6601824760437012,1.605677604675293,2.4143288135528564,2.152787446975708,1.7573219537734985,1.6807618141174316,2.582237720489502,0.4204901456832886,2.212130069732666,2.209127187728882,2.263669490814209,1.9688221216201782,2.0768015384674072,1.9955531358718872,2.0530316829681396,1.4978612661361694,1.9002140760421753,1.5757851600646973,1.738051176071167,1.6854645013809204,2.5114688873291016,2.2509381771087646,1.8579139709472656,1.7828171253204346,2.7191002368927,0.2519981265068054,2.971771478652954,1.166305661201477,1.0300477743148804,-0.44509226083755493,-0.5408982634544373
5,99,2.250542402267456,2.2268385887145996,2.290694236755371,1.8929522037506104,2.0394105911254883,1.999170184135437,2.066948175430298,1.395734429359436,1.8090629577636719,1.4806101322174072,1.6542938947677612,1.6075243949890137,2.4250659942626953,2.194143295288086,1.7496529817581177,1.6823381185531616,2.617617607116699,0.444527804851532,2.32035231590271,2.3197455406188965,2.375769853591919,2.078457832336426,2.1888933181762695,2.0977330207824707,2.1550450325012207,1.5945987701416016,2.020346164703369,1.5576763153076172,1.7234457731246948,1.677607536315918,2.5186569690704346,2.287177801132202,1.8470158576965332,1.7804065942764282,2.758704423904419,0.2431243360042572,3.0056982040405273,1.2525599002838135,1.1108577251434326,-0.47466275095939636,-0.49026167392730713
5,99,2.089519500732422,2.0906145572662354,2.1533477306365967,1.8994269371032715,2.0081305503845215,1.8664714097976685,1.9301704168319702,1.427077293395996,1.8193553686141968,1.5757559537887573,1.7597988843917847,1.710544228553772,2.5410616397857666,2.292372703552246,1.8447890281677246,1.772447109222412,2.6562328338623047,0.47420722246170044,2.208371162414551,2.2327985763549805,2.2862918376922607,2.1245996952056885,2.1993324756622314,2.016432046890259,2.0680131912231445,1.6584519147872925,2.0325629711151123,1.622775673866272,1.7997026443481445,1.751833200454712,2.6025660037994385,2.3535516262054443,1.910204529762268,1.838776707649231,2.7625887393951416,0.29017478227615356,2.75972580909729,1.2772003412246704,1.1159870624542236,-0.6216646432876587,-0.5180420279502869
5,99,2.2288663387298584,2.2025957107543945,2.2645225524902344,1.8564767837524414,1.996534824371338,1.9651985168457031,2.0305402278900146,1.333423376083374,1.770134449005127,1.5040146112442017,1.6769040822982788,1.6341538429260254,2.4405765533447266,2.2252893447875977,1.7654668092727661,1.703447937965393,2.642469882965088,0.5033197402954102,2.2713959217071533,2.2655258178710938,2.3212385177612305,2.0040886402130127,2.113440990447998,2.0325376987457275,2.0892961025238037,1.4973140954971313,1.9447163343429565,1.5833598375320435,1.749451994895935,1.7074607610702515,2.5378365516662598,2.3221094608306885,1.8658182621002197,1.8046236038208008,2.7859792709350586,0.3172895312309265,2.9918904304504395,1.2910761833190918,1.2111718654632568,-0.4497028589248657,-0.449978232383728
5,99,2.1169259548187256,2.096048355102539,2.1579689979553223,1.7877386808395386,1.9207723140716553,1.862909197807312,1.9324251413345337,1.3085862398147583,1.7287027835845947,1.5029678344726562,1.6767123937606812,1.6285852193832397,2.449939489364624,2.2120590209960938,1.7702258825302124,1.7022532224655151,2.6325318813323975,0.4894395172595978,2.1607298851013184,2.1615982055664062,2.2162790298461914,1.9447373151779175,2.0431087017059326,1.9352835416793823,1.9949023723602295,1.4846830368041992,1.8964221477508545,1.5893316268920898,1.756263017654419,1.7089040279388428,2.554378032684326,2.3154172897338867,1.8771334886550903,1.8094574213027954,2.7811472415924072,0.30359193682670593,2.858762502670288,1.2511475086212158,1.1555103063583374,-0.4451313614845276,-0.4806709289550781
5,99,1.8745710849761963,1.8647749423980713,1.9267948865890503,1.6453423500061035,1.7540243864059448,1.6486355066299438,1.714252233505249,1.1991082429885864,1.5886504650115967,1.3919634819030762,1.5665302276611328,1.5146396160125732,2.306889533996582,2.0470468997955322,1.644500970840454,1.570327639579773,2.405132293701172,0.4805464744567871,1.9327921867370605,1.9434518814086914,1.9976792335510254,1.8032113313674927,1.8786232471466064,1.7341351509094238,1.7890671491622925,1.3664363622665405,1.738640546798706,1.4394874572753906,1.6082390546798706,1.5561381578445435,2.3731515407562256,2.1108217239379883,1.712443232536316,1.6380878686904907,2.5153396129608154,0.3039511740207672,2.4855802059173584,1.1719459295272827,1.107378602027893,-0.514257550239563,-0.4363837242126465
5,99,2.0266594886779785,2.0402896404266357,2.095140218734741,1.8849844932556152,1.9748448133468628,1.8170864582061768,1.8735244274139404,1.4052094221115112,1.8152490854263306,1.3477683067321777,1.5348354578018188,1.49225652217865,2.2762696743011475,2.0654022693634033,1.5886163711547852,1.5276652574539185,2.3691258430480957,0.5760169625282288,2.11655592918396,2.1526520252227783,2.1993353366851807,2.0798048973083496,2.139904022216797,1.938319444656372,1.9841020107269287,1.614319086074829,1.985785961151123,1.3654708862304688,1.5460964441299438,1.5037332773208618,2.324274778366089,2.1107077598571777,1.6357996463775635,1.5747201442718506,2.4774351119995117,0.3617466688156128,2.3698368072509766,1.325780987739563,1.2836904525756836,-0.563630223274231,-0.32364386320114136
5,99,2.2153844833374023,2.193615198135376,2.2511165142059326,1.8533855676651,1.9949567317962646,1.960304617881775,2.0240061283111572,1.3256936073303223,1.7696865797042847,1.388604998588562,1.5609666109085083,1.521159291267395,2.2716519832611084,2.074462652206421,1.6182634830474854,1.5618287324905396,2.450554370880127,0.6480515003204346,2.248673677444458,2.2481484413146973,2.2996315956115723,1.998021125793457,2.10894775390625,2.020268440246582,2.0757293701171875,1.4942827224731445,1.939825415611267,1.4466601610183716,1.6138174533843994,1.5745253562927246,2.363157272338867,2.163348436355591,1.706035852432251,1.6494580507278442,2.599236488342285,0.44843947887420654,2.741485357284546,1.216222882270813,1.3061646223068237,-0.44380730390548706,-0.3519933819770813
5,99,2.06438946723938,2.044816732406616,2.110039710998535,1.7577425241470337,1.8985257148742676,1.8199875354766846,1.88907790184021,1.2707552909851074,1.7002487182617188,1.3684709072113037,1.540427565574646,1.5000436305999756,2.2627017498016357,2.0439882278442383,1.599699854850769,1.5373800992965698,2.434680223464966,0.6592508554458618,2.0940611362457275,2.097052574157715,2.155515670776367,1.9088314771652222,2.0139124393463135,1.8806087970733643,1.9397224187850952,1.451780080795288,1.8551499843597412,1.4353681802749634,1.6039127111434937,1.5620523691177368,2.364851713180542,2.1407153606414795,1.6963486671447754,1.6325271129608154,2.590451955795288,0.4752870798110962,2.53164005279541,1.2767391204833984,1.2976391315460205,-0.3523982763290405,-0.3658900558948517
5,99,1.497756004333496,1.5689219236373901,1.627416968345642,1.818130612373352,1.8046189546585083,1.3942475318908691,1.4255784749984741,1.6627391576766968,1.44949471950531,1.4141970872879028,1.6000107526779175,1.575809359550476,2.3785452842712402,2.176445960998535,1.63657546043396,1.5777478218078613,2.525824546813965,0.9307676553726196,1.4671581983566284,1.5689142942428589,1.614856481552124,1.9611594676971436,1.905784249305725,1.4381723403930664,1.4511926174163818,1.8786742687225342,1.4095485210418701,1.4580897092819214,1.6435267925262451,1.6179313659667969,2.501842737197876,2.2928647994995117,1.7400691509246826,1.6799654960632324,2.7398054599761963,0.6721950173377991,1.2984426021575928,1.44915771484375,1.4095103740692139,-0.4393067955970764,-0.45894312858581543
5,99,2.019749164581299,2.0883660316467285,2.1488165855407715,2.277287721633911,2.292227268218994,1.9049478769302368,1.9357870817184448,1.9604566097259521,1.9391409158706665,1.891400933265686,2.0798521041870117,2.045546293258667,2.739229679107666,2.5303280353546143,2.0326950550079346,1.9657682180404663,2.660351276397705,1.523759365081787,2.2362308502197266,2.339162588119507,2.3848090171813965,2.6600871086120605,2.633436918258667,2.1917061805725098,2.2034852504730225,2.384338617324829,2.1337473392486572,2.111849784851074,2.307486057281494,2.277143716812134,3.0378189086914062,2.831291437149048,2.2986128330230713,2.2343239784240723,3.015023708343506,1.511777400970459,1.4558448791503906,1.4581607580184937,1.4314874410629272,-0.6600833535194397,-0.772007167339325
5,99,1.8291257619857788,1.8704711198806763,1.9486181735992432,2.0030574798583984,2.04024076461792,1.6562286615371704,1.7066928148269653,1.7445645332336426,1.7078319787979126,2.169064998626709,2.341373920440674,2.3081414699554443,2.8690695762634277,2.673614263534546,2.2218894958496094,2.1604807376861572,2.668278217315674,1.9879995584487915,1.9768781661987305,2.066002368927002,2.12379789352417,2.3734261989593506,2.3542120456695557,1.8943150043487549,1.9184188842773438,2.157289505004883,1.8959994316101074,2.436976432800293,2.625324010848999,2.5942299365997314,3.2461116313934326,3.050291061401367,2.545518159866333,2.4844090938568115,3.1005208492279053,2.099130630493164,1.4839420318603516,1.281661033630371,1.5433140993118286,-0.5597335696220398,-0.8227490186691284
5,99,2.407822847366333,2.4023239612579346,2.4841721057891846,2.225191593170166,2.3499932289123535,2.153233766555786,2.214259147644043,1.7592114210128784,2.1454644203186035,2.4977989196777344,2.5525152683258057,2.543435573577881,2.4921875,2.4083075523376465,2.302079200744629,2.2785422801971436,1.9320343732833862,2.289917469024658,2.5172736644744873,2.557173252105713,2.6253244876861572,2.585977792739868,2.6533994674682617,2.342721939086914,2.384108781814575,2.204127550125122,2.408426523208618,2.6650006771087646,2.7590153217315674,2.745337963104248,2.8863651752471924,2.780606269836426,2.547666549682617,2.5147743225097656,2.431162118911743,2.5692977905273438,1.3955177068710327,1.4797868728637695,1.5338889360427856,-0.34577885270118713,-0.6814508438110352
5,99,2.316484212875366,2.3075051307678223,2.394146680831909,2.1442956924438477,2.265655517578125,2.0607821941375732,2.1267690658569336,1.7067670822143555,2.057603359222412,2.428779363632202,2.492790699005127,2.4855778217315674,2.502777099609375,2.4044840335845947,2.2547097206115723,2.2310304641723633,1.995591163635254,2.2684361934661865,2.4238598346710205,2.4622819423675537,2.5335066318511963,2.514678955078125,2.571786880493164,2.253817319869995,2.297572135925293,2.159595012664795,2.3154025077819824,2.6224963665008545,2.7257492542266846,2.7117536067962646,2.921576976776123,2.796844720840454,2.531447410583496,2.4963221549987793,2.512756586074829,2.536858081817627,1.3933085203170776,1.4120875597000122,1.5525991916656494,-0.3499987721443176,-0.7134436368942261
5,99,2.3916585445404053,2.3994033336639404,2.483956813812256,2.3276901245117188,2.430121660232544,2.165070056915283,2.225961208343506,1.9085644483566284,2.2031736373901367,2.4482696056365967,2.549229860305786,2.531205892562866,2.74471116065979,2.6102283000946045,2.346888780593872,2.308084487915039,2.334416627883911,2.3285071849823,2.5923800468444824,2.6477463245391846,2.716397523880005,2.777872085571289,2.8234405517578125,2.453227996826172,2.492394208908081,2.4287853240966797,2.509909152984619,2.729065179824829,2.8640456199645996,2.843277931213379,3.2197797298431396,3.0727574825286865,2.7072877883911133,2.662435293197632,2.8920974731445312,2.5964667797088623,1.5243407487869263,1.4753036499023438,1.5886280536651611,-0.46477746963500977,-0.7968338131904602
5,99,2.3680875301361084,2.376605272293091,2.4629929065704346,2.3057522773742676,2.413330316543579,2.139261245727539,2.200591564178467,1.8960480690002441,2.1753950119018555,2.4277541637420654,2.526548147201538,2.508403778076172,2.7044854164123535,2.573601484298706,2.317091703414917,2.2775461673736572,2.287075996398926,2.3000409603118896,2.5922253131866455,2.649477958679199,2.719235420227051,2.782186508178711,2.8325355052948,2.452888011932373,2.491824150085449,2.4376463890075684,2.5091826915740967,2.7440640926361084,2.8771276473999023,2.8579180240631104,3.216191291809082,3.07731294631958,2.7137868404388428,2.6698060035705566,2.8782660961151123,2.6175460815429688,1.5310018062591553,1.5027893781661987,1.6151443719863892,-0.43916943669319153,-0.7711865305900574
5,99,2.402824878692627,2.412710428237915,2.498751401901245,2.3253514766693115,2.4346375465393066,2.1742193698883057,2.234818458557129,1.8992239236831665,2.2091901302337646,2.4532675743103027,2.5413413047790527,2.5279510021209717,2.649665594100952,2.535088062286377,2.318948268890381,2.2862460613250732,2.1936020851135254,2.320690870285034,2.5839452743530273,2.6396663188934326,2.7103779315948486,2.7511253356933594,2.8052475452423096,2.440274238586426,2.480318069458008,2.399827241897583,2.501300573348999,2.7103545665740967,2.8339154720306396,2.8176116943359375,3.1122710704803467,2.9840784072875977,2.656672477722168,2.6175320148468018,2.7473104000091553,2.604377031326294,1.4620506763458252,1.4979619979858398,1.5805549621582031,-0.4418531656265259,-0.769241988658905
5,99,2.356388568878174,2.376194715499878,2.4550676345825195,2.321702718734741,2.410383939743042,2.14111065864563,2.193697452545166,1.8891990184783936,2.1976284980773926,2.3584582805633545,2.4589109420776367,2.438950538635254,2.6319642066955566,2.495490074157715,2.2520031929016113,2.2105021476745605,2.2118351459503174,2.238870859146118,2.5453872680664062,2.6079459190368652,2.6742255687713623,2.7429158687591553,2.7835731506347656,2.4129698276519775,2.447401523590088,2.3894197940826416,2.466820478439331,2.661146402359009,2.794198751449585,2.7729179859161377,3.1193435192108154,2.9744350910186768,2.630178451538086,2.5840401649475098,2.7742042541503906,2.541564702987671,1.4141515493392944,1.4884260892868042,1.5650455951690674,-0.4823322892189026,-0.7744287252426147
6,99,2.323655128479004,2.385648727416992,2.4490294456481934,2.438373565673828,2.5001821517944336,2.143948793411255,2.187384843826294,2.0616345405578613,2.202955484390259,2.3223726749420166,2.4554834365844727,2.4145734310150146,2.674962282180786,2.5300745964050293,2.2341134548187256,2.1873154640197754,2.2886130809783936,2.2133116722106934,2.5466740131378174,2.6503262519836426,2.6983983516693115,2.8729705810546875,2.8906803131103516,2.448028326034546,2.4729294776916504,2.559741735458374,2.4697399139404297,2.6519932746887207,2.815417766571045,2.7767417430877686,3.1790213584899902,3.033384323120117,2.6373534202575684,2.5892481803894043,2.8626224994659424,2.5221335887908936,1.3881348371505737,1.5131267309188843,1.5290032625198364,-0.6096063256263733,-0.7933382391929626
6,99,2.359447479248047,2.4102210998535156,2.479200601577759,2.4197051525115967,2.4976162910461426,2.1609063148498535,2.210683584213257,2.0172886848449707,2.209627151489258,2.378331184387207,2.50968861579895,2.4708495140075684,2.7187485694885254,2.580958127975464,2.284088373184204,2.238905429840088,2.315944194793701,2.271564245223999,2.5755972862243652,2.670341730117798,2.7247254848480225,2.857555866241455,2.8907365798950195,2.458768367767334,2.4902472496032715,2.521696090698242,2.4905502796173096,2.6718971729278564,2.8348586559295654,2.797927141189575,3.1933844089508057,3.053093194961548,2.652280330657959,2.605440855026245,2.8680834770202637,2.547177791595459,1.448866605758667,1.5119221210479736,1.5348402261734009,-0.5835034847259521,-0.8048403859138489
6,99,2.362434148788452,2.3933308124542236,2.4696860313415527,2.3229024410247803,2.4114086627960205,2.1313278675079346,2.1894853115081787,1.8992893695831299,2.154208183288574,2.3671226501464844,2.459974527359009,2.4309797286987305,2.50205659866333,2.3779749870300293,2.1992547512054443,2.1664230823516846,2.005265712738037,2.210446834564209,2.519578695297241,2.596698760986328,2.6573541164398193,2.718299388885498,2.753532648086548,2.3705008029937744,2.408310890197754,2.365783929824829,2.4195096492767334,2.597240447998047,2.7296645641326904,2.6991379261016846,2.94923734664917,2.8127450942993164,2.5092194080352783,2.4700307846069336,2.5405054092407227,2.5190229415893555,1.4123488664627075,1.4685877561569214,1.4858318567276,-0.48966914415359497,-0.744391143321991
6,99,2.3427724838256836,2.375826358795166,2.451087236404419,2.301257371902466,2.3902781009674072,2.1148831844329834,2.1770167350769043,1.8546867370605469,2.1615495681762695,2.3842155933380127,2.476369619369507,2.451484203338623,2.505685806274414,2.392078399658203,2.2187438011169434,2.191964626312256,1.9845750331878662,2.232142925262451,2.506176471710205,2.5806503295898438,2.642777919769287,2.6860713958740234,2.727480411529541,2.3553078174591064,2.399630069732666,2.314201831817627,2.4162700176239014,2.62109112739563,2.7490153312683105,2.7223291397094727,2.9436028003692627,2.816976308822632,2.529301881790161,2.4966139793395996,2.5079398155212402,2.540245294570923,1.3507232666015625,1.5144678354263306,1.4901721477508545,-0.4610483944416046,-0.7624276280403137
6,99,2.3695337772369385,2.3985729217529297,2.4734835624694824,2.3224897384643555,2.4143612384796143,2.1452558040618896,2.2032909393310547,1.863439679145813,2.1896896362304688,2.340071678161621,2.434647560119629,2.407684087753296,2.503533124923706,2.3834967613220215,2.190675735473633,2.158170223236084,2.002241849899292,2.211306095123291,2.530740261077881,2.6017537117004395,2.661302089691162,2.6992664337158203,2.739476203918457,2.3794803619384766,2.4180843830108643,2.305976629257202,2.4493987560272217,2.597443103790283,2.7264487743377686,2.6980998516082764,2.9510498046875,2.819619655609131,2.519172191619873,2.4812867641448975,2.5299079418182373,2.5156147480010986,1.36000394821167,1.531999945640564,1.507859468460083,-0.46336671710014343,-0.7514258027076721
6,99,2.3695521354675293,2.3995466232299805,2.4735443592071533,2.3196091651916504,2.4130189418792725,2.145659923553467,2.2020750045776367,1.8553370237350464,2.185305118560791,2.3371036052703857,2.436309814453125,2.407292604446411,2.5209262371063232,2.3996875286102295,2.195834159851074,2.160017728805542,2.0274360179901123,2.2185163497924805,2.528785467147827,2.600255250930786,2.6592578887939453,2.6921234130859375,2.734872341156006,2.3767929077148438,2.4141945838928223,2.2934834957122803,2.443411111831665,2.595761299133301,2.727908134460449,2.6980557441711426,2.962463855743408,2.8312602043151855,2.5235660076141357,2.483149766921997,2.5470147132873535,2.5137836933135986,1.375093936920166,1.5338443517684937,1.4992396831512451,-0.47575095295906067,-0.7756122350692749
6,99,2.29445481300354,2.3158679008483887,2.39369535446167,2.204111099243164,2.302175760269165,2.060436964035034,2.1226205825805664,1.7473955154418945,2.0807430744171143,2.308802366256714,2.3993799686431885,2.3754308223724365,2.4519426822662354,2.3301289081573486,2.1566383838653564,2.1262123584747314,1.9535216093063354,2.1722798347473145,2.414296865463257,2.4784064292907715,2.541346549987793,2.5495433807373047,2.5915074348449707,2.2546582221984863,2.2967989444732666,2.1664440631866455,2.314485549926758,2.571000099182129,2.696303129196167,2.669949769973755,2.9038121700286865,2.767650842666626,2.4895641803741455,2.4524383544921875,2.4823739528656006,2.4922659397125244,1.3769780397415161,1.484350562095642,1.4741612672805786,-0.4021454453468323,-0.7393349409103394
6,99,2.2800490856170654,2.3156638145446777,2.3863492012023926,2.280014753341675,2.3536806106567383,2.0686888694763184,2.1214728355407715,1.845491886138916,2.122037410736084,2.325406312942505,2.4241013526916504,2.3943660259246826,2.5211541652679443,2.3913938999176025,2.1879613399505615,2.150803327560425,2.040898323059082,2.2076098918914795,2.5095841884613037,2.5863499641418457,2.64281964302063,2.716805934906006,2.7447972297668457,2.372370719909668,2.4067342281341553,2.3426311016082764,2.4245922565460205,2.6076912879943848,2.740015745162964,2.7095375061035156,2.987518072128296,2.8486921787261963,2.5403592586517334,2.498741865158081,2.582393169403076,2.5227162837982178,1.3433958292007446,1.5104972124099731,1.5119738578796387,-0.4604101777076721,-0.7586566805839539
6,99,1.904538631439209,1.93193519115448,2.005016326904297,1.9012352228164673,1.9588203430175781,1.6699140071868896,1.7245179414749146,1.5385749340057373,1.7374296188354492,2.177700996398926,2.3946304321289062,2.3460946083068848,3.2737436294555664,3.031985282897949,2.4544930458068848,2.3766894340515137,3.4141993522644043,1.2297767400741577,1.9871973991394043,2.0547237396240234,2.110077142715454,2.177489757537842,2.1806838512420654,1.8221943378448486,1.8534396886825562,1.8509770631790161,1.9227420091629028,2.4388980865478516,2.6523985862731934,2.6119613647460938,3.5751290321350098,3.341948986053467,2.74462628364563,2.6729514598846436,3.76470685005188,1.1437863111495972,2.5377724170684814,1.3063660860061646,1.4110356569290161,-0.5152845978736877,-0.7795447707176208
6,99,2.1076414585113525,2.309567928314209,2.3585007190704346,3.2798635959625244,3.347848892211914,2.3928980827331543,2.4195480346679688,3.7781643867492676,1.1115429401397705,2.359290599822998,2.5954997539520264,2.5560121536254883,3.5732855796813965,3.5259668827056885,2.6719844341278076,2.6382076740264893,4.007730484008789,1.1614781618118286,2.2566380500793457,2.461387872695923,2.4970545768737793,3.499748706817627,3.5522243976593018,2.595951795578003,2.6136319637298584,4.0690226554870605,0.8679966330528259,2.577174425125122,2.8068320751190186,2.7709503173828125,3.8550479412078857,3.8142669200897217,2.941746234893799,2.9115638732910156,4.3836445808410645,0.8592849373817444,1.048668384552002,1.7257380485534668,1.924146056175232,-0.6095017790794373,-0.566275417804718
6,99,1.50711190700531,1.6999574899673462,1.7609970569610596,2.5767245292663574,2.5762364864349365,1.7007523775100708,1.7267471551895142,2.8914263248443604,0.8981550335884094,1.9655139446258545,2.2292282581329346,2.1420719623565674,3.1667327880859375,2.9740302562713623,2.242621660232544,2.159388780593872,3.3931283950805664,0.9688540101051331,1.5273782014846802,1.7305060625076294,1.7765451669692993,2.7115275859832764,2.6871426105499268,1.8060270547866821,1.8184435367584229,3.126099109649658,0.5755204558372498,2.02599835395813,2.2876663208007812,2.198720693588257,3.301637887954712,3.106041193008423,2.3625214099884033,2.279144763946533,3.6293563842773438,0.6141099333763123,1.371031403541565,1.554202675819397,1.7708587646484375,-0.5194995999336243,-0.44420626759529114
6,99,1.480466604232788,1.651442527770996,1.7383249998092651,2.531067371368408,2.530855417251587,1.6527427434921265,1.6918764114379883,2.893907070159912,0.8978812098503113,2.116442918777466,2.3826987743377686,2.290303945541382,3.412552833557129,3.186549663543701,2.447864294052124,2.3583338260650635,3.7372653484344482,0.8691344261169434,1.5729342699050903,1.759867787361145,1.829096794128418,2.766070604324341,2.7404940128326416,1.8495054244995117,1.871393084526062,3.238149404525757,0.5713314414024353,2.2885289192199707,2.5493004322052,2.454915761947632,3.6467137336730957,3.4178574085235596,2.6747989654541016,2.5844857692718506,4.06853723526001,0.49005720019340515,1.678360939025879,1.558608889579773,1.7801090478897095,-0.5017854571342468,-0.4793648421764374
6,99,1.4441803693771362,1.6100599765777588,1.6820707321166992,2.497130870819092,2.428277015686035,1.6414738893508911,1.6625609397888184,2.8185627460479736,0.8000792264938354,2.1563007831573486,2.4102656841278076,2.31188702583313,3.4269323348999023,3.1457200050354004,2.493060350418091,2.3887975215911865,3.6983392238616943,0.7994227409362793,1.5874823331832886,1.763587474822998,1.8192216157913208,2.7490901947021484,2.657275915145874,1.868354320526123,1.8736953735351562,3.160107135772705,0.5150724053382874,2.355940341949463,2.604077100753784,2.50495982170105,3.6783218383789062,3.3936543464660645,2.738337516784668,2.633734941482544,4.034552574157715,0.45087334513664246,1.6627954244613647,1.3651847839355469,1.6845171451568604,-0.592987596988678,-0.5194219350814819
6,99,1.2436121702194214,1.3760125637054443,1.4757543802261353,2.1736960411071777,2.1500906944274902,1.3549138307571411,1.4023101329803467,2.525245189666748,0.8276736736297607,1.9056183099746704,2.1626899242401123,2.0637636184692383,3.1895592212677,2.920498847961426,2.2423055171966553,2.1411967277526855,3.5228357315063477,0.7605656385421753,1.298647403717041,1.45090913772583,1.5368672609329224,2.3982326984405518,2.3494021892547607,1.533010482788086,1.5617295503616333,2.8642561435699463,0.5129731297492981,2.0783050060272217,2.329960346221924,2.230070114135742,3.420999526977539,3.148956298828125,2.4668052196502686,2.3651528358459473,3.8398265838623047,0.4242019057273865,1.7263705730438232,1.5179208517074585,1.6941875219345093,-0.39928916096687317,-0.42645061016082764
6,99,1.0970280170440674,1.2090098857879639,1.3088338375091553,1.8994972705841064,1.866981863975525,1.168585181236267,1.2169142961502075,2.142340898513794,0.7207609415054321,1.7450417280197144,1.9865171909332275,1.8873341083526611,2.8924620151519775,2.607974052429199,2.033317804336548,1.9283455610275269,3.101315975189209,0.6879019737243652,1.1061182022094727,1.2339401245117188,1.3215477466583252,2.058029890060425,1.9990242719650269,1.288244605064392,1.3176109790802002,2.4130871295928955,0.415739506483078,1.8292604684829712,2.066019296646118,1.9633678197860718,3.029236316680908,2.738893508911133,2.1654927730560303,2.058091402053833,3.321960926055908,0.35681280493736267,1.6272286176681519,1.4097487926483154,1.5282796621322632,-0.33044731616973877,-0.3955061733722687
6,99,1.0765732526779175,1.189338207244873,1.2800564765930176,1.8436651229858398,1.8018169403076172,1.1478033065795898,1.1877224445343018,2.0415749549865723,0.7014552354812622,1.7180589437484741,1.9502136707305908,1.849556565284729,2.8096837997436523,2.52130126953125,1.9939658641815186,1.8884954452514648,2.9862523078918457,0.6275663375854492,1.0495487451553345,1.1755200624465942,1.2544336318969727,1.9553956985473633,1.8858977556228638,1.2227745056152344,1.2449804544448853,2.2661027908325195,0.3918689787387848,1.7721532583236694,1.9985705614089966,1.8958745002746582,2.907130718231201,2.6151249408721924,2.0895607471466064,1.9829157590866089,3.1624655723571777,0.31609421968460083,1.5733885765075684,1.395578384399414,1.4908305406570435,-0.30697134137153625,-0.3665831387042999
6,99,1.0880430936813354,1.1988990306854248,1.30455482006073,1.9125800132751465,1.876920461654663,1.1599891185760498,1.2058197259902954,2.165898084640503,0.7156171798706055,1.8263945579528809,2.0759902000427246,1.9738353490829468,3.0440592765808105,2.747606039047241,2.1488399505615234,2.0418572425842285,3.279953956604004,0.6396476626396179,1.0557807683944702,1.1912871599197388,1.277864694595337,2.0670270919799805,1.994817852973938,1.2607100009918213,1.2821849584579468,2.4395551681518555,0.3919617235660553,1.9395160675048828,2.180922031402588,2.079340934753418,3.2021803855895996,2.906676769256592,2.3064587116241455,2.2005693912506104,3.521517753601074,0.30736100673675537,1.7263214588165283,1.418731451034546,1.5421043634414673,-0.337116539478302,-0.43007707595825195
6,99,1.4369769096374512,1.617927074432373,1.6779718399047852,2.5552971363067627,2.484217643737793,1.667635202407837,1.6736176013946533,2.8669323921203613,0.7535082697868347,1.9374274015426636,2.1936869621276855,2.104194402694702,3.262990951538086,2.9925553798675537,2.3021535873413086,2.2052254676818848,3.5471227169036865,0.5896956920623779,1.5001722574234009,1.6896995306015015,1.7287437915802002,2.731567621231079,2.6317126750946045,1.8212311267852783,1.8099631071090698,3.1399953365325928,0.4039302170276642,2.074772596359253,2.3203506469726562,2.233647584915161,3.4369657039642334,3.1716761589050293,2.479785919189453,2.3857409954071045,3.8014228343963623,0.26463985443115234,1.4038180112838745,1.5101854801177979,1.5216403007507324,-0.5127230286598206,-0.51578688621521
6,99,1.5685789585113525,1.7565505504608154,1.8067257404327393,2.7179930210113525,2.6343796253204346,1.83273446559906,1.8297922611236572,3.02866268157959,0.7355968356132507,1.8793220520019531,2.1357908248901367,2.0585687160491943,3.161442279815674,2.9124984741210938,2.217205286026001,2.1242880821228027,3.392321825027466,0.7193437814712524,1.6443523168563843,1.8381353616714478,1.8655130863189697,2.882633924484253,2.7666773796081543,1.981806755065918,1.9625623226165771,3.2713468074798584,0.41697949171066284,1.969828486442566,2.216071844100952,2.1397621631622314,3.3019144535064697,3.0529091358184814,2.358172655105591,2.268160104751587,3.6240317821502686,0.37584179639816284,1.1572489738464355,1.5024662017822266,1.5587438344955444,-0.5450798869132996,-0.5084156394004822
6,99,1.5486418008804321,1.7576972246170044,1.7573875188827515,2.644932746887207,2.507873773574829,1.823294758796692,1.79032301902771,2.8645918369293213,0.6956818699836731,1.5799548625946045,1.8203911781311035,1.752697467803955,2.7362515926361084,2.509486436843872,1.890769600868225,1.8078465461730957,2.9252498149871826,0.6410346031188965,1.5454577207565308,1.7513220310211182,1.7308194637298584,2.7126667499542236,2.5462450981140137,1.8793784379959106,1.8325484991073608,3.0205557346343994,0.3247069716453552,1.629858374595642,1.8564445972442627,1.7908060550689697,2.825509786605835,2.6007237434387207,1.9798625707626343,1.9006507396697998,3.100430727005005,0.33113113045692444,0.6491689682006836,1.469363808631897,1.4835312366485596,-0.48321905732154846,-0.4053737223148346
6,99,1.624444842338562,1.8470263481140137,1.8587099313735962,2.768763303756714,2.7318203449249268,1.9028655290603638,1.893981695175171,3.085158109664917,0.7997657060623169,1.7411127090454102,1.9835090637207031,1.9461594820022583,2.9479196071624756,2.8442208766937256,2.0598764419555664,2.017219066619873,3.269613265991211,0.7239360213279724,1.6160417795181274,1.8341792821884155,1.8314117193222046,2.8392279148101807,2.777966022491455,1.9597265720367432,1.9385260343551636,3.2582716941833496,0.4291952848434448,1.8177990913391113,2.044900894165039,2.014739990234375,3.0633504390716553,2.965945243835449,2.1764867305755615,2.1373305320739746,3.4733245372772217,0.42030447721481323,0.5481649041175842,1.52601957321167,1.6139717102050781,-0.5694735050201416,-0.4770013988018036
6,99,1.2047616243362427,1.416060447692871,1.4356390237808228,2.2484846115112305,2.144505262374878,1.412967324256897,1.3908320665359497,2.4957287311553955,0.8482660055160522,1.4485225677490234,1.689315915107727,1.647294044494629,2.5998191833496094,2.4105660915374756,1.7257386445999146,1.6576228141784668,2.8405420780181885,0.8191627264022827,1.1164462566375732,1.3426294326782227,1.3345564603805542,2.3022470474243164,2.1514155864715576,1.4216291904449463,1.3755683898925781,2.64886736869812,0.5204555988311768,1.43849515914917,1.671839714050293,1.6343315839767456,2.66018009185791,2.47208309173584,1.7706727981567383,1.7049760818481445,2.996553421020508,0.527855396270752,0.624126136302948,1.5303226709365845,1.4454481601715088,-0.3857228457927704,-0.47053849697113037
6,99,1.379891276359558,1.601280927658081,1.6215052604675293,2.4651031494140625,2.361328601837158,1.611790657043457,1.5891557931900024,2.7138004302978516,0.8833619952201843,1.4918667078018188,1.740830898284912,1.6969860792160034,2.6625311374664307,2.4717466831207275,1.7757008075714111,1.7058050632476807,2.898294448852539,0.8184880018234253,1.3265986442565918,1.5575594902038574,1.5530213117599487,2.524477243423462,2.380380392074585,1.6341053247451782,1.5909621715545654,2.8548336029052734,0.5893697142601013,1.4675955772399902,1.706816554069519,1.6718600988388062,2.7023935317993164,2.518944501876831,1.801292896270752,1.7371101379394531,3.0331034660339355,0.5354791283607483,0.6191075444221497,1.4988949298858643,1.4150210618972778,-0.4928494095802307,-0.5045374631881714
6,99,1.7557649612426758,1.9912004470825195,2.0056841373443604,2.982302665710449,2.886746644973755,2.056013584136963,2.03364634513855,3.31746768951416,0.9189532995223999,1.6200644969940186,1.8805320262908936,1.8344218730926514,2.875499963760376,2.7026619911193848,1.9334218502044678,1.868524193763733,3.17073917388916,0.8729581236839294,1.8246610164642334,2.0646934509277344,2.057408094406128,3.1305580139160156,3.0030369758605957,2.18066668510437,2.1418235301971436,3.528205633163452,0.6637367010116577,1.6744005680084229,1.9254978895187378,1.891991376876831,2.995305299758911,2.834538698196411,2.0381345748901367,1.9812135696411133,3.382551670074463,0.6131412386894226,0.6610924005508423,1.5811020135879517,1.4300318956375122,-0.5657796263694763,-0.5535150170326233
6,99,2.1035172939300537,2.35750412940979,2.3570773601531982,3.45770525932312,3.3219799995422363,2.444286584854126,2.4091179370880127,3.733407974243164,0.9479876160621643,1.963645339012146,2.240647077560425,2.1799097061157227,3.364898681640625,3.1519391536712646,2.3325307369232178,2.2577335834503174,3.625481128692627,0.8325511813163757,2.2161965370178223,2.4767658710479736,2.4547080993652344,3.6325039863586426,3.4666450023651123,2.601374864578247,2.550784111022949,3.951904058456421,0.7448927760124207,2.086611270904541,2.354656219482422,2.3080496788024902,3.5260539054870605,3.3283791542053223,2.48865008354187,2.4220025539398193,3.854031562805176,0.6271069049835205,0.7104040384292603,1.499144196510315,1.436684250831604,-0.6913388967514038,-0.6752208471298218
6,99,1.7628134489059448,1.9986501932144165,2.0403945446014404,3.0580384731292725,3.0553927421569824,2.0517241954803467,2.062467336654663,3.5404586791992188,1.0218220949172974,1.6133615970611572,1.8870636224746704,1.8359827995300293,2.993335247039795,2.8796944618225098,1.9568933248519897,1.9041435718536377,3.465278148651123,0.8394619822502136,1.7877577543258667,2.03900408744812,2.054104804992676,3.1866745948791504,3.149012565612793,2.146785259246826,2.1374456882476807,3.728902816772461,0.7922804951667786,1.6378880739212036,1.9034430980682373,1.8722127676010132,3.0938892364501953,3.0012598037719727,2.042166233062744,2.001610040664673,3.6667184829711914,0.5573868155479431,0.8751917481422424,1.527611255645752,1.5469039678573608,-0.6071001887321472,-0.5713773369789124
6,99,1.5399420261383057,1.7617359161376953,1.8255764245986938,2.739734649658203,2.7953271865844727,1.7989261150360107,1.8313487768173218,3.2954154014587402,0.9755094647407532,1.346915602684021,1.6194902658462524,1.5726490020751953,2.6536667346954346,2.58054780960083,1.6704139709472656,1.624284029006958,3.1947503089904785,0.7856716513633728,1.4758435487747192,1.7103028297424316,1.749300479888916,2.8146843910217285,2.8343453407287598,1.8289103507995605,1.8405474424362183,3.465165853500366,0.6415811777114868,1.2681843042373657,1.526540994644165,1.5021004676818848,2.670687198638916,2.6198818683624268,1.6678600311279297,1.6363826990127563,3.336568832397461,0.4412161111831665,0.8614690899848938,1.6870628595352173,1.5011078119277954,-0.44875404238700867,-0.47163036465644836
6,99,1.710880994796753,1.9277151823043823,1.9773485660552979,2.928520679473877,2.982334852218628,2.010239601135254,2.0376882553100586,3.5597565174102783,0.9523647427558899,1.3678674697875977,1.6314880847930908,1.5786540508270264,2.645482301712036,2.5823118686676025,1.6996517181396484,1.6576757431030273,3.2455382347106934,0.7955088019371033,1.732147455215454,1.949854850769043,1.9779579639434814,3.057264804840088,3.081806182861328,2.1105730533599854,2.1211459636688232,3.7795231342315674,0.6175612211227417,1.3286223411560059,1.573472499847412,1.5467638969421387,2.690268039703369,2.654111862182617,1.7287956476211548,1.7035481929779053,3.406878709793091,0.48771652579307556,0.8838201761245728,1.720861792564392,1.481643557548523,-0.46486416459083557,-0.46194374561309814
6,99,1.7476277351379395,1.9490355253219604,2.007274627685547,2.889690399169922,2.967560291290283,2.023463487625122,2.060030221939087,3.4661521911621094,0.940319299697876,1.29056715965271,1.541576862335205,1.4968550205230713,2.484592914581299,2.4416749477386475,1.5909655094146729,1.555732011795044,3.0276105403900146,0.7657991051673889,1.715881109237671,1.9191337823867798,1.9551351070404053,2.9568121433258057,3.0049166679382324,2.064126491546631,2.083115339279175,3.6210994720458984,0.6073526740074158,1.171992540359497,1.4047025442123413,1.3849900960922241,2.4534120559692383,2.438420534133911,1.5446877479553223,1.5258440971374512,3.122710704803467,0.43211743235588074,0.9478970766067505,1.7234656810760498,1.591253638267517,-0.44159215688705444,-0.30653801560401917
6,99,1.8226569890975952,2.020322322845459,2.0793869495391846,2.952914237976074,3.0614845752716064,2.100055694580078,2.1429576873779297,3.5002284049987793,0.9022915363311768,1.3360623121261597,1.5800734758377075,1.547189474105835,2.5344672203063965,2.535053253173828,1.6504484415054321,1.6312336921691895,3.072739601135254,0.690491259098053,1.8181545734405518,2.0163826942443848,2.056187629699707,3.0303194522857666,3.1146652698516846,2.157454490661621,2.185532808303833,3.657296895980835,0.5900648236274719,1.2697203159332275,1.4917352199554443,1.4819382429122925,2.526963710784912,2.554344892501831,1.6400302648544312,1.6351468563079834,3.173647165298462,0.37799710035324097,0.9096305966377258,1.6595600843429565,1.5268769264221191,-0.4849322438240051,-0.35103949904441833
6,99,1.8722018003463745,2.0838470458984375,2.135610818862915,3.0591626167297363,3.129242181777954,2.1536402702331543,2.1849796772003174,3.5155279636383057,0.8868693709373474,1.3493061065673828,1.6066190004348755,1.561461091041565,2.607203722000122,2.558337450027466,1.6709845066070557,1.6348021030426025,3.0538907051086426,0.6563293933868408,1.8325124979019165,2.047600746154785,2.078293561935425,3.099726915359497,3.141934633255005,2.1754441261291504,2.190798044204712,3.630913496017456,0.5704831480979919,1.2542340755462646,1.4929395914077759,1.4706918001174927,2.5670249462127686,2.5463428497314453,1.6305387020111084,1.6098427772521973,3.1181907653808594,0.34826505184173584,0.9633467793464661,1.6437515020370483,1.3580068349838257,-0.4940173327922821,-0.43219897150993347
6,99,1.7911864519119263,2.002657175064087,2.052797555923462,3.0443849563598633,3.0580456256866455,2.0900042057037354,2.1091132164001465,3.5375547409057617,0.8786538243293762,1.315386414527893,1.5751478672027588,1.5243439674377441,2.6175942420959473,2.5125720500946045,1.6379549503326416,1.5846195220947266,3.0715086460113525,0.7343100905418396,1.7457406520843506,1.9679332971572876,1.9902775287628174,3.0922999382019043,3.0700221061706543,2.112884998321533,2.1105332374572754,3.653900384902954,0.5809128880500793,1.210108757019043,1.458683729171753,1.43618905544281,2.578498125076294,2.504777193069458,1.5862669944763184,1.5522505044937134,3.1290252208709717,0.4818980395793915,0.9576444029808044,1.5345702171325684,1.3183200359344482,-0.5183733105659485,-0.45360761880874634
6,99,1.9656331539154053,2.1587886810302734,2.200977325439453,3.283534526824951,3.31001353263855,2.3303794860839844,2.3481922149658203,3.9588875770568848,0.8053824305534363,1.6235419511795044,1.859437108039856,1.8082112073898315,2.988297462463379,2.904195785522461,2.0145339965820312,1.9689420461654663,3.631117820739746,0.6928733587265015,2.038327932357788,2.2403440475463867,2.2537660598754883,3.424879550933838,3.416468381881714,2.4543681144714355,2.4518675804138184,4.144541263580322,0.5930567383766174,1.618849515914917,1.840165376663208,1.8135987520217896,3.026493549346924,2.9712917804718018,2.047922134399414,2.0185697078704834,3.7421505451202393,0.4854489862918854,0.9524773955345154,1.4005202054977417,1.2755672931671143,-0.6009954810142517,-0.5644611716270447
6,99,1.812428593635559,1.9889684915542603,2.0321097373962402,3.052272319793701,3.089723825454712,2.157331943511963,2.1763806343078613,3.8298778533935547,0.8164690136909485,1.6305369138717651,1.8486071825027466,1.787362813949585,2.9505603313446045,2.8643009662628174,2.0283896923065186,1.9817887544631958,3.7259881496429443,0.6161109209060669,1.8803752660751343,2.0645434856414795,2.079850435256958,3.1985361576080322,3.2019317150115967,2.2820091247558594,2.282538890838623,4.028977394104004,0.6064006686210632,1.653612494468689,1.852485179901123,1.8163352012634277,3.0142929553985596,2.9577341079711914,2.091068983078003,2.0598952770233154,3.8698041439056396,0.3819918632507324,0.986801266670227,1.491294026374817,1.3418062925338745,-0.5635725259780884,-0.5334761738777161
6,99,1.8267675638198853,2.028298854827881,2.0400352478027344,3.1607210636138916,3.087790012359619,2.215826988220215,2.2006142139434814,3.881232500076294,0.800105631351471,1.6845983266830444,1.915252685546875,1.8413561582565308,3.072967290878296,2.897075653076172,2.1097233295440674,2.0401344299316406,3.7784037590026855,0.6601725816726685,1.9490925073623657,2.1566295623779297,2.1421778202056885,3.348796844482422,3.2424559593200684,2.383017063140869,2.349970817565918,4.104546546936035,0.6505441069602966,1.7468682527542114,1.9634714126586914,1.9157440662384033,3.1727828979492188,3.0262956619262695,2.200622320175171,2.146547794342041,3.9406092166900635,0.506241500377655,0.9023310542106628,1.355133295059204,1.2947269678115845,-0.6154521107673645,-0.6094098091125488
6,99,2.109502077102661,2.335857391357422,2.3603005409240723,3.385033369064331,3.36137318611145,2.439053535461426,2.436872959136963,3.88997745513916,0.9572031497955322,1.7741315364837646,2.0308573246002197,1.9773110151290894,3.0766119956970215,2.955115795135498,2.1181070804595947,2.0626845359802246,3.5351524353027344,0.8553439974784851,2.179729700088501,2.414051055908203,2.415804862976074,3.512145519256592,3.4571197032928467,2.5460166931152344,2.5271592140197754,4.044133186340332,0.8116123676300049,1.7895153760910034,2.0378739833831787,2.0090572834014893,3.13083553314209,3.037947416305542,2.1591193675994873,2.119588613510132,3.649291515350342,0.7219664454460144,0.9375806450843811,1.260974645614624,1.2685637474060059,-0.7711291909217834,-0.6026766300201416
6,99,2.1676833629608154,2.419562578201294,2.4385757446289062,3.531541585922241,3.4963369369506836,2.5150351524353027,2.5068862438201904,4.006657600402832,0.9831860661506653,1.741163730621338,2.0219552516937256,1.9677350521087646,3.118206262588501,2.994781255722046,2.0929739475250244,2.035753011703491,3.5490684509277344,0.8878975510597229,2.2453057765960693,2.5060133934020996,2.501680374145508,3.669569253921509,3.602494955062866,2.6315574645996094,2.6065990924835205,4.176647186279297,0.8173694014549255,1.76380455493927,2.036921977996826,2.008220911026001,3.187906503677368,3.0922353267669678,2.1466526985168457,2.105618476867676,3.6839358806610107,0.7325010299682617,0.931429386138916,1.394832730293274,1.301944375038147,-0.6516704559326172,-0.6257172226905823
6,99,2.155837059020996,2.40903639793396,2.423219680786133,3.46043062210083,3.4521446228027344,2.482490301132202,2.4768314361572266,3.820549964904785,0.986221969127655,1.7945479154586792,2.0670604705810547,2.025724172592163,3.081660032272339,3.0046041011810303,2.109147310256958,2.0649290084838867,3.390648603439331,0.9242932796478271,2.2534029483795166,2.5098671913146973,2.5081863403320312,3.6073193550109863,3.5754497051239014,2.614996910095215,2.59743070602417,4.007422924041748,0.7896283864974976,1.8252067565917969,2.090566635131836,2.0727620124816895,3.169841766357422,3.1191537380218506,2.177899122238159,2.1494064331054688,3.5561208724975586,0.7376109957695007,0.7790209054946899,1.442962646484375,1.3501040935516357,-0.6547698378562927,-0.6340372562408447
6,99,2.510310411453247,2.7817559242248535,2.8006155490875244,3.8873379230499268,3.902953863143921,2.8605971336364746,2.8591744899749756,4.220544815063477,1.0221703052520752,2.0023579597473145,2.289480686187744,2.2596442699432373,3.379948854446411,3.332606792449951,2.3540897369384766,2.3191006183624268,3.6938748359680176,0.8217411041259766,2.623271942138672,2.8946704864501953,2.8991549015045166,4.04699182510376,4.04060173034668,3.008166551589966,2.996326208114624,4.432451248168945,0.7341312170028687,2.070103168487549,2.34743595123291,2.335275173187256,3.4994430541992188,3.471874713897705,2.4597065448760986,2.4364333152770996,3.8959667682647705,0.5640485882759094,0.8239724636077881,1.5759878158569336,1.324691891670227,-0.698267936706543,-0.7173908352851868
6,99,2.4128715991973877,2.636753559112549,2.6520915031433105,3.6673836708068848,3.7010366916656494,2.7429158687591553,2.7461888790130615,4.126310348510742,1.0189361572265625,2.2792253494262695,2.5169291496276855,2.485304355621338,3.5443718433380127,3.514753818511963,2.619082450866699,2.5898044109344482,3.982011079788208,0.8571434020996094,2.4942500591278076,2.720353126525879,2.717804431915283,3.7936809062957764,3.8007988929748535,2.8599472045898438,2.850538492202759,4.298906326293945,0.7541333436965942,2.32645320892334,2.5553371906280518,2.5357682704925537,3.6380791664123535,3.621851682662964,2.7047340869903564,2.6835999488830566,4.15937614440918,0.581731915473938,0.6380265951156616,1.648857831954956,1.6003605127334595,-0.6622205972671509,-0.6007562875747681
6,99,2.2158303260803223,2.435438632965088,2.444441318511963,3.4839963912963867,3.4952621459960938,2.5442874431610107,2.541578531265259,4.0013604164123535,1.1089637279510498,2.2097978591918945,2.4433603286743164,2.4024972915649414,3.5213184356689453,3.4670467376708984,2.573847532272339,2.5373787879943848,4.052972316741943,0.8460249900817871,2.301758050918579,2.52580189704895,2.514862060546875,3.634970188140869,3.6181933879852295,2.680445671081543,2.664212465286255,4.212954998016357,0.8076432943344116,2.2805593013763428,2.50569486618042,2.478454351425171,3.6380810737609863,3.5992586612701416,2.6829476356506348,2.6559770107269287,4.247368812561035,0.5931549668312073,0.6152766346931458,1.5659332275390625,1.5027062892913818,-0.7321386337280273,-0.6580210328102112
6,99,2.1794207096099854,2.3919482231140137,2.3950583934783936,3.4121627807617188,3.4133739471435547,2.498074769973755,2.489978790283203,3.9165751934051514,1.136224389076233,2.2657954692840576,2.48891544342041,2.4490957260131836,3.5379490852355957,3.48252272605896,2.6178719997406006,2.581691265106201,4.0568528175354,0.9074357151985168,2.280808687210083,2.497307538986206,2.4835519790649414,3.5734503269195557,3.5518035888671875,2.6457467079162598,2.6268973350524902,4.134307861328125,0.8716914057731628,2.3692715167999268,2.586031198501587,2.556166887283325,3.692136287689209,3.648777723312378,2.763216018676758,2.734349012374878,4.2912116050720215,0.6366865634918213,0.5455769896507263,1.6584558486938477,1.4860950708389282,-0.6489073634147644,-0.6930668950080872
6,99,2.1441078186035156,2.366541862487793,2.3609728813171387,3.3720085620880127,3.3650732040405273,2.456881046295166,2.4445807933807373,3.8204445838928223,1.0986328125,2.2443618774414062,2.4762351512908936,2.42783522605896,3.5117223262786865,3.4485578536987305,2.592317819595337,2.552961826324463,3.981208086013794,0.8528643250465393,2.1908233165740967,2.4163029193878174,2.393482208251953,3.4802563190460205,3.4502737522125244,2.5527846813201904,2.530221939086914,3.995919942855835,0.7839454412460327,2.298074722290039,2.522341728210449,2.4845385551452637,3.6144230365753174,3.5643362998962402,2.688166856765747,2.656869649887085,4.170167922973633,0.5508075952529907,0.5410351157188416,1.7010735273361206,1.4874712228775024,-0.6241247057914734,-0.6760422587394714
6,99,2.181100368499756,2.381885290145874,2.384230852127075,3.405621290206909,3.4369630813598633,2.5164310932159424,2.512064218521118,4.0054731369018555,1.0787822008132935,2.229975700378418,2.4409430027008057,2.3951375484466553,3.48776912689209,3.4549403190612793,2.596696376800537,2.562896966934204,4.105711460113525,0.8042380213737488,2.265815496444702,2.4669976234436035,2.4522080421447754,3.5519912242889404,3.559725284576416,2.652221441268921,2.638481378555298,4.225207328796387,0.7396132349967957,2.3185579776763916,2.5181820392608643,2.4858739376068115,3.6272571086883545,3.611166000366211,2.7307920455932617,2.707237482070923,4.339913845062256,0.4829200804233551,0.5838760733604431,1.7491250038146973,1.477186679840088,-0.6249145269393921,-0.6511033773422241
6,99,2.1061253547668457,2.2937088012695312,2.287329912185669,3.3060996532440186,3.282639980316162,2.444908857345581,2.4290988445281982,3.8875231742858887,0.9815384745597839,2.337360382080078,2.537912607192993,2.4782769680023193,3.554938554763794,3.45700740814209,2.6956675052642822,2.645904302597046,4.116879940032959,0.831571102142334,2.1842122077941895,2.3721866607666016,2.3436429500579834,3.44366717338562,3.3880198001861572,2.5746591091156006,2.544928550720215,4.091728210449219,0.6372785568237305,2.4043662548065186,2.5929558277130127,2.5462892055511475,3.6760263442993164,3.59403657913208,2.8101847171783447,2.769253969192505,4.334074974060059,0.5076113343238831,0.6638474464416504,1.7163090705871582,1.6734046936035156,-0.587643027305603,-0.567293107509613
6,99,2.0913400650024414,2.3177409172058105,2.311121940612793,3.3126962184906006,3.2400054931640625,2.406134843826294,2.3765039443969727,3.6600704193115234,0.9159416556358337,2.2532684803009033,2.4888014793395996,2.42826247215271,3.467651128768921,3.320343494415283,2.5747928619384766,2.50742244720459,3.774064540863037,0.781959056854248,2.168095588684082,2.399554491043091,2.3661630153656006,3.430394411087036,3.320054769515991,2.5172245502471924,2.469531536102295,3.810506820678711,0.6540700197219849,2.3031105995178223,2.535614252090454,2.485612154006958,3.567924976348877,3.4341771602630615,2.6596734523773193,2.600865602493286,3.9460537433624268,0.5674021244049072,0.7091038227081299,1.501041293144226,1.4608197212219238,-0.6643362045288086,-0.6168930530548096
6,99,2.105119228363037,2.3524672985076904,2.3332772254943848,3.349663496017456,3.180720567703247,2.408339023590088,2.353233814239502,3.549682140350342,1.1023542881011963,2.4136853218078613,2.672692060470581,2.6053614616394043,3.6613054275512695,3.424088478088379,2.7273547649383545,2.6385085582733154,3.8115811347961426,1.1176972389221191,2.2514266967773438,2.507265567779541,2.4574227333068848,3.548029661178589,3.3334100246429443,2.5950207710266113,2.5179178714752197,3.774735927581787,0.8958011269569397,2.543318748474121,2.799610137939453,2.737605571746826,3.855625629425049,3.622157335281372,2.9026691913604736,2.8174655437469482,4.089631080627441,0.8397092223167419,0.6807891726493835,1.5603392124176025,1.4012537002563477,-0.6662432551383972,-0.7411529421806335
6,99,1.7806901931762695,1.9969600439071655,2.00105619430542,2.9548397064208984,2.8796024322509766,2.0721852779388428,2.044365167617798,3.364889144897461,0.9008542895317078,1.945568561553955,2.180349111557007,2.1178927421569824,3.1283111572265625,2.956460475921631,2.249607801437378,2.1741137504577637,3.479095935821533,0.8015429973602295,1.797149658203125,2.018794059753418,2.001023292541504,3.0253782272338867,2.915975332260132,2.1288349628448486,2.085209846496582,3.4754295349121094,0.6800032258033752,1.9391157627105713,2.167759895324707,2.117771625518799,3.1769070625305176,3.0207910537719727,2.282214879989624,2.216151714324951,3.608945369720459,0.5968716144561768,0.7780961394309998,1.6047091484069824,1.5703572034835815,-0.5345278978347778,-0.48054075241088867
6,99,1.9200632572174072,2.1308610439300537,2.1450605392456055,3.107283353805542,3.0875229835510254,2.2312557697296143,2.2204976081848145,3.655532121658325,0.9371063113212585,1.9998260736465454,2.229477882385254,2.1719703674316406,3.1878018379211426,3.0685839653015137,2.3180103302001953,2.2555558681488037,3.6747374534606934,0.8369380831718445,1.9882186651229858,2.1995179653167725,2.1928670406341553,3.2362256050109863,3.185260772705078,2.3448917865753174,2.3192873001098633,3.8394854068756104,0.6598809957504272,2.007402181625366,2.2283432483673096,2.1823270320892334,3.25663685798645,3.151785135269165,2.368905544281006,2.315531015396118,3.832008123397827,0.5780343413352966,0.8267071843147278,1.6822916269302368,1.5480886697769165,-0.5410222411155701,-0.5211604237556458
6,99,1.8631024360656738,2.080918312072754,2.1051089763641357,3.0659372806549072,3.062130928039551,2.1692020893096924,2.165713310241699,3.610654830932617,0.9639560580253601,1.847247838973999,2.0833535194396973,2.032782554626465,3.0514638423919678,2.9488227367401123,2.161715507507324,2.1031951904296875,3.5437567234039307,0.8122439980506897,1.9229707717895508,2.1435396671295166,2.1457624435424805,3.1921684741973877,3.157141923904419,2.2762770652770996,2.2565646171569824,3.790928840637207,0.6964223384857178,1.8354430198669434,2.065119981765747,2.0272982120513916,3.1058449745178223,3.0189433097839355,2.194267988204956,2.1457207202911377,3.6844112873077393,0.5775080919265747,0.8341540098190308,1.691056251525879,1.5023736953735352,-0.5217993855476379,-0.4930535554885864
6,99,1.8021454811096191,2.022524356842041,2.0417449474334717,3.0047318935394287,2.9846367835998535,2.1004538536071777,2.0913612842559814,3.5280814170837402,0.967368483543396,1.900262475013733,2.14056134223938,2.0835487842559814,3.112159490585327,2.989431142807007,2.2109506130218506,2.14803147315979,3.5776469707489014,0.8532090187072754,1.8454151153564453,2.0724165439605713,2.067495584487915,3.1168575286865234,3.0622174739837646,2.1900813579559326,2.16388201713562,3.6864540576934814,0.725115180015564,1.8582348823547363,2.093539237976074,2.0491604804992676,3.138301372528076,3.0313453674316406,2.2133705615997314,2.160029172897339,3.6919732093811035,0.6045545935630798,0.8439127206802368,1.6623276472091675,1.5255483388900757,-0.5235095620155334,-0.5052566528320312
6,99,1.857262134552002,2.0801281929016113,2.067288637161255,3.0745599269866943,2.909517526626587,2.162959337234497,2.1112143993377686,3.4327476024627686,0.9253613352775574,1.9501824378967285,2.1911256313323975,2.1066977977752686,3.1799399852752686,2.9107298851013184,2.271519422531128,2.167630910873413,3.4824957847595215,0.7968717217445374,1.8594588041305542,2.0880789756774902,2.0522212982177734,3.1312255859375,2.929367780685425,2.2044739723205566,2.1354806423187256,3.525881290435791,0.7113953828811646,1.9254789352416992,2.160629987716675,2.0927248001098633,3.2103922367095947,2.9620189666748047,2.2840778827667236,2.1923046112060547,3.5933353900909424,0.6095920205116272,0.8480530381202698,1.2649848461151123,1.496705174446106,-0.7406282424926758,-0.5255794525146484
6,99,1.633007526397705,1.8610557317733765,1.8677939176559448,2.9025158882141113,2.7834794521331787,1.9471153020858765,1.91386079788208,3.369528293609619,0.8487716317176819,1.8102654218673706,2.065182685852051,1.9784207344055176,3.088059425354004,2.8419268131256104,2.1383087635040283,2.035836696624756,3.472562789916992,0.7547865509986877,1.64454185962677,1.887551188468933,1.8618357181549072,2.980660915374756,2.8162081241607666,2.0016424655914307,1.9440948963165283,3.471123695373535,0.6735803484916687,1.7645235061645508,2.01770281791687,1.94514000415802,3.1098520755767822,2.8825390338897705,2.134885549545288,2.043856143951416,3.5759780406951904,0.5660414099693298,1.0121957063674927,1.4638707637786865,1.5263108015060425,-0.5309004783630371,-0.49427491426467896
6,99,1.5324125289916992,1.7532446384429932,1.7551703453063965,2.726902723312378,2.5892107486724854,1.8227604627609253,1.787520408630371,3.1386656761169434,0.8367173671722412,1.8583999872207642,2.106872081756592,2.010403871536255,3.103867530822754,2.837127685546875,2.191840648651123,2.0878372192382812,3.465439796447754,0.6993702054023743,1.4880526065826416,1.720901370048523,1.6947115659713745,2.755092144012451,2.5771358013153076,1.8264480829238892,1.7699384689331055,3.2076079845428467,0.6361287832260132,1.850022792816162,2.0933003425598145,2.0114667415618896,3.145256519317627,2.895007610321045,2.216214418411255,2.1220779418945312,3.5767414569854736,0.53562331199646,1.0545845031738281,1.4729822874069214,1.568933129310608,-0.5730096101760864,-0.46348837018013
6,99,1.7637383937835693,1.992966651916504,1.981846809387207,3.045311689376831,2.847883701324463,2.0876786708831787,2.0336735248565674,3.455169916152954,0.8205593824386597,1.8217430114746094,2.079254627227783,1.9828826189041138,3.1241204738616943,2.812162160873413,2.1623775959014893,2.046943426132202,3.4671783447265625,0.7280173897743225,1.7593976259231567,1.9971845149993896,1.9605484008789062,3.103163957595825,2.8675143718719482,2.1256449222564697,2.0519943237304688,3.5514893531799316,0.608485221862793,1.794689416885376,2.045264482498169,1.9666917324066162,3.1544508934020996,2.863098382949829,2.1739501953125,2.070631742477417,3.5807366371154785,0.5275560021400452,0.9353419542312622,1.5313756465911865,1.4441028833389282,-0.5070927739143372,-0.5244501233100891
6,99,2.1342291831970215,2.397826671600342,2.383211135864258,3.554725408554077,3.411846876144409,2.501756429672241,2.452009439468384,3.898966073989868,0.9019621014595032,1.9072610139846802,2.190755605697632,2.1140122413635254,3.2904584407806396,3.068281888961792,2.2505884170532227,2.1575927734375,3.551551342010498,0.889097273349762,2.218093156814575,2.4891209602355957,2.448789119720459,3.6800999641418457,3.5001065731048584,2.6153836250305176,2.5479280948638916,4.045501232147217,0.7306527495384216,1.8796489238739014,2.1580121517181396,2.0987181663513184,3.335345506668091,3.131614923477173,2.2724647521972656,2.191800594329834,3.6921849250793457,0.6488833427429199,0.8132732510566711,1.3006511926651,1.443565011024475,-0.7517982721328735,-0.603827953338623
6,99,2.3867480754852295,2.637454032897949,2.6375513076782227,3.743157386779785,3.7040603160858154,2.7556939125061035,2.7378954887390137,4.128759860992432,0.8485422730445862,2.1290948390960693,2.396574020385742,2.3465757369995117,3.4667863845825195,3.3631489276885986,2.4886701107025146,2.435436248779297,3.7991695404052734,0.8196818828582764,2.4880990982055664,2.7396504878997803,2.720564603805542,3.8764097690582275,3.810012102127075,2.882335662841797,2.850839376449585,4.294427394866943,0.6362597942352295,2.1465818881988525,2.4034781455993652,2.371159791946411,3.532496213912964,3.449747085571289,2.539875030517578,2.4990787506103516,3.947193145751953,0.5684916377067566,0.7435670495033264,1.4597749710083008,1.350780963897705,-0.6652456521987915,-0.6779198050498962
6,99,2.2322959899902344,2.467479944229126,2.4780406951904297,3.499284029006958,3.4937267303466797,2.5666773319244385,2.559493064880371,3.8898730278015137,0.9009100198745728,1.9694372415542603,2.2216882705688477,2.1878905296325684,3.237445831298828,3.175138473510742,2.305356502532959,2.2674148082733154,3.605045795440674,0.8049994707107544,2.3030269145965576,2.535839557647705,2.5332913398742676,3.6122608184814453,3.587317943572998,2.671367645263672,2.6545798778533936,4.061515808105469,0.6232624650001526,1.973134160041809,2.212674379348755,2.1949660778045654,3.285858154296875,3.2419917583465576,2.344062566757202,2.3168556690216064,3.737776041030884,0.5364949703216553,0.6202603578567505,1.6400469541549683,1.4006781578063965,-0.5958738923072815,-0.5856475234031677
6,99,2.0434651374816895,2.2777950763702393,2.293708086013794,3.292503595352173,3.3163344860076904,2.367405414581299,2.3677611351013184,3.7285759449005127,0.8932397365570068,1.7633450031280518,2.0178134441375732,1.9858711957931519,3.0092947483062744,2.9754879474639893,2.0849103927612305,2.051988363265991,3.4161317348480225,0.8031004667282104,2.081667184829712,2.312589168548584,2.3153791427612305,3.3796606063842773,3.3829259872436523,2.4451162815093994,2.4355225563049316,3.8805811405181885,0.60123211145401,1.7201682329177856,1.9610438346862793,1.9466421604156494,3.017805337905884,3.001474618911743,2.082024097442627,2.0607657432556152,3.5138096809387207,0.5374524593353271,0.6133729219436646,1.6120610237121582,1.3866908550262451,-0.5751214623451233,-0.537621259689331
6,99,2.064659833908081,2.325806140899658,2.3437795639038086,3.3901498317718506,3.398533582687378,2.3976101875305176,2.3946585655212402,3.7378616333007812,0.9050838947296143,1.657651424407959,1.9403924942016602,1.9035077095031738,2.967470169067383,2.910916328430176,1.9802837371826172,1.9390296936035156,3.278747797012329,0.8055894374847412,2.0992438793182373,2.3570761680603027,2.361241340637207,3.4785523414611816,3.466641664505005,2.4754090309143066,2.462322235107422,3.9009597301483154,0.5845650434494019,1.6019295454025269,1.87199866771698,1.8563354015350342,2.9794020652770996,2.945159673690796,1.974830985069275,1.948113203048706,3.3976547718048096,0.5097967386245728,0.7527926564216614,1.6592152118682861,1.4079761505126953,-0.5777881741523743,-0.5275142788887024
6,99,1.3390541076660156,1.5535651445388794,1.5916396379470825,2.479109764099121,2.46472430229187,1.586567997932434,1.598395586013794,2.884692668914795,0.8369966745376587,1.3617359399795532,1.6144195795059204,1.5589650869369507,2.5848746299743652,2.454929828643799,1.6705336570739746,1.6084425449371338,2.9829699993133545,0.6740947961807251,1.264624834060669,1.4825032949447632,1.4993541240692139,2.5240957736968994,2.4795947074890137,1.605064868927002,1.59574556350708,3.0409433841705322,0.4614183306694031,1.2546662092208862,1.4908477067947388,1.4533226490020752,2.553595781326294,2.4462666511535645,1.6285638809204102,1.5786036252975464,3.0726656913757324,0.3373326063156128,0.7570415735244751,1.608344554901123,1.4776073694229126,-0.4546758234500885,-0.34187614917755127
6,99,1.8938108682632446,2.1101770401000977,2.1362369060516357,3.072869062423706,3.073450803756714,2.189650058746338,2.192941904067993,3.4483635425567627,0.8223264813423157,1.6240874528884888,1.872390866279602,1.8258999586105347,2.8544116020202637,2.757558822631836,1.9514679908752441,1.8980798721313477,3.21799373626709,0.636371374130249,1.8666290044784546,2.0809764862060547,2.0897722244262695,3.111783027648926,3.085407257080078,2.214111089706421,2.2038733959198,3.5648140907287598,0.4776173233985901,1.5809519290924072,1.8104884624481201,1.7788095474243164,2.855546474456787,2.776170492172241,1.9505926370620728,1.9098421335220337,3.3167567253112793,0.32034796476364136,0.8124675750732422,1.6317667961120605,1.4415498971939087,-0.5150794386863708,-0.4710847735404968
6,99,1.8334782123565674,2.0752484798431396,2.100316286087036,3.1233723163604736,3.0889923572540283,2.152339220046997,2.1482455730438232,3.5063741207122803,0.8381980061531067,1.5464895963668823,1.8218611478805542,1.7729179859161377,2.884408950805664,2.754469156265259,1.8911187648773193,1.8340380191802979,3.2403790950775146,0.6920281648635864,1.7728437185287476,2.0196292400360107,2.0199992656707764,3.138312339782715,3.068716049194336,2.146726369857788,2.123737096786499,3.5856857299804688,0.5389989614486694,1.4565457105636597,1.7151175737380981,1.6791942119598389,2.8500723838806152,2.735340118408203,1.853110909461975,1.8048815727233887,3.3140439987182617,0.36056002974510193,0.7698085904121399,1.5188130140304565,1.4369077682495117,-0.5426718592643738,-0.4782678484916687
6,99,1.5226556062698364,1.7671152353286743,1.7642680406570435,2.7710072994232178,2.581051826477051,1.8095343112945557,1.7654945850372314,2.9715523719787598,0.8446165323257446,1.3809243440628052,1.657307744026184,1.5884259939193726,2.724907159805298,2.448852062225342,1.725753903388977,1.6328626871109009,2.9419925212860107,0.6434494256973267,1.5109087228775024,1.767113208770752,1.738943099975586,2.8635318279266357,2.634655475616455,1.8669019937515259,1.8012045621871948,3.1373279094696045,0.5531302690505981,1.3987529277801514,1.6641560792922974,1.6116966009140015,2.7835729122161865,2.523582935333252,1.776997685432434,1.6938705444335938,3.0721545219421387,0.4385398328304291,0.6397494673728943,1.497773289680481,1.1998209953308105,-0.5528644323348999,-0.5072156190872192
6,99,1.943764090538025,2.1885228157043457,2.1931979656219482,3.1606717109680176,3.0622897148132324,2.2397308349609375,2.2158689498901367,3.3148627281188965,0.9191954731941223,1.5834399461746216,1.8553489446640015,1.8044263124465942,2.84512996673584,2.6700642108917236,1.8996156454086304,1.8367034196853638,2.979102373123169,0.778802752494812,2.0423777103424072,2.290853500366211,2.278536081314087,3.324106216430664,3.1997294425964355,2.3839614391326904,2.347416639328003,3.5318942070007324,0.6828007102012634,1.6390994787216187,1.8997122049331665,1.8652013540267944,2.941446542739868,2.785855770111084,1.9903864860534668,1.9382857084274292,3.1508402824401855,0.566014289855957,0.7121331095695496,1.4831465482711792,1.2569794654846191,-0.6341238021850586,-0.5605825781822205
6,99,1.219774603843689,1.4196233749389648,1.4198983907699585,2.285407781600952,2.085289716720581,1.4515522718429565,1.4052910804748535,2.5069708824157715,0.7690847516059875,1.354248046875,1.5844918489456177,1.5235739946365356,2.512411117553711,2.2263126373291016,1.6429927349090576,1.5511817932128906,2.721583604812622,0.7136189937591553,1.218416452407837,1.4330447912216187,1.4064505100250244,2.3913941383361816,2.1478865146636963,1.5236600637435913,1.4546256065368652,2.674713373184204,0.5333423018455505,1.3749948740005493,1.5994876623153687,1.545364499092102,2.5828747749328613,2.3023877143859863,1.7043743133544922,1.6162225008010864,2.8617348670959473,0.5029252767562866,0.5863086581230164,1.3367373943328857,1.1176525354385376,-0.5231213569641113,-0.5734058022499084
6,99,1.4761430025100708,1.6936465501785278,1.6985809803009033,2.5923702716827393,2.4491934776306152,1.7292382717132568,1.692469835281372,2.833054304122925,0.8468455076217651,1.4541412591934204,1.6977773904800415,1.6487864255905151,2.6147983074188232,2.393688917160034,1.7288060188293457,1.6516358852386475,2.8168303966522217,0.8383131623268127,1.4722654819488525,1.6996769905090332,1.6814152002334595,2.6758453845977783,2.4944491386413574,1.7831445932388306,1.7279075384140015,2.9741649627685547,0.6153457760810852,1.4227830171585083,1.6602413654327393,1.6195110082626343,2.645596742630005,2.432384490966797,1.7442446947097778,1.6726593971252441,2.9350082874298096,0.5823344588279724,0.55400550365448,1.4547793865203857,1.2986619472503662,-0.5375161170959473,-0.5406618714332581
6,99,1.2309061288833618,1.4433448314666748,1.4498180150985718,2.319952964782715,2.1578142642974854,1.4642343521118164,1.4258195161819458,2.5534024238586426,0.8065201640129089,1.3155286312103271,1.5587801933288574,1.5048694610595703,2.479825258255005,2.2345352172851562,1.592268705368042,1.5085909366607666,2.6869375705718994,0.7877511382102966,1.19904625415802,1.427605152130127,1.4067981243133545,2.4021220207214355,2.196385622024536,1.5067732334136963,1.445905327796936,2.7014997005462646,0.566447377204895,1.2779600620269775,1.5165529251098633,1.4699047803878784,2.510991334915161,2.271195650100708,1.6055082082748413,1.5264194011688232,2.8050286769866943,0.5376209020614624,0.5513418912887573,1.413794994354248,1.2232226133346558,-0.4997828006744385,-0.5207569003105164
6,99,1.3631575107574463,1.5854169130325317,1.594831943511963,2.5124619007110596,2.3827948570251465,1.623945951461792,1.5934717655181885,2.79472279548645,0.8109226822853088,1.3080546855926514,1.5580695867538452,1.5084418058395386,2.5074079036712646,2.2978200912475586,1.5939522981643677,1.5211644172668457,2.7571914196014404,0.7697539329528809,1.361741304397583,1.5959272384643555,1.5771018266677856,2.613865375518799,2.441267490386963,1.6945451498031616,1.6423419713974,2.9603819847106934,0.5543738603591919,1.305730938911438,1.5492874383926392,1.5079286098480225,2.5750679969787598,2.3728561401367188,1.648513913154602,1.5808171033859253,2.9143118858337402,0.5169205069541931,0.5437206029891968,1.3205384016036987,1.2113704681396484,-0.5764303207397461,-0.5488275289535522
6,99,1.5124400854110718,1.771315574645996,1.7860745191574097,2.8383824825286865,2.767834186553955,1.8236794471740723,1.8114194869995117,3.224116563796997,0.8567818403244019,1.345389723777771,1.6395021677017212,1.5837231874465942,2.7521750926971436,2.5925862789154053,1.7036019563674927,1.6406221389770508,3.139845609664917,0.7141283750534058,1.5084280967712402,1.7784303426742554,1.767979621887207,2.9497857093811035,2.8412163257598877,1.8989616632461548,1.865759253501892,3.4153714179992676,0.5574634075164795,1.3782538175582886,1.6598753929138184,1.6207791566848755,2.847675323486328,2.703829765319824,1.7879410982131958,1.7349222898483276,3.32098650932312,0.4658200144767761,0.6573644876480103,1.5557982921600342,1.327001929283142,-0.5287323594093323,-0.5345630645751953
6,99,1.9513808488845825,2.1487326622009277,2.1996772289276123,3.1075313091278076,3.19783353805542,2.2552645206451416,2.287654399871826,3.6015725135803223,0.807324230670929,1.5887935161590576,1.8281267881393433,1.797792911529541,2.795536518096924,2.787245035171509,1.9181561470031738,1.8957366943359375,3.2649359703063965,0.6843469738960266,1.9704879522323608,2.1704928874969482,2.202685594558716,3.1866238117218018,3.2524006366729736,2.3183555603027344,2.337355375289917,3.7395007610321045,0.5565842986106873,1.575332760810852,1.7944750785827637,1.7852275371551514,2.825138568878174,2.8412628173828125,1.9454469680786133,1.9370180368423462,3.3899779319763184,0.3973475396633148,0.8767460584640503,1.5743612051010132,1.3182663917541504,-0.5434991121292114,-0.5728989839553833
6,99,2.029250144958496,2.254744052886963,2.2739720344543457,3.2876222133636475,3.2151660919189453,2.3383126258850098,2.3233039379119873,3.6692748069763184,0.8639642000198364,1.8589569330215454,2.1212539672851562,2.053037166595459,3.140873432159424,2.953603506088257,2.175342559814453,2.099970817565918,3.4417200088500977,0.8579697012901306,2.063690185546875,2.291936159133911,2.2934176921844482,3.386686325073242,3.286606550216675,2.421255350112915,2.392775058746338,3.829679250717163,0.5803129076957703,1.8399438858032227,2.0951967239379883,2.0460591316223145,3.1728932857513428,3.008103609085083,2.1931514739990234,2.130239486694336,3.551370620727539,0.6548979878425598,0.9878972172737122,1.3309229612350464,1.402677297592163,-0.7699975371360779,-0.5973102450370789
6,99,1.8203010559082031,2.052483558654785,2.0933139324188232,3.126838207244873,3.0718321800231934,2.114959955215454,2.1139605045318604,3.5722317695617676,0.9251142740249634,1.7362831830978394,2.0165045261383057,1.9504581689834595,3.1110291481018066,2.925302505493164,2.0700361728668213,1.995611548423767,3.4986555576324463,0.848598301410675,1.8619040250778198,2.10390567779541,2.1224796772003174,3.2698211669921875,3.1804232597351074,2.228187084197998,2.208505392074585,3.7907350063323975,0.6110748052597046,1.726348638534546,2.0009450912475586,1.9564003944396973,3.1657469272613525,3.001763105392456,2.1047818660736084,2.0430686473846436,3.6347739696502686,0.6367162466049194,1.0543303489685059,1.6083425283432007,1.383666753768921,-0.5792540311813354,-0.5822116136550903
6,99,1.6774510145187378,1.8977556228637695,1.928818702697754,2.9502437114715576,2.812793254852295,1.9591467380523682,1.9370524883270264,3.3595261573791504,0.8828577399253845,1.7772386074066162,2.052783727645874,1.959778070449829,3.1543760299682617,2.861032247543335,2.1255910396575928,2.016019821166992,3.504317283630371,0.7942147850990295,1.6791120767593384,1.914161205291748,1.9180421829223633,3.0536386966705322,2.875589609146118,2.0297656059265137,1.9862278699874878,3.52114200592041,0.636931300163269,1.7573127746582031,2.027222156524658,1.9514186382293701,3.191718101501465,2.9163286685943604,2.14587664604187,2.0476796627044678,3.6176133155822754,0.5903880000114441,1.1541868448257446,1.3018953800201416,1.4328123331069946,-0.7166077494621277,-0.5540809631347656
6,99,1.1644482612609863,1.3207670450210571,1.3937252759933472,2.188688039779663,2.118223190307617,1.3345493078231812,1.3512605428695679,2.595850706100464,0.7525463700294495,1.5119354724884033,1.7693078517913818,1.671748161315918,2.7791330814361572,2.497570037841797,1.8325424194335938,1.7231019735336304,3.146110773086548,0.6721136569976807,1.0578258037567139,1.2439486980438232,1.2898573875427246,2.2398078441619873,2.1250669956207275,1.3233389854431152,1.3152612447738647,2.723507881164551,0.5165054798126221,1.4116692543029785,1.665567398071289,1.5801705121994019,2.748558521270752,2.4827218055725098,1.7802964448928833,1.6805286407470703,3.2047221660614014,0.41428521275520325,1.358406901359558,1.4794131517410278,1.3769779205322266,-0.4028387665748596,-0.48841047286987305
6,99,0.9750919342041016,0.9817283153533936,1.1296029090881348,1.4494282007217407,1.4430819749832153,0.8403471112251282,0.9360595941543579,1.7047522068023682,0.6973128318786621,1.2577674388885498,1.5070736408233643,1.3768333196640015,2.452000379562378,2.0642855167388916,1.5399363040924072,1.3989516496658325,2.6729965209960938,0.54317706823349,0.7043648958206177,0.7291021347045898,0.878459632396698,1.4418556690216064,1.3663729429244995,0.6861559152603149,0.7612035870552063,1.842985987663269,0.39775344729423523,1.1485927104949951,1.4022330045700073,1.272547960281372,2.431060791015625,2.0471436977386475,1.494057297706604,1.3543919324874878,2.749155282974243,0.28098052740097046,1.7385252714157104,1.424872636795044,1.3327747583389282,-0.06591518968343735,-0.3728683590888977
6,99,0.9933174848556519,1.0797762870788574,1.1859955787658691,1.7599153518676758,1.6890039443969727,1.0276803970336914,1.0745500326156616,2.085706949234009,0.7070245146751404,1.5629618167877197,1.8063586950302124,1.6855034828186035,2.775583267211914,2.4213743209838867,1.8793931007385254,1.7497050762176514,3.0735926628112793,0.5709816813468933,0.8867807984352112,1.0010321140289307,1.0934672355651855,1.8832722902297974,1.7706024646759033,1.071909785270691,1.0939643383026123,2.348759174346924,0.3434733748435974,1.652786135673523,1.8926544189453125,1.7709518671035767,2.926853656768799,2.570941686630249,2.018261671066284,1.8895094394683838,3.3079311847686768,0.2680368721485138,1.7436906099319458,1.3755265474319458,1.3661954402923584,-0.265154093503952,-0.46281322836875916
6,99,1.0206739902496338,1.0000287294387817,1.1598612070083618,1.3877464532852173,1.443617343902588,0.8493044972419739,0.973089337348938,1.7468780279159546,0.692484974861145,1.4233778715133667,1.6708285808563232,1.5460776090621948,2.6154561042785645,2.293302297592163,1.7209707498550415,1.5951377153396606,2.949671506881714,0.6097353100776672,0.8333336710929871,0.8340981006622314,1.0046476125717163,1.5206897258758545,1.5269032716751099,0.8352687358856201,0.9371074438095093,2.0534701347351074,0.3536425828933716,1.4996778964996338,1.745536208152771,1.617131233215332,2.77856707572937,2.4515957832336426,1.8666266202926636,1.739219307899475,3.2128186225891113,0.274282842874527,1.9549070596694946,1.4038364887237549,1.370532751083374,-0.004246743395924568,-0.4406793713569641
6,99,1.035627007484436,1.0575780868530273,1.1921379566192627,1.4971950054168701,1.5124300718307495,0.9192543029785156,1.0157142877578735,1.7851812839508057,0.7718293070793152,1.5090250968933105,1.7481251955032349,1.6242414712905884,2.6654727458953857,2.331482410430908,1.801130771636963,1.674212098121643,2.9543538093566895,0.6225658059120178,0.8804916143417358,0.9421592354774475,1.0725101232528687,1.6501953601837158,1.6128625869750977,0.9314026236534119,1.0010313987731934,2.0878541469573975,0.4866364598274231,1.6241786479949951,1.8605761528015137,1.7329959869384766,2.855504035949707,2.515281915664673,1.9773143529891968,1.8489539623260498,3.238823890686035,0.2966664433479309,1.9211817979812622,1.3763487339019775,1.4928988218307495,-0.13172326982021332,-0.3470103144645691
6,99,1.0430904626846313,1.088477611541748,1.2224805355072021,1.6105026006698608,1.627253532409668,0.9676983952522278,1.057444453239441,1.9191323518753052,0.7919612526893616,1.5626472234725952,1.8068549633026123,1.6878316402435303,2.7395999431610107,2.4254491329193115,1.8564774990081787,1.733297348022461,3.031484365463257,0.6491090655326843,0.9764804840087891,1.0575073957443237,1.1867808103561401,1.8050274848937988,1.785933017730713,1.0582915544509888,1.1259489059448242,2.246365547180176,0.5353596806526184,1.6787322759628296,1.920914888381958,1.7975698709487915,2.930830955505371,2.6100449562072754,2.0332775115966797,1.908828854560852,3.315840244293213,0.33140790462493896,1.8958858251571655,1.4873167276382446,1.4458130598068237,-0.10057956725358963,-0.42577558755874634
6,99,1.0241183042526245,1.0886696577072144,1.2039885520935059,1.6439002752304077,1.612285852432251,0.9938223361968994,1.0613560676574707,1.9221389293670654,0.7698480486869812,1.6389728784561157,1.8758456707000732,1.7593055963516235,2.7874114513397217,2.4449565410614014,1.9284127950668335,1.8023525476455688,3.042640209197998,0.6563791632652283,0.9489129185676575,1.047809362411499,1.150976300239563,1.8096754550933838,1.7344932556152344,1.0647200345993042,1.1065236330032349,2.2155849933624268,0.49442851543426514,1.7552419900894165,1.9889764785766602,1.8671998977661133,2.96917462348938,2.61799955368042,2.098404884338379,1.970075249671936,3.3140883445739746,0.3276612162590027,1.863398790359497,1.4215569496154785,1.4914662837982178,-0.1755991280078888,-0.384937584400177
6,99,1.0133228302001953,1.0475924015045166,1.1804008483886719,1.5562204122543335,1.5625051259994507,0.9312974214553833,1.0215754508972168,1.857156753540039,0.7354760766029358,1.4530540704727173,1.7003668546676636,1.5759276151657104,2.6206603050231934,2.292384147644043,1.7396405935287476,1.611708164215088,2.8929967880249023,0.6285173296928406,0.8587275147438049,0.921973466873169,1.0542593002319336,1.6722825765609741,1.635215401649475,0.9316617846488953,1.0008127689361572,2.128148078918457,0.408529669046402,1.529949426651001,1.775605320930481,1.646266222000122,2.7778255939483643,2.442420244216919,1.880707025527954,1.751176357269287,3.150766611099243,0.2863917350769043,1.8275766372680664,1.4317973852157593,1.434617280960083,-0.09979261457920074,-0.3924524784088135
6,99,0.9965786933898926,1.0779533386230469,1.1955134868621826,1.7434613704681396,1.6929585933685303,1.003617525100708,1.0632439851760864,2.054072141647339,0.6985622048377991,1.556674599647522,1.812784194946289,1.6862317323684692,2.801886796951294,2.437631845474243,1.8794442415237427,1.7462115287780762,3.0824997425079346,0.5228840708732605,0.8422589898109436,0.9499433040618896,1.0558996200561523,1.8151150941848755,1.7176320552825928,0.9910529255867004,1.0245610475540161,2.2585904598236084,0.3723972737789154,1.593663215637207,1.8435955047607422,1.7169300317764282,2.89642071723938,2.5318734645843506,1.9656646251678467,1.8334075212478638,3.265577554702759,0.21620403230190277,1.8260239362716675,1.4712729454040527,1.3905707597732544,-0.17630775272846222,-0.4498349726200104
6,99,1.076611876487732,1.151605248451233,1.2808445692062378,1.7533365488052368,1.7821640968322754,1.0587927103042603,1.135298490524292,2.0819284915924072,0.7778153419494629,1.4944278001785278,1.742942452430725,1.6316211223602295,2.6787168979644775,2.3945062160491943,1.78867506980896,1.675507664680481,2.9897708892822266,0.6094011068344116,0.8708617091178894,0.9771512746810913,1.0945059061050415,1.7831683158874512,1.760739803314209,0.9863026142120361,1.0384223461151123,2.240567445755005,0.4684877097606659,1.4696824550628662,1.7149593830108643,1.60454523563385,2.7202646732330322,2.437823534011841,1.8175239562988281,1.7060593366622925,3.1215732097625732,0.31966206431388855,1.7399611473083496,1.4692091941833496,1.5416984558105469,-0.23099784553050995,-0.329009085893631
6,99,1.412648320198059,1.571846842765808,1.6620898246765137,2.4436159133911133,2.4384243488311768,1.5817112922668457,1.6177853345870972,2.903369188308716,0.8471621870994568,1.7070578336715698,1.9580090045928955,1.861190676689148,2.9623706340789795,2.7174131870269775,2.0262293815612793,1.9255077838897705,3.3747365474700928,0.6723902821540833,1.3789267539978027,1.557273507118225,1.6267738342285156,2.554238796234131,2.514927625656128,1.6441107988357544,1.65994131565094,3.106626510620117,0.5491315126419067,1.731802225112915,1.9794775247573853,1.8879337310791016,3.0578248500823975,2.820814847946167,2.1044414043426514,2.0081570148468018,3.5610790252685547,0.3792407512664795,1.6112728118896484,1.543116807937622,1.568947196006775,-0.4594188332557678,-0.45985081791877747
6,99,1.5990245342254639,1.7678098678588867,1.8556671142578125,2.7004730701446533,2.7173078060150146,1.8181034326553345,1.8550405502319336,3.2021565437316895,0.7930202484130859,1.9295545816421509,2.1828508377075195,2.093078851699829,3.2185091972351074,3.00972580909729,2.269068956375122,2.1773016452789307,3.661663770675659,0.6353195309638977,1.5940196514129639,1.7730222940444946,1.8413792848587036,2.805152416229248,2.7929649353027344,1.8917462825775146,1.911881685256958,3.397447347640991,0.4585302472114563,1.9886908531188965,2.23581600189209,2.1525537967681885,3.327770471572876,3.127962112426758,2.3686583042144775,2.2826013565063477,3.8504347801208496,0.35797515511512756,1.6367839574813843,1.668503761291504,1.6548460721969604,-0.45856013894081116,-0.46431735157966614
6,99,1.5029184818267822,1.6577547788619995,1.7522004842758179,2.560209035873413,2.584207057952881,1.7041696310043335,1.7474931478500366,3.071239471435547,0.7788658738136292,1.8640488386154175,2.1143205165863037,2.019646167755127,3.141859769821167,2.92785382270813,2.204896926879883,2.1118922233581543,3.6036417484283447,0.5861964225769043,1.5196020603179932,1.6857692003250122,1.7601165771484375,2.7001612186431885,2.693382740020752,1.8097881078720093,1.8345626592636108,3.310465097427368,0.4271296262741089,1.9541434049606323,2.196909189224243,2.108980417251587,3.2818541526794434,3.076139450073242,2.3367981910705566,2.2491860389709473,3.8247151374816895,0.2991838753223419,1.6707643270492554,1.6299715042114258,1.596481442451477,-0.4403943121433258,-0.45885419845581055
6,99,1.0346651077270508,1.116835355758667,1.224123239517212,1.797010898590088,1.7788763046264648,1.0838862657546997,1.1384971141815186,2.2013559341430664,0.6808766722679138,1.7107620239257812,1.950370192527771,1.8390380144119263,2.934403419494629,2.6355223655700684,2.0433106422424316,1.9307557344436646,3.3315329551696777,0.501510500907898,0.9467939734458923,1.051721453666687,1.1480305194854736,1.9076764583587646,1.8540726900100708,1.1242560148239136,1.1577519178390503,2.43009877204895,0.3702632188796997,1.8169723749160767,2.0491490364074707,1.9435569047927856,3.0826570987701416,2.7895755767822266,2.1853506565093994,2.076819658279419,3.548781394958496,0.24302208423614502,1.8841930627822876,1.4277976751327515,1.4623000621795654,-0.24930648505687714,-0.42728391289711
6,99,1.4912478923797607,1.6447776556015015,1.7086577415466309,2.5085904598236084,2.471346855163574,1.6874316930770874,1.7095531225204468,2.945725440979004,0.8220325112342834,1.8541734218597412,2.094327926635742,1.997002363204956,3.0765304565429688,2.819596529006958,2.179189443588257,2.0768964290618896,3.4703657627105713,0.6371456980705261,1.5873913764953613,1.7539482116699219,1.803396224975586,2.7086243629455566,2.6482961177825928,1.8539677858352661,1.8618271350860596,3.2156004905700684,0.5949091911315918,1.9894695281982422,2.2257254123687744,2.134819269180298,3.267306327819824,3.0171821117401123,2.3556363582611084,2.2582170963287354,3.7341437339782715,0.38767582178115845,1.6591689586639404,1.4648733139038086,1.513155460357666,-0.5237302184104919,-0.49967828392982483
6,99,1.5840212106704712,1.7526315450668335,1.8125849962234497,2.6201186180114746,2.584064483642578,1.7819982767105103,1.7979601621627808,3.0408661365509033,0.8762233257293701,1.9452409744262695,2.1897788047790527,2.0885279178619385,3.1666135787963867,2.9109902381896973,2.26046085357666,2.1578102111816406,3.5374159812927246,0.7037516236305237,1.660203456878662,1.836844563484192,1.8864458799362183,2.7922215461730957,2.737578868865967,1.9248117208480835,1.9304970502853394,3.2904739379882812,0.6248823404312134,2.046231746673584,2.28743052482605,2.1963765621185303,3.3219869136810303,3.0782742500305176,2.3991997241973877,2.3039438724517822,3.7632527351379395,0.48942434787750244,1.665830135345459,1.5754891633987427,1.5379084348678589,-0.49732455611228943,-0.5310865640640259
6,99,1.2791332006454468,1.4146850109100342,1.4880144596099854,2.1894052028656006,2.136812210083008,1.418855905532837,1.4419585466384888,2.5774943828582764,0.8169072866439819,1.7592339515686035,1.9908628463745117,1.885161280632019,2.9339377880096436,2.641679286956787,2.066554546356201,1.954408049583435,3.2839510440826416,0.6282494068145752,1.2890712022781372,1.441054105758667,1.4998503923416138,2.3340301513671875,2.2524359226226807,1.518541693687439,1.525375485420227,2.8102848529815674,0.5531020164489746,1.8562036752700806,2.0864155292510986,1.989434003829956,3.081965446472168,2.79904842376709,2.197723627090454,2.091742753982544,3.4903087615966797,0.462417334318161,1.6642619371414185,1.4911046028137207,1.4477746486663818,-0.40709763765335083,-0.47654613852500916
6,99,1.5419243574142456,1.7125723361968994,1.7608602046966553,2.6386613845825195,2.545621871948242,1.7755693197250366,1.7754273414611816,3.057037353515625,0.7599678635597229,2.035019636154175,2.2775182723999023,2.1773064136505127,3.302216053009033,3.003523588180542,2.377274751663208,2.266141176223755,3.671633005142212,0.5727847814559937,1.6142890453338623,1.7952024936676025,1.8272819519042969,2.7992968559265137,2.680999517440796,1.9099299907684326,1.895472526550293,3.2815020084381104,0.5133514404296875,2.1584372520446777,2.397658348083496,2.3046748638153076,3.465780735015869,3.1756675243377686,2.5295586585998535,2.4237632751464844,3.8895769119262695,0.3842323124408722,1.6494306325912476,1.4645298719406128,1.4454882144927979,-0.537831723690033,-0.5532324910163879
6,99,0.9624752998352051,1.0619772672653198,1.154029130935669,1.8289599418640137,1.7034131288528442,1.0261304378509521,1.0507091283798218,2.1846742630004883,0.677676260471344,1.3399873971939087,1.5822057723999023,1.448008418083191,2.571023941040039,2.1512844562530518,1.648613691329956,1.499276876449585,2.879634380340576,0.46213385462760925,0.7597256302833557,0.9018345475196838,0.9675458669662476,1.850430965423584,1.6614415645599365,0.9530707001686096,0.9432939887046814,2.29436993598938,0.4126974642276764,1.2595405578613281,1.5080496072769165,1.382413387298584,2.560296058654785,2.1528563499450684,1.6089866161346436,1.4647862911224365,2.9261386394500732,0.3273160457611084,1.6182692050933838,1.3530982732772827,1.2433563470840454,-0.27751490473747253,-0.40971747040748596
6,99,1.1084808111190796,1.0132379531860352,1.1640479564666748,1.0350736379623413,1.0933096408843994,0.8208518624305725,0.96013343334198,1.255200743675232,0.6116283535957336,0.8469904661178589,1.016736388206482,0.875666618347168,1.7710065841674805,1.3027012348175049,1.004491925239563,0.8428592085838318,1.9835649728775024,0.40638238191604614,0.7958722114562988,0.6833918690681458,0.8419526219367981,0.9451772570610046,0.8833625912666321,0.516517162322998,0.6628032326698303,1.3300065994262695,0.35306769609451294,0.6865453124046326,0.8835644721984863,0.7365974187850952,1.7586675882339478,1.2910348176956177,0.9221068620681763,0.7531604766845703,2.0477004051208496,0.27648910880088806,1.6197534799575806,1.2495683431625366,1.11604905128479,0.2921956181526184,-0.10035942494869232
6,99,1.0664328336715698,1.207999348640442,1.2675172090530396,2.0003132820129395,1.8618520498275757,1.207672119140625,1.2120003700256348,2.29471755027771,0.7076593637466431,1.6642833948135376,1.8959163427352905,1.7713254690170288,2.837514638900757,2.4561612606048584,1.9754468202590942,1.836990475654602,3.075727939605713,0.540235161781311,0.9824994802474976,1.1463743448257446,1.1820182800292969,2.0839929580688477,1.9006778001785278,1.2393708229064941,1.2185033559799194,2.48594331741333,0.3733609914779663,1.7197145223617554,1.9497650861740112,1.8278913497924805,2.9528579711914062,2.5739858150482178,2.0741159915924072,1.9387978315353394,3.2669453620910645,0.28802040219306946,1.6376086473464966,1.369573712348938,1.3682912588119507,-0.404541552066803,-0.4567769467830658
6,99,1.0827165842056274,1.2411237955093384,1.3199043273925781,2.1367650032043457,2.026336669921875,1.2452839612960815,1.264121413230896,2.468811273574829,0.6684970259666443,1.7147979736328125,1.9818801879882812,1.8556619882583618,3.030322313308716,2.679202079772949,2.0611531734466553,1.9315258264541626,3.310544490814209,0.5147115588188171,1.0802356004714966,1.2624017000198364,1.3169947862625122,2.295375108718872,2.1492059230804443,1.3608779907226562,1.3545030355453491,2.726029396057129,0.3561762273311615,1.8320060968399048,2.0926759243011475,1.9659087657928467,3.1960484981536865,2.8434579372406006,2.2226269245147705,2.093381404876709,3.5538628101348877,0.2067418247461319,1.6635181903839111,1.4478062391281128,1.322137475013733,-0.3871680796146393,-0.5566921234130859
6,99,0.9650518894195557,0.9957510232925415,1.1339819431304932,1.5750489234924316,1.5582026243209839,0.8847655057907104,0.9763254523277283,1.9065176248550415,0.7043502926826477,1.42458975315094,1.682588815689087,1.5555716753005981,2.6920955181121826,2.3502020835876465,1.7531609535217285,1.623916506767273,3.0131897926330566,0.5194553136825562,0.8438576459884644,0.9117530584335327,1.0451349020004272,1.721779465675354,1.6642651557922363,0.9212361574172974,0.9864636063575745,2.177501678466797,0.4477091431617737,1.5068272352218628,1.7606751918792725,1.630968451499939,2.8402516841888428,2.4947245121002197,1.891514539718628,1.7612217664718628,3.2497689723968506,0.21115289628505707,1.8265691995620728,1.4271398782730103,1.307051658630371,-0.15357035398483276,-0.501528799533844
6,99,1.0632312297821045,1.1704877614974976,1.2843677997589111,1.903990387916565,1.8768632411956787,1.1058472394943237,1.1665668487548828,2.2626280784606934,0.7700750827789307,1.6155223846435547,1.8768641948699951,1.7588260173797607,2.8722236156463623,2.5638763904571533,1.9290797710418701,1.8109831809997559,3.1951167583465576,0.6367841362953186,1.0040283203125,1.1407899856567383,1.2419486045837402,2.051314353942871,1.9920417070388794,1.184088945388794,1.2217683792114258,2.5284457206726074,0.4823376536369324,1.6844896078109741,1.9420421123504639,1.8219846487045288,3.015352249145508,2.704853057861328,2.0597243309020996,1.94069242477417,3.4389548301696777,0.2885076105594635,1.7466087341308594,1.5402330160140991,1.4068838357925415,-0.2674759030342102,-0.5185461640357971
6,99,0.9836527109146118,1.0193371772766113,1.1651538610458374,1.558430790901184,1.5504674911499023,0.876838743686676,0.9731335639953613,1.885465383529663,0.7365440130233765,1.4920815229415894,1.7500059604644775,1.6237963438034058,2.7263896465301514,2.373382091522217,1.7911741733551025,1.658098816871643,3.015836000442505,0.6489639282226562,0.8242345452308655,0.893303394317627,1.0381685495376587,1.6773468255996704,1.625076413154602,0.8772419691085815,0.9490770101547241,2.1477622985839844,0.4524174928665161,1.5179401636123657,1.7744903564453125,1.6419620513916016,2.8394782543182373,2.480027437210083,1.887266755104065,1.7515394687652588,3.238290309906006,0.2913907468318939,1.8562787771224976,1.5164586305618286,1.4291201829910278,-0.07110896706581116,-0.4487519860267639
6,99,0.8884232640266418,0.9351576566696167,1.0609815120697021,1.5210429430007935,1.4476158618927002,0.8313906192779541,0.9022995829582214,1.8074597120285034,0.6677287817001343,1.4222533702850342,1.6658656597137451,1.5407028198242188,2.6153106689453125,2.228081703186035,1.7217282056808472,1.5843591690063477,2.864814519882202,0.5594794154167175,0.7306206226348877,0.8128778338432312,0.9286506772041321,1.632425308227539,1.5081653594970703,0.8384019136428833,0.877217173576355,2.0573248863220215,0.3585071265697479,1.4564694166183472,1.6987380981445312,1.56904935836792,2.7209041118621826,2.3292081356048584,1.8130230903625488,1.673531413078308,3.0618021488189697,0.24893245100975037,1.7113854885101318,1.400051474571228,1.3078807592391968,-0.13690802454948425,-0.4457930326461792
6,99,1.093677282333374,1.2532843351364136,1.339188575744629,2.159287452697754,2.050109624862671,1.2502716779708862,1.270835041999817,2.5242388248443604,0.698888897895813,1.660833716392517,1.9324207305908203,1.8123408555984497,3.004136800765991,2.646602153778076,2.006988525390625,1.8761094808578491,3.3041229248046875,0.5845856666564941,1.0170989036560059,1.2015300989151,1.2621062994003296,2.265528678894043,2.11285400390625,1.3026524782180786,1.2947744131088257,2.7461342811584473,0.34981343150138855,1.7003228664398193,1.9653133153915405,1.8414697647094727,3.1040420532226562,2.7419891357421875,2.099289655685425,1.9666239023208618,3.499952793121338,0.2355841100215912,1.6275818347930908,1.5384665727615356,1.5522047281265259,-0.3505471348762512,-0.4075106382369995
6,99,0.9726717472076416,1.0891637802124023,1.1858277320861816,1.8524446487426758,1.7838287353515625,1.0600205659866333,1.0984889268875122,2.1675355434417725,0.6301023364067078,1.4782652854919434,1.7342679500579834,1.6089893579483032,2.7009756565093994,2.3621344566345215,1.7917625904083252,1.6631124019622803,2.9613044261932373,0.4889584481716156,0.8204861879348755,0.9609907269477844,1.039626121520996,1.8806382417678833,1.7677781581878662,1.0251612663269043,1.0384138822555542,2.301880359649658,0.3340744376182556,1.4774583578109741,1.7271275520324707,1.6023186445236206,2.7518348693847656,2.4137141704559326,1.835153341293335,1.7078303098678589,3.093458890914917,0.2158714234828949,1.6277174949645996,1.4282474517822266,1.3661929368972778,-0.2431899458169937,-0.42624327540397644
6,99,1.0555570125579834,1.1654009819030762,1.2756710052490234,1.8574507236480713,1.812360167503357,1.1047801971435547,1.1518043279647827,2.1016438007354736,0.7521970272064209,1.5400540828704834,1.7873715162277222,1.6707124710083008,2.7410495281219482,2.3969860076904297,1.85452401638031,1.7268786430358887,2.9658868312835693,0.4854089319705963,0.860651433467865,0.9988763332366943,1.0879203081130981,1.8592535257339478,1.7566709518432617,1.0316814184188843,1.0485117435455322,2.210184097290039,0.4436664581298828,1.4854105710983276,1.7278556823730469,1.6159089803695679,2.733722686767578,2.3960180282592773,1.8387744426727295,1.7145839929580688,3.0305514335632324,0.25746551156044006,1.647122859954834,1.4340647459030151,1.3111445903778076,-0.297145277261734,-0.4432836174964905
6,99,1.1867274045944214,1.3142063617706299,1.425555944442749,2.0996038913726807,2.116554021835327,1.2838774919509888,1.3377429246902466,2.4484028816223145,0.8188272714614868,1.565718650817871,1.8264600038528442,1.719010591506958,2.815755844116211,2.5580151081085205,1.8827049732208252,1.7780412435531616,3.134460926055908,0.6380079984664917,1.0187177658081055,1.1730763912200928,1.2642111778259277,2.1304001808166504,2.0995945930480957,1.2458869218826294,1.273960828781128,2.6071414947509766,0.46474477648735046,1.4867724180221558,1.7412747144699097,1.639214277267456,2.809852361679077,2.559236526489258,1.8646193742752075,1.7637600898742676,3.2395050525665283,0.29687753319740295,1.5553866624832153,1.6298884153366089,1.473290205001831,-0.29129868745803833,-0.4919515550136566
6,99,1.6031535863876343,1.834233283996582,1.8896645307540894,2.8630688190460205,2.8347034454345703,1.860534906387329,1.8677186965942383,3.1780247688293457,0.8923619985580444,1.8223893642425537,2.11395525932312,2.0362706184387207,3.2250490188598633,3.0165741443634033,2.1717042922973633,2.086089849472046,3.5022056102752686,0.7238712906837463,1.6112473011016846,1.8563735485076904,1.887949824333191,2.9969987869262695,2.9335007667541504,1.9597705602645874,1.949501633644104,3.4032325744628906,0.5267118215560913,1.8712003231048584,2.156526803970337,2.084211826324463,3.3391902446746826,3.1389341354370117,2.275686502456665,2.1960349082946777,3.708228588104248,0.3909304440021515,1.2650964260101318,1.5593085289001465,1.5320934057235718,-0.5540741682052612,-0.5182200074195862
6,99,1.851112961769104,2.1017043590545654,2.1143686771392822,3.1689248085021973,3.105177640914917,2.1913676261901855,2.1776256561279297,3.5136008262634277,0.7839120626449585,1.562543272972107,1.8424673080444336,1.7872148752212524,2.9039785861968994,2.7519590854644775,1.914765477180481,1.8494292497634888,3.2087996006011963,0.6976401209831238,1.9046392440795898,2.1513195037841797,2.144303321838379,3.2898499965667725,3.2003657817840576,2.3033108711242676,2.2758634090423584,3.7187209129333496,0.398385226726532,1.6326524019241333,1.8979791402816772,1.8501617908477783,3.0346462726593018,2.893211603164673,2.0407299995422363,1.9832578897476196,3.4415109157562256,0.35605716705322266,0.7721985578536987,1.5579023361206055,1.5448946952819824,-0.5677359700202942,-0.42863181233406067
6,99,1.1178151369094849,1.3585904836654663,1.3625712394714355,2.263240098953247,2.1550283432006836,1.3745791912078857,1.3455047607421875,2.5246822834014893,0.7077803015708923,1.335585355758667,1.5949255228042603,1.5501205921173096,2.5475752353668213,2.3777410984039307,1.6399871110916138,1.5764299631118774,2.800401210784912,0.675502598285675,1.056711196899414,1.2965272665023804,1.2804781198501587,2.312994956970215,2.173210620880127,1.4039030075073242,1.3584052324295044,2.686572313308716,0.3423278033733368,1.3261147737503052,1.5707216262817383,1.533981204032898,2.5953292846679688,2.431471586227417,1.6825329065322876,1.623813509941101,2.9483063220977783,0.3761279582977295,0.47853219509124756,1.4975903034210205,1.3685650825500488,-0.3874964714050293,-0.4639147222042084
6,99,1.806827425956726,1.8520838022232056,1.9161678552627563,1.7739449739456177,1.8555675745010376,1.6185187101364136,1.6717157363891602,1.4738271236419678,1.635305643081665,1.2202928066253662,1.4238015413284302,1.3772238492965698,2.217480421066284,1.9839167594909668,1.4799344539642334,1.405823826789856,2.461700677871704,0.6230536699295044,1.8297269344329834,1.9040710926055908,1.9587032794952393,1.9497592449188232,1.9905272722244263,1.6907920837402344,1.7295712232589722,1.6984816789627075,1.7402652502059937,1.2541170120239258,1.44658362865448,1.4011963605880737,2.301117181777954,2.0638530254364014,1.5571686029434204,1.4835325479507446,2.6225223541259766,0.36676937341690063,2.024299383163452,1.3296594619750977,1.2000458240509033,-0.3744558095932007,-0.4268537163734436
6,99,1.7221423387527466,1.9515129327774048,1.9637666940689087,2.93249249458313,2.8221123218536377,2.0186991691589355,1.9917454719543457,3.2703840732574463,0.9188311696052551,1.7942438125610352,2.049298048019409,2.0016613006591797,3.0621864795684814,2.8701486587524414,2.1234800815582275,2.052354574203491,3.3723232746124268,0.8892801403999329,1.784444808959961,2.0202202796936035,2.008373975753784,3.0841596126556396,2.936265468597412,2.142289161682129,2.096511125564575,3.4866554737091064,0.6497489809989929,1.8861206769943237,2.1303226947784424,2.0927577018737793,3.209307909011841,3.0267422199249268,2.259228467941284,2.1951706409454346,3.604316234588623,0.61993807554245,0.6711729764938354,1.5197277069091797,1.43850576877594,-0.5996087789535522,-0.5921595096588135
6,99,1.9379260540008545,2.18194580078125,2.2063727378845215,3.221017837524414,3.1701700687408447,2.234020948410034,2.226004123687744,3.542663812637329,1.0448551177978516,1.881211519241333,2.154982566833496,2.103407621383667,3.222327947616577,3.0717859268188477,2.213210105895996,2.1514291763305664,3.5143210887908936,0.9410927295684814,2.044194221496582,2.301631450653076,2.2998006343841553,3.412360191345215,3.3248291015625,2.39666485786438,2.369123935699463,3.779240846633911,0.8524816036224365,2.0050172805786133,2.2737069129943848,2.239886522293091,3.3988401889801025,3.269345283508301,2.3750524520874023,2.3252921104431152,3.76043438911438,0.7750343084335327,0.8407355546951294,1.5801323652267456,1.479332685470581,-0.6503910422325134,-0.6429149508476257
6,99,2.00009822845459,2.2445242404937744,2.2444639205932617,3.3054912090301514,3.143204927444458,2.3109147548675537,2.270953893661499,3.541011333465576,1.013352632522583,2.0747592449188232,2.345561981201172,2.2772510051727295,3.454664945602417,3.2030224800109863,2.436617374420166,2.348078489303589,3.690312147140503,0.8461395502090454,2.140831708908081,2.3970606327056885,2.3737869262695312,3.5129761695861816,3.318612813949585,2.496269941329956,2.438777208328247,3.781625747680664,0.8676798343658447,2.2469356060028076,2.5119738578796387,2.458854913711548,3.659484624862671,3.425414800643921,2.6335527896881104,2.555083990097046,3.9466662406921387,0.7168511152267456,0.8197637796401978,1.492294430732727,1.3402129411697388,-0.7054620385169983,-0.7187466025352478
6,99,2.1553871631622314,2.4070448875427246,2.4443578720092773,3.5549936294555664,3.5489065647125244,2.4941298961639404,2.501476287841797,4.058964729309082,1.0505321025848389,2.0665924549102783,2.350978136062622,2.3072426319122314,3.52996563911438,3.4197957515716553,2.4471800327301025,2.3973512649536133,4.011687755584717,0.9128400683403015,2.22957706451416,2.4926047325134277,2.505856513977051,3.701186418533325,3.6619861125946045,2.6174066066741943,2.6063332557678223,4.244670867919922,0.8688797354698181,2.1408989429473877,2.416256904602051,2.3953490257263184,3.645472764968872,3.562213897705078,2.5528314113616943,2.5177249908447266,4.194127082824707,0.7435207962989807,0.909757673740387,1.572352409362793,1.4577499628067017,-0.6522592306137085,-0.7016359567642212
6,99,1.8946973085403442,2.125016450881958,2.1689720153808594,3.2596757411956787,3.284283399581909,2.2248144149780273,2.2417759895324707,3.939441204071045,1.0341708660125732,1.8397272825241089,2.1101272106170654,2.0539889335632324,3.278575897216797,3.1820268630981445,2.2193715572357178,2.16792893409729,3.9287052154541016,0.8968521952629089,1.9731757640838623,2.214735984802246,2.2325682640075684,3.4387447834014893,3.4284887313842773,2.374922752380371,2.372370481491089,4.181275844573975,0.7854953408241272,1.867555856704712,2.1271374225616455,2.094681739807129,3.374112367630005,3.3034632205963135,2.2999143600463867,2.2636733055114746,4.116944789886475,0.6429797410964966,0.9579463005065918,1.6836878061294556,1.537366271018982,-0.5775917172431946,-0.6019194722175598
6,99,1.6179412603378296,1.8171719312667847,1.8672906160354614,2.7397372722625732,2.773688793182373,1.8494921922683716,1.8736414909362793,3.2919528484344482,1.0431885719299316,1.5730905532836914,1.8204575777053833,1.7561033964157104,2.7835240364074707,2.6780855655670166,1.8615583181381226,1.8076674938201904,3.297882556915283,0.9190284609794617,1.5403711795806885,1.7535065412521362,1.7789433002471924,2.782294273376465,2.780714511871338,1.8536887168884277,1.8577450513839722,3.415908098220825,0.7629247307777405,1.4514073133468628,1.6905099153518677,1.6526159048080444,2.7412919998168945,2.666386365890503,1.7974282503128052,1.7597283124923706,3.3631069660186768,0.6591029167175293,0.9467862844467163,1.678923487663269,1.6466279029846191,-0.4495057165622711,-0.39636269211769104
6,99,1.8299334049224854,2.0471038818359375,2.0932774543762207,3.0690975189208984,3.1274571418762207,2.1111502647399902,2.1386983394622803,3.673875093460083,1.0636316537857056,1.6317472457885742,1.887349009513855,1.8383524417877197,2.9246392250061035,2.871299982070923,1.9472579956054688,1.9097135066986084,3.4969170093536377,0.902689516544342,1.8092176914215088,2.035695791244507,2.0625102519989014,3.1478421688079834,3.17948317527771,2.1606311798095703,2.1718783378601074,3.8282861709594727,0.77061527967453,1.5631366968154907,1.8113700151443481,1.7866820096969604,2.93019962310791,2.903486728668213,1.932963252067566,1.9099178314208984,3.599358320236206,0.6521804332733154,0.887955904006958,1.6757843494415283,1.5884608030319214,-0.5702721476554871,-0.47459712624549866
6,99,1.9644286632537842,2.1834890842437744,2.2263267040252686,3.2341384887695312,3.274904727935791,2.259383201599121,2.282305955886841,3.8595898151397705,1.1198291778564453,1.7645143270492554,2.0227510929107666,1.970518946647644,3.096543788909912,3.0228943824768066,2.0988576412200928,2.0565431118011475,3.6912546157836914,0.9392146468162537,1.9499667882919312,2.1784720420837402,2.199765682220459,3.3211588859558105,3.3317816257476807,2.3161351680755615,2.3211545944213867,4.02268123626709,0.8128098845481873,1.7140470743179321,1.9629892110824585,1.9353654384613037,3.1173088550567627,3.0707576274871826,2.1014976501464844,2.073697328567505,3.8108654022216797,0.6799672245979309,0.9280278086662292,1.7089561223983765,1.6430355310440063,-0.5425974726676941,-0.48349979519844055
6,99,2.111739158630371,2.348700523376465,2.3828601837158203,3.5002150535583496,3.518165349960327,2.4588727951049805,2.471754789352417,4.1429572105407715,1.0911527872085571,1.9548166990280151,2.228301525115967,2.1706326007843018,3.409717321395874,3.3173673152923584,2.3463194370269775,2.2971787452697754,4.031996250152588,0.900357723236084,2.1836936473846436,2.431210517883301,2.4400177001953125,3.653249740600586,3.6378719806671143,2.586559534072876,2.5806336402893066,4.343681335449219,0.8818081021308899,1.9772776365280151,2.2384114265441895,2.206234931945801,3.48610520362854,3.4214303493499756,2.410616159439087,2.3770864009857178,4.1931586265563965,0.6748028993606567,0.9485225081443787,1.6618796586990356,1.5827914476394653,-0.5830809473991394,-0.5425548553466797
6,99,2.1226160526275635,2.393328905105591,2.4094130992889404,3.530763864517212,3.4684507846832275,2.4517366886138916,2.439418077468872,3.8773460388183594,1.065606713294983,1.8645366430282593,2.1651439666748047,2.1034610271453857,3.316627025604248,3.1598448753356934,2.2242157459259033,2.1570239067077637,3.6499922275543213,0.887112021446228,2.2161524295806885,2.49680495262146,2.4909019470214844,3.6996936798095703,3.606743097305298,2.5967953205108643,2.5670855045318604,4.097880840301514,0.8463677763938904,1.9337615966796875,2.2272629737854004,2.1894948482513428,3.435957431793213,3.304443836212158,2.327364921569824,2.2753937244415283,3.8363521099090576,0.7246402502059937,0.8818756937980652,1.5896825790405273,1.4132858514785767,-0.6490930318832397,-0.5996827483177185
6,99,2.124204397201538,2.364941358566284,2.3850908279418945,3.473665714263916,3.388354539871216,2.4469988346099854,2.4308040142059326,3.8996784687042236,1.0168163776397705,1.9899834394454956,2.261143207550049,2.204509735107422,3.388110876083374,3.2056081295013428,2.342606544494629,2.2721118927001953,3.782243490219116,0.9260210394859314,2.2123401165008545,2.4640519618988037,2.4585530757904053,3.633345603942871,3.5127665996551514,2.5840938091278076,2.548161268234253,4.100603103637695,0.8286615610122681,2.0696945190429688,2.3333544731140137,2.297977924346924,3.5083322525024414,3.350040912628174,2.452258586883545,2.395430088043213,3.9657185077667236,0.7716399431228638,0.8661973476409912,1.5970487594604492,1.4379749298095703,-0.6304670572280884,-0.5947638154029846
6,99,1.948034405708313,2.1805741786956787,2.208658456802368,3.152608871459961,3.120788097381592,2.2129666805267334,2.2133257389068604,3.493333578109741,1.0195199251174927,1.6636463403701782,1.9302055835723877,1.8781325817108154,2.897289514541626,2.7636678218841553,1.9412096738815308,1.885157823562622,3.1878678798675537,0.9471768140792847,1.9715385437011719,2.2163689136505127,2.2187812328338623,3.2531657218933105,3.1848056316375732,2.2874324321746826,2.2674617767333984,3.6401188373565674,0.8188420534133911,1.6586599349975586,1.9176257848739624,1.8927549123764038,2.9407687187194824,2.8387138843536377,1.9695696830749512,1.9309650659561157,3.3051536083221436,0.7864608764648438,0.8469575047492981,1.5403118133544922,1.3638734817504883,-0.5834304094314575,-0.5320202708244324
6,99,1.7686951160430908,1.9895954132080078,2.018157720565796,2.8939647674560547,2.8495116233825684,2.0024313926696777,2.0004308223724365,3.1664810180664062,0.989603579044342,1.6346101760864258,1.890826940536499,1.842278003692627,2.806617021560669,2.6583962440490723,1.8900837898254395,1.833241581916809,3.0270891189575195,0.9642418622970581,1.7804954051971436,2.0161209106445312,2.0181872844696045,2.9947493076324463,2.9104132652282715,2.070956230163574,2.04744553565979,3.3170955181121826,0.7839582562446594,1.62054443359375,1.8696327209472656,1.8456071615219116,2.839545249938965,2.721223831176758,1.9087657928466797,1.867384910583496,3.134551525115967,0.7929838299751282,0.7609178423881531,1.490347146987915,1.3132215738296509,-0.5922011137008667,-0.5683320760726929
6,99,1.8255157470703125,2.0452442169189453,2.0645830631256104,2.9762136936187744,2.8761141300201416,2.081103801727295,2.0613412857055664,3.2248003482818604,1.0109883546829224,1.7314982414245605,1.9803560972213745,1.9364701509475708,2.9360158443450928,2.7496323585510254,2.014838218688965,1.949000597000122,3.14902663230896,0.9452862739562988,1.864832878112793,2.0971739292144775,2.090217113494873,3.1021106243133545,2.961268186569214,2.1765048503875732,2.1352221965789795,3.399921417236328,0.7886860966682434,1.766678810119629,2.0082802772521973,1.9813405275344849,3.018496036529541,2.8507027626037598,2.0855181217193604,2.0299336910247803,3.3062498569488525,0.753042459487915,0.6672170162200928,1.4741320610046387,1.2901054620742798,-0.6360461711883545,-0.6150931119918823
6,99,1.7063173055648804,1.9406920671463013,1.9777709245681763,2.9725401401519775,2.9402260780334473,1.9728868007659912,1.9773623943328857,3.3995139598846436,1.04613196849823,1.4993205070495605,1.7700196504592896,1.723595142364502,2.8032257556915283,2.66856050491333,1.7828588485717773,1.727092981338501,3.1791110038757324,0.9806247353553772,1.7221181392669678,1.9776713848114014,1.9833215475082397,3.100961685180664,3.0251710414886475,2.0616614818573,2.040776252746582,3.579103946685791,0.8379886746406555,1.5064064264297485,1.774564266204834,1.7532557249069214,2.8969850540161133,2.7885689735412598,1.8504960536956787,1.8104822635650635,3.3664329051971436,0.7716054916381836,0.7888520359992981,1.5153231620788574,1.4305919408798218,-0.5608739852905273,-0.5304519534111023
6,99,1.8827848434448242,2.11737322807312,2.16526198387146,3.1481690406799316,3.1981449127197266,2.1604645252227783,2.1844425201416016,3.6254844665527344,1.051735520362854,1.6779433488845825,1.950018048286438,1.9122837781906128,2.996443271636963,2.939871311187744,1.9857563972473145,1.9485816955566406,3.439851760864258,0.9420667290687561,1.8989652395248413,2.1472361087799072,2.1717238426208496,3.2573773860931396,3.2744500637054443,2.2382888793945312,2.2434098720550537,3.792410373687744,0.8263163566589355,1.6779831647872925,1.943121075630188,1.9303443431854248,3.0605814456939697,3.032071113586426,2.0314080715179443,2.0103890895843506,3.589101552963257,0.7358428239822388,0.8657529950141907,1.5966249704360962,1.4507570266723633,-0.5678423643112183,-0.5796477794647217
6,99,1.6842575073242188,1.9114165306091309,1.9539754390716553,2.913539409637451,2.930318832397461,1.9391403198242188,1.9571819305419922,3.4259536266326904,1.0667402744293213,1.62337064743042,1.8970978260040283,1.8366378545761108,2.947542905807495,2.837101459503174,1.9390523433685303,1.8823522329330444,3.4374382495880127,0.9336093664169312,1.6379703283309937,1.882285475730896,1.8989063501358032,2.996724843978882,2.9752655029296875,1.9779853820800781,1.9738179445266724,3.5913889408111572,0.7766046524047852,1.5416312217712402,1.8074368238449097,1.7716529369354248,2.94866943359375,2.864851474761963,1.916042685508728,1.874946117401123,3.5452263355255127,0.6514635682106018,0.9194576740264893,1.7122604846954346,1.5824636220932007,-0.48879191279411316,-0.4521617591381073
6,99,1.7504802942276,1.979108214378357,2.010566234588623,2.97196888923645,2.9748013019561768,2.013261318206787,2.023825168609619,3.472280740737915,1.0785104036331177,1.6580771207809448,1.9257677793502808,1.8642337322235107,2.960529327392578,2.846457004547119,1.9743098020553589,1.9175759553909302,3.4486963748931885,0.9207082390785217,1.690643310546875,1.9293204545974731,1.941197395324707,3.0277183055877686,2.998757839202881,2.0328824520111084,2.025664806365967,3.6191978454589844,0.7558957934379578,1.5738226175308228,1.8323255777359009,1.7947505712509155,2.9506020545959473,2.861996650695801,1.9442319869995117,1.902348518371582,3.5413246154785156,0.6435609459877014,0.8660045266151428,1.6986193656921387,1.5784929990768433,-0.5616433620452881,-0.4427693784236908
6,99,1.830566644668579,2.0450618267059326,2.090139150619507,3.052018165588379,3.117964744567871,2.1097605228424072,2.1380510330200195,3.6333718299865723,1.0472742319107056,1.6721525192260742,1.9280034303665161,1.875234603881836,2.963820457458496,2.910365581512451,1.997098445892334,1.9570448398590088,3.5225706100463867,0.901435911655426,1.8284275531768799,2.0539088249206543,2.0763468742370605,3.1475460529327393,3.181584596633911,2.174931764602661,2.185279369354248,3.7964651584625244,0.803674042224884,1.609581470489502,1.8546497821807861,1.8298450708389282,2.9671969413757324,2.9449591636657715,1.9831901788711548,1.961205244064331,3.621776819229126,0.6610645055770874,0.9190565347671509,1.6854698657989502,1.595474123954773,-0.5184720754623413,-0.46911150217056274
6,99,2.0563621520996094,2.2886312007904053,2.3164353370666504,3.384963035583496,3.376758337020874,2.382795810699463,2.386586904525757,3.911801815032959,1.0258324146270752,1.837985873222351,2.1034133434295654,2.0483055114746094,3.202162981033325,3.094240427017212,2.1855390071868896,2.133084774017334,3.6882331371307373,0.9340773820877075,2.1069223880767822,2.349565029144287,2.352665424346924,3.5100619792938232,3.469320774078369,2.484966516494751,2.4705941677093506,4.083710193634033,0.8211885690689087,1.851141333580017,2.107423782348633,2.0784661769866943,3.2700536251068115,3.19120192527771,2.2386200428009033,2.2027649879455566,3.837226152420044,0.7343018651008606,0.8822600245475769,1.4617745876312256,1.5379749536514282,-0.7155877351760864,-0.5534213781356812
6,99,2.0228703022003174,2.273481607437134,2.290095806121826,3.369145631790161,3.309860944747925,2.3502869606018066,2.3378071784973145,3.76267147064209,0.9673522710800171,1.663862705230713,1.9448469877243042,1.8869348764419556,3.0235776901245117,2.87642240524292,1.995698094367981,1.9321777820587158,3.370331048965454,0.8964945077896118,2.0784687995910645,2.339754581451416,2.3323822021484375,3.493553400039673,3.402120590209961,2.451843500137329,2.4213905334472656,3.9286749362945557,0.7758365869522095,1.71011221408844,1.9848026037216187,1.9509471654891968,3.122006893157959,3.000181198120117,2.077303171157837,2.0291075706481934,3.5363667011260986,0.7435343861579895,0.8623591065406799,1.4304159879684448,1.4096527099609375,-0.7198633551597595,-0.5603702068328857
6,99,2.0497336387634277,2.278716564178467,2.309058666229248,3.3542966842651367,3.3568646907806396,2.385053873062134,2.3901798725128174,3.8702471256256104,0.9410931468009949,1.934433937072754,2.1951534748077393,2.153284788131714,3.2809770107269287,3.1923234462738037,2.2914657592773438,2.247074842453003,3.758121967315674,0.9150100350379944,2.1310720443725586,2.367828130722046,2.37673020362854,3.5039539337158203,3.4771759510040283,2.5114121437072754,2.5008888244628906,4.065529823303223,0.7441433668136597,2.0091969966888428,2.2588281631469727,2.239841938018799,3.3977608680725098,3.3359665870666504,2.3971714973449707,2.36780047416687,3.945303440093994,0.723592221736908,0.8199023604393005,1.447251558303833,1.3981027603149414,-0.6535027623176575,-0.6662813425064087
6,99,2.1643929481506348,2.3898696899414062,2.3914999961853027,3.486274003982544,3.366459608078003,2.5063726902008057,2.4765708446502686,3.946901559829712,0.9538492560386658,2.098891019821167,2.3512182235717773,2.2860846519470215,3.4694480895996094,3.265303134918213,2.470522165298462,2.3951170444488525,3.9037225246429443,0.8946101069450378,2.269674062728882,2.5031633377075195,2.4816818237304688,3.653324604034424,3.5016231536865234,2.6537506580352783,2.60664963722229,4.152156352996826,0.7769895195960999,2.2093658447265625,2.4513278007507324,2.4074079990386963,3.61083984375,3.4306232929229736,2.6050827503204346,2.542738676071167,4.106150150299072,0.7287853956222534,0.7789338827133179,1.5010372400283813,1.3800935745239258,-0.6666979193687439,-0.6612226366996765
6,99,2.206892967224121,2.417783260345459,2.4250776767730713,3.528672933578491,3.4531447887420654,2.573657274246216,2.556241273880005,4.070822238922119,0.9104827642440796,2.300267219543457,2.539167642593384,2.4752726554870605,3.670745611190796,3.5045182704925537,2.696977376937866,2.6312148571014404,4.179248332977295,0.8929848074913025,2.3070151805877686,2.5249156951904297,2.5100696086883545,3.686920166015625,3.58076810836792,2.712505578994751,2.678925037384033,4.265669822692871,0.7386366128921509,2.369699239730835,2.5981662273406982,2.5553786754608154,3.7680275440216064,3.6263153553009033,2.7867345809936523,2.734365224838257,4.33366584777832,0.7307547926902771,0.8977829813957214,1.4421385526657104,1.5023472309112549,-0.6642602682113647,-0.6512613296508789
6,99,2.2733049392700195,2.4881796836853027,2.482332944869995,3.6123530864715576,3.478053569793701,2.6530425548553467,2.616877555847168,4.090490341186523,0.8746514320373535,2.3552722930908203,2.594818115234375,2.528272867202759,3.7462432384490967,3.5317723751068115,2.7652390003204346,2.6872808933258057,4.2012810707092285,0.8360650539398193,2.4017369747161865,2.62379789352417,2.5962071418762207,3.7924890518188477,3.6270430088043213,2.8147785663604736,2.7629036903381348,4.298383712768555,0.7304745316505432,2.496070623397827,2.7254600524902344,2.6755988597869873,3.9079413414001465,3.712528944015503,2.922950506210327,2.855830669403076,4.41188907623291,0.686831533908844,0.8106621503829956,1.3722184896469116,1.454978585243225,-0.7159919738769531,-0.6567580699920654
6,99,1.961652159690857,2.1919851303100586,2.1855545043945312,3.2965164184570312,3.14875864982605,2.3181941509246826,2.278563976287842,3.716693162918091,0.8751235008239746,1.9971420764923096,2.2548069953918457,2.1825804710388184,3.3821637630462646,3.1489033699035645,2.3844165802001953,2.298497200012207,3.7761662006378174,0.8267517685890198,2.0670368671417236,2.3047845363616943,2.2780230045318604,3.4619057178497314,3.2845771312713623,2.4629695415496826,2.4079537391662598,3.918053388595581,0.7149966359138489,2.1005682945251465,2.3477301597595215,2.294384479522705,3.52158522605896,3.3090248107910156,2.5140552520751953,2.44044828414917,3.9782779216766357,0.6481472849845886,0.7863634824752808,1.3789936304092407,1.384843111038208,-0.6595335602760315,-0.6136944890022278
6,99,2.0715951919555664,2.2898218631744385,2.2978129386901855,3.3803114891052246,3.2715492248535156,2.4310035705566406,2.4042375087738037,3.8323686122894287,0.8327390551567078,1.8007025718688965,2.048798084259033,1.9944310188293457,3.1515166759490967,2.963163375854492,2.181413412094116,2.1114115715026855,3.578087091445923,0.7541667819023132,2.167879819869995,2.3920154571533203,2.378049373626709,3.5362274646759033,3.396223306655884,2.5676302909851074,2.5245063304901123,4.031226634979248,0.6278676986694336,1.8974840641021729,2.132629632949829,2.0976860523223877,3.279808521270752,3.1128621101379395,2.3039379119873047,2.246351480484009,3.7699131965637207,0.5737717747688293,0.766788899898529,1.5118176937103271,1.3018604516983032,-0.6264116764068604,-0.6022493243217468
6,99,2.044891595840454,2.267045736312866,2.272707939147949,3.345073938369751,3.2201242446899414,2.3905436992645264,2.3579015731811523,3.768007755279541,0.8547632098197937,1.723419189453125,1.9773404598236084,1.9190562963485718,3.050586462020874,2.843162775039673,2.078472137451172,2.0004630088806152,3.427827835083008,0.8172264099121094,2.1308796405792236,2.3603806495666504,2.3429830074310303,3.491575241088867,3.333871603012085,2.516223192214966,2.466848373413086,3.9540860652923584,0.6636033654212952,1.803675889968872,2.0461175441741943,2.006549119949341,3.174452543258667,2.987884759902954,2.1916606426239014,2.1265275478363037,3.624856948852539,0.6219115257263184,0.8071960806846619,1.4688293933868408,1.3235136270523071,-0.6189320683479309,-0.5826725363731384
6,99,2.3143703937530518,2.5514118671417236,2.5515005588531494,3.678267002105713,3.542762041091919,2.678980827331543,2.64311146736145,4.078702449798584,0.8814570903778076,1.783487319946289,2.0534822940826416,1.9887428283691406,3.1628406047821045,2.9450197219848633,2.149879217147827,2.06925106048584,3.5131568908691406,0.8287758231163025,2.4418768882751465,2.6855082511901855,2.663870096206665,3.8578293323516846,3.691527843475342,2.841036796569824,2.789292812347412,4.291769504547119,0.7070844173431396,1.8875925540924072,2.144925117492676,2.1038222312927246,3.306466817855835,3.1151695251464844,2.283590793609619,2.218334436416626,3.726576566696167,0.6565136313438416,0.9506760239601135,1.3935470581054688,1.1854214668273926,-0.6816161274909973,-0.6505634188652039
