label,person_id,f_0,f_1,f_2,f_3,f_4,f_5,f_6,f_7,f_8,f_9,f_10,f_11,f_12,f_13,f_14,f_15,f_16,f_17,f_18,f_19,f_20,f_21,f_22,f_23,f_24,f_25,f_26,f_27,f_28,f_29,f_30,f_31,f_32,f_33,f_34,f_35,f_36,f_37,f_38,f_39,f_40
0,99,2.5980753898620605,2.601080894470215,2.6727373600006104,2.275843858718872,2.4249541759490967,2.2988369464874268,2.3606066703796387,1.6785534620285034,2.141519546508789,2.3957672119140625,2.5035455226898193,2.4714627265930176,2.5072977542877197,2.4104177951812744,2.2256791591644287,2.194385290145874,1.976967453956604,2.242560625076294,2.7003979682922363,2.7470290660858154,2.8074374198913574,2.6027917861938477,2.707643747329712,2.4622204303741455,2.5105063915252686,2.077430248260498,2.4749507904052734,2.567331314086914,2.708083152770996,2.6751179695129395,2.867009401321411,2.7644155025482178,2.4645838737487793,2.4302375316619873,2.4331018924713135,2.4954588413238525,1.542396903038025,1.3931093215942383,1.6083277463912964,-0.30625319480895996,-0.634384274482727
0,99,2.5668299198150635,2.620624542236328,2.67812442779541,2.4489707946777344,2.5683107376098633,2.3096375465393066,2.356687307357788,1.9100689888000488,2.3081297874450684,2.527691125869751,2.6618242263793945,2.617527723312378,2.6811416149139404,2.599299192428589,2.363499641418457,2.329322099685669,2.1400980949401855,2.405456304550171,2.7761483192443848,2.8710074424743652,2.9192161560058594,2.8672831058502197,2.963301420211792,2.5873873233795166,2.626493215560913,2.404916286468506,2.6642868518829346,2.742039203643799,2.9057536125183105,2.8660295009613037,3.0748214721679688,3.0066494941711426,2.6447505950927734,2.6152806282043457,2.6360061168670654,2.678323268890381,1.4020692110061646,1.5064042806625366,1.717682123184204,-0.5119919776916504,-0.6691432595252991
0,99,2.5330915451049805,2.592590093612671,2.647745370864868,2.435525894165039,2.550527572631836,2.279235363006592,2.324265956878662,1.9120889902114868,2.2953994274139404,2.453723430633545,2.6000514030456543,2.554027795791626,2.6780216693878174,2.595151901245117,2.3102059364318848,2.276083469390869,2.1998372077941895,2.3525285720825195,2.7251100540161133,2.8253912925720215,2.87148118019104,2.837902307510376,2.9299466609954834,2.540923833847046,2.5782012939453125,2.3962996006011963,2.626901149749756,2.6732125282287598,2.8476688861846924,2.8069915771484375,3.0742669105529785,3.0058231353759766,2.5990548133850098,2.5700206756591797,2.6993303298950195,2.6014926433563232,1.4000869989395142,1.4946402311325073,1.7113454341888428,-0.5182541012763977,-0.6575483083724976
0,99,2.5171148777008057,2.566272497177124,2.6205711364746094,2.3837943077087402,2.4936904907226562,2.2568552494049072,2.3028745651245117,1.8431509733200073,2.2542762756347656,2.4285593032836914,2.5618038177490234,2.5161755084991455,2.600710391998291,2.508084297180176,2.270610809326172,2.2360682487487793,2.0923573970794678,2.3070805072784424,2.68615984916687,2.7768051624298096,2.8201632499694824,2.763716697692871,2.843890905380249,2.49330997467041,2.528960943222046,2.300342082977295,2.5791730880737305,2.6273598670959473,2.7901759147644043,2.7489800453186035,2.980058193206787,2.898237705230713,2.537201166152954,2.5059902667999268,2.573256015777588,2.563568115234375,1.3723409175872803,1.4582977294921875,1.6528033018112183,-0.47922733426094055,-0.6451524496078491
0,99,2.537107229232788,2.5731236934661865,2.6336166858673096,2.336205005645752,2.4573991298675537,2.2588822841644287,2.3098690509796143,1.771826982498169,2.2245404720306396,2.4406700134277344,2.56111478805542,2.52152156829834,2.5590717792510986,2.465632915496826,2.266500234603882,2.2336137294769287,2.0263772010803223,2.280505657196045,2.6815123558044434,2.758164405822754,2.808382272720337,2.688509225845337,2.777432680130005,2.4662725925445557,2.5065507888793945,2.197883367538452,2.5464975833892822,2.6208884716033936,2.7715981006622314,2.7355220317840576,2.919250726699829,2.833510637283325,2.511655807495117,2.480808973312378,2.4844131469726562,2.543443441390991,1.3975729942321777,1.4567989110946655,1.6198700666427612,-0.46276935935020447,-0.6679131984710693
0,99,2.5553412437438965,2.581669807434082,2.644665002822876,2.292760133743286,2.4202184677124023,2.259481906890869,2.3135826587677,1.6970775127410889,2.1794142723083496,2.431565046310425,2.5467467308044434,2.5123414993286133,2.5296003818511963,2.43847393989563,2.250131368637085,2.220118999481201,1.9906988143920898,2.26684832572937,2.6631338596343994,2.7303194999694824,2.7828891277313232,2.614816904067993,2.7050416469573975,2.4295871257781982,2.4718546867370605,2.098167896270752,2.490778923034668,2.5877530574798584,2.7340495586395264,2.7012860774993896,2.8728950023651123,2.7827353477478027,2.473723888397217,2.4432690143585205,2.4374682903289795,2.5142252445220947,1.3972358703613281,1.4317634105682373,1.627673625946045,-0.39906075596809387,-0.6409286856651306
0,99,2.679986000061035,2.6665873527526855,2.7321696281433105,2.2717888355255127,2.4169082641601562,2.3584234714508057,2.4155044555664062,1.6549454927444458,2.1421425342559814,2.359741449356079,2.484872341156006,2.440554618835449,2.590574264526367,2.4744954109191895,2.2286252975463867,2.1870992183685303,2.1950020790100098,2.2397754192352295,2.738067626953125,2.7684245109558105,2.824772596359253,2.559429407119751,2.6668648719787598,2.4750959873199463,2.5213780403137207,2.0302541255950928,2.455629587173462,2.5218324661254883,2.6780667304992676,2.635930299758911,2.935028553009033,2.822805166244507,2.4599292278289795,2.418896436691284,2.6377110481262207,2.441474437713623,1.7772300243377686,1.4517706632614136,1.5891711711883545,-0.2833627760410309,-0.6560640335083008
0,99,2.5061352252960205,2.5301029682159424,2.5944793224334717,2.3176779747009277,2.4459807872772217,2.229436159133911,2.283535957336426,1.810656189918518,2.188138723373413,2.244823932647705,2.4341468811035156,2.3726119995117188,2.845468759536743,2.708238124847412,2.2534804344177246,2.197702407836914,2.6718742847442627,2.0747227668762207,2.6540801525115967,2.7246129512786865,2.777384042739868,2.7031028270721436,2.7938506603240967,2.4504153728485107,2.491788387298584,2.2801339626312256,2.5158441066741943,2.505600929260254,2.714736223220825,2.6568219661712646,3.248183488845825,3.1170642375946045,2.5825107097625732,2.529622793197632,3.1572344303131104,2.189887523651123,2.055631399154663,1.4486740827560425,1.6048122644424438,-0.3619469404220581,-0.6983311772346497
0,99,2.7543399333953857,2.736475944519043,2.800736665725708,2.289764165878296,2.4387764930725098,2.4219677448272705,2.4802663326263428,1.631394624710083,2.1242499351501465,2.4150822162628174,2.5085737705230713,2.46759033203125,2.440595865249634,2.33650803565979,2.2204039096832275,2.1858413219451904,1.9313725233078003,2.194345712661743,2.797027349472046,2.8200039863586426,2.8754823207855225,2.5518743991851807,2.6639835834503174,2.51857852935791,2.566598892211914,1.9822227954864502,2.4495983123779297,2.530529499053955,2.657754898071289,2.617081880569458,2.754793882369995,2.6503634452819824,2.4035089015960693,2.3672537803649902,2.3568952083587646,2.4310343265533447,1.631235957145691,1.369027853012085,1.5840516090393066,-0.2693467438220978,-0.588290810585022
0,99,2.8433194160461426,2.819456100463867,2.8781580924987793,2.3073244094848633,2.4553163051605225,2.497398853302002,2.549777030944824,1.6082508563995361,2.1058907508850098,2.5159454345703125,2.596312999725342,2.55653977394104,2.455768585205078,2.3551814556121826,2.300074577331543,2.263068437576294,1.9060087203979492,2.217709541320801,2.8681070804595947,2.884150266647339,2.9340274333953857,2.5421018600463867,2.653271436691284,2.571179151535034,2.61301589012146,1.9274506568908691,2.431978225708008,2.590137004852295,2.7056264877319336,2.6655027866363525,2.731809616088867,2.62919282913208,2.4384706020355225,2.3989644050598145,2.2983787059783936,2.4480931758880615,1.6118961572647095,1.3615529537200928,1.612346887588501,-0.2796775698661804,-0.5888339281082153
0,99,2.5550014972686768,2.560664653778076,2.62416934967041,2.254394292831421,2.384570360183716,2.2525112628936768,2.30561900138855,1.7037922143936157,2.1464765071868896,2.2109341621398926,2.372418165206909,2.3139543533325195,2.653278112411499,2.5063416957855225,2.153719425201416,2.0986502170562744,2.398127317428589,2.0793936252593994,2.6511590480804443,2.703280210494995,2.755370616912842,2.589042901992798,2.678250312805176,2.4159135818481445,2.45611310005188,2.1230387687683105,2.464721202850342,2.399129867553711,2.5891051292419434,2.5321245193481445,3.0174560546875,2.8741328716278076,2.4188337326049805,2.364344596862793,2.858104705810547,2.21160888671875,1.9163477420806885,1.436583161354065,1.663421869277954,-0.3084771931171417,-0.605688750743866
0,99,2.720228910446167,2.692964792251587,2.756687879562378,2.205566883087158,2.360687732696533,2.3697590827941895,2.4292571544647217,1.553292155265808,2.0542831420898438,2.4394583702087402,2.529296398162842,2.4898295402526855,2.463388681411743,2.3584275245666504,2.2390449047088623,2.20514178276062,1.9752285480499268,2.2041022777557373,2.723374843597412,2.7378368377685547,2.79264235496521,2.4350147247314453,2.550166606903076,2.4263017177581787,2.475031614303589,1.8768986463546753,2.3486831188201904,2.532607078552246,2.6581594944000244,2.618987560272217,2.765231132507324,2.6590662002563477,2.402921199798584,2.3668274879455566,2.3948378562927246,2.4232337474823,1.626836895942688,1.4012953042984009,1.614351511001587,-0.19776800274848938,-0.5710453391075134
0,99,2.7390918731689453,2.7170212268829346,2.779754400253296,2.261909008026123,2.4137892723083496,2.3929316997528076,2.44903826713562,1.6118272542953491,2.139299154281616,2.484841823577881,2.573673963546753,2.5379889011383057,2.5074384212493896,2.4152626991271973,2.2771787643432617,2.245805501937866,2.0101544857025146,2.2609190940856934,2.771737813949585,2.7919516563415527,2.8464760780334473,2.5228540897369385,2.6382462978363037,2.481558322906494,2.5275561809539795,1.9689677953720093,2.4453868865966797,2.5996809005737305,2.7244718074798584,2.69065523147583,2.8320770263671875,2.7422730922698975,2.4633116722106934,2.4311628341674805,2.451760768890381,2.5008184909820557,1.563214659690857,1.462725043296814,1.6277276277542114,-0.26568642258644104,-0.6021046042442322
0,99,2.634660005569458,2.6149041652679443,2.6832313537597656,2.203230619430542,2.3590078353881836,2.297600746154785,2.3604865074157715,1.609681248664856,2.100132703781128,2.390784740447998,2.4981849193573,2.4608685970306396,2.53218674659729,2.4325203895568848,2.219558000564575,2.187573194503784,2.12074875831604,2.2272138595581055,2.671058177947998,2.695824384689331,2.754666328430176,2.478372573852539,2.593503475189209,2.3943734169006348,2.445803165435791,1.9813477993011475,2.397942304611206,2.5263071060180664,2.6677165031433105,2.6333563327789307,2.870088577270508,2.77436900138855,2.4287900924682617,2.3968989849090576,2.5699031352996826,2.444039821624756,1.6327500343322754,1.4610930681228638,1.6389433145523071,-0.2256198674440384,-0.5717427730560303
0,99,2.771472692489624,2.742896795272827,2.8052449226379395,2.2659225463867188,2.4214587211608887,2.4224510192871094,2.4806132316589355,1.6100653409957886,2.1367506980895996,2.397249698638916,2.490246534347534,2.4517152309417725,2.459289789199829,2.3652172088623047,2.2039647102355957,2.172297954559326,2.031128406524658,2.1843600273132324,2.792072296142578,2.8049404621124268,2.859801769256592,2.513097047805786,2.634364366531372,2.497173547744751,2.5462329387664795,1.9604148864746094,2.4401068687438965,2.509169340133667,2.637446880340576,2.6017801761627197,2.780081272125244,2.691002368927002,2.3882508277893066,2.356811046600342,2.469372272491455,2.4099061489105225,1.659496545791626,1.453497290611267,1.5892289876937866,-0.25276312232017517,-0.5860797166824341
0,99,2.6307356357574463,2.610480785369873,2.6737024784088135,2.1862823963165283,2.3325047492980957,2.295954704284668,2.353350877761841,1.5772794485092163,2.0796186923980713,2.332979440689087,2.4413015842437744,2.401001453399658,2.490770101547241,2.383301019668579,2.1729509830474854,2.1370158195495605,2.096360206604004,2.171027183532715,2.665817975997925,2.6890180110931396,2.7433292865753174,2.4540090560913086,2.5617666244506836,2.3891420364379883,2.4357693195343018,1.9391226768493652,2.3774752616882324,2.4628100395202637,2.6052403450012207,2.5672800540924072,2.8201284408569336,2.7163031101226807,2.375941038131714,2.339874744415283,2.5329630374908447,2.3750054836273193,1.6551307439804077,1.428304672241211,1.6121180057525635,-0.2500592768192291,-0.5809543132781982
0,99,2.699413537979126,2.674771785736084,2.7374229431152344,2.233832359313965,2.38627290725708,2.361649513244629,2.419236660003662,1.5945101976394653,2.118593215942383,2.4142956733703613,2.5066936016082764,2.4689342975616455,2.483633041381836,2.386793613433838,2.225851058959961,2.1941347122192383,2.014972686767578,2.2140679359436035,2.728388547897339,2.7460312843322754,2.8003625869750977,2.491028070449829,2.606775999069214,2.446329355239868,2.493914842605591,1.9453786611557007,2.4169833660125732,2.534593343734741,2.661954164505005,2.6260130405426025,2.806518316268921,2.71243953704834,2.4163572788238525,2.38399600982666,2.4485244750976562,2.4396207332611084,1.6061670780181885,1.4492074251174927,1.5160304307937622,-0.25831639766693115,-0.6456969380378723
0,99,2.664358139038086,2.6429240703582764,2.7052931785583496,2.218768358230591,2.3692426681518555,2.328758478164673,2.386214017868042,1.6034468412399292,2.1160390377044678,2.414752244949341,2.5134453773498535,2.4745564460754395,2.5195484161376953,2.4211714267730713,2.2366080284118652,2.202631950378418,2.090289354324341,2.232808828353882,2.6965394020080566,2.71828293800354,2.7721991539001465,2.4858694076538086,2.5987651348114014,2.4197728633880615,2.4667344093322754,1.9714272022247314,2.4109914302825928,2.553009510040283,2.6865627765655518,2.6505119800567627,2.8627498149871826,2.768618583679199,2.4477651119232178,2.4139366149902344,2.544996500015259,2.465564727783203,1.6133861541748047,1.4490814208984375,1.6160372495651245,-0.2387228012084961,-0.5858950614929199
0,99,2.7017922401428223,2.673590660095215,2.7362847328186035,2.2113068103790283,2.364384651184082,2.3577780723571777,2.415961503982544,1.569042682647705,2.090052366256714,2.3771703243255615,2.472383737564087,2.4353621006011963,2.4729983806610107,2.373361587524414,2.1969995498657227,2.1642467975616455,2.0523061752319336,2.1901392936706543,2.7187857627868652,2.7319443225860596,2.786346912384033,2.454237222671509,2.569627523422241,2.4289944171905518,2.476982831954956,1.9095433950424194,2.3822340965270996,2.49580454826355,2.625288486480713,2.590343713760376,2.7932591438293457,2.6963088512420654,2.3869223594665527,2.3536415100097656,2.4831957817077637,2.4064676761627197,1.6480770111083984,1.4401334524154663,1.611362338066101,-0.23723715543746948,-0.5910777449607849
0,99,2.764585494995117,2.730611801147461,2.7908809185028076,2.2327444553375244,2.3865978717803955,2.4102797508239746,2.4676425457000732,1.5611909627914429,2.092684745788574,2.460442066192627,2.5406997203826904,2.5040066242218018,2.4614498615264893,2.3690409660339355,2.2500200271606445,2.219731330871582,1.9815579652786255,2.2158830165863037,2.767270803451538,2.772951126098633,2.826178550720215,2.4549508094787598,2.5747134685516357,2.463749408721924,2.5122430324554443,1.8837361335754395,2.379519462585449,2.5582098960876465,2.6739041805267334,2.639652729034424,2.7682857513427734,2.679327964782715,2.417181968688965,2.386540412902832,2.407609701156616,2.44850754737854,1.6069059371948242,1.4589470624923706,1.5079090595245361,-0.224202960729599,-0.6269110441207886
0,99,2.6770286560058594,2.650345802307129,2.7145395278930664,2.21085786819458,2.367739200592041,2.3373072147369385,2.3966219425201416,1.6005111932754517,2.104965925216675,2.4136080741882324,2.503882646560669,2.468672752380371,2.486008882522583,2.394775152206421,2.2257239818573,2.1948819160461426,2.060284376144409,2.21570086479187,2.697526454925537,2.7128467559814453,2.7694358825683594,2.465536594390869,2.5854341983795166,2.4159016609191895,2.4652092456817627,1.961405634880066,2.392979145050049,2.5452451705932617,2.671041488647461,2.6380553245544434,2.8279621601104736,2.7388370037078857,2.431384801864624,2.3998119831085205,2.5173840522766113,2.4533798694610596,1.5980552434921265,1.4546782970428467,1.586708426475525,-0.23294885456562042,-0.6011443734169006
0,99,2.629973888397217,2.605729579925537,2.6714892387390137,2.189098834991455,2.3442022800445557,2.2959020137786865,2.3554794788360596,1.589029312133789,2.08534836769104,2.4072868824005127,2.5007810592651367,2.4655020236968994,2.4952664375305176,2.402682065963745,2.224032402038574,2.193218231201172,2.063033103942871,2.21811842918396,2.651989459991455,2.670771837234497,2.728445291519165,2.4479126930236816,2.5653493404388428,2.3771965503692627,2.426487445831299,1.9513976573944092,2.369149923324585,2.539411783218384,2.667954206466675,2.6355361938476562,2.834444999694824,2.7456750869750977,2.429126739501953,2.398252010345459,2.5151124000549316,2.451726198196411,1.5848069190979004,1.4349039793014526,1.5105369091033936,-0.2325221598148346,-0.634576678276062
0,99,2.6968913078308105,2.6703078746795654,2.733344554901123,2.225367546081543,2.379284143447876,2.353611946105957,2.411377429962158,1.5958186388015747,2.1188924312591553,2.4094138145446777,2.5033557415008545,2.466344118118286,2.493595600128174,2.4034149646759033,2.222665309906006,2.1912763118743896,2.0734827518463135,2.210493326187134,2.71783709526062,2.7332699298858643,2.788804531097412,2.4767138957977295,2.5964620113372803,2.4308674335479736,2.4794745445251465,1.9519932270050049,2.4078705310821533,2.5306661128997803,2.659863233566284,2.626117706298828,2.823265314102173,2.738818407058716,2.416978359222412,2.386309862136841,2.5191516876220703,2.43562912940979,1.6177055835723877,1.4729750156402588,1.5155688524246216,-0.23807194828987122,-0.639542818069458
0,99,2.681288242340088,2.6570358276367188,2.7238078117370605,2.2261884212493896,2.3862733840942383,2.3430795669555664,2.4044528007507324,1.6168392896652222,2.121825933456421,2.3889713287353516,2.488692045211792,2.4538159370422363,2.5082204341888428,2.416839122772217,2.2147655487060547,2.184264898300171,2.1035971641540527,2.214291572570801,2.7143735885620117,2.732163429260254,2.791390895843506,2.490886688232422,2.61462664604187,2.434110641479492,2.485666275024414,1.982319712638855,2.418055772781372,2.526484251022339,2.660085439682007,2.627932548522949,2.847628593444824,2.7595021724700928,2.425349235534668,2.3946914672851562,2.553171157836914,2.438100814819336,1.648579716682434,1.4798635244369507,1.6063529253005981,-0.23345273733139038,-0.6014056205749512
0,99,2.573882579803467,2.5601141452789307,2.6213622093200684,2.1869497299194336,2.3297619819641113,2.2501184940338135,2.306225538253784,1.6167296171188354,2.0985677242279053,2.3289437294006348,2.4412782192230225,2.401901960372925,2.523045063018799,2.425089120864868,2.1785266399383545,2.1438887119293213,2.1604995727539062,2.18196964263916,2.621946096420288,2.6513795852661133,2.7042593955993652,2.46687912940979,2.5743329524993896,2.3587260246276855,2.4046452045440674,1.9924567937850952,2.384086847305298,2.4863710403442383,2.631779670715332,2.596529245376587,2.875858783721924,2.785292625427246,2.409261465072632,2.376246452331543,2.616633415222168,2.400310754776001,1.616718053817749,1.4673656225204468,1.503693699836731,-0.2750256061553955,-0.6717855334281921
0,99,2.467989683151245,2.4699532985687256,2.533637046813965,2.1771342754364014,2.3152196407318115,2.168221950531006,2.2242372035980225,1.6634379625320435,2.0836422443389893,2.352412462234497,2.478192090988159,2.4352643489837646,2.6042115688323975,2.5008585453033447,2.226067304611206,2.1880338191986084,2.249441146850586,2.2175588607788086,2.5400595664978027,2.5866236686706543,2.6403722763061523,2.4839982986450195,2.5850296020507812,2.3064212799072266,2.3509745597839355,2.0602495670318604,2.36673903465271,2.5075745582580566,2.663416862487793,2.626563549041748,2.9451889991760254,2.853105306625366,2.4524519443511963,2.417964458465576,2.694042444229126,2.413423538208008,1.628953218460083,1.4680356979370117,1.6100659370422363,-0.30524539947509766,-0.6426084041595459
0,99,2.6221492290496826,2.5993757247924805,2.663940668106079,2.165004014968872,2.3183233737945557,2.2862775325775146,2.344921350479126,1.5409824848175049,2.05979061126709,2.4081459045410156,2.504607677459717,2.4712109565734863,2.49328351020813,2.404376268386841,2.2260642051696777,2.196286201477051,2.045639753341675,2.222013235092163,2.6430935859680176,2.661140203475952,2.71724009513855,2.4058830738067627,2.521925687789917,2.3606960773468018,2.409062385559082,1.8737006187438965,2.338740587234497,2.541674852371216,2.6707818508148193,2.6406211853027344,2.8203160762786865,2.7358577251434326,2.4274682998657227,2.3981595039367676,2.479559898376465,2.4555318355560303,1.5750102996826172,1.4554423093795776,1.4910920858383179,-0.24327398836612701,-0.6783695220947266
0,99,2.5613622665405273,2.54728102684021,2.613724708557129,2.1770942211151123,2.3287343978881836,2.237133502960205,2.2967069149017334,1.590315341949463,2.0880863666534424,2.3951010704040527,2.5004899501800537,2.4640426635742188,2.5338449478149414,2.439638614654541,2.2250421047210693,2.1935195922851562,2.0954549312591553,2.22230863571167,2.608095645904541,2.6376609802246094,2.69435977935791,2.4545350074768066,2.5661990642547607,2.343571424484253,2.391533851623535,1.9561395645141602,2.3743960857391357,2.549565076828003,2.68868088722229,2.6554694175720215,2.886569023132324,2.796644926071167,2.451475143432617,2.4202585220336914,2.553689479827881,2.4582648277282715,1.5646367073059082,1.4576797485351562,1.5130785703659058,-0.26273927092552185,-0.6621569395065308
0,99,2.591897964477539,2.568370819091797,2.640242099761963,2.1690449714660645,2.331164598464966,2.2559752464294434,2.319737195968628,1.592454195022583,2.073251247406006,2.328117847442627,2.439807891845703,2.402985095977783,2.5273709297180176,2.421147346496582,2.1735939979553223,2.1398119926452637,2.163248062133789,2.173480272293091,2.6183063983917236,2.6393961906433105,2.702704906463623,2.439725399017334,2.560100793838501,2.344407081604004,2.3968136310577393,1.9647165536880493,2.3550868034362793,2.481243848800659,2.627723217010498,2.593111276626587,2.884941577911377,2.7800769805908203,2.404212474822998,2.3693618774414062,2.627042055130005,2.386906385421753,1.6774019002914429,1.4541579484939575,1.5947539806365967,-0.21807461977005005,-0.5966951847076416
0,99,2.6787924766540527,2.6490862369537354,2.7154593467712402,2.193837881088257,2.3528928756713867,2.3305509090423584,2.39131498336792,1.5534124374389648,2.079059600830078,2.410588502883911,2.503819704055786,2.467212200164795,2.484153985977173,2.3867058753967285,2.217090606689453,2.1863975524902344,2.0298197269439697,2.201707363128662,2.6915836334228516,2.704306125640869,2.7622671127319336,2.436232566833496,2.556628942489624,2.3981168270111084,2.4486312866210938,1.8922715187072754,2.363811731338501,2.524627685546875,2.6536760330200195,2.6192750930786133,2.8066513538360596,2.7116591930389404,2.40350079536438,2.3720955848693848,2.4660794734954834,2.4252898693084717,1.6170737743377686,1.4635225534439087,1.6103941202163696,-0.20928876101970673,-0.5736249685287476
0,99,2.5884690284729004,2.56801438331604,2.6375372409820557,2.1872804164886475,2.3427600860595703,2.255897283554077,2.3174257278442383,1.6182928085327148,2.0943188667297363,2.3180124759674072,2.433971405029297,2.3939366340637207,2.543626546859741,2.4356637001037598,2.1711604595184326,2.135211944580078,2.202847480773926,2.171226739883423,2.623091697692871,2.648359537124634,2.7091784477233887,2.4706521034240723,2.5863800048828125,2.355072021484375,2.405625820159912,2.0069448947906494,2.379333019256592,2.471869707107544,2.623309850692749,2.58560848236084,2.90555477142334,2.800734758377075,2.405086040496826,2.368816375732422,2.6735754013061523,2.3734257221221924,1.688542366027832,1.4708404541015625,1.5209898948669434,-0.22822289168834686,-0.6490397453308105
0,99,2.6479084491729736,2.6223220825195312,2.6911797523498535,2.203357219696045,2.362490177154541,2.305251121520996,2.36639404296875,1.6000128984451294,2.108652114868164,2.333601474761963,2.4412941932678223,2.4044620990753174,2.5091614723205566,2.4108283519744873,2.169553279876709,2.136028528213501,2.1421267986297607,2.171114444732666,2.682828903198242,2.7013652324676514,2.76210355758667,2.477358102798462,2.5990376472473145,2.4001362323760986,2.4511728286743164,1.9747239351272583,2.4041852951049805,2.467851400375366,2.6116182804107666,2.5770952701568604,2.8547263145446777,2.7596566677093506,2.3828136920928955,2.349118947982788,2.6003224849700928,2.3723347187042236,1.6732722520828247,1.4765807390213013,1.6247447729110718,-0.2376146763563156,-0.573411762714386
0,99,2.6968133449554443,2.669342517852783,2.737715482711792,2.226656198501587,2.386971950531006,2.352691888809204,2.415233850479126,1.5963037014007568,2.1150169372558594,2.470959186553955,2.553964853286743,2.521756887435913,2.4797446727752686,2.3937370777130127,2.259373426437378,2.2329211235046387,1.9831929206848145,2.2287464141845703,2.725623369216919,2.7408344745635986,2.8007705211639404,2.485509157180786,2.607839345932007,2.4375810623168945,2.489952802658081,1.9504201412200928,2.413170576095581,2.582207441329956,2.7017996311187744,2.6717617511749268,2.804089069366455,2.720210075378418,2.4417319297790527,2.414691209793091,2.4246745109558105,2.4729435443878174,1.555802345275879,1.458216667175293,1.6024386882781982,-0.23724788427352905,-0.5774730443954468
0,99,2.4506397247314453,2.462398052215576,2.5245723724365234,2.1997015476226807,2.3334012031555176,2.1598358154296875,2.212144374847412,1.673352837562561,2.1223666667938232,2.346991539001465,2.472316026687622,2.433413028717041,2.5875275135040283,2.4925954341888428,2.2135841846466064,2.1768782138824463,2.2047555446624756,2.2222883701324463,2.5447866916656494,2.600142240524292,2.6516976356506348,2.5184428691864014,2.6150131225585938,2.318875789642334,2.3591115474700928,2.075383424758911,2.406857967376709,2.5430753231048584,2.69870924949646,2.6642043590545654,2.965272903442383,2.878330707550049,2.480232000350952,2.4457876682281494,2.6784701347351074,2.4504218101501465,1.5021687746047974,1.4764854907989502,1.6217433214187622,-0.3408172130584717,-0.6328206062316895
0,99,2.4896302223205566,2.4884700775146484,2.547492504119873,2.1696200370788574,2.303417205810547,2.1758651733398438,2.22861385345459,1.624868631362915,2.0943377017974854,2.349822759628296,2.4689104557037354,2.427943468093872,2.565040349960327,2.470555305480957,2.202444553375244,2.167645215988159,2.200470209121704,2.2112600803375244,2.542131185531616,2.5860843658447266,2.635655164718628,2.460983991622925,2.5596234798431396,2.2938616275787354,2.336015224456787,2.0160982608795166,2.3646912574768066,2.5168769359588623,2.6691701412200928,2.6327340602874756,2.929276704788208,2.8440306186676025,2.444645881652832,2.412309408187866,2.670456647872925,2.4278786182403564,1.5338759422302246,1.483372449874878,1.634354591369629,-0.27350762486457825,-0.5964773893356323
0,99,2.6064107418060303,2.593698501586914,2.651244878768921,2.1747872829437256,2.3135762214660645,2.273552656173706,2.325507402420044,1.5286606550216675,2.0737059116363525,2.471128463745117,2.569756269454956,2.52772855758667,2.5294337272644043,2.431047201156616,2.2805328369140625,2.245851993560791,2.034111499786377,2.2555150985717773,2.6347734928131104,2.6622631549835205,2.7109897136688232,2.4151546955108643,2.520087957382202,2.353914737701416,2.3962836265563965,1.8587439060211182,2.348170518875122,2.560246467590332,2.6904218196868896,2.6535959243774414,2.8080852031707764,2.720773458480835,2.4330406188964844,2.4011895656585693,2.4256367683410645,2.4625089168548584,1.5459800958633423,1.470484972000122,1.5445160865783691,-0.25508227944374084,-0.6512510776519775
0,99,2.6056647300720215,2.593472957611084,2.6542856693267822,2.2011961936950684,2.34238862991333,2.2746686935424805,2.328617572784424,1.5864800214767456,2.118011236190796,2.441692590713501,2.532337188720703,2.496288776397705,2.4839627742767334,2.390453338623047,2.239684581756592,2.208491325378418,1.9869887828826904,2.22084903717041,2.6532037258148193,2.683633804321289,2.7350118160247803,2.473334312438965,2.5769715309143066,2.3796815872192383,2.422714948654175,1.9477527141571045,2.406136989593506,2.5564393997192383,2.68275785446167,2.6493589878082275,2.8047878742218018,2.715824604034424,2.424461603164673,2.3933796882629395,2.420736789703369,2.454092264175415,1.4541480541229248,1.4686341285705566,1.6224462985992432,-0.2804490923881531,-0.5808876752853394
0,99,2.6048052310943604,2.5924532413482666,2.6563050746917725,2.1986985206604004,2.346005439758301,2.274933099746704,2.331958770751953,1.5874741077423096,2.1060397624969482,2.422518253326416,2.5231966972351074,2.4852750301361084,2.5117783546447754,2.416898250579834,2.237299680709839,2.204237699508667,2.047661304473877,2.2245428562164307,2.6528520584106445,2.68306827545166,2.7376291751861572,2.471842050552368,2.5819530487060547,2.380516529083252,2.426788806915283,1.9512357711791992,2.398858070373535,2.5557358264923096,2.6902871131896973,2.6555016040802,2.843993663787842,2.7546229362487793,2.440441608428955,2.40816068649292,2.4892985820770264,2.4582316875457764,1.5438588857650757,1.4784830808639526,1.61614990234375,-0.26279929280281067,-0.5989797711372375
0,99,2.555685043334961,2.5509350299835205,2.6124727725982666,2.1962647438049316,2.3366854190826416,2.23630690574646,2.2903215885162354,1.6227036714553833,2.103410482406616,2.3459970951080322,2.4596574306488037,2.4177463054656982,2.516235828399658,2.4156062602996826,2.186288833618164,2.148838996887207,2.1197521686553955,2.184291124343872,2.608443260192871,2.6475067138671875,2.699921131134033,2.4810469150543213,2.5858564376831055,2.3506734371185303,2.394181966781616,2.0035810470581055,2.3896851539611816,2.4877207279205322,2.6348354816436768,2.5968892574310303,2.855804443359375,2.7632532119750977,2.401059150695801,2.3655247688293457,2.5680620670318604,2.3969037532806396,1.5784968137741089,1.4812160730361938,1.6186678409576416,-0.27133628726005554,-0.5880056619644165
0,99,2.4450857639312744,2.451263427734375,2.5122809410095215,2.1614482402801514,2.293475389480591,2.1446051597595215,2.198786973953247,1.614916443824768,2.0815300941467285,2.391619920730591,2.5090548992156982,2.4697763919830322,2.5806784629821777,2.4820516109466553,2.2403526306152344,2.2052412033081055,2.148062229156494,2.2521233558654785,2.5117123126983643,2.561645984649658,2.612450122833252,2.4564638137817383,2.550348997116089,2.2752389907836914,2.317359447479248,1.996562123298645,2.350484848022461,2.5713508129119873,2.7199223041534424,2.684770345687866,2.9445817470550537,2.852898359298706,2.4890573024749756,2.4555373191833496,2.609015941619873,2.4887421131134033,1.480857014656067,1.480770468711853,1.6257380247116089,-0.2946355640888214,-0.6252917647361755
0,99,2.391425609588623,2.40030574798584,2.4633662700653076,2.1385676860809326,2.268907308578491,2.095057964324951,2.1519789695739746,1.6349133253097534,2.053528308868408,2.354402542114258,2.4855923652648926,2.4465410709381104,2.6418657302856445,2.5374608039855957,2.2358949184417725,2.200732946395874,2.2863059043884277,2.24452543258667,2.460810422897339,2.515084743499756,2.5671629905700684,2.4473280906677246,2.5365188121795654,2.234158992767334,2.277941942214966,2.0335962772369385,2.3197593688964844,2.5617380142211914,2.722501039505005,2.6872811317443848,3.0293211936950684,2.930467128753662,2.5157060623168945,2.4818081855773926,2.767829418182373,2.467057704925537,1.540261149406433,1.4431227445602417,1.633334994316101,-0.3052418529987335,-0.6485032439231873
0,99,2.566206216812134,2.5552477836608887,2.617614984512329,2.1724839210510254,2.314631938934326,2.2379367351531982,2.2955524921417236,1.5782705545425415,2.0797793865203857,2.4061622619628906,2.510511636734009,2.473827600479126,2.531923294067383,2.434356927871704,2.232423782348633,2.2003719806671143,2.0927751064300537,2.236675262451172,2.60184383392334,2.6345019340515137,2.687378406524658,2.442223310470581,2.5451507568359375,2.3341867923736572,2.3804829120635986,1.9435153007507324,2.3605258464813232,2.552891254425049,2.6910934448242188,2.657256841659546,2.8779661655426025,2.784700870513916,2.451162815093994,2.4194843769073486,2.5460944175720215,2.469383955001831,1.5373510122299194,1.4324713945388794,1.6192141771316528,-0.24815678596496582,-0.6055090427398682
0,99,2.595102071762085,2.5805628299713135,2.6434121131896973,2.1715800762176514,2.31490159034729,2.258725166320801,2.3160698413848877,1.5625786781311035,2.068246841430664,2.4443836212158203,2.539522647857666,2.5036120414733887,2.5093400478363037,2.412609100341797,2.2511391639709473,2.219245672225952,2.036531925201416,2.2381246089935303,2.6219260692596436,2.6504199504852295,2.7039010524749756,2.430692434310913,2.534893035888672,2.3443856239318848,2.3905673027038574,1.9184681177139282,2.3516643047332764,2.5687766075134277,2.699005603790283,2.6650125980377197,2.8401453495025635,2.7460155487060547,2.447514295578003,2.4151930809020996,2.481322765350342,2.472444772720337,1.5214638710021973,1.4363939762115479,1.6239583492279053,-0.23751568794250488,-0.593967854976654
0,99,2.5356860160827637,2.5258569717407227,2.5878143310546875,2.1376895904541016,2.2776362895965576,2.200669050216675,2.258165121078491,1.5415664911270142,2.0483999252319336,2.442389488220215,2.5456650257110596,2.510023832321167,2.548563003540039,2.452699661254883,2.2588424682617188,2.227978229522705,2.087724208831787,2.2675583362579346,2.5628743171691895,2.597172498703003,2.649209976196289,2.402292013168335,2.501718759536743,2.2893834114074707,2.3351519107818604,1.9038673639297485,2.3232338428497314,2.579258680343628,2.7168262004852295,2.683225393295288,2.888378858566284,2.79500675201416,2.4688451290130615,2.43764066696167,2.539313316345215,2.495753049850464,1.491515040397644,1.4419138431549072,1.6488338708877563,-0.23640652000904083,-0.6037597060203552
0,99,2.5614142417907715,2.5470480918884277,2.6096346378326416,2.1367523670196533,2.2790424823760986,2.219245195388794,2.277446985244751,1.534895896911621,2.0379369258880615,2.4337029457092285,2.5381014347076416,2.5004305839538574,2.5498287677764893,2.447650194168091,2.252829074859619,2.2196755409240723,2.1083083152770996,2.2568726539611816,2.58260440826416,2.61281681060791,2.665489912033081,2.399437665939331,2.5003621578216553,2.3018977642059326,2.3482906818389893,1.8977991342544556,2.319546699523926,2.5713016986846924,2.7104454040527344,2.674567222595215,2.893498182296753,2.79364013671875,2.4652621746063232,2.431565046310425,2.564462900161743,2.4835445880889893,1.5587712526321411,1.4174189567565918,1.6443322896957397,-0.2145472913980484,-0.6032470464706421
0,99,2.451430082321167,2.4565818309783936,2.521660327911377,2.163078546524048,2.296797513961792,2.146926164627075,2.2047953605651855,1.6310739517211914,2.072455883026123,2.4056477546691895,2.523141860961914,2.485212802886963,2.598123550415039,2.4930291175842285,2.254304885864258,2.21927809715271,2.17083740234375,2.265319347381592,2.5152060985565186,2.566012144088745,2.61985445022583,2.4668567180633545,2.5580174922943115,2.278270721435547,2.3227405548095703,2.023756504058838,2.3486030101776123,2.593100070953369,2.7430787086486816,2.707914352416992,2.9766297340393066,2.8752613067626953,2.513751745223999,2.47904896736145,2.6479108333587646,2.509458541870117,1.5153621435165405,1.4245524406433105,1.626664161682129,-0.29251164197921753,-0.6298754811286926
0,99,2.4921071529388428,2.4926278591156006,2.5576415061950684,2.165919303894043,2.3074047565460205,2.1795244216918945,2.237243890762329,1.6115913391113281,2.0742828845977783,2.369673728942871,2.494781255722046,2.4556615352630615,2.6060619354248047,2.500328540802002,2.2342514991760254,2.1961686611175537,2.215064525604248,2.2375648021698,2.5498440265655518,2.594984769821167,2.6496338844299316,2.4590814113616943,2.559418201446533,2.301558017730713,2.3466269969940186,1.9931153059005737,2.3563239574432373,2.554835796356201,2.7108800411224365,2.674438953399658,2.9752612113952637,2.8731489181518555,2.490776538848877,2.453171730041504,2.6802871227264404,2.460905075073242,1.6105852127075195,1.438551902770996,1.536121129989624,-0.2821386754512787,-0.6927420496940613
0,99,2.3967385292053223,2.3983168601989746,2.458251714706421,2.0860588550567627,2.211690664291382,2.0828349590301514,2.1363279819488525,1.5534296035766602,2.0056121349334717,2.407341241836548,2.522150754928589,2.4833993911743164,2.592923402786255,2.488448143005371,2.2527496814727783,2.2166762351989746,2.178406238555908,2.265317440032959,2.4338927268981934,2.480919599533081,2.5297882556915283,2.3654708862304688,2.448914051055908,2.187163829803467,2.2273242473602295,1.927712321281433,2.2596049308776855,2.582641363143921,2.7304391860961914,2.6945528984069824,2.963142156600952,2.8627102375030518,2.5015933513641357,2.4658095836639404,2.6498537063598633,2.50138521194458,1.468003749847412,1.4429211616516113,1.6436482667922974,-0.2677975594997406,-0.6285418272018433
0,99,2.3458058834075928,2.3421363830566406,2.401400566101074,2.006803274154663,2.1346614360809326,2.0215184688568115,2.0748300552368164,1.4711785316467285,1.9369562864303589,2.4001660346984863,2.5083155632019043,2.4705793857574463,2.5450339317321777,2.4467933177948,2.230095148086548,2.19582200050354,2.1168668270111084,2.236421585083008,2.353895902633667,2.3944597244262695,2.442758321762085,2.251497983932495,2.338336944580078,2.0927202701568604,2.1334452629089355,1.8132576942443848,2.163222074508667,2.546696662902832,2.6886520385742188,2.653423309326172,2.890380859375,2.796576976776123,2.449657917022705,2.415780782699585,2.5688843727111816,2.459937334060669,1.418338418006897,1.452545166015625,1.6429641246795654,-0.21842387318611145,-0.5999707579612732
0,99,2.4165093898773193,2.423828125,2.4877870082855225,2.151658058166504,2.284392833709717,2.1208431720733643,2.1784615516662598,1.6348068714141846,2.063220262527466,2.34173583984375,2.470357894897461,2.431532859802246,2.6140081882476807,2.5085840225219727,2.2202980518341064,2.184025526046753,2.249140977859497,2.2229864597320557,2.4835774898529053,2.535025119781494,2.5884335041046143,2.450558662414551,2.5432515144348145,2.253913164138794,2.2988247871398926,2.0210165977478027,2.3292734622955322,2.5462825298309326,2.7044517993927,2.6691529750823975,2.9957780838012695,2.89571213722229,2.4949419498443604,2.4598939418792725,2.72265362739563,2.4492266178131104,1.569104790687561,1.4689997434616089,1.618583083152771,-0.2970438301563263,-0.6501154899597168
0,99,2.311908483505249,2.324659585952759,2.3846516609191895,2.063201665878296,2.1831421852111816,2.0154218673706055,2.068946123123169,1.5479841232299805,1.9860597848892212,2.4561753273010254,2.5658369064331055,2.529423236846924,2.594975709915161,2.4958250522613525,2.2901768684387207,2.257147789001465,2.116309881210327,2.298689365386963,2.3499228954315186,2.406923770904541,2.4550232887268066,2.3355376720428467,2.412593126296997,2.120939016342163,2.160440444946289,1.9107335805892944,2.2156269550323486,2.6311326026916504,2.772956609725952,2.7390637397766113,2.9601478576660156,2.8640623092651367,2.534597158432007,2.5015687942504883,2.5820653438568115,2.5492069721221924,1.3686892986297607,1.4539567232131958,1.5535063743591309,-0.28889739513397217,-0.6750911474227905
0,99,2.161801338195801,2.217967987060547,2.2733407020568848,2.164557933807373,2.2648651599884033,1.933695673942566,1.9790029525756836,1.7820067405700684,2.0133280754089355,2.372103691101074,2.536437511444092,2.4892728328704834,2.8198721408843994,2.710452079772949,2.31773042678833,2.2735273838043213,2.517223596572876,2.254087209701538,2.285836935043335,2.3851866722106934,2.427668333053589,2.5063371658325195,2.5701282024383545,2.1340444087982178,2.165146589279175,2.1962270736694336,2.2395312786102295,2.6350507736206055,2.8219594955444336,2.7792773246765137,3.2306010723114014,3.128929615020752,2.6456785202026367,2.6043832302093506,3.0076069831848145,2.450578451156616,1.4772225618362427,1.4855079650878906,1.580289363861084,-0.44906607270240784,-0.7518003582954407
0,99,2.4344897270202637,2.448845148086548,2.5072433948516846,2.1834142208099365,2.3060543537139893,2.1414339542388916,2.19234037399292,1.6600134372711182,2.098601818084717,2.390437602996826,2.512328624725342,2.4702670574188232,2.599432945251465,2.494157552719116,2.247225522994995,2.208747625350952,2.1854662895202637,2.254504442214966,2.5187795162200928,2.5775086879730225,2.6246378421783447,2.4984662532806396,2.5818889141082764,2.2930424213409424,2.3310201168060303,2.060854196548462,2.3776557445526123,2.5798656940460205,2.733266592025757,2.6945741176605225,2.9759886264801025,2.8766565322875977,2.5081229209899902,2.4709017276763916,2.6604256629943848,2.491827964782715,1.4757760763168335,1.4785726070404053,1.6317423582077026,-0.3200359046459198,-0.634590744972229
0,99,2.296867847442627,2.337721347808838,2.3959457874298096,2.201347827911377,2.3101768493652344,2.046842098236084,2.0943222045898438,1.7394280433654785,2.0884761810302734,2.4113404750823975,2.5538272857666016,2.512331962585449,2.729856252670288,2.622734785079956,2.30983829498291,2.268862009048462,2.330186128616333,2.3070900440216064,2.423733949661255,2.508049249649048,2.553323745727539,2.5468132495880127,2.6156198978424072,2.2450382709503174,2.277730703353882,2.1547138690948486,2.3519256114959717,2.66070294380188,2.8298301696777344,2.7921416759490967,3.141434907913208,3.0402209758758545,2.6253607273101807,2.5860612392425537,2.8244049549102783,2.5495736598968506,1.4372093677520752,1.5073491334915161,1.5603375434875488,-0.38777482509613037,-0.743415355682373
0,99,2.2950687408447266,2.3359055519104004,2.3963208198547363,2.203990936279297,2.3206701278686523,2.0427298545837402,2.0919885635375977,1.7535829544067383,2.0901222229003906,2.35294508934021,2.5071237087249756,2.4624552726745605,2.7383904457092285,2.6301777362823486,2.272846221923828,2.2294921875,2.394231081008911,2.2391629219055176,2.4257616996765137,2.5101981163024902,2.5580968856811523,2.553039312362671,2.631527900695801,2.244990348815918,2.280283212661743,2.1727051734924316,2.3549938201904297,2.5969417095184326,2.7763500213623047,2.736063003540039,3.1407341957092285,3.0401082038879395,2.5841002464294434,2.543428897857666,2.8798484802246094,2.448077440261841,1.5181972980499268,1.4854322671890259,1.6626559495925903,-0.41351523995399475,-0.6763291358947754
0,99,2.4612436294555664,2.4692368507385254,2.526597499847412,2.158254861831665,2.2861199378967285,2.1578264236450195,2.207578659057617,1.5934607982635498,2.0793418884277344,2.428955078125,2.5365476608276367,2.4968974590301514,2.5480282306671143,2.450242042541504,2.258282423019409,2.2218828201293945,2.0721049308776855,2.2602882385253906,2.5203592777252197,2.570250988006592,2.6173903942108154,2.4375951290130615,2.528111219406128,2.2780261039733887,2.3159921169281006,1.9589102268218994,2.3440260887145996,2.588090181350708,2.7281646728515625,2.6914443969726562,2.898219108581543,2.8057022094726562,2.4863362312316895,2.450737237930298,2.5262529850006104,2.501596450805664,1.4287346601486206,1.5004518032073975,1.6403285264968872,-0.2892036736011505,-0.6108214855194092
0,99,2.2858877182006836,2.3324549198150635,2.390495777130127,2.220536708831787,2.3332502841949463,2.0459885597229004,2.0914855003356934,1.7785159349441528,2.1029703617095947,2.3432276248931885,2.498058557510376,2.453317165374756,2.733337879180908,2.6289591789245605,2.270221710205078,2.225545883178711,2.396451473236084,2.2267005443573,2.4281015396118164,2.5169801712036133,2.562727928161621,2.57529354095459,2.6519153118133545,2.2593400478363037,2.2913997173309326,2.2028846740722656,2.368006706237793,2.5984435081481934,2.7772672176361084,2.737325668334961,3.1420323848724365,3.046527624130249,2.5911591053009033,2.549940824508667,2.8869776725769043,2.4392318725585938,1.4992246627807617,1.505654215812683,1.6455649137496948,-0.44452619552612305,-0.6826865673065186
0,99,2.3414294719696045,2.3719964027404785,2.435687780380249,2.203434705734253,2.3271870613098145,2.0813345909118652,2.1306562423706055,1.7310534715652466,2.1009392738342285,2.341245174407959,2.4867212772369385,2.445772171020508,2.6946001052856445,2.5847904682159424,2.2511518001556396,2.2070915699005127,2.337029457092285,2.2233219146728516,2.465686798095703,2.5402610301971436,2.5919816493988037,2.550279378890991,2.6342170238494873,2.2758727073669434,2.311145067214966,2.1494762897491455,2.377020835876465,2.582724094390869,2.754836082458496,2.7177138328552246,3.0989980697631836,2.995483636856079,2.560650110244751,2.518536329269409,2.824262857437134,2.444650173187256,1.5538246631622314,1.4459460973739624,1.5470441579818726,-0.40328580141067505,-0.7180182933807373
0,99,2.362891435623169,2.386732816696167,2.4486935138702393,2.180746555328369,2.3064229488372803,2.0899574756622314,2.140040397644043,1.6883519887924194,2.0914340019226074,2.317704200744629,2.4569098949432373,2.4151499271392822,2.638017177581787,2.5323901176452637,2.2163140773773193,2.173417806625366,2.278761386871338,2.1981542110443115,2.464376211166382,2.531581401824951,2.582390308380127,2.5049381256103516,2.5928046703338623,2.259723663330078,2.2968790531158447,2.0898725986480713,2.3586783409118652,2.528994083404541,2.6963372230529785,2.6580045223236084,3.0204999446868896,2.9208908081054688,2.497849941253662,2.4568257331848145,2.750809669494629,2.403116464614868,1.5427076816558838,1.5011612176895142,1.5628221035003662,-0.35785359144210815,-0.6920977830886841
0,99,2.295947790145874,2.33040189743042,2.388099193572998,2.1525418758392334,2.267437219619751,2.034886598587036,2.083265542984009,1.680746078491211,2.0453572273254395,2.3626699447631836,2.50400972366333,2.4591360092163086,2.6612014770507812,2.5528316497802734,2.256737470626831,2.2129414081573486,2.2717220783233643,2.250092029571533,2.4082202911376953,2.486771583557129,2.531496524810791,2.4865834712982178,2.5609982013702393,2.216895818710327,2.250546455383301,2.087210178375244,2.315463066101074,2.5877904891967773,2.756218671798706,2.714963674545288,3.0515830516815186,2.9492557048797607,2.5484673976898193,2.5065016746520996,2.7480149269104004,2.4788429737091064,1.4835755825042725,1.4141654968261719,1.5371416807174683,-0.3824979066848755,-0.7161092758178711
0,99,2.3292291164398193,2.3663482666015625,2.4295406341552734,2.213465452194214,2.335451126098633,2.078828811645508,2.1294474601745605,1.7529188394546509,2.103210210800171,2.340395450592041,2.491569757461548,2.4502029418945312,2.7115581035614014,2.6053130626678467,2.2619404792785645,2.218566417694092,2.362029552459717,2.2259538173675537,2.4612483978271484,2.54109525680542,2.591996192932129,2.5596961975097656,2.6427040100097656,2.2794430255889893,2.3159561157226562,2.165846347808838,2.3782260417938232,2.5935921669006348,2.769077777862549,2.7320504188537598,3.1168627738952637,3.0176122188568115,2.579099416732788,2.538353681564331,2.8456428050994873,2.4509289264678955,1.5560778379440308,1.4795711040496826,1.6258375644683838,-0.41682514548301697,-0.6916162371635437
0,99,2.258993148803711,2.30029296875,2.3662853240966797,2.1934714317321777,2.313182830810547,2.018137216567993,2.0678510665893555,1.782960057258606,2.065511465072632,2.271223783493042,2.4461727142333984,2.4000191688537598,2.8113045692443848,2.689066171646118,2.2573771476745605,2.2057042121887207,2.5870115756988525,2.108245611190796,2.3954343795776367,2.480642795562744,2.533989429473877,2.5510034561157227,2.630643129348755,2.2285423278808594,2.263331651687622,2.208888053894043,2.3284318447113037,2.5396177768707275,2.7347612380981445,2.692859649658203,3.2179157733917236,3.102001667022705,2.589956045150757,2.541228771209717,3.0675294399261475,2.272155523300171,1.719154953956604,1.4565589427947998,1.566402792930603,-0.43755120038986206,-0.7390320897102356
0,99,2.32250714302063,2.355381727218628,2.4209792613983154,2.1897201538085938,2.315171241760254,2.068687677383423,2.1205623149871826,1.7235466241836548,2.0851807594299316,2.3486320972442627,2.49509859085083,2.4564125537872314,2.6995983123779297,2.5933611392974854,2.263765573501587,2.221125841140747,2.3348684310913086,2.239351749420166,2.4444329738616943,2.5196197032928467,2.5732223987579346,2.526721477508545,2.6119682788848877,2.2587242126464844,2.2962453365325928,2.129265069961548,2.3546831607818604,2.5875537395477295,2.758014440536499,2.7233481407165527,3.0896518230438232,2.989118814468384,2.5657196044921875,2.5250635147094727,2.804487466812134,2.457871913909912,1.54476797580719,1.4336708784103394,1.5506705045700073,-0.41651031374931335,-0.7306863069534302
0,99,2.394252061843872,2.4250571727752686,2.4905436038970947,2.2376132011413574,2.3657615184783936,2.1320388317108154,2.184236764907837,1.7418839931488037,2.1414105892181396,2.3563220500946045,2.493086814880371,2.4550654888153076,2.642698287963867,2.5387885570526123,2.2443509101867676,2.2033698558807373,2.2333288192749023,2.2366068363189697,2.5276176929473877,2.600713014602661,2.654383420944214,2.5856449604034424,2.6741018295288086,2.3327243328094482,2.3709299564361572,2.157726526260376,2.430671215057373,2.582019090652466,2.745802879333496,2.711181163787842,3.0330355167388916,2.9341506958007812,2.536562919616699,2.4969735145568848,2.7083168029785156,2.4695346355438232,1.5046287775039673,1.461159110069275,1.5567516088485718,-0.4234364926815033,-0.7103342413902283
0,99,2.389507532119751,2.4158387184143066,2.480304479598999,2.232043981552124,2.360029935836792,2.1278207302093506,2.1803503036499023,1.7450995445251465,2.1318347454071045,2.321723222732544,2.466294050216675,2.4248669147491455,2.675135612487793,2.5679378509521484,2.234678030014038,2.1919026374816895,2.3227498531341553,2.204570770263672,2.5169448852539062,2.5865962505340576,2.639805555343628,2.577904224395752,2.6680431365966797,2.322883129119873,2.3622677326202393,2.161661386489868,2.415198802947998,2.558992624282837,2.7303223609924316,2.6926732063293457,3.0743284225463867,2.9733312129974365,2.5389938354492188,2.4983253479003906,2.8041746616363525,2.4190664291381836,1.5986270904541016,1.485921025276184,1.5615311861038208,-0.4017088711261749,-0.7035404443740845
0,99,2.303601026535034,2.3444111347198486,2.410430431365967,2.2151503562927246,2.339263439178467,2.0587170124053955,2.11006498336792,1.7647440433502197,2.095302104949951,2.3580033779144287,2.5129146575927734,2.4722912311553955,2.7484681606292725,2.6403963565826416,2.285451650619507,2.240429639816284,2.3946938514709473,2.2407426834106445,2.4417054653167725,2.5250651836395264,2.5788726806640625,2.567575693130493,2.652367353439331,2.2671921253204346,2.304032802581787,2.18320369720459,2.3645222187042236,2.614966630935669,2.7932984828948975,2.756497859954834,3.153877019882202,3.05143404006958,2.6058435440063477,2.562913417816162,2.8764290809631348,2.4585840702056885,1.5670785903930664,1.45567786693573,1.6346349716186523,-0.453652560710907,-0.7127570509910583
0,99,2.3855860233306885,2.4135630130767822,2.4797627925872803,2.211552858352661,2.345228672027588,2.1166956424713135,2.167703151702881,1.7088358402252197,2.1179962158203125,2.325474977493286,2.474597930908203,2.4338037967681885,2.686490058898926,2.5787017345428467,2.2402894496917725,2.194544792175293,2.3267786502838135,2.2038981914520264,2.507153272628784,2.5781819820404053,2.6330041885375977,2.5519657135009766,2.6465983390808105,2.305830955505371,2.3433303833007812,2.119687795639038,2.402738332748413,2.559424638748169,2.734131336212158,2.69659686088562,3.0794429779052734,2.97692608833313,2.54144549369812,2.4975345134735107,2.8027400970458984,2.410428285598755,1.6230031251907349,1.4549702405929565,1.6289750337600708,-0.3987850248813629,-0.6784425377845764
0,99,2.4212818145751953,2.4557647705078125,2.519113540649414,2.2781574726104736,2.404838800430298,2.15739369392395,2.207995653152466,1.7708390951156616,2.176766872406006,2.3957808017730713,2.5296590328216553,2.4904367923736572,2.6511905193328857,2.5525496006011963,2.267057180404663,2.2280328273773193,2.2063162326812744,2.272029161453247,2.561553716659546,2.639130115509033,2.69047212600708,2.6337697505950928,2.7229669094085693,2.3652572631835938,2.4027724266052246,2.194728136062622,2.4697043895721436,2.613008975982666,2.775688409805298,2.7403242588043213,3.039879322052002,2.9488987922668457,2.5514602661132812,2.5147924423217773,2.6843390464782715,2.5109593868255615,1.4687455892562866,1.4712690114974976,1.6485633850097656,-0.43134456872940063,-0.6653827428817749
0,99,2.359349250793457,2.3862719535827637,2.449475049972534,2.1788735389709473,2.307668447494507,2.083890199661255,2.1352124214172363,1.671750545501709,2.0857672691345215,2.390408754348755,2.5245962142944336,2.4838109016418457,2.6513471603393555,2.5497329235076904,2.2649078369140625,2.2248635292053223,2.2223970890045166,2.267179012298584,2.4655377864837646,2.5357446670532227,2.58705472946167,2.5032830238342285,2.5934700965881348,2.2564852237701416,2.294654130935669,2.0672950744628906,2.3575439453125,2.6001789569854736,2.7631497383117676,2.7256836891174316,3.0336694717407227,2.938438653945923,2.542800188064575,2.5045478343963623,2.6956875324249268,2.493741512298584,1.499818205833435,1.4597965478897095,1.6659653186798096,-0.36846494674682617,-0.6523469090461731
0,99,2.4857068061828613,2.487170696258545,2.5526340007781982,2.176389455795288,2.3156986236572266,2.181497812271118,2.235201835632324,1.6329176425933838,2.095116376876831,2.324449300765991,2.4499781131744385,2.4109437465667725,2.587367296218872,2.471834897994995,2.1995673179626465,2.1574978828430176,2.2233898639678955,2.190166711807251,2.5450551509857178,2.5910093784332275,2.6452410221099854,2.471240758895874,2.56575345993042,2.3059277534484863,2.3454647064208984,2.015491247177124,2.3709557056427,2.5126309394836426,2.6695735454559326,2.6326041221618652,2.9626052379608154,2.8487441539764404,2.4615585803985596,2.4187891483306885,2.695141315460205,2.4049534797668457,1.6227871179580688,1.4856215715408325,1.5453139543533325,-0.2572484612464905,-0.6659832000732422
0,99,2.3979785442352295,2.424760341644287,2.4959211349487305,2.272054433822632,2.4030120372772217,2.136368751525879,2.1873576641082764,1.8204798698425293,2.162841320037842,2.108323812484741,2.3049087524414062,2.2434909343719482,2.8153271675109863,2.658076286315918,2.1604092121124268,2.0950875282287598,2.7350709438323975,1.8209764957427979,2.5363962650299072,2.606734275817871,2.6660172939300537,2.630032539367676,2.7208261489868164,2.3446764945983887,2.3815383911132812,2.2480437755584717,2.4455440044403076,2.342210292816162,2.557255983352661,2.4970285892486572,3.183619737625122,3.027263641357422,2.46319317817688,2.398937463760376,3.182079315185547,1.863983392715454,2.104902744293213,1.5090261697769165,1.598915696144104,-0.3911702334880829,-0.6792641878128052
0,99,2.337038516998291,2.3672842979431152,2.4322011470794678,2.2058730125427246,2.3288116455078125,2.0755279064178467,2.1256120204925537,1.73397958278656,2.0966739654541016,2.2239935398101807,2.3940060138702393,2.3425118923187256,2.730605125427246,2.5988247394561768,2.191277265548706,2.1392414569854736,2.48490834236145,2.0670485496520996,2.4570963382720947,2.5323290824890137,2.584921360015869,2.553750514984131,2.636233329772949,2.2675042152404785,2.3034887313842773,2.1586475372314453,2.368856430053711,2.464833974838257,2.658735752105713,2.6092004776000977,3.126669406890869,2.997981548309326,2.5034523010253906,2.4523766040802,2.965524673461914,2.2067978382110596,1.7690173387527466,1.4808659553527832,1.5840301513671875,-0.3518353998661041,-0.6865732073783875
0,99,2.2830543518066406,2.326315402984619,2.390697956085205,2.248568296432495,2.368619203567505,2.0482048988342285,2.096991777420044,1.8559482097625732,2.1069817543029785,2.157034397125244,2.3523483276367188,2.298523187637329,2.8435957431793213,2.718958616256714,2.2025110721588135,2.147505760192871,2.74993896484375,1.8991199731826782,2.429003953933716,2.515902042388916,2.5685348510742188,2.6119344234466553,2.6965866088867188,2.2679662704467773,2.303524971008301,2.289304494857788,2.3658447265625,2.415487766265869,2.6288585662841797,2.577756643295288,3.234740972518921,3.114164352416992,2.5279815196990967,2.4754180908203125,3.218097448348999,1.9699383974075317,1.9077507257461548,1.547566533088684,1.5965445041656494,-0.40334081649780273,-0.694555938243866
0,99,2.3024563789367676,2.342162847518921,2.4076709747314453,2.262702465057373,2.373262643814087,2.062326431274414,2.113974094390869,1.863965392112732,2.112950086593628,2.171785593032837,2.3740663528442383,2.3126039505004883,2.9060750007629395,2.7494888305664062,2.2334132194519043,2.1728804111480713,2.82511568069458,1.8857649564743042,2.45198392868042,2.537151575088501,2.589491367340088,2.6371209621429443,2.707263231277466,2.2876205444335938,2.3241770267486572,2.3078787326812744,2.3807621002197266,2.449934482574463,2.6695148944854736,2.6103711128234863,3.31105637550354,3.1571404933929443,2.5766730308532715,2.5176048278808594,3.3021862506866455,1.9599673748016357,2.002833366394043,1.483528733253479,1.631235122680664,-0.42580705881118774,-0.6878272891044617
0,99,2.3218576908111572,2.3441524505615234,2.4074299335479736,2.1582255363464355,2.2844455242156982,2.0483226776123047,2.1015992164611816,1.7012807130813599,2.063682794570923,2.2400972843170166,2.387707471847534,2.3411927223205566,2.626401901245117,2.5121898651123047,2.1560444831848145,2.1126561164855957,2.3414478302001953,2.1137468814849854,2.4117565155029297,2.4793734550476074,2.531126022338867,2.480936050415039,2.5678250789642334,2.20951771736145,2.2494537830352783,2.108757734298706,2.316506862640381,2.4498255252838135,2.625941753387451,2.583446979522705,3.010608196258545,2.9030158519744873,2.4394633769989014,2.3979761600494385,2.8170113563537598,2.2936456203460693,1.5804985761642456,1.5002847909927368,1.6056698560714722,-0.32058122754096985,-0.6228395700454712
0,99,2.4335124492645264,2.4414775371551514,2.5046088695526123,2.175703525543213,2.308408737182617,2.1365437507629395,2.189851760864258,1.6668866872787476,2.0922439098358154,2.260287046432495,2.4015982151031494,2.355337619781494,2.6102864742279053,2.4975790977478027,2.1619298458099365,2.1189393997192383,2.317023515701294,2.135333776473999,2.5087227821350098,2.562084674835205,2.6147425174713135,2.4879395961761475,2.582508087158203,2.2797303199768066,2.3208627700805664,2.0698366165161133,2.3657119274139404,2.456073760986328,2.627141237258911,2.584770917892456,2.9865753650665283,2.880880832672119,2.4325878620147705,2.391463279724121,2.788390874862671,2.3200299739837646,1.657760500907898,1.4939100742340088,1.6098846197128296,-0.2908793091773987,-0.6177740097045898
0,99,2.226369857788086,2.2649970054626465,2.328371286392212,2.164562463760376,2.279374599456787,1.9843266010284424,2.032322406768799,1.763148307800293,2.0320518016815186,2.211240530014038,2.3912007808685303,2.339343309402466,2.7957329750061035,2.666325092315674,2.2142434120178223,2.1597752571105957,2.619328737258911,2.026216506958008,2.3462910652160645,2.4301230907440186,2.4811084270477295,2.514448881149292,2.590029716491699,2.1810145378112793,2.214522123336792,2.190962314605713,2.2784619331359863,2.4763917922973633,2.6771299839019775,2.6282310485839844,3.204197406768799,3.0791022777557373,2.547978401184082,2.4955902099609375,3.106806755065918,2.1534488201141357,1.7675583362579346,1.478116512298584,1.6249351501464844,-0.3732236623764038,-0.672683835029602
0,99,2.3907675743103027,2.4151949882507324,2.478877305984497,2.2256529331207275,2.3490962982177734,2.1182861328125,2.171494722366333,1.7417951822280884,2.122356414794922,2.3358688354492188,2.479367971420288,2.4351089000701904,2.680898666381836,2.568344831466675,2.2378005981445312,2.196160078048706,2.3351240158081055,2.222134590148926,2.4966511726379395,2.5666377544403076,2.618405818939209,2.5652194023132324,2.649146795272827,2.296095371246338,2.335786819458008,2.1652050018310547,2.394918203353882,2.5641942024230957,2.7362992763519287,2.695814371109009,3.0839312076568604,2.9780433177948,2.538329839706421,2.49857234954834,2.8303141593933105,2.433529853820801,1.575490117073059,1.5028612613677979,1.6438534259796143,-0.3298107385635376,-0.6342361569404602
0,99,2.2878894805908203,2.317124366760254,2.3781509399414062,2.1509740352630615,2.271172523498535,2.024845600128174,2.0745701789855957,1.6887362003326416,2.049095392227173,2.306425094604492,2.4440536499023438,2.4006567001342773,2.6164329051971436,2.512082815170288,2.199580669403076,2.157947301864624,2.2544000148773193,2.1871328353881836,2.3843626976013184,2.4581265449523926,2.507310628890991,2.4750897884368896,2.5575571060180664,2.192548990249634,2.2290737628936768,2.095235824584961,2.299506664276123,2.5195133686065674,2.6858925819396973,2.646468162536621,3.004526138305664,2.907857894897461,2.483682870864868,2.4444072246551514,2.735736608505249,2.3958187103271484,1.4782700538635254,1.4951435327529907,1.6207369565963745,-0.31861308217048645,-0.6228072643280029
0,99,2.4090170860290527,2.41298508644104,2.4765090942382812,2.1130380630493164,2.249941349029541,2.106947898864746,2.1609878540039062,1.5645197629928589,2.03446364402771,2.340242862701416,2.4563207626342773,2.4160401821136475,2.5225093364715576,2.419776201248169,2.1889190673828125,2.150453567504883,2.0913007259368896,2.187023639678955,2.4615390300750732,2.508754014968872,2.561206579208374,2.3894832134246826,2.4861929416656494,2.220653772354126,2.261941909790039,1.924138069152832,2.2934112548828125,2.499955892562866,2.6476211547851562,2.610278606414795,2.8679988384246826,2.7704410552978516,2.417687177658081,2.3799915313720703,2.5363216400146484,2.403768301010132,1.5032469034194946,1.4850691556930542,1.6084656715393066,-0.257482647895813,-0.6064691543579102
0,99,2.425593852996826,2.440849781036377,2.5022220611572266,2.1857590675354004,2.3163034915924072,2.137927293777466,2.1890242099761963,1.6430120468139648,2.1038215160369873,2.344196081161499,2.4757895469665527,2.431636095046997,2.6013741493225098,2.4956765174865723,2.2185306549072266,2.176600694656372,2.187190532684326,2.2127156257629395,2.518698215484619,2.5772016048431396,2.627650499343872,2.4973509311676025,2.5910682678222656,2.293860673904419,2.332841396331787,2.0297651290893555,2.3817994594573975,2.537517547607422,2.698709487915039,2.657799243927002,2.968667507171631,2.8696131706237793,2.479637861251831,2.4394853115081787,2.6456234455108643,2.4270753860473633,1.5543265342712402,1.5099717378616333,1.6475529670715332,-0.3310580551624298,-0.6279995441436768
0,99,2.375886917114258,2.396850109100342,2.459199905395508,2.185382604598999,2.31219482421875,2.0976414680480957,2.148813247680664,1.6793133020401,2.0961899757385254,2.350273370742798,2.4823570251464844,2.4397833347320557,2.616478681564331,2.513031005859375,2.2249553203582764,2.1838736534118652,2.208092212677002,2.2241218090057373,2.478818416595459,2.5447659492492676,2.5955018997192383,2.5151071548461914,2.6039137840270996,2.2689156532287598,2.3071086406707764,2.0866453647613525,2.370094060897827,2.5429389476776123,2.705764055252075,2.666572332382202,2.9908432960510254,2.8939833641052246,2.488943338394165,2.4496207237243652,2.6786305904388428,2.434293746948242,1.4974279403686523,1.5057076215744019,1.576479196548462,-0.32386502623558044,-0.6599337458610535
0,99,2.4328291416168213,2.449204683303833,2.5123918056488037,2.2083168029785156,2.3403191566467285,2.146413564682007,2.1991124153137207,1.6806331872940063,2.1216282844543457,2.330075979232788,2.466689348220825,2.4242186546325684,2.621821641921997,2.5181097984313965,2.2128050327301025,2.1716208457946777,2.234497308731079,2.208970785140991,2.531019449234009,2.5917961597442627,2.6441493034362793,2.5314993858337402,2.626546621322632,2.310518503189087,2.350959539413452,2.081882953643799,2.401700973510742,2.5247385501861572,2.6909728050231934,2.6519875526428223,2.9922752380371094,2.895327568054199,2.477581024169922,2.438354253768921,2.697622060775757,2.4120404720306396,1.57053804397583,1.5000449419021606,1.658823013305664,-0.3404778838157654,-0.6279090642929077
0,99,2.288383960723877,2.3178863525390625,2.379826307296753,2.157771587371826,2.2816646099090576,2.0241148471832275,2.0745627880096436,1.6975533962249756,2.055973529815674,2.31072735786438,2.451740264892578,2.406937599182129,2.6373980045318604,2.5327553749084473,2.2078044414520264,2.1646816730499268,2.2781412601470947,2.1853296756744385,2.398240089416504,2.472891330718994,2.5228159427642822,2.4951171875,2.581589460372925,2.2060210704803467,2.243251323699951,2.1129963397979736,2.316335916519165,2.517892360687256,2.6879050731658936,2.6468396186828613,3.0197763442993164,2.922830581665039,2.4867372512817383,2.4460718631744385,2.7536330223083496,2.3813836574554443,1.5039232969284058,1.482017993927002,1.6434450149536133,-0.34120407700538635,-0.623477041721344
0,99,2.4003803730010986,2.4166908264160156,2.480724573135376,2.195601463317871,2.325765371322632,2.1191654205322266,2.1738157272338867,1.689069390296936,2.109957456588745,2.3674068450927734,2.4935784339904785,2.4551563262939453,2.619246006011963,2.5185751914978027,2.237074613571167,2.2001891136169434,2.207102060317993,2.247079849243164,2.502472400665283,2.5639736652374268,2.6164638996124268,2.5288283824920654,2.619065046310425,2.290513038635254,2.3317835330963135,2.1020867824554443,2.3889076709747314,2.570772647857666,2.727757453918457,2.6926419734954834,3.0049946308135986,2.9097814559936523,2.511798858642578,2.4761714935302734,2.6879775524139404,2.473069906234741,1.4874390363693237,1.5007959604263306,1.6415045261383057,-0.3273179233074188,-0.628253698348999
0,99,2.39113712310791,2.4078609943389893,2.470808982849121,2.1754159927368164,2.3042147159576416,2.101205825805664,2.1546995639801025,1.6673110723495483,2.0883195400238037,2.371098041534424,2.504237651824951,2.4605767726898193,2.6481289863586426,2.5391314029693604,2.2466015815734863,2.204770803451538,2.2518389225006104,2.241952657699585,2.4671034812927246,2.5295469760894775,2.581176519393921,2.488130807876587,2.577791929244995,2.2473816871643066,2.2879021167755127,2.0663673877716064,2.346391201019287,2.5668272972106934,2.73136568069458,2.6906938552856445,3.0309391021728516,2.9278271198272705,2.51651668548584,2.4761159420013428,2.7340056896209717,2.4518680572509766,1.5495134592056274,1.4834970235824585,1.6779707670211792,-0.3052099347114563,-0.613268256187439
0,99,2.3611340522766113,2.3964648246765137,2.4538486003875732,2.233097791671753,2.352046489715576,2.096822738647461,2.144381046295166,1.7491710186004639,2.130659818649292,2.3514676094055176,2.498629570007324,2.453336000442505,2.6903793811798096,2.5906951427459717,2.250655174255371,2.208500623703003,2.3204565048217773,2.2411060333251953,2.4860193729400635,2.5664827823638916,2.6120059490203857,2.5840184688568115,2.6673531532287598,2.2936856746673584,2.328519344329834,2.1775574684143066,2.405632495880127,2.5680315494537354,2.7435643672943115,2.7027199268341064,3.080273389816284,2.9897043704986572,2.5386528968811035,2.499687433242798,2.804135799407959,2.441649913787842,1.4931912422180176,1.541428565979004,1.6879172325134277,-0.36929914355278015,-0.6289591193199158
0,99,2.4487593173980713,2.456618309020996,2.5155038833618164,2.1790480613708496,2.3050014972686768,2.1453895568847656,2.1964893341064453,1.6460034847259521,2.0994436740875244,2.360617160797119,2.483962059020996,2.440396547317505,2.589773654937744,2.4850778579711914,2.218337059020996,2.177962303161621,2.194176435470581,2.223902463912964,2.519590377807617,2.5740270614624023,2.6220242977142334,2.492058515548706,2.5800297260284424,2.2856900691986084,2.3244056701660156,2.0519938468933105,2.375025749206543,2.528636932373047,2.6857430934906006,2.6452596187591553,2.956613779067993,2.858457565307617,2.4630379676818848,2.424077272415161,2.667945384979248,2.430314540863037,1.5134127140045166,1.5080130100250244,1.6587674617767334,-0.26605725288391113,-0.5929445028305054
0,99,2.1937201023101807,2.2252156734466553,2.2837021350860596,2.0717599391937256,2.1882388591766357,1.9258097410202026,1.973387598991394,1.6224112510681152,1.9709035158157349,2.3522565364837646,2.487398386001587,2.4417178630828857,2.62894606590271,2.525531768798828,2.2287678718566895,2.1854968070983887,2.223008394241333,2.223189353942871,2.266913890838623,2.3435137271881104,2.3897383213043213,2.3721725940704346,2.4518754482269287,2.070556402206421,2.1050262451171875,2.00325870513916,2.1904778480529785,2.541253089904785,2.7064788341522217,2.6646242141723633,2.9970130920410156,2.9025352001190186,2.4885077476501465,2.447998523712158,2.6875767707824707,2.4255287647247314,1.4124277830123901,1.4934971332550049,1.6730784177780151,-0.32975074648857117,-0.6149204969406128
0,99,2.499178171157837,2.510244846343994,2.573298454284668,2.2513344287872314,2.3827362060546875,2.2057173252105713,2.2595534324645996,1.7104179859161377,2.1637158393859863,2.3633873462677,2.4899768829345703,2.446052312850952,2.609544515609741,2.4984726905822754,2.2287988662719727,2.187422275543213,2.196549892425537,2.2276687622070312,2.596722364425659,2.6537399291992188,2.705782413482666,2.58479380607605,2.677412271499634,2.3717174530029297,2.412961006164551,2.1286444664001465,2.456308603286743,2.5511903762817383,2.7109122276306152,2.6695079803466797,2.989412784576416,2.883384943008423,2.490906238555908,2.4504342079162598,2.6764962673187256,2.445035934448242,1.5657328367233276,1.5222547054290771,1.6549322605133057,-0.32014450430870056,-0.6168983578681946
0,99,2.448819398880005,2.459872007369995,2.52073335647583,2.187962532043457,2.3192949295043945,2.1526947021484375,2.205275774002075,1.6474374532699585,2.1008365154266357,2.385315179824829,2.502715826034546,2.4599997997283936,2.563235282897949,2.4600391387939453,2.229926109313965,2.1903133392333984,2.1078484058380127,2.2296459674835205,2.5238711833953857,2.579895496368408,2.6302101612091064,2.4954988956451416,2.589564800262451,2.2941274642944336,2.334723472595215,2.040471076965332,2.374462127685547,2.549099922180176,2.6999247074127197,2.6600515842437744,2.9211502075195312,2.8241117000579834,2.4656968116760254,2.4273369312286377,2.569293260574341,2.4526190757751465,1.501868486404419,1.4747929573059082,1.6428788900375366,-0.2991980016231537,-0.594742476940155
0,99,2.3569648265838623,2.383026361465454,2.444854974746704,2.1903858184814453,2.3167810440063477,2.0848143100738525,2.1353840827941895,1.6851483583450317,2.093942165374756,2.3895418643951416,2.522075891494751,2.4798169136047363,2.6476383209228516,2.5472071170806885,2.261920690536499,2.221198081970215,2.211290121078491,2.2673912048339844,2.466169595718384,2.5370492935180664,2.587127685546875,2.523982048034668,2.613046407699585,2.262662410736084,2.300351858139038,2.0940141677856445,2.3658504486083984,2.5914206504821777,2.753657102584839,2.715019941329956,3.024582862854004,2.931663751602173,2.532066822052002,2.4935877323150635,2.6809821128845215,2.4881751537323,1.4781439304351807,1.4812711477279663,1.6736189126968384,-0.3579246401786804,-0.6309011578559875
0,99,2.4193785190582275,2.4336469173431396,2.4928677082061768,2.1732537746429443,2.301348924636841,2.125354290008545,2.176403284072876,1.6339830160140991,2.0909390449523926,2.330165386199951,2.4614105224609375,2.4136500358581543,2.5846710205078125,2.4747400283813477,2.2002906799316406,2.1565301418304443,2.1816272735595703,2.192477226257324,2.4931511878967285,2.552150011062622,2.600642204284668,2.4767823219299316,2.568443536758423,2.2653095722198486,2.304433584213257,2.023662567138672,2.355285882949829,2.501264810562134,2.664236307144165,2.6191718578338623,2.942260980606079,2.8387084007263184,2.444157600402832,2.4018516540527344,2.639812707901001,2.386617660522461,1.5544270277023315,1.5377007722854614,1.654919981956482,-0.28015848994255066,-0.6008954048156738
0,99,2.2376809120178223,2.27233624458313,2.3344900608062744,2.15981388092041,2.2786059379577637,1.9846129417419434,2.03473162651062,1.7394306659698486,2.0379722118377686,2.2452919483184814,2.4099950790405273,2.358670949935913,2.7265777587890625,2.6074976921081543,2.199059009552002,2.149284839630127,2.467495918273926,2.101393699645996,2.344123601913452,2.4245824813842773,2.474609851837158,2.49711012840271,2.5784080028533936,2.1666722297668457,2.203183650970459,2.1557669639587402,2.275078773498535,2.477036952972412,2.667405843734741,2.619699716567993,3.1198742389678955,3.0075528621673584,2.5028254985809326,2.455620050430298,2.9475462436676025,2.2521421909332275,1.627715826034546,1.5377498865127563,1.59505033493042,-0.3470020592212677,-0.686876118183136
0,99,2.4104678630828857,2.4185502529144287,2.483211040496826,2.1664836406707764,2.3016090393066406,2.1194708347320557,2.1732466220855713,1.6547304391860962,2.0899605751037598,2.317385196685791,2.4430110454559326,2.4034383296966553,2.583564043045044,2.4802329540252686,2.1918513774871826,2.152573347091675,2.211540699005127,2.1848583221435547,2.4967336654663086,2.549421548843384,2.6032681465148926,2.482475519180298,2.578491687774658,2.27213191986084,2.313218832015991,2.052738666534424,2.3648486137390137,2.502568244934082,2.659029483795166,2.6231837272644043,2.9509639739990234,2.8541641235351562,2.4484739303588867,2.410820484161377,2.6741130352020264,2.3923094272613525,1.5445356369018555,1.493148684501648,1.6261701583862305,-0.29769331216812134,-0.6101564168930054
0,99,2.377063035964966,2.4071943759918213,2.470038414001465,2.2241721153259277,2.3518588542938232,2.1095733642578125,2.159952163696289,1.7337125539779663,2.1296274662017822,2.3498787879943848,2.4910736083984375,2.44970703125,2.6647448539733887,2.562257766723633,2.2428739070892334,2.2011361122131348,2.2828311920166016,2.2329204082489014,2.506202220916748,2.5799477100372314,2.6307902336120605,2.572821617126465,2.662090301513672,2.3074395656585693,2.3444013595581055,2.1539666652679443,2.415043592453003,2.5735254287719727,2.742352247238159,2.7049028873443604,3.057290554046631,2.9620392322540283,2.535658836364746,2.496277332305908,2.764338970184326,2.450577735900879,1.5159465074539185,1.4697009325027466,1.645311713218689,-0.39125654101371765,-0.654114305973053
0,99,2.4307806491851807,2.4569246768951416,2.520768642425537,2.2555689811706543,2.383697271347046,2.1534199714660645,2.206139087677002,1.770787239074707,2.1621129512786865,2.4031107425689697,2.5320870876312256,2.4924979209899902,2.6517302989959717,2.5497069358825684,2.269174575805664,2.2304718494415283,2.2488489151000977,2.2706754207611084,2.546300172805786,2.6176586151123047,2.6695008277893066,2.6054821014404297,2.6934731006622314,2.3419065475463867,2.380859851837158,2.2039570808410645,2.447435140609741,2.6150712966918945,2.775524854660034,2.739166498184204,3.0539722442626953,2.957548141479492,2.556187629699707,2.518768787384033,2.751146078109741,2.508711814880371,1.486392855644226,1.471261978149414,1.6442453861236572,-0.3782482147216797,-0.6416196227073669
0,99,2.330742359161377,2.3703606128692627,2.4326746463775635,2.2289648056030273,2.3512673377990723,2.072871446609497,2.1238603591918945,1.7689380645751953,2.1161575317382812,2.351280689239502,2.5057740211486816,2.461571455001831,2.736530303955078,2.628603458404541,2.268035411834717,2.2248523235321045,2.393054485321045,2.2336511611938477,2.464430332183838,2.547884464263916,2.5978782176971436,2.584275245666504,2.6681008338928223,2.2789134979248047,2.3160250186920166,2.1967456340789795,2.3887529373168945,2.597560167312622,2.7775304317474365,2.737393856048584,3.1439287662506104,3.0430760383605957,2.5832903385162354,2.542569875717163,2.8852474689483643,2.4430246353149414,1.5532702207565308,1.4792509078979492,1.6579304933547974,-0.421596497297287,-0.6790470480918884
0,99,2.3294155597686768,2.3640336990356445,2.4257569313049316,2.207465887069702,2.328730821609497,2.0672144889831543,2.1175341606140137,1.7392574548721313,2.1040079593658447,2.3525421619415283,2.500877618789673,2.457371234893799,2.707965135574341,2.6005563735961914,2.2591826915740967,2.2164511680603027,2.3503143787384033,2.236755847930908,2.4556808471679688,2.5340654850006104,2.5838568210601807,2.5550334453582764,2.6380577087402344,2.2646725177764893,2.3013670444488525,2.16021728515625,2.3750877380371094,2.583796262741089,2.7589755058288574,2.719479560852051,3.106232166290283,3.0054996013641357,2.5605151653289795,2.519996404647827,2.8367011547088623,2.4449150562286377,1.5208758115768433,1.4876357316970825,1.5879467725753784,-0.4096955358982086,-0.6991453766822815
0,99,2.26819109916687,2.3049206733703613,2.3655624389648438,2.1661789417266846,2.2812516689300537,2.0156588554382324,2.0668861865997314,1.7075845003128052,2.057718515396118,2.3523528575897217,2.503174066543579,2.459876537322998,2.7256641387939453,2.6176466941833496,2.270972728729248,2.229098320007324,2.373218297958374,2.244384288787842,2.394387722015381,2.4738821983337402,2.5217580795288086,2.5048084259033203,2.580993890762329,2.210543155670166,2.247396945953369,2.1131532192230225,2.3196909427642822,2.589435338973999,2.7637929916381836,2.725278377532959,3.1116557121276855,3.011713981628418,2.5706961154937744,2.531723976135254,2.8378794193267822,2.451716661453247,1.5144599676132202,1.4662814140319824,1.5822057723999023,-0.4101877510547638,-0.7257375121116638
0,99,2.3094186782836914,2.3481853008270264,2.4099626541137695,2.1978659629821777,2.3159682750701904,2.0554986000061035,2.1067097187042236,1.7044087648391724,2.0941874980926514,2.389392852783203,2.53151273727417,2.491020679473877,2.686617374420166,2.5853240489959717,2.279031753540039,2.2400643825531006,2.255589246749878,2.2819385528564453,2.4446840286254883,2.525245189666748,2.5744259357452393,2.5384984016418457,2.6187429428100586,2.2562341690063477,2.2935643196105957,2.107844352722168,2.3663015365600586,2.622823476791382,2.7899062633514404,2.7538461685180664,3.07218074798584,2.9788498878479004,2.5734786987304688,2.5371246337890625,2.720245838165283,2.517120599746704,1.4406081438064575,1.477447271347046,1.5845671892166138,-0.43826067447662354,-0.7337163686752319
0,99,2.293339490890503,2.3337209224700928,2.396435499191284,2.197174549102783,2.3186254501342773,2.041154623031616,2.0929627418518066,1.7339129447937012,2.084883213043213,2.3840348720550537,2.5351321697235107,2.4934561252593994,2.7370731830596924,2.6356008052825928,2.292626142501831,2.251884937286377,2.354755401611328,2.277982473373413,2.4264371395111084,2.5097947120666504,2.5597684383392334,2.5437586307525635,2.626640558242798,2.243648052215576,2.2812063694000244,2.146986484527588,2.352189302444458,2.6302740573883057,2.8052785396575928,2.7681541442871094,3.133868932723999,3.040229320526123,2.6017916202545166,2.5638201236724854,2.830871820449829,2.5013632774353027,1.4997448921203613,1.4832707643508911,1.590446949005127,-0.4272553324699402,-0.7429712414741516
0,99,2.3774425983428955,2.407377004623413,2.4679768085479736,2.210524082183838,2.33628249168396,2.1126255989074707,2.1642446517944336,1.7011899948120117,2.1219370365142822,2.3984689712524414,2.531843900680542,2.490518093109131,2.6529555320739746,2.5566563606262207,2.277317523956299,2.239128351211548,2.2265148162841797,2.2811498641967773,2.494992971420288,2.5661051273345947,2.6149027347564697,2.5363385677337646,2.625394105911255,2.2941009998321533,2.3328616619110107,2.0978310108184814,2.3971824645996094,2.617201328277588,2.7765421867370605,2.7395129203796387,3.032663583755493,2.9446444511413574,2.559495210647583,2.5239715576171875,2.694049119949341,2.51395583152771,1.4814553260803223,1.499795913696289,1.5728964805603027,-0.3829214572906494,-0.7018831968307495
0,99,2.3844234943389893,2.40494704246521,2.4682085514068604,2.1845202445983887,2.3125665187835693,2.105933427810669,2.1598451137542725,1.6768687963485718,2.095792293548584,2.3628737926483154,2.504394292831421,2.463336944580078,2.684509754180908,2.5816476345062256,2.2603821754455566,2.2209596633911133,2.3167381286621094,2.256169319152832,2.4894680976867676,2.5542314052581787,2.605691909790039,2.5135550498962402,2.602649450302124,2.278129816055298,2.318803071975708,2.0824618339538574,2.3756158351898193,2.5861480236053467,2.754115343093872,2.717747211456299,3.071498394012451,2.977018117904663,2.550457239151001,2.5139386653900146,2.7914998531341553,2.4720096588134766,1.5710620880126953,1.467688798904419,1.5824207067489624,-0.3389798104763031,-0.6978277564048767
0,99,2.3465383052825928,2.378856897354126,2.4411449432373047,2.1971490383148193,2.3206052780151367,2.08232045173645,2.1339282989501953,1.698673129081726,2.1036999225616455,2.4044394493103027,2.5373098850250244,2.4989519119262695,2.655874013900757,2.5605103969573975,2.2790918350219727,2.2417454719543457,2.2188522815704346,2.290177345275879,2.468757152557373,2.5430569648742676,2.593364715576172,2.530836343765259,2.61668062210083,2.270894765853882,2.309194803237915,2.1020309925079346,2.378420829772949,2.619685173034668,2.7793586254119873,2.7456283569335938,3.036555051803589,2.94954514503479,2.559508800506592,2.524949789047241,2.689171314239502,2.5246310234069824,1.4363371133804321,1.4581027030944824,1.5894988775253296,-0.40009915828704834,-0.6948276162147522
0,99,2.3276925086975098,2.360558032989502,2.424407958984375,2.2068591117858887,2.331066846847534,2.0736029148101807,2.1260757446289062,1.7433964014053345,2.101297378540039,2.3537817001342773,2.500729560852051,2.4619510173797607,2.7130730152130127,2.6141250133514404,2.268352746963501,2.2287418842315674,2.359837532043457,2.2529854774475098,2.4603610038757324,2.5359675884246826,2.5881423950195312,2.5558176040649414,2.642404079437256,2.275571346282959,2.3144893646240234,2.1633284091949463,2.3767313957214355,2.60160756111145,2.7726848125457764,2.7385363578796387,3.1143534183502197,3.022984266281128,2.580899238586426,2.544034719467163,2.8431098461151123,2.470451831817627,1.5264838933944702,1.4943902492523193,1.559759497642517,-0.40288564562797546,-0.7331041097640991
0,99,2.339693069458008,2.3786776065826416,2.4436278343200684,2.2437829971313477,2.3657853603363037,2.0903666019439697,2.143423080444336,1.7735629081726074,2.1354482173919678,2.3896443843841553,2.5348005294799805,2.496978521347046,2.7244560718536377,2.6254305839538574,2.2933292388916016,2.25496768951416,2.3290963172912598,2.2857935428619385,2.4852540493011475,2.5657622814178467,2.61887264251709,2.5963621139526367,2.6813409328460693,2.3034274578094482,2.3429477214813232,2.1904921531677246,2.4103381633758545,2.632086753845215,2.8019702434539795,2.7688872814178467,3.1205599308013916,3.029200792312622,2.5990262031555176,2.5634212493896484,2.806178092956543,2.512291669845581,1.4722808599472046,1.4859451055526733,1.6692211627960205,-0.4617242217063904,-0.6839056015014648
0,99,2.2843575477600098,2.3284218311309814,2.390472650527954,2.205047130584717,2.3248958587646484,2.0374598503112793,2.0881857872009277,1.747660517692566,2.088488817214966,2.3992297649383545,2.5487003326416016,2.5066330432891846,2.7401959896087646,2.6378283500671387,2.304776668548584,2.2633612155914307,2.342367649078369,2.286677122116089,2.4132533073425293,2.499216318130493,2.5488970279693604,2.5422170162200928,2.6245362758636475,2.234454393386841,2.2713377475738525,2.149836540222168,2.3427083492279053,2.6411447525024414,2.8151023387908936,2.7777864933013916,3.1344828605651855,3.0403640270233154,2.6091761589050293,2.5707242488861084,2.8171463012695312,2.5119757652282715,1.4878541231155396,1.4949493408203125,1.6185210943222046,-0.4339808225631714,-0.7110085487365723
0,99,2.2334396839141846,2.281212091445923,2.343313455581665,2.201280117034912,2.3184826374053955,1.9938656091690063,2.0435757637023926,1.8085300922393799,2.063382148742676,2.2885172367095947,2.4567151069641113,2.409194231033325,2.7724082469940186,2.6627397537231445,2.245131731033325,2.198194742202759,2.5155391693115234,2.14678955078125,2.362734079360962,2.454495906829834,2.5042855739593506,2.5517897605895996,2.6325061321258545,2.198719024658203,2.2346951961517334,2.231539726257324,2.3066844940185547,2.538456678390503,2.730198383331299,2.687358856201172,3.1768577098846436,3.0753989219665527,2.5643844604492188,2.5208752155303955,3.003638982772827,2.3147194385528564,1.5840826034545898,1.5415706634521484,1.5988211631774902,-0.39513057470321655,-0.7029832005500793
0,99,2.379871368408203,2.4074978828430176,2.4703664779663086,2.20882511138916,2.3369288444519043,2.108961820602417,2.1616384983062744,1.7038564682006836,2.1143696308135986,2.3723840713500977,2.514911413192749,2.472975254058838,2.6812851428985596,2.5801665782928467,2.2651848793029785,2.224912643432617,2.2864131927490234,2.2623443603515625,2.500413656234741,2.5713536739349365,2.6225085258483887,2.546264410018921,2.636795997619629,2.2960312366485596,2.335676908493042,2.1126630306243896,2.396320104598999,2.5941219329833984,2.7631285190582275,2.725743055343628,3.065621852874756,2.9727444648742676,2.552699565887451,2.5153040885925293,2.75760817527771,2.481722116470337,1.5371596813201904,1.4778332710266113,1.5851523876190186,-0.3753090500831604,-0.6966550350189209
0,99,2.3297371864318848,2.367870569229126,2.4311580657958984,2.218719720840454,2.343475818634033,2.07353138923645,2.124986410140991,1.7480297088623047,2.109466552734375,2.3876776695251465,2.536890983581543,2.4948976039886475,2.736504316329956,2.635568141937256,2.296013355255127,2.2543909549713135,2.3591268062591553,2.275658369064331,2.4573709964752197,2.5381548404693604,2.589653491973877,2.56221079826355,2.6503043174743652,2.2708609104156494,2.3091742992401123,2.162945032119751,2.3766567707061768,2.6276838779449463,2.801530122756958,2.764505624771118,3.1327714920043945,3.0410053730010986,2.601017713546753,2.5628392696380615,2.8396406173706055,2.494520425796509,1.5335397720336914,1.483577847480774,1.600810170173645,-0.41775408387184143,-0.7151050567626953
0,99,2.3684773445129395,2.4022960662841797,2.4630203247070312,2.2222070693969727,2.34499192237854,2.105464220046997,2.1564652919769287,1.7202426195144653,2.1233975887298584,2.404874086380005,2.5402698516845703,2.498330593109131,2.662523031234741,2.5615522861480713,2.281064987182617,2.2413523197174072,2.2188704013824463,2.2824807167053223,2.4929184913635254,2.5689141750335693,2.6180598735809326,2.557905673980713,2.643909454345703,2.2956717014312744,2.333634376525879,2.124251127243042,2.3990859985351562,2.619964599609375,2.7831151485443115,2.7452359199523926,3.0447068214416504,2.9511237144470215,2.561368703842163,2.5238595008850098,2.689485549926758,2.516411304473877,1.4650492668151855,1.465386986732483,1.6009106636047363,-0.4080875813961029,-0.6742239594459534
0,99,2.3247246742248535,2.3625986576080322,2.425736427307129,2.221231698989868,2.34136962890625,2.0728721618652344,2.124640941619873,1.7513843774795532,2.107100486755371,2.3890788555145264,2.5377235412597656,2.497417688369751,2.7373201847076416,2.6359686851501465,2.296678066253662,2.256962299346924,2.3549246788024902,2.287954330444336,2.4539501667022705,2.5349678993225098,2.5857741832733154,2.5645506381988525,2.6468794345855713,2.270540952682495,2.308542251586914,2.1636078357696533,2.3738670349121094,2.6256134510040283,2.798942804336548,2.7631797790527344,3.126720666885376,3.0332679748535156,2.596055030822754,2.5590853691101074,2.826019763946533,2.503916025161743,1.5034464597702026,1.4764385223388672,1.5946917533874512,-0.41939517855644226,-0.7192479968070984
0,99,2.2993783950805664,2.3257105350494385,2.388319730758667,2.146073818206787,2.267585277557373,2.0338311195373535,2.085540771484375,1.6715275049209595,2.0494747161865234,2.3061916828155518,2.4581546783447266,2.4122893810272217,2.69537091255188,2.582855463027954,2.2312793731689453,2.186110019683838,2.374295949935913,2.184425115585327,2.40236496925354,2.4725594520568848,2.522883176803589,2.468621253967285,2.551497220993042,2.204411506652832,2.242454767227173,2.067563056945801,2.30881667137146,2.5301175117492676,2.7073142528533936,2.6654038429260254,3.076955556869507,2.9717633724212646,2.5217795372009277,2.479217052459717,2.8407673835754395,2.3693225383758545,1.6095830202102661,1.4797409772872925,1.5845927000045776,-0.3431549668312073,-0.6928486227989197
0,99,2.334625244140625,2.371373414993286,2.4353220462799072,2.2328498363494873,2.353116035461426,2.082613468170166,2.1345155239105225,1.7773782014846802,2.1178977489471436,2.4023067951202393,2.551248550415039,2.512411594390869,2.765748977661133,2.6638197898864746,2.316005229949951,2.2754287719726562,2.4022908210754395,2.3037822246551514,2.480756998062134,2.5622076988220215,2.612774610519409,2.6008520126342773,2.6802754402160645,2.3011670112609863,2.3379180431365967,2.212877035140991,2.4042656421661377,2.659789562225342,2.833625555038452,2.7993948459625244,3.1791799068450928,3.0847225189208984,2.6389319896698,2.6011247634887695,2.8972601890563965,2.5325632095336914,1.5199623107910156,1.4659287929534912,1.6724716424942017,-0.41645368933677673,-0.6950145363807678
0,99,2.319051742553711,2.3432328701019287,2.4071061611175537,2.147503614425659,2.275217294692993,2.0537431240081787,2.106441020965576,1.661328673362732,2.0605270862579346,2.33005428314209,2.4708139896392822,2.43151593208313,2.65506649017334,2.5550897121429443,2.2353079319000244,2.1944761276245117,2.291642904281616,2.22190260887146,2.4287519454956055,2.4954049587249756,2.5474660396575928,2.4718563556671143,2.560840129852295,2.229231595993042,2.268324613571167,2.0567455291748047,2.3295342922210693,2.553635597229004,2.7193820476531982,2.6845386028289795,3.0354385375976562,2.9428787231445312,2.5233044624328613,2.485192060470581,2.7561838626861572,2.4320881366729736,1.536159634590149,1.465329885482788,1.5695496797561646,-0.35475683212280273,-0.6992270350456238
0,99,2.2216341495513916,2.2667367458343506,2.326097249984741,2.1522719860076904,2.2621707916259766,1.9773203134536743,2.0255212783813477,1.692787766456604,2.0353376865386963,2.385152578353882,2.533134698867798,2.4905405044555664,2.7198333740234375,2.614946126937866,2.2894294261932373,2.2474193572998047,2.312776803970337,2.2770707607269287,2.3557803630828857,2.44293212890625,2.488485813140869,2.4903182983398438,2.5610249042510986,2.1787948608398438,2.2120025157928467,2.0893328189849854,2.2938296794891357,2.621511697769165,2.7932887077331543,2.755542278289795,3.104337453842163,3.0081899166107178,2.5865478515625,2.547659158706665,2.775286912918091,2.500474452972412,1.435712218284607,1.4881662130355835,1.6029196977615356,-0.42288872599601746,-0.7273032069206238
0,99,2.328500509262085,2.3669252395629883,2.427997350692749,2.2046802043914795,2.325932502746582,2.070343017578125,2.1223304271698,1.715943694114685,2.1104016304016113,2.407867193222046,2.5428309440612793,2.5030107498168945,2.660383462905884,2.5628292560577393,2.282599925994873,2.245194673538208,2.2140614986419678,2.286987781524658,2.464884042739868,2.544816017150879,2.5932321548461914,2.54746413230896,2.6303598880767822,2.2729153633117676,2.310903310775757,2.122241973876953,2.387554407119751,2.6323044300079346,2.793623924255371,2.757833957672119,3.045665979385376,2.9554312229156494,2.5705044269561768,2.535299777984619,2.683868169784546,2.5294713973999023,1.4171419143676758,1.4861727952957153,1.639047384262085,-0.4267154335975647,-0.6875699758529663
0,99,2.314627170562744,2.3569862842559814,2.419428825378418,2.2384445667266846,2.353968381881714,2.068074941635132,2.1202993392944336,1.7869583368301392,2.1210105419158936,2.3826684951782227,2.533094882965088,2.4929962158203125,2.7480602264404297,2.6429808139801025,2.2949867248535156,2.2554919719696045,2.3791916370391846,2.2788429260253906,2.465304136276245,2.5508861541748047,2.6003735065460205,2.603742837905884,2.679913282394409,2.2898781299591064,2.327367067337036,2.2180848121643066,2.3985214233398438,2.638108730316162,2.813072919845581,2.7773425579071045,3.156946897506714,3.0588793754577637,2.614929437637329,2.577805280685425,2.8674559593200684,2.5057637691497803,1.479831337928772,1.4483253955841064,1.5825262069702148,-0.4680671989917755,-0.7352119088172913
0,99,2.1964516639709473,2.2409512996673584,2.2985687255859375,2.1400208473205566,2.247760057449341,1.9533649682998657,2.000556230545044,1.7089061737060547,2.014965534210205,2.3782448768615723,2.5341038703918457,2.4895405769348145,2.7713327407836914,2.663407325744629,2.3009917736053467,2.257863759994507,2.415717601776123,2.2725648880004883,2.3177835941314697,2.405874252319336,2.450113296508789,2.4752230644226074,2.5439870357513428,2.145559072494507,2.1779794692993164,2.110227346420288,2.2579376697540283,2.6196072101593018,2.7984721660614014,2.759276866912842,3.158600091934204,3.060023069381714,2.6039671897888184,2.564291000366211,2.8813936710357666,2.4788997173309326,1.4755603075027466,1.4770830869674683,1.6000351905822754,-0.41267886757850647,-0.7343345284461975
0,99,2.3296072483062744,2.357835054397583,2.420623302459717,2.1985583305358887,2.3204586505889893,2.0736758708953857,2.1259634494781494,1.728407621383667,2.0984766483306885,2.312202215194702,2.465273857116699,2.4233009815216064,2.723410129547119,2.6185524463653564,2.2462234497070312,2.2037606239318848,2.4111416339874268,2.2013158798217773,2.4559240341186523,2.5274648666381836,2.5779948234558105,2.540076494216919,2.623717784881592,2.2674527168273926,2.3058762550354004,2.1386702060699463,2.3709652423858643,2.550922155380249,2.72725772857666,2.6900241374969482,3.1094741821289062,3.012528896331787,2.547966480255127,2.5086114406585693,2.8759593963623047,2.3913984298706055,1.6000581979751587,1.516587495803833,1.560658574104309,-0.3874599039554596,-0.7354560494422913
0,99,2.249014139175415,2.2899155616760254,2.3512821197509766,2.1522982120513916,2.273322343826294,1.9982943534851074,2.0493035316467285,1.6940696239471436,2.047583818435669,2.388817071914673,2.5335395336151123,2.4928672313690186,2.704723596572876,2.6084542274475098,2.2877774238586426,2.248216152191162,2.306874990463257,2.279359817504883,2.3661234378814697,2.4488255977630615,2.4974212646484375,2.477897882461548,2.5609285831451416,2.1830968856811523,2.220071792602539,2.0864675045013428,2.296875,2.621084690093994,2.7898964881896973,2.7541773319244385,3.089467763900757,3.0022788047790527,2.5823843479156494,2.5461068153381348,2.774129629135132,2.502509355545044,1.451956033706665,1.4889088869094849,1.6056406497955322,-0.40671101212501526,-0.7124229073524475
0,99,2.2828807830810547,2.323554515838623,2.3838865756988525,2.189913034439087,2.304166078567505,2.033691167831421,2.0840580463409424,1.7296078205108643,2.0832340717315674,2.3812899589538574,2.5290729999542236,2.4883241653442383,2.7269458770751953,2.624586820602417,2.289844036102295,2.249925374984741,2.349341630935669,2.2787835597991943,2.4140002727508545,2.497277021408081,2.5445473194122314,2.533451557159424,2.6086156368255615,2.2340500354766846,2.2698731422424316,2.1410751342773438,2.3465933799743652,2.6274032592773438,2.798950672149658,2.7629151344299316,3.123349666595459,3.0290746688842773,2.5984373092651367,2.5614173412323,2.8258132934570312,2.503873348236084,1.4610713720321655,1.4680659770965576,1.5813459157943726,-0.42471471428871155,-0.7320157885551453
0,99,2.2713770866394043,2.3124818801879883,2.374359130859375,2.181321382522583,2.299351453781128,2.0227324962615967,2.073194742202759,1.719515323638916,2.0711958408355713,2.3823447227478027,2.537252426147461,2.495940685272217,2.7644729614257812,2.661134958267212,2.3042192459106445,2.2624406814575195,2.3988940715789795,2.2762045860290527,2.409733772277832,2.4935460090637207,2.54258131980896,2.5310654640197754,2.6103410720825195,2.2301442623138428,2.2661402225494385,2.1338918209075928,2.340526580810547,2.6368069648742676,2.8137645721435547,2.7774851322174072,3.1608378887176514,3.0660855770111084,2.6189918518066406,2.5804436206817627,2.8706023693084717,2.4951956272125244,1.5177338123321533,1.472427487373352,1.5909487009048462,-0.438824862241745,-0.7478004097938538
0,99,2.355700731277466,2.3915326595306396,2.451782464981079,2.2231156826019287,2.3427908420562744,2.099088668823242,2.1504006385803223,1.7248828411102295,2.1315789222717285,2.3783111572265625,2.5143818855285645,2.4749038219451904,2.6497082710266113,2.5520918369293213,2.261781692504883,2.224266290664673,2.2251973152160645,2.267091989517212,2.4961185455322266,2.5730016231536865,2.620835065841675,2.567094564437866,2.6489357948303223,2.304033041000366,2.3416337966918945,2.1328046321868896,2.4149787425994873,2.6019985675811768,2.763622283935547,2.7286806106567383,3.030446767807007,2.9407753944396973,2.5478615760803223,2.5130198001861572,2.6890881061553955,2.5016160011291504,1.4256197214126587,1.4573354721069336,1.6382784843444824,-0.44578319787979126,-0.6792656183242798
0,99,2.329860210418701,2.3717448711395264,2.4332878589630127,2.259122133255005,2.376286745071411,2.09299373626709,2.1428136825561523,1.8143444061279297,2.1335866451263428,2.3343212604522705,2.495495080947876,2.450939655303955,2.7754130363464355,2.6651673316955566,2.281811475753784,2.237161874771118,2.470623016357422,2.2159059047698975,2.4882702827453613,2.5725584030151367,2.6214897632598877,2.6284306049346924,2.7073898315429688,2.3211143016815186,2.3566794395446777,2.2497825622558594,2.4164483547210693,2.60461163520813,2.7870547771453857,2.747267961502075,3.184941291809082,3.082249164581299,2.613250970840454,2.5716118812561035,2.9538862705230713,2.4221534729003906,1.603353500366211,1.4981365203857422,1.6331559419631958,-0.4518570601940155,-0.7115125060081482
0,99,2.334054708480835,2.3697359561920166,2.4326348304748535,2.214243173599243,2.3364880084991455,2.0807793140411377,2.1337974071502686,1.7444725036621094,2.1144826412200928,2.375014543533325,2.5203750133514404,2.48079514503479,2.713224172592163,2.608860731124878,2.281916379928589,2.242546796798706,2.33610200881958,2.269318103790283,2.4647936820983887,2.543002128601074,2.593142032623291,2.5599889755249023,2.6411936283111572,2.280271291732788,2.318443775177002,2.1593053340911865,2.3862411975860596,2.6300439834594727,2.7995142936706543,2.7639029026031494,3.119441270828247,3.020750045776367,2.5997653007507324,2.5621633529663086,2.8201940059661865,2.506648063659668,1.4997261762619019,1.4429233074188232,1.5441728830337524,-0.43743136525154114,-0.7504944801330566
0,99,2.197814702987671,2.2467055320739746,2.3080694675445557,2.1702306270599365,2.2801802158355713,1.96620774269104,2.014894962310791,1.7542215585708618,2.031226873397827,2.355137825012207,2.516462802886963,2.4750802516937256,2.79972767829895,2.6925628185272217,2.301891565322876,2.2590692043304443,2.4862186908721924,2.240901231765747,2.3318285942077637,2.423034429550171,2.4712960720062256,2.5169260501861572,2.587789535522461,2.173098087310791,2.2068564891815186,2.1694202423095703,2.2759110927581787,2.626326560974121,2.8084304332733154,2.7713701725006104,3.2090935707092285,3.1084935665130615,2.6344480514526367,2.594198226928711,2.9696545600891113,2.445518732070923,1.5188026428222656,1.4687899351119995,1.6463522911071777,-0.44701671600341797,-0.71793532371521
0,99,2.1397833824157715,2.1918113231658936,2.2516651153564453,2.1285574436187744,2.2375359535217285,1.9100500345230103,1.9586178064346313,1.731081247329712,1.98800790309906,2.371753215789795,2.5322256088256836,2.490431308746338,2.7978460788726807,2.694956064224243,2.309772253036499,2.267963409423828,2.4679715633392334,2.2577476501464844,2.262661933898926,2.357088327407837,2.403308629989624,2.4622793197631836,2.5319771766662598,2.105757713317871,2.139031171798706,2.130603551864624,2.2152037620544434,2.6361842155456543,2.817537784576416,2.7805259227752686,3.200589418411255,3.10534930229187,2.6347732543945312,2.5959177017211914,2.944962501525879,2.4661364555358887,1.472765326499939,1.4912208318710327,1.582849383354187,-0.42026880383491516,-0.7490761280059814
0,99,2.244706392288208,2.289715528488159,2.353416919708252,2.183637857437134,2.3010637760162354,1.9996086359024048,2.052856683731079,1.754954218864441,2.0572197437286377,2.3734211921691895,2.534785509109497,2.494244337081909,2.8049302101135254,2.6980795860290527,2.311169147491455,2.270519971847534,2.4798226356506348,2.262101650238037,2.382920980453491,2.4712653160095215,2.521650791168213,2.538806438446045,2.6154823303222656,2.210726022720337,2.2486910820007324,2.1763904094696045,2.3188796043395996,2.643601417541504,2.8264124393463135,2.7902278900146484,3.2161550521850586,3.115776538848877,2.643435001373291,2.605228900909424,2.9650914669036865,2.475778818130493,1.5468370914459229,1.4675966501235962,1.6539912223815918,-0.4437835216522217,-0.722305953502655
0,99,2.245694160461426,2.291097402572632,2.3561649322509766,2.197343349456787,2.314868450164795,2.005671262741089,2.0575692653656006,1.7761225700378418,2.069385290145874,2.375663995742798,2.5331039428710938,2.494467258453369,2.7922863960266113,2.6860358715057373,2.3079707622528076,2.2655341625213623,2.4560091495513916,2.262195110321045,2.386319398880005,2.4751150608062744,2.5270631313323975,2.5553362369537354,2.631918430328369,2.2199153900146484,2.256235361099243,2.2006781101226807,2.3271474838256836,2.639615774154663,2.82009220123291,2.785146951675415,3.203359842300415,3.1018736362457275,2.6357600688934326,2.595081090927124,2.943211078643799,2.4756662845611572,1.5121541023254395,1.4938687086105347,1.6465206146240234,-0.4168414771556854,-0.7131665945053101
0,99,2.3680994510650635,2.3945229053497314,2.4568862915039062,2.1936421394348145,2.32433819770813,2.0972793102264404,2.150655508041382,1.6862889528274536,2.1104724407196045,2.374459981918335,2.501344919204712,2.4639639854431152,2.608520746231079,2.516512870788574,2.240614891052246,2.2057440280914307,2.171241044998169,2.251120090484619,2.480228900909424,2.548841953277588,2.599606513977051,2.5194528102874756,2.611743450164795,2.2744462490081787,2.3147146701812744,2.0833656787872314,2.381721258163452,2.5851540565490723,2.740570545196533,2.7067031860351562,2.989236831665039,2.9028780460357666,2.5172178745269775,2.483844041824341,2.6402595043182373,2.488914966583252,1.4276903867721558,1.4884833097457886,1.6241925954818726,-0.38608694076538086,-0.6549456715583801
0,99,2.1818253993988037,2.226426839828491,2.288024663925171,2.1322181224823,2.2482082843780518,1.9388540983200073,1.9882642030715942,1.72779381275177,2.005986452102661,2.3612828254699707,2.5178723335266113,2.47536301612854,2.7700846195220947,2.6665985584259033,2.289945125579834,2.247194290161133,2.446326494216919,2.2471556663513184,2.2937116622924805,2.381788492202759,2.430150032043457,2.4622645378112793,2.5387439727783203,2.1238887310028076,2.158473014831543,2.1281416416168213,2.236966848373413,2.6177866458892822,2.797569990158081,2.759744167327881,3.1762185096740723,3.080487012863159,2.611027479171753,2.571237325668335,2.931739568710327,2.4564247131347656,1.4940309524536133,1.478858470916748,1.5661299228668213,-0.409604012966156,-0.7483797073364258
0,99,2.2642688751220703,2.308398962020874,2.3693807125091553,2.1983652114868164,2.3182246685028076,2.0236432552337646,2.074296712875366,1.7543669939041138,2.0818045139312744,2.3449172973632812,2.4991469383239746,2.456930160522461,2.73160982131958,2.6328012943267822,2.2690069675445557,2.2289419174194336,2.383002281188965,2.236501455307007,2.403265953063965,2.4887490272521973,2.537360668182373,2.5429306030273438,2.625927209854126,2.23085880279541,2.2678070068359375,2.16371488571167,2.3396921157836914,2.59907865524292,2.775557279586792,2.7381155490875244,3.1282083988189697,3.037350654602051,2.584015369415283,2.546912431716919,2.8543105125427246,2.4511971473693848,1.4880661964416504,1.5112725496292114,1.5483120679855347,-0.4496164321899414,-0.760367214679718
0,99,2.235473394393921,2.273864507675171,2.337296485900879,2.151718854904175,2.271338939666748,1.9913488626480103,2.042837381362915,1.7112996578216553,2.042454481124878,2.3027496337890625,2.4565024375915527,2.414541244506836,2.702159881591797,2.5967299938201904,2.233072519302368,2.1910970211029053,2.374638080596924,2.1858813762664795,2.3596227169036865,2.4395999908447266,2.4903621673583984,2.4822604656219482,2.563523292541504,2.1825132369995117,2.219895839691162,2.1067233085632324,2.2927310466766357,2.5432868003845215,2.7193827629089355,2.6819753646850586,3.0862410068511963,2.98842191696167,2.535118341445923,2.4960029125213623,2.835777759552002,2.382258415222168,1.521392583847046,1.463974952697754,1.5541009902954102,-0.42564812302589417,-0.7352562546730042
0,99,2.197524070739746,2.2524540424346924,2.3142247200012207,2.192063331604004,2.3069007396698,1.9680863618850708,2.0177249908447266,1.7825586795806885,2.049729824066162,2.3958873748779297,2.553015947341919,2.51176381111145,2.7890727519989014,2.6908583641052246,2.3182787895202637,2.2776806354522705,2.4236326217651367,2.2837507724761963,2.3360681533813477,2.4328255653381348,2.4812707901000977,2.537550449371338,2.6148428916931152,2.178361415863037,2.2134766578674316,2.191329002380371,2.2880396842956543,2.657491445541382,2.8369288444519043,2.8002302646636963,3.193591356277466,3.103364944458008,2.641080617904663,2.603510618209839,2.903841972351074,2.502756357192993,1.445493221282959,1.501359462738037,1.5890705585479736,-0.4697149991989136,-0.765068769454956
0,99,2.2758798599243164,2.316533327102661,2.3775365352630615,2.1934094429016113,2.314940929412842,2.0281741619110107,2.077432155609131,1.752234935760498,2.0802290439605713,2.3176958560943604,2.479656219482422,2.4360406398773193,2.753695011138916,2.6576435565948486,2.259212017059326,2.216693162918091,2.456735849380493,2.2008538246154785,2.4115309715270996,2.495034694671631,2.5443389415740967,2.5422582626342773,2.629319429397583,2.2338943481445312,2.270458698272705,2.1710219383239746,2.343526601791382,2.561657428741455,2.745804786682129,2.707334280014038,3.1424293518066406,3.055711269378662,2.566528797149658,2.5279505252838135,2.9245107173919678,2.384611129760742,1.5627336502075195,1.4675449132919312,1.6665008068084717,-0.4301949739456177,-0.6761200428009033
0,99,2.252490282058716,2.294649362564087,2.356252431869507,2.1856167316436768,2.305588483810425,2.0081851482391357,2.058422565460205,1.7607868909835815,2.069788932800293,2.365663528442383,2.5208702087402344,2.479722023010254,2.7682971954345703,2.6710610389709473,2.293975830078125,2.2536447048187256,2.4442195892333984,2.253493070602417,2.37807035446167,2.4637327194213867,2.5123562812805176,2.5283703804016113,2.6099629402160645,2.205902338027954,2.2418954372406006,2.1736955642700195,2.318857431411743,2.620115280151367,2.7985308170318604,2.7621824741363525,3.1714603900909424,3.0824596881866455,2.612274408340454,2.575103998184204,2.9264235496520996,2.4619884490966797,1.506948709487915,1.5197044610977173,1.5776708126068115,-0.4070035219192505,-0.7494840621948242
0,99,2.3144614696502686,2.3457095623016357,2.4083030223846436,2.1851344108581543,2.3085715770721436,2.0597803592681885,2.1116087436676025,1.7168383598327637,2.092872142791748,2.3689210414886475,2.507889747619629,2.4702212810516357,2.6879079341888428,2.589789867401123,2.270033121109009,2.2328803539276123,2.3087286949157715,2.264054775238037,2.4327218532562256,2.50666880607605,2.55662202835083,2.51965069770813,2.6025121212005615,2.2465264797210693,2.2839605808258057,2.1225500106811523,2.3553922176361084,2.610992670059204,2.7751266956329346,2.741368055343628,3.0861949920654297,2.9939029216766357,2.5762810707092285,2.5408568382263184,2.789048433303833,2.4940569400787354,1.4672222137451172,1.4839626550674438,1.529420256614685,-0.39946335554122925,-0.7436750531196594
1,99,1.7629624605178833,1.9248636960983276,1.9209237098693848,2.7747251987457275,2.842200756072998,2.0849099159240723,2.0915000438690186,3.174189805984497,0.06087934225797653,1.2094252109527588,1.3906748294830322,1.3264683485031128,1.847747802734375,1.8094253540039062,1.2664953470230103,1.2172014713287354,1.841876745223999,0.96532142162323,1.9066393375396729,2.075900077819824,2.059603452682495,2.918384075164795,2.9660165309906006,2.224191904067993,2.222200870513916,3.2902350425720215,0.12816020846366882,1.285799264907837,1.4829317331314087,1.4207581281661987,2.053023099899292,2.024656295776367,1.4180933237075806,1.3749221563339233,2.122727870941162,0.8866103887557983,1.745278000831604,1.0190942287445068,1.1316397190093994,-0.4600461423397064,-0.7070295810699463
1,99,1.5455259084701538,1.666305422782898,1.686321496963501,2.4296624660491943,2.5513687133789062,1.8421132564544678,1.87455153465271,2.867255210876465,-0.24404998123645782,2.4260189533233643,2.5383691787719727,2.5103485584259033,2.524798631668091,2.484389066696167,2.2814955711364746,2.2523374557495117,2.0144765377044678,2.2876527309417725,1.700743556022644,1.8145248889923096,1.8198058605194092,2.576197624206543,2.680288791656494,2.007272243499756,2.029412031173706,3.0352847576141357,-0.41361239552497864,2.6791603565216064,2.8150250911712646,2.79282808303833,2.901174783706665,2.882291316986084,2.5754480361938477,2.5549046993255615,2.4434711933135986,2.6155452728271484,3.3610293865203857,0.7156813144683838,1.4874603748321533,-0.3844436705112457,-0.7572643160820007
1,99,1.9005829095840454,2.0635790824890137,2.0928986072540283,3.0521674156188965,3.128613233566284,2.258941888809204,2.290100574493408,3.621943235397339,0.02024710550904274,2.7689273357391357,2.8815531730651855,2.8468449115753174,2.907809019088745,2.841862916946411,2.620410442352295,2.5848491191864014,2.384428024291992,2.607546329498291,2.095912218093872,2.2670671939849854,2.274244546890259,3.2781476974487305,3.326281785964966,2.477421283721924,2.492715835571289,3.862355947494507,-0.12936565279960632,3.077803373336792,3.220487594604492,3.1914427280426025,3.385761022567749,3.3395755290985107,2.990257978439331,2.9621620178222656,2.937873363494873,2.982811689376831,3.703239679336548,0.9114860892295837,1.7186169624328613,-0.561322033405304,-0.7864627838134766
1,99,1.760846495628357,1.9217333793640137,1.9506704807281494,2.9357128143310547,2.9617760181427,2.1198155879974365,2.1426732540130615,3.538483142852783,0.05277358740568161,2.816743850708008,2.92539381980896,2.883880138397217,2.8897221088409424,2.798818349838257,2.650649309158325,2.6047472953796387,2.3134605884552,2.6238648891448975,1.9547319412231445,2.1277916431427,2.134408712387085,3.167682647705078,3.166659355163574,2.3368239402770996,2.3435919284820557,3.7757985591888428,-0.033269692212343216,3.094111204147339,3.2353270053863525,3.1987650394439697,3.351243495941162,3.2761619091033936,2.9913623332977295,2.950847625732422,2.8594484329223633,3.009721517562866,3.724830150604248,0.9596844911575317,1.702327013015747,-0.5381720662117004,-0.7444457411766052
1,99,1.6727447509765625,1.80491042137146,1.8571370840072632,2.761363983154297,2.8728761672973633,2.013051748275757,2.0584778785705566,3.435901641845703,0.05434008687734604,2.7608954906463623,2.864530563354492,2.8149826526641846,2.7882297039031982,2.7059032917022705,2.583401918411255,2.546536684036255,2.2354910373687744,2.5367233753204346,1.8674484491348267,2.0122733116149902,2.0420074462890625,2.9970998764038086,3.0817770957946777,2.2326629161834717,2.262669086456299,3.678511142730713,-0.032998766750097275,2.9890553951263428,3.123715877532959,3.0809497833251953,3.204936981201172,3.1474781036376953,2.8756203651428223,2.8470520973205566,2.755284070968628,2.8920280933380127,3.6716508865356445,0.8805059194564819,1.665196180343628,-0.5483115911483765,-0.7111973762512207
1,99,1.8580933809280396,1.9920347929000854,2.042980194091797,2.9681789875030518,3.0822997093200684,2.209967851638794,2.2548024654388428,3.639570474624634,0.09853646159172058,2.705808401107788,2.8099374771118164,2.767016887664795,2.745084762573242,2.670398712158203,2.5294530391693115,2.4914941787719727,2.2254202365875244,2.488633632659912,2.064495801925659,2.210408926010132,2.23989200592041,3.2151105403900146,3.303011655807495,2.4406256675720215,2.4708569049835205,3.8951008319854736,0.007489015348255634,2.9526729583740234,3.0895187854766846,3.052546739578247,3.1927125453948975,3.1415135860443115,2.847445249557495,2.8171234130859375,2.778383493423462,2.8561744689941406,3.723550319671631,0.8708555698394775,1.5903400182724,-0.5955412983894348,-0.7431923151016235
1,99,2.047250986099243,2.2098824977874756,2.2401633262634277,3.2176339626312256,3.287505626678467,2.4112627506256104,2.4407007694244385,3.791207790374756,0.12576137483119965,2.5735397338867188,2.6982898712158203,2.658158540725708,2.7705371379852295,2.6980888843536377,2.4416069984436035,2.40472149848938,2.3181095123291016,2.441288471221924,2.2736635208129883,2.444988965988159,2.4579994678497314,3.47306752204895,3.5207560062408447,2.6554617881774902,2.6725776195526123,4.050873279571533,0.0480055995285511,2.8652682304382324,3.0216245651245117,2.987342119216919,3.249079704284668,3.1960272789001465,2.8046457767486572,2.7750935554504395,2.882141590118408,2.7829885482788086,3.534630060195923,0.809438169002533,1.6319926977157593,-0.6450836062431335,-0.805705726146698
1,99,1.9484822750091553,2.115170955657959,2.147632122039795,3.1414077281951904,3.2129111289978027,2.317282199859619,2.3474886417388916,3.718813896179199,0.14184050261974335,2.6638498306274414,2.7815093994140625,2.7421011924743652,2.8192672729492188,2.745382785797119,2.515662431716919,2.4809303283691406,2.34885573387146,2.5193402767181396,2.1747517585754395,2.352059841156006,2.3653981685638428,3.400177478790283,3.447648525238037,2.562765121459961,2.5793652534484863,3.979835033416748,0.07803834229707718,2.9626877307891846,3.1139681339263916,3.0804128646850586,3.314598321914673,3.2608206272125244,2.8877899646759033,2.8603055477142334,2.9322893619537354,2.8871042728424072,3.5724964141845703,0.8031356334686279,1.6327232122421265,-0.6235872507095337,-0.8050588965415955
1,99,2.0609381198883057,2.214620351791382,2.2523608207702637,3.1926581859588623,3.292459487915039,2.416144847869873,2.452343463897705,3.7614941596984863,0.10431437939405441,2.4879722595214844,2.5999090671539307,2.5579066276550293,2.6527187824249268,2.587711811065674,2.351008892059326,2.3177709579467773,2.2210140228271484,2.3511340618133545,2.2980659008026123,2.46036696434021,2.482206106185913,3.4549593925476074,3.534965753555298,2.6683099269866943,2.693361759185791,4.024780750274658,0.04915153235197067,2.772451877593994,2.916123151779175,2.8823037147521973,3.1282825469970703,3.0880017280578613,2.707474946975708,2.6837542057037354,2.7848076820373535,2.69818115234375,3.519651174545288,0.6814571022987366,1.536206603050232,-0.6796454787254333,-0.825094997882843
1,99,2.1116034984588623,2.250443458557129,2.294229030609131,3.1566555500030518,3.299670696258545,2.4441027641296387,2.4907402992248535,3.7221858501434326,0.09922651946544647,2.308412551879883,2.4142191410064697,2.3763580322265625,2.469017505645752,2.4242970943450928,2.187317371368408,2.151611089706421,2.0959320068359375,2.1761651039123535,2.329017400741577,2.4759936332702637,2.504258632659912,3.397218942642212,3.520160436630249,2.6748039722442627,2.7104973793029785,3.9625284671783447,0.04887601360678673,2.562692403793335,2.6971206665039062,2.668499708175659,2.9015636444091797,2.885528087615967,2.5096747875213623,2.4854395389556885,2.6159608364105225,2.4788832664489746,3.392822504043579,0.6221380829811096,1.4501758813858032,-0.707037627696991,-0.8010897636413574
1,99,2.3333778381347656,2.495396375656128,2.5232269763946533,3.5281097888946533,3.5884084701538086,2.7139782905578613,2.7366580963134766,4.1017069816589355,0.09412915259599686,2.241610050201416,2.4249823093414307,2.372152090072632,2.867316484451294,2.7884254455566406,2.2707722187042236,2.2287437915802,2.733741044998169,2.0669398307800293,2.5833845138549805,2.7544283866882324,2.7643091678619385,3.8036866188049316,3.8406107425689697,2.9790823459625244,2.9892737865448,4.377101898193359,0.03412450850009918,2.587643623352051,2.7904791831970215,2.746291399002075,3.3547475337982178,3.2941315174102783,2.6849896907806396,2.651484966278076,3.2851977348327637,2.2769243717193604,2.940983772277832,0.6041949391365051,1.4172916412353516,-0.7211798429489136,-0.9137313365936279
1,99,2.091468334197998,2.2465362548828125,2.2812159061431885,3.2752368450164795,3.3495678901672363,2.4700927734375,2.5002694129943848,3.8726437091827393,0.09176581352949142,2.509563684463501,2.6423873901367188,2.5931975841522217,2.784665822982788,2.697512149810791,2.401966094970703,2.3566365242004395,2.414283037185669,2.3803560733795166,2.3267147541046143,2.4935104846954346,2.505782127380371,3.5444095134735107,3.591047763824463,2.725649118423462,2.740161895751953,4.142508506774902,0.029022304341197014,2.8088667392730713,2.9722087383270264,2.9301934242248535,3.275146245956421,3.2094168663024902,2.778352975845337,2.7414755821228027,2.990748405456543,2.702629327774048,3.4746432304382324,0.591084361076355,1.5297682285308838,-0.6920292377471924,-0.8668487668037415
1,99,1.9940084218978882,2.136262893676758,2.1800081729888916,3.0835814476013184,3.209041118621826,2.3400166034698486,2.383965253829956,3.668046712875366,0.07580085843801498,2.2774224281311035,2.407658100128174,2.3545916080474854,2.5397019386291504,2.474280595779419,2.1760358810424805,2.132706642150879,2.203348159790039,2.161522388458252,2.1928420066833496,2.345219612121582,2.3696072101593018,3.3114421367645264,3.4132542610168457,2.5564584732055664,2.586911201477051,3.89729905128479,0.017116978764533997,2.5345232486724854,2.6927738189697266,2.6484243869781494,2.972625255584717,2.9332363605499268,2.5036745071411133,2.471118211746216,2.71952748298645,2.4388067722320557,3.2284646034240723,0.5632594227790833,1.5035409927368164,-0.6592260599136353,-0.8106124401092529
1,99,2.241255044937134,2.394300937652588,2.4296016693115234,3.365194797515869,3.4689366817474365,2.5971927642822266,2.633607864379883,3.9200081825256348,0.09698682278394699,2.2970669269561768,2.4518773555755615,2.4046037197113037,2.7263026237487793,2.6728525161743164,2.2584645748138428,2.218937397003174,2.483081817626953,2.185290575027466,2.4664525985717773,2.627305269241333,2.6448781490325928,3.6149139404296875,3.696195125579834,2.8381197452545166,2.8622169494628906,4.174352645874023,0.015970885753631592,2.624350070953369,2.8019275665283203,2.7638795375823975,3.2042629718780518,3.173154354095459,2.6518537998199463,2.622765064239502,3.0280773639678955,2.4568541049957275,3.1553940773010254,0.5800779461860657,1.5309431552886963,-0.7048072814941406,-0.8420694470405579
1,99,2.1440463066101074,2.2993414402008057,2.3316547870635986,3.2959420680999756,3.383319139480591,2.512601137161255,2.5443973541259766,3.859553813934326,0.07924012839794159,2.2473814487457275,2.4065513610839844,2.353428602218628,2.668894052505493,2.602144479751587,2.1942451000213623,2.1538732051849365,2.4196152687072754,2.135702133178711,2.374756336212158,2.5379981994628906,2.55357027053833,3.5502026081085205,3.6169517040252686,2.7581899166107178,2.7783167362213135,4.116062641143799,0.018492426723241806,2.5624656677246094,2.747128486633301,2.7027502059936523,3.148845672607422,3.1037962436676025,2.5818750858306885,2.5513782501220703,2.9699180126190186,2.410433769226074,3.127732515335083,0.5940083265304565,1.4050370454788208,-0.6874641180038452,-0.8842008113861084
1,99,2.0312585830688477,2.191563367843628,2.219808340072632,3.255309581756592,3.2747247219085693,2.4217607975006104,2.4386250972747803,3.8284921646118164,0.16421769559383392,2.3195478916168213,2.5196359157562256,2.4654226303100586,3.057522773742676,2.952763557434082,2.3928470611572266,2.345456600189209,2.9701600074768066,2.0882608890533447,2.2626233100891113,2.4348666667938232,2.4394569396972656,3.525866746902466,3.515983819961548,2.6776509284973145,2.6774420738220215,4.104547023773193,0.08637328445911407,2.6881234645843506,2.903675079345703,2.8550827503204346,3.553529977798462,3.4601690769195557,2.827069044113159,2.785355806350708,3.524397611618042,2.270559549331665,2.6298162937164307,0.6571670770645142,1.5934429168701172,-0.6740889549255371,-0.873741626739502
1,99,1.9635272026062012,2.107880115509033,2.150465250015259,3.0711402893066406,3.184455394744873,2.3154194355010986,2.357081651687622,3.669936418533325,0.10488753020763397,2.2480759620666504,2.411240816116333,2.3630623817443848,2.718557596206665,2.6665353775024414,2.2210826873779297,2.1821963787078857,2.5263969898223877,2.135335922241211,2.177643060684204,2.3320932388305664,2.3547987937927246,3.3155341148376465,3.4047389030456543,2.5483756065368652,2.57592511177063,3.9171173572540283,0.04413677006959915,2.5356414318084717,2.719259738922119,2.6808290481567383,3.153641700744629,3.124699592590332,2.5750834941864014,2.547154426574707,3.0342302322387695,2.3527884483337402,2.8854153156280518,0.6229536533355713,1.4973978996276855,-0.6666406393051147,-0.8576627969741821
1,99,2.1541852951049805,2.3085086345672607,2.3433148860931396,3.316953659057617,3.4017903804779053,2.524653911590576,2.5561535358428955,3.897881507873535,0.10561805218458176,2.25718092918396,2.435849189758301,2.379059076309204,2.819350481033325,2.7475717067718506,2.2627878189086914,2.217561960220337,2.6579949855804443,2.115065097808838,2.379404067993164,2.542375087738037,2.5582518577575684,3.569591522216797,3.6309986114501953,2.7673990726470947,2.7858307361602783,4.154662609100342,0.035057324916124344,2.585019588470459,2.7838902473449707,2.7352468967437744,3.293386697769165,3.24019193649292,2.659600257873535,2.6232502460479736,3.1992828845977783,2.330322265625,2.9163436889648438,0.6681135296821594,1.5623672008514404,-0.6871227622032166,-0.8405086994171143
1,99,1.8137320280075073,1.9607475996017456,1.999701738357544,2.9699385166168213,3.046704053878784,2.185291051864624,2.2171123027801514,3.5728375911712646,0.09016666561365128,2.3011910915374756,2.452197313308716,2.397770404815674,2.688713550567627,2.6031599044799805,2.233700752258301,2.1872544288635254,2.4117517471313477,2.1870641708374023,2.0207369327545166,2.17954421043396,2.1959011554718018,3.211489677429199,3.2615630626678467,2.4139392375946045,2.430056571960449,3.8168461322784424,0.025230037048459053,2.572974443435669,2.7507224082946777,2.702657699584961,3.1371233463287354,3.0698368549346924,2.5824737548828125,2.5435359477996826,2.942166328430176,2.4283151626586914,3.0017971992492676,0.6327055096626282,1.5852079391479492,-0.6463484764099121,-0.8255768418312073
1,99,2.022892475128174,2.1672911643981934,2.2083513736724854,3.123680830001831,3.239959716796875,2.373812437057495,2.4151744842529297,3.7064499855041504,0.12766923010349274,2.2601873874664307,2.4029858112335205,2.358905553817749,2.620201349258423,2.5721380710601807,2.196491241455078,2.1603760719299316,2.363785982131958,2.1571218967437744,2.2408530712127686,2.3939027786254883,2.417736291885376,3.3685600757598877,3.463421106338501,2.6086196899414062,2.637415885925293,3.954223871231079,0.0675797313451767,2.542072296142578,2.7093183994293213,2.674160957336426,3.0670430660247803,3.0424704551696777,2.5492382049560547,2.523714542388916,2.889176607131958,2.4080581665039062,3.0506951808929443,0.6295310258865356,1.4793131351470947,-0.6776029467582703,-0.8569519519805908
1,99,1.9106394052505493,2.070582866668701,2.1045680046081543,3.047022581100464,3.1320714950561523,2.2620763778686523,2.29439640045166,3.595404624938965,0.13285212218761444,2.356858968734741,2.4977211952209473,2.456211566925049,2.719393014907837,2.6579761505126953,2.2922534942626953,2.252681016921997,2.4105427265167236,2.2596042156219482,2.1087546348571777,2.2775371074676514,2.2925846576690674,3.2738614082336426,3.335653066635132,2.4788410663604736,2.4974606037139893,3.828054904937744,0.05805390700697899,2.6565277576446533,2.823028802871704,2.7886428833007812,3.1777219772338867,3.1356093883514404,2.6583051681518555,2.6272149085998535,2.939117193222046,2.5305163860321045,3.0350992679595947,0.6669231057167053,1.585064172744751,-0.6379572749137878,-0.8298521041870117
1,99,2.142357110977173,2.2990846633911133,2.3345792293548584,3.277204751968384,3.3767216205596924,2.4980461597442627,2.533827781677246,3.841951847076416,0.11876025050878525,2.2563886642456055,2.411362648010254,2.3629062175750732,2.6885831356048584,2.6269593238830566,2.2128512859344482,2.170567035675049,2.4367830753326416,2.1441962718963623,2.3592324256896973,2.523634672164917,2.5418334007263184,3.5199975967407227,3.597330093383789,2.7316551208496094,2.75479793548584,4.089550971984863,0.04358256980776787,2.5618438720703125,2.7415311336517334,2.7011969089508057,3.1534905433654785,3.1129894256591797,2.588250160217285,2.555701494216919,2.9742519855499268,2.390843629837036,3.057682752609253,0.6988972425460815,1.542672872543335,-0.6757509708404541,-0.8340061902999878
1,99,2.11832594871521,2.2822797298431396,2.310856580734253,3.3309643268585205,3.374007225036621,2.500286102294922,2.5216927528381348,3.9190726280212402,0.12178995460271835,2.343648672103882,2.5460922718048096,2.4915688037872314,3.080366373062134,2.988626003265381,2.4162180423736572,2.3669121265411377,2.989825963973999,2.1078712940216064,2.3614840507507324,2.5343456268310547,2.543409824371338,3.603980779647827,3.6225359439849854,2.762444257736206,2.770059823989868,4.196713447570801,0.04720321297645569,2.6932849884033203,2.911120653152466,2.863724708557129,3.557610511779785,3.4806408882141113,2.8299920558929443,2.788210391998291,3.5323240756988525,2.264759063720703,2.6808440685272217,0.7307592630386353,1.6027870178222656,-0.6763613820075989,-0.8643821477890015
1,99,2.218872547149658,2.3706464767456055,2.411484718322754,3.3394973278045654,3.4564201831817627,2.569937229156494,2.611361503601074,3.9118659496307373,0.13472174108028412,2.1841318607330322,2.358264684677124,2.3096141815185547,2.7468862533569336,2.7030904293060303,2.1971023082733154,2.1595346927642822,2.6107075214385986,2.0288968086242676,2.4463467597961426,2.6068613529205322,2.62951922416687,3.5951013565063477,3.6887192726135254,2.81487774848938,2.843156099319458,4.17122220993042,0.06394191831350327,2.49324893951416,2.68633770942688,2.647709369659424,3.1955230236053467,3.1739559173583984,2.5715277194976807,2.5450408458709717,3.127164363861084,2.2208595275878906,2.8528597354888916,0.6860467195510864,1.4161125421524048,-0.7048926949501038,-0.895153820514679
1,99,2.1131863594055176,2.2665648460388184,2.307429313659668,3.215291976928711,3.3352389335632324,2.4536476135253906,2.495687961578369,3.7852399349212646,0.13402360677719116,2.146688938140869,2.3369100093841553,2.278132915496826,2.7753918170928955,2.724583625793457,2.1907269954681396,2.14841365814209,2.671297311782837,1.9511443376541138,2.3258187770843506,2.487593412399292,2.5112767219543457,3.4569203853607178,3.5548274517059326,2.684105634689331,2.7138264179229736,4.032155990600586,0.06626389920711517,2.4415829181671143,2.6483325958251953,2.598153591156006,3.1972427368164062,3.1659421920776367,2.5469748973846436,2.514313220977783,3.1595187187194824,2.091864585876465,2.6513619422912598,0.7376382946968079,1.5618150234222412,-0.6582077145576477,-0.8109516501426697
1,99,2.151113748550415,2.3160548210144043,2.3545637130737305,3.3102328777313232,3.3847603797912598,2.4999032020568848,2.5316290855407715,3.8731861114501953,0.15569716691970825,2.1110332012176514,2.3463337421417236,2.2875349521636963,3.03033447265625,2.959214925765991,2.2704293727874756,2.2254905700683594,3.0891401767730713,1.6692670583724976,2.3464627265930176,2.5225980281829834,2.539762496948242,3.544640302658081,3.5914220809936523,2.7188704013824463,2.735114097595215,4.115828514099121,0.06835877895355225,2.386784076690674,2.6287319660186768,2.578570604324341,3.4002716541290283,3.344299077987671,2.598452568054199,2.5616674423217773,3.52388072013855,1.6736913919448853,2.179696559906006,0.8384847044944763,1.5690499544143677,-0.6583111882209778,-0.7967900633811951
1,99,2.132530450820923,2.305849552154541,2.332122325897217,3.3256592750549316,3.3518483638763428,2.4971823692321777,2.5141613483428955,3.868957042694092,0.18759369850158691,2.298163890838623,2.5273334980010986,2.468073606491089,3.1310834884643555,3.024902820587158,2.4129254817962646,2.357274293899536,3.075242757797241,1.968940019607544,2.3436851501464844,2.523507595062256,2.530284881591797,3.5680177211761475,3.569559097290039,2.730287551879883,2.733783483505249,4.124556541442871,0.07668466866016388,2.618088960647583,2.857799768447876,2.805087089538574,3.5543301105499268,3.460754632949829,2.786802053451538,2.7380435466766357,3.5573008060455322,2.069223642349243,2.4343395233154297,0.974490225315094,1.6320809125900269,-0.5989431738853455,-0.8171379566192627
1,99,1.9965568780899048,2.1679611206054688,2.202106237411499,3.11140775680542,3.1896402835845947,2.3283774852752686,2.358198404312134,3.628002643585205,0.2412377893924713,2.182105541229248,2.396247148513794,2.33817458152771,2.896043062210083,2.824381113052368,2.2552101612091064,2.202317953109741,2.7950215339660645,1.9292784929275513,2.1582231521606445,2.3323590755462646,2.3496272563934326,3.3019134998321533,3.3578925132751465,2.513063430786133,2.5311954021453857,3.841520071029663,0.09047402441501617,2.4131968021392822,2.6398510932922363,2.5893962383270264,3.2321648597717285,3.1764354705810547,2.5378687381744385,2.4933717250823975,3.1937530040740967,2.00351619720459,2.3764476776123047,1.0573036670684814,1.6289234161376953,-0.5404907464981079,-0.7528461813926697
1,99,1.3959640264511108,1.563328504562378,1.6203573942184448,2.3938956260681152,2.479515552520752,1.641359806060791,1.6864310503005981,2.7972404956817627,0.6580731868743896,2.44929838180542,2.6716599464416504,2.622175931930542,3.2424771785736084,3.1772210597991943,2.5722999572753906,2.524010419845581,3.1722731590270996,2.041156530380249,1.5623220205307007,1.7419484853744507,1.7727915048599243,2.655641555786133,2.7093377113342285,1.8742271661758423,1.8999382257461548,3.1098439693450928,0.4846738576889038,2.7655386924743652,2.9957847595214844,2.9486629962921143,3.6558706760406494,3.5969161987304688,2.940561056137085,2.896730422973633,3.651625633239746,2.086965799331665,1.8825531005859375,1.17910897731781,1.6213480234146118,-0.47612476348876953,-0.8823588490486145
1,99,1.7228174209594727,1.8891267776489258,1.9371801614761353,2.6352121829986572,2.7868752479553223,1.9367072582244873,1.9816704988479614,3.0325686931610107,0.9016781449317932,2.1843559741973877,2.3068411350250244,2.2682745456695557,2.398721694946289,2.3784399032592773,2.06653094291687,2.03048038482666,2.0637924671173096,2.038945198059082,1.8269898891448975,2.002675771713257,2.031604290008545,2.7963829040527344,2.9201247692108154,2.0794317722320557,2.11025333404541,3.223118543624878,0.758000373840332,2.3262815475463867,2.4723215103149414,2.4414241313934326,2.6905910968780518,2.6933419704437256,2.2656564712524414,2.238704204559326,2.447141408920288,2.1944706439971924,2.2480361461639404,1.2572715282440186,1.43692147731781,-0.5179672241210938,-0.7152224183082581
1,99,1.6753045320510864,1.799918293952942,1.8559359312057495,2.238487958908081,2.2760825157165527,1.6366546154022217,1.6616121530532837,2.2827396392822266,1.6253193616867065,2.153278112411499,2.3434524536132812,2.316523551940918,2.903897762298584,2.8113107681274414,2.2228991985321045,2.175379514694214,2.889409065246582,1.9416571855545044,1.7792057991027832,1.9402997493743896,1.969518780708313,2.495461940765381,2.4879658222198486,1.817155361175537,1.817053198814392,2.570627450942993,1.678423285484314,2.283432722091675,2.4875850677490234,2.4668021202087402,3.1618831157684326,3.078185558319092,2.417954444885254,2.3764500617980957,3.2384965419769287,1.904325008392334,1.0142136812210083,1.450234055519104,1.8358869552612305,-0.48483777046203613,-0.604739785194397
1,99,2.3683230876922607,2.402514934539795,2.495183229446411,2.3614256381988525,2.491938352584839,2.1610143184661865,2.2201554775238037,1.981613039970398,2.1993932723999023,2.3831934928894043,2.572016477584839,2.535005569458008,3.094130754470825,2.9236042499542236,2.458451509475708,2.3948724269866943,2.925621509552002,2.090075731277466,2.622272253036499,2.7008771896362305,2.7767746448516846,2.8380391597747803,2.9140474796295166,2.4963207244873047,2.5343713760375977,2.51310658454895,2.537294387817383,2.7295494079589844,2.931627035140991,2.8928277492523193,3.545926332473755,3.368588924407959,2.859907388687134,2.7948431968688965,3.437006950378418,2.210977554321289,2.0036022663116455,1.3699450492858887,1.6903305053710938,-0.5766626596450806,-0.7661105990409851
1,99,2.597083330154419,2.590276002883911,2.692042827606201,2.36972713470459,2.5492992401123047,2.3204236030578613,2.390833616256714,1.962641716003418,2.245760202407837,2.186575174331665,2.3720526695251465,2.3312020301818848,2.9171760082244873,2.747298240661621,2.255131483078003,2.188365936279297,2.894129753112793,1.945892333984375,2.759443521499634,2.7996413707733154,2.889389753341675,2.7854018211364746,2.9128031730651855,2.562816858291626,2.6158905029296875,2.459315299987793,2.590333938598633,2.4475581645965576,2.6532387733459473,2.6098380088806152,3.321030855178833,3.144658327102661,2.5893263816833496,2.5209643840789795,3.37703013420105,2.0047006607055664,2.317478656768799,1.3859056234359741,1.6531400680541992,-0.42449450492858887,-0.7273241281509399
1,99,2.664430618286133,2.658989429473877,2.7585840225219727,2.4297966957092285,2.613687753677368,2.37926983833313,2.452450752258301,2.0145487785339355,2.297788381576538,2.1099109649658203,2.3274035453796387,2.265279531478882,3.0316619873046875,2.831531524658203,2.265348434448242,2.186438798904419,3.140045166015625,1.6493679285049438,2.839824676513672,2.8791966438293457,2.9686546325683594,2.8438398838043213,2.982440948486328,2.629366159439087,2.6878292560577393,2.5026092529296875,2.6441190242767334,2.3553662300109863,2.586683511734009,2.52209734916687,3.3963465690612793,3.190887689590454,2.5780282020568848,2.4986023902893066,3.5818965435028076,1.5975902080535889,2.7412545680999756,1.4152098894119263,1.71079421043396,-0.4684121906757355,-0.6689265966415405
1,99,2.6881473064422607,2.6759111881256104,2.7752230167388916,2.4009289741516113,2.5906882286071777,2.3906662464141846,2.4610722064971924,1.9392987489700317,2.298191785812378,2.081979274749756,2.281188488006592,2.2323660850524902,2.8846752643585205,2.72400164604187,2.180345296859741,2.111478328704834,2.943652391433716,1.7723608016967773,2.838479518890381,2.8705978393554688,2.961552143096924,2.7953317165374756,2.943570852279663,2.6151785850524902,2.6725761890411377,2.4221887588500977,2.6427369117736816,2.302546977996826,2.5202624797821045,2.4689362049102783,3.2456212043762207,3.079786777496338,2.476121425628662,2.4066429138183594,3.3894248008728027,1.759128451347351,2.534301519393921,1.4408864974975586,1.7357134819030762,-0.41718557476997375,-0.6368818879127502
1,99,2.9958958625793457,2.9428584575653076,3.0435585975646973,2.4418835639953613,2.659351348876953,2.6221134662628174,2.7021074295043945,1.8500275611877441,2.3180572986602783,2.272752285003662,2.4468955993652344,2.405832290649414,2.9673099517822266,2.7932655811309814,2.3066866397857666,2.239328622817993,2.9710631370544434,2.0846517086029053,3.032382011413574,3.0263357162475586,3.119645595550537,2.7612950801849365,2.9260051250457764,2.731633186340332,2.797389030456543,2.2907698154449463,2.6690762042999268,2.5392894744873047,2.740771770477295,2.6970860958099365,3.4139623641967773,3.2331953048706055,2.662224769592285,2.5922136306762695,3.50780987739563,2.1834230422973633,2.721510410308838,1.3861037492752075,1.7338415384292603,-0.26509174704551697,-0.7068999409675598
1,99,2.211416482925415,2.2860267162323,2.3433878421783447,2.3474066257476807,2.3903238773345947,2.019118070602417,2.0446693897247314,1.9574618339538574,2.1606757640838623,2.293126344680786,2.523977041244507,2.4696171283721924,3.272343635559082,3.0815141201019287,2.4757742881774902,2.393890619277954,3.2947516441345215,1.720897912979126,2.3052825927734375,2.418750524520874,2.457775592803955,2.6288256645202637,2.624850034713745,2.184075117111206,2.1882505416870117,2.2930548191070557,2.3026037216186523,2.429924964904785,2.6662023067474365,2.619389772415161,3.5009984970092773,3.3206260204315186,2.6628577709198,2.5879125595092773,3.6020407676696777,1.6303980350494385,2.0336694717407227,1.6322383880615234,1.6891422271728516,-0.48172202706336975,-0.7064502239227295
1,99,2.2770938873291016,2.497619867324829,2.5157339572906494,3.3301432132720947,3.380917549133301,2.506347894668579,2.505419969558716,3.5026371479034424,1.5059762001037598,2.193535089492798,2.4334936141967773,2.4031786918640137,3.2757527828216553,3.2533233165740967,2.441507339477539,2.403395652770996,3.4347259998321533,1.3363538980484009,2.343973159790039,2.5797080993652344,2.5690791606903076,3.4664876461029053,3.474750280380249,2.615152597427368,2.5940589904785156,3.6732335090637207,1.3133511543273926,2.297193765640259,2.5377860069274902,2.512639045715332,3.4527320861816406,3.440288782119751,2.59108567237854,2.5605978965759277,3.691566228866577,1.124703288078308,0.6073444485664368,1.5082262754440308,1.7190755605697632,-0.7012307643890381,-0.6711438298225403
1,99,2.148533344268799,2.3480522632598877,2.3553667068481445,3.1275417804718018,3.142359733581543,2.3706817626953125,2.36112904548645,3.342686653137207,1.3412989377975464,2.1033549308776855,2.29803466796875,2.259758234024048,2.8374173641204834,2.774226188659668,2.1957390308380127,2.1429426670074463,2.789673328399658,1.7504451274871826,2.2275633811950684,2.4359776973724365,2.4215638637542725,3.2700612545013428,3.2528433799743652,2.4913711547851562,2.4680392742156982,3.531681776046753,1.1286391019821167,2.2750468254089355,2.4811527729034424,2.4449350833892822,3.1149113178253174,3.0575733184814453,2.4226250648498535,2.3745086193084717,3.1400957107543945,1.7195032835006714,1.1045798063278198,1.4191930294036865,1.6628168821334839,-0.6996764540672302,-0.7009870409965515
1,99,2.0431442260742188,2.250833511352539,2.262038230895996,3.04266357421875,3.0221943855285645,2.250234365463257,2.229668617248535,3.241466522216797,1.4845776557922363,2.1431448459625244,2.3631365299224854,2.325188398361206,3.0913021564483643,2.995842218399048,2.3259689807891846,2.267503261566162,3.1887495517730713,1.6021184921264648,2.1525042057037354,2.3762621879577637,2.3592374324798584,3.2431862354278564,3.179966688156128,2.4151508808135986,2.3756041526794434,3.489626407623291,1.2941542863845825,2.1782524585723877,2.4056179523468018,2.375135898590088,3.2535808086395264,3.1701204776763916,2.4328055381774902,2.38295841217041,3.4708240032196045,1.335713267326355,0.6394748091697693,1.5122658014297485,1.4772363901138306,-0.6625820994377136,-0.7223507761955261
1,99,2.125216245651245,2.1148178577423096,2.1884803771972656,1.869519591331482,1.9625509977340698,1.8521476984024048,1.9090558290481567,1.3845608234405518,1.8256819248199463,1.9034067392349243,2.1265454292297363,2.0658979415893555,2.9283764362335205,2.648498058319092,2.129363536834717,2.0326132774353027,3.0026004314422607,1.319041132926941,2.125260353088379,2.1580758094787598,2.218257188796997,2.0996217727661133,2.1292314529418945,1.9176305532455444,1.9529939889907837,1.682909607887268,1.9955631494522095,1.9653992652893066,2.195246458053589,2.1382155418395996,3.08256459236145,2.8054919242858887,2.2423107624053955,2.1489882469177246,3.2370755672454834,1.1530358791351318,2.507631778717041,1.464658498764038,1.3355029821395874,-0.18340995907783508,-0.6187386512756348
1,99,2.4475035667419434,2.4284238815307617,2.5107972621917725,2.107165575027466,2.2437009811401367,2.1495893001556396,2.2302186489105225,1.5836158990859985,2.0043466091156006,2.3925230503082275,2.621965169906616,2.5310447216033936,3.4363598823547363,3.1287052631378174,2.636963129043579,2.533250093460083,3.4796197414398193,1.5484731197357178,2.445030689239502,2.4720544815063477,2.543327808380127,2.3772060871124268,2.448335647583008,2.2240512371063232,2.2856698036193848,1.9476767778396606,2.2264580726623535,2.768890380859375,3.001329183578491,2.9163284301757812,3.8753228187561035,3.5730345249176025,3.047801971435547,2.9474077224731445,3.9581522941589355,1.6107985973358154,3.2600338459014893,1.396041750907898,1.330438494682312,-0.25830143690109253,-0.8114215135574341
1,99,2.178766965866089,2.1573827266693115,2.2335093021392822,1.838242769241333,1.943036675453186,1.8684545755386353,1.9443217515945435,1.4426558017730713,1.7607653141021729,1.5312504768371582,1.7631279230117798,1.6591441631317139,2.7220494747161865,2.3538756370544434,1.8481721878051758,1.7234876155853271,3.076373815536499,0.7781825065612793,2.134061574935913,2.1519081592559814,2.215209484100342,2.0255465507507324,2.062290668487549,1.8866316080093384,1.9422521591186523,1.7167601585388184,1.9089008569717407,1.621576189994812,1.85530686378479,1.769679307937622,2.8760182857513428,2.531233072280884,1.9725182056427002,1.860385537147522,3.2759530544281006,0.7556655406951904,2.7717044353485107,1.3277122974395752,1.1339555978775024,-0.26328200101852417,-0.5555188059806824
1,99,2.656780242919922,2.6462783813476562,2.7285656929016113,2.3811981678009033,2.522429943084717,2.3770508766174316,2.4474096298217773,1.9532911777496338,2.2270090579986572,1.3160998821258545,1.5451698303222656,1.4515390396118164,2.622734308242798,2.3247413635253906,1.7040610313415527,1.5986173152923584,3.1976494789123535,0.19363686442375183,2.744872808456421,2.7651898860931396,2.8401448726654053,2.6325290203094482,2.7361369132995605,2.5112078189849854,2.569636583328247,2.251903533935547,2.4634039402008057,1.2467374801635742,1.4670357704162598,1.3901798725128174,2.5864014625549316,2.3102669715881348,1.6611063480377197,1.568992018699646,3.2181222438812256,0.045372866094112396,3.4138007164001465,1.4450263977050781,1.0183643102645874,-0.6615594029426575,-0.4145868718624115
1,99,2.731700897216797,2.7514941692352295,2.8286142349243164,2.6140780448913574,2.705232620239258,2.457939624786377,2.521228313446045,2.198643684387207,2.433730363845825,1.687102198600769,1.9270946979522705,1.8412193059921265,3.1416356563568115,2.855618715286255,2.138988733291626,2.042121171951294,3.711094379425049,0.03813992068171501,2.900111675262451,2.9582817554473877,3.027003526687622,2.9794633388519287,3.033543586730957,2.689890146255493,2.7398712635040283,2.615549087524414,2.7343292236328125,1.6963270902633667,1.9271297454833984,1.859870195388794,3.1670141220092773,2.9030263423919678,2.1614990234375,2.077333450317383,3.7725682258605957,-0.0629521980881691,3.7578656673431396,1.5773192644119263,0.8526821732521057,-0.7480956315994263,-0.5516311526298523
1,99,2.673062801361084,2.7114319801330566,2.7840657234191895,2.6282496452331543,2.702028274536133,2.404170274734497,2.4615750312805176,2.238640785217285,2.4068586826324463,1.6136527061462402,1.841856598854065,1.7520101070404053,3.0521371364593506,2.7595925331115723,2.069890260696411,1.9724897146224976,3.618898391723633,-0.03109586425125599,2.846997022628784,2.9222919940948486,2.986528158187866,2.9935083389282227,3.031733751296997,2.6423087120056152,2.686481237411499,2.6531574726104736,2.6965620517730713,1.6064592599868774,1.8248347043991089,1.7568105459213257,3.062100648880005,2.7957375049591064,2.0771312713623047,1.993773341178894,3.6665544509887695,-0.12427467852830887,3.6664035320281982,1.4919393062591553,0.7043863534927368,-0.8225307464599609,-0.5612342357635498
1,99,2.6680188179016113,2.6904711723327637,2.7646615505218506,2.5594396591186523,2.6405274868011475,2.3818116188049316,2.4431047439575195,2.1814730167388916,2.370255708694458,1.6444058418273926,1.8742845058441162,1.786812424659729,3.1068270206451416,2.811347723007202,2.10636830329895,2.008432626724243,3.7095439434051514,-0.01995149441063404,2.8046696186065674,2.866360902786255,2.9326748847961426,2.908447265625,2.950683116912842,2.5868167877197266,2.634580135345459,2.593167781829834,2.6439666748046875,1.6768540143966675,1.8995102643966675,1.8327713012695312,3.1581790447235107,2.887500524520874,2.1518332958221436,2.0672404766082764,3.792478322982788,-0.0880676731467247,3.7166330814361572,1.5372248888015747,0.6762754321098328,-0.7199770212173462,-0.6098567843437195
1,99,2.683283805847168,2.692538022994995,2.774616241455078,2.5155649185180664,2.6088125705718994,2.3872885704040527,2.457958459854126,2.1128149032592773,2.3562827110290527,1.5708318948745728,1.8075302839279175,1.7108097076416016,3.02571177482605,2.6965975761413574,2.0239641666412354,1.9148287773132324,3.589388847351074,0.011897878721356392,2.8230953216552734,2.8717663288116455,2.9455618858337402,2.865649700164795,2.9164319038391113,2.5925920009613037,2.648902654647827,2.5214319229125977,2.6441664695739746,1.5884089469909668,1.8173798322677612,1.7401660680770874,3.064476251602173,2.7585465908050537,2.057448387145996,1.960984706878662,3.6638343334198,-0.07314477860927582,3.6856353282928467,1.472495198249817,0.7013232707977295,-0.7255614399909973,-0.5574693083763123
1,99,2.6602039337158203,2.6835052967071533,2.7560877799987793,2.5284066200256348,2.6080918312072754,2.3671960830688477,2.431919813156128,2.1324431896209717,2.3465311527252197,1.6838645935058594,1.915103793144226,1.8244824409484863,3.136370897293091,2.833111047744751,2.1403892040252686,2.039637804031372,3.719660520553589,0.008564574643969536,2.8004870414733887,2.863933563232422,2.928360939025879,2.8844237327575684,2.9238405227661133,2.5760116577148438,2.6269264221191406,2.5516610145568848,2.632728338241577,1.721592664718628,1.9445949792861938,1.8730885982513428,3.1925947666168213,2.9123382568359375,2.192471504211426,2.1040167808532715,3.810218334197998,-0.08008474856615067,3.7412428855895996,1.4863402843475342,0.6798770427703857,-0.7213228344917297,-0.6158152222633362
1,99,2.6487741470336914,2.6953086853027344,2.7545530796051025,2.6117782592773438,2.6733298301696777,2.390497922897339,2.4409539699554443,2.2014968395233154,2.3991315364837646,1.6280491352081299,1.856514811515808,1.7740681171417236,3.033154010772705,2.777247428894043,2.069502115249634,1.9825116395950317,3.5771868228912354,0.017126528546214104,2.8345682621002197,2.918318271636963,2.969782590866089,2.9879510402679443,3.017788887023926,2.6405842304229736,2.6791930198669434,2.6281795501708984,2.6978726387023926,1.6344704627990723,1.8533380031585693,1.793990135192871,3.057447910308838,2.8291518688201904,2.090089797973633,2.017991781234741,3.639704704284668,-0.07606250047683716,3.6113650798797607,1.5385650396347046,0.7131342887878418,-0.8037786483764648,-0.5741280317306519
1,99,2.6694960594177246,2.702897787094116,2.763618230819702,2.578526735305786,2.6552422046661377,2.4107818603515625,2.4636635780334473,2.1660544872283936,2.374035358428955,1.5217232704162598,1.7486069202423096,1.6741397380828857,2.910054922103882,2.682790994644165,1.955366849899292,1.8767248392105103,3.481980323791504,0.032850973308086395,2.8380565643310547,2.9074795246124268,2.9610471725463867,2.93237042427063,2.9791219234466553,2.639608383178711,2.6817612648010254,2.5705392360687256,2.664966583251953,1.5140430927276611,1.7304668426513672,1.6788667440414429,2.9180848598480225,2.717902183532715,1.9606164693832397,1.8971434831619263,3.5271103382110596,-0.05688776448369026,3.572222948074341,1.5361990928649902,0.722331702709198,-0.7867757081985474,-0.5599319934844971
1,99,2.736572027206421,2.76157546043396,2.8325839042663574,2.6175992488861084,2.697552442550659,2.464900493621826,2.5233006477355957,2.1719305515289307,2.4342470169067383,1.448756456375122,1.6866884231567383,1.5912065505981445,2.8542206287384033,2.5534145832061768,1.8784980773925781,1.7760812044143677,3.3649749755859375,0.05454988777637482,2.9367666244506836,3.000051736831665,3.062251091003418,3.0095674991607666,3.0520002841949463,2.72650408744812,2.771259307861328,2.608959436416626,2.766206979751587,1.4238802194595337,1.653642177581787,1.580325961112976,2.8544650077819824,2.5802886486053467,1.8723034858703613,1.784932017326355,3.406489610671997,-0.04271874949336052,3.5836329460144043,1.5458980798721313,0.7729843854904175,-0.7584825754165649,-0.5139760375022888
1,99,2.6641180515289307,2.6979002952575684,2.767469644546509,2.609321355819702,2.671570062637329,2.412609815597534,2.470320224761963,2.184177875518799,2.4088644981384277,1.594648838043213,1.8269511461257935,1.733373761177063,2.9981741905212402,2.6810429096221924,2.0312750339508057,1.9275901317596436,3.4957644939422607,-0.003377760061994195,2.8650364875793457,2.9359753131866455,2.995819091796875,2.9946749210357666,3.0189695358276367,2.6751434803009033,2.718423843383789,2.611555814743042,2.722813606262207,1.5880156755447388,1.8115410804748535,1.7387927770614624,3.0079381465911865,2.7155039310455322,2.0376174449920654,1.947356939315796,3.5411267280578613,-0.09035949409008026,3.6153838634490967,1.549801230430603,0.7396566271781921,-0.7755863666534424,-0.5413398146629333
1,99,2.0123658180236816,2.099210739135742,2.156740665435791,2.3439292907714844,2.3517518043518066,1.8371524810791016,1.882067322731018,2.1667044162750244,1.9279204607009888,1.6407592296600342,1.8754079341888428,1.7932281494140625,3.095855712890625,2.8572609424591064,2.100665807723999,2.014047145843506,3.6194872856140137,-0.031844496726989746,2.1203670501708984,2.2454535961151123,2.2920706272125244,2.6353073120117188,2.613892078399658,2.020918369293213,2.051162004470825,2.4983713626861572,2.076901435852051,1.6612279415130615,1.886489748954773,1.8255304098129272,3.132222890853882,2.91805362701416,2.1335737705230713,2.060436964035034,3.6890385150909424,-0.1098325327038765,2.8970038890838623,1.3853532075881958,0.7024266719818115,-0.8521949648857117,-0.5527213215827942
1,99,1.6713836193084717,1.785284399986267,1.8451112508773804,2.2366409301757812,2.260845422744751,1.5667098760604858,1.61102294921875,2.2361114025115967,1.6070256233215332,1.418323278427124,1.6653615236282349,1.5900349617004395,2.8841381072998047,2.715792417526245,1.8737796545028687,1.8011353015899658,3.42703914642334,-0.01915019564330578,1.7353955507278442,1.8934212923049927,1.939404845237732,2.491405963897705,2.4873015880584717,1.7187743186950684,1.7467803955078125,2.5294854640960693,1.6787068843841553,1.4468470811843872,1.6849085092544556,1.6341602802276611,2.93800950050354,2.7975337505340576,1.9207074642181396,1.8645237684249878,3.5202553272247314,-0.1145387589931488,2.3571994304656982,1.4180047512054443,0.7209526896476746,-0.6826464533805847,-0.5442105531692505
1,99,1.91521155834198,2.1357290744781494,2.1820785999298096,3.1386220455169678,3.102752447128296,2.164527177810669,2.1728062629699707,3.4451522827148438,1.254610300064087,1.2873647212982178,1.5226267576217651,1.4432393312454224,2.7128982543945312,2.5255136489868164,1.727211833000183,1.6478809118270874,3.254424571990967,-0.030848518013954163,2.026871681213379,2.2615044116973877,2.2922422885894775,3.3307955265045166,3.272383213043213,2.3253939151763916,2.320704460144043,3.672348976135254,1.1524602174758911,1.2711389064788818,1.4974374771118164,1.4437247514724731,2.7241873741149902,2.565319061279297,1.7314258813858032,1.6684263944625854,3.308135747909546,-0.12300834059715271,1.6735912561416626,1.4455504417419434,0.6923925280570984,-0.7096642255783081,-0.5231313109397888
1,99,1.713179588317871,1.9255608320236206,1.979338526725769,2.8904619216918945,2.859077215194702,1.9192036390304565,1.9340654611587524,3.171304941177368,1.265733242034912,1.1872267723083496,1.434251070022583,1.347007393836975,2.6499927043914795,2.449852705001831,1.6345422267913818,1.5483851432800293,3.186584234237671,-0.007358865346759558,1.7925424575805664,2.027859926223755,2.0621821880340576,3.076683759689331,3.0169947147369385,2.0608575344085693,2.058744192123413,3.3922417163848877,1.1818822622299194,1.1625593900680542,1.401634693145752,1.341163158416748,2.657917022705078,2.4872467517852783,1.6334983110427856,1.5651140213012695,3.2365572452545166,-0.09512050449848175,1.6648746728897095,1.3449528217315674,0.7041919827461243,-0.739500880241394,-0.48777034878730774
1,99,2.0163021087646484,2.2294368743896484,2.2762463092803955,3.2108957767486572,3.2314486503601074,2.278355598449707,2.299201250076294,3.541832685470581,1.1944373846054077,1.3311536312103271,1.5687185525894165,1.5131266117095947,2.723806142807007,2.618314504623413,1.7568080425262451,1.7043417692184448,3.2577993869781494,0.02679644338786602,2.160386562347412,2.387805938720703,2.4198246002197266,3.422675371170044,3.422724485397339,2.4612185955047607,2.470135450363159,3.7757537364959717,1.1381704807281494,1.3424888849258423,1.5680958032608032,1.5370712280273438,2.751753091812134,2.6724016666412354,1.7816866636276245,1.7456164360046387,3.322814464569092,-0.0638992190361023,1.6022621393203735,1.283583402633667,0.6750245094299316,-0.8231728672981262,-0.5605753064155579
1,99,1.8036645650863647,2.022461175918579,2.072486162185669,3.0138139724731445,3.0252485275268555,2.0433640480041504,2.0645740032196045,3.3417582511901855,1.224096655845642,1.2196438312530518,1.476141333580017,1.4059432744979858,2.6991214752197266,2.566688299179077,1.669838547706604,1.6061217784881592,3.256049394607544,0.03452857956290245,1.8926806449890137,2.134699583053589,2.1650078296661377,3.205038547515869,3.189087390899658,2.1899633407592773,2.194976568222046,3.5640981197357178,1.1429179906845093,1.2168810367584229,1.4614033699035645,1.421091079711914,2.721682071685791,2.620163917541504,1.685903549194336,1.6424773931503296,3.3203585147857666,-0.06287817656993866,1.6157764196395874,1.275291085243225,0.6994990110397339,-0.7723214626312256,-0.536851167678833
1,99,2.0352087020874023,2.2580840587615967,2.310260772705078,3.3198273181915283,3.295196294784546,2.3160629272460938,2.3256380558013916,3.6618430614471436,1.2124989032745361,1.4408172369003296,1.6944752931594849,1.6257543563842773,2.941232919692993,2.7689642906188965,1.898736596107483,1.827282190322876,3.481161117553711,0.04263729229569435,2.17404842376709,2.412811756134033,2.447701930999756,3.5338051319122314,3.4853084087371826,2.4984374046325684,2.4946250915527344,3.899557590484619,1.1464266777038574,1.4535682201385498,1.6948782205581665,1.6506332159042358,2.9725327491760254,2.8273210525512695,1.927785873413086,1.8724943399429321,3.5532286167144775,-0.05845363438129425,1.645179033279419,1.3343099355697632,0.7131730318069458,-0.8165174126625061,-0.5663220882415771
1,99,1.5494810342788696,1.7332011461257935,1.7958015203475952,2.6910293102264404,2.6640162467956543,1.7681022882461548,1.785111427307129,3.1197381019592285,1.0831198692321777,0.9847140312194824,1.2264578342437744,1.1290210485458374,2.4346725940704346,2.2270278930664062,1.4309747219085693,1.34209144115448,3.0816266536712646,0.050491202622652054,1.5783671140670776,1.7942169904708862,1.829004168510437,2.850008010864258,2.784958839416504,1.8681596517562866,1.8626600503921509,3.311002492904663,1.0072954893112183,0.9361604452133179,1.171183466911316,1.1042157411575317,2.427267074584961,2.248608350753784,1.4102989435195923,1.3410154581069946,3.114382743835449,-0.021148469299077988,1.5553618669509888,1.3943068981170654,0.747398316860199,-0.5878254175186157,-0.4336431920528412
1,99,1.6626513004302979,1.8564478158950806,1.9258959293365479,2.835423707962036,2.889514207839966,1.9125558137893677,1.949599266052246,3.2422914505004883,0.9893573522567749,1.1253831386566162,1.367148518562317,1.3000473976135254,2.5147342681884766,2.416440725326538,1.5487995147705078,1.4913476705551147,3.1072559356689453,0.04800175875425339,1.7066550254821777,1.9262313842773438,1.9702081680297852,2.9818780422210693,3.0032944679260254,2.01466965675354,2.031900405883789,3.422269821166992,0.8819573521614075,1.1047003269195557,1.335853934288025,1.2974742650985718,2.521519184112549,2.452942132949829,1.5480176210403442,1.5102654695510864,3.153735876083374,-0.037360429763793945,1.462392807006836,1.3183093070983887,0.717316210269928,-0.627178966999054,-0.4850180149078369
1,99,1.8389911651611328,2.048759698867798,2.0987656116485596,3.127262592315674,3.1373682022094727,2.143561840057373,2.1649892330169678,3.555422306060791,0.9250293374061584,1.243686556816101,1.492368459701538,1.4240989685058594,2.7040703296661377,2.5792412757873535,1.6963812112808228,1.6363011598587036,3.2989346981048584,0.040263883769512177,1.9467434883117676,2.1741831302642822,2.2043981552124023,3.318390130996704,3.303203821182251,2.3027114868164062,2.3088979721069336,3.783496618270874,0.8006218075752258,1.2455956935882568,1.481938123703003,1.4444420337677002,2.728027105331421,2.6346964836120605,1.7143570184707642,1.6745927333831787,3.3579163551330566,-0.03891853988170624,1.4608263969421387,1.323954701423645,0.6608211994171143,-0.6804004907608032,-0.5576015114784241
1,99,2.875354051589966,2.846628189086914,2.908296823501587,2.487377882003784,2.6111392974853516,2.5409536361694336,2.5884811878204346,1.953615427017212,2.27942156791687,1.0097324848175049,1.2495064735412598,1.1875011920928955,2.4216301441192627,2.297466993331909,1.446804404258728,1.3948791027069092,3.118751287460327,0.08507068455219269,2.932929754257202,2.939807891845703,2.9978766441345215,2.743112087249756,2.845266819000244,2.650614023208618,2.692189931869507,2.2844555377960205,2.5325686931610107,0.9948329925537109,1.2229704856872559,1.1902812719345093,2.4303929805755615,2.335052728652954,1.4519343376159668,1.4185750484466553,3.1633400917053223,0.003086955053731799,3.5135037899017334,1.4072680473327637,0.6780732870101929,-0.7097314596176147,-0.4922294616699219
1,99,2.9372241497039795,2.887308359146118,2.9593520164489746,2.3801796436309814,2.5321154594421387,2.5682199001312256,2.635651111602783,1.796313762664795,2.1365716457366943,0.7761269807815552,1.0036932229995728,0.9166545867919922,2.1241302490234375,1.9556351900100708,1.1938626766204834,1.1171810626983643,2.8393054008483887,0.0923873782157898,2.968780755996704,2.9500675201416016,3.0194294452667236,2.5951321125030518,2.7220611572265625,2.643056869506836,2.704826593399048,2.0855913162231445,2.398609161376953,0.6897416114807129,0.9063631296157837,0.8548816442489624,2.0847229957580566,1.9508403539657593,1.1455199718475342,1.0932211875915527,2.849933385848999,-0.010687161237001419,3.4542036056518555,1.246657371520996,0.7119669318199158,-0.6250123381614685,-0.4314122498035431
1,99,0.8810896277427673,0.9706899523735046,1.0849782228469849,1.8676674365997314,1.8906264305114746,0.9815411567687988,1.0577975511550903,2.4027199745178223,0.47722625732421875,0.6620564460754395,0.9107943177223206,0.7884484529495239,2.0491719245910645,1.8571995496749878,1.0772671699523926,0.974238395690918,2.654944896697998,0.10386279970407486,0.7072123885154724,0.8682667016983032,0.9453701376914978,1.9673432111740112,1.9372018575668335,0.9837785959243774,1.018370509147644,2.5685222148895264,0.305947870016098,0.5579419136047363,0.8036604523658752,0.727423369884491,2.0281689167022705,1.875609278678894,1.034604549407959,0.963342010974884,2.692457437515259,-0.014208365231752396,1.2447662353515625,1.0906587839126587,0.7108914256095886,-0.44379186630249023,-0.3684035539627075
1,99,1.235038161277771,1.3976466655731201,1.4769433736801147,2.4607529640197754,2.502595901489258,1.5268075466156006,1.5729622840881348,3.0648715496063232,0.3869311511516571,0.7801076769828796,1.026274561882019,0.9225253462791443,2.1478824615478516,2.0106558799743652,1.1941431760787964,1.1122207641601562,2.767681360244751,0.11485623568296432,1.2552496194839478,1.4371308088302612,1.4905425310134888,2.5898895263671875,2.6006906032562256,1.6287449598312378,1.6531789302825928,3.24721097946167,0.17904032766819,0.7238136529922485,0.9586264491081238,0.8977046608924866,2.151404857635498,2.0529868602752686,1.1835130453109741,1.1309870481491089,2.8287737369537354,-0.014381224289536476,1.2577598094940186,1.2133889198303223,0.7205528616905212,-0.45341476798057556,-0.4633968770503998
1,99,0.9619333148002625,1.106674313545227,1.2042827606201172,2.262557029724121,2.2456655502319336,1.255173683166504,1.2999968528747559,2.9676992893218994,0.2991420328617096,0.7838258743286133,1.0348254442214966,0.9196325540542603,2.281688690185547,2.0739879608154297,1.2443757057189941,1.141093373298645,2.9808123111724854,0.05466838926076889,0.9427443146705627,1.1201159954071045,1.1794297695159912,2.3960025310516357,2.338482141494751,1.3542674779891968,1.3666667938232422,3.1553354263305664,0.08273480832576752,0.7275547385215759,0.9646340608596802,0.8893604874610901,2.2850282192230225,2.1128506660461426,1.2376352548599243,1.1620407104492188,3.0457143783569336,-0.09022146463394165,1.2033766508102417,1.118151068687439,0.7096266150474548,-0.4463244378566742,-0.4628788232803345
1,99,0.6719094514846802,0.7261499166488647,0.8676207065582275,1.790286898612976,1.7570487260818481,0.8138638734817505,0.8880810737609863,2.4766342639923096,0.21270695328712463,0.6034291386604309,0.8437901139259338,0.6908735632896423,2.0328025817871094,1.773993968963623,1.0066232681274414,0.8765127062797546,2.6790976524353027,0.06610513478517532,0.5332508087158203,0.6814794540405273,0.7663049101829529,1.951364278793335,1.8593922853469849,0.8967993259429932,0.9151688814163208,2.6834092140197754,0.05085722729563713,0.5192923545837402,0.7695236802101135,0.6620914340019226,2.074169397354126,1.8540085554122925,1.0159114599227905,0.9186055660247803,2.786428451538086,-0.06490083783864975,1.1636532545089722,1.0218284130096436,0.7295438647270203,-0.2890769839286804,-0.32773151993751526
1,99,0.6200955510139465,0.5952205657958984,0.7588532567024231,1.6401101350784302,1.5546282529830933,0.6415934562683105,0.7362222075462341,2.2966740131378174,0.1682799607515335,0.6568034291267395,0.9241505265235901,0.7561578154563904,2.1659512519836426,1.8391973972320557,1.0700656175613403,0.9222393035888672,2.754629373550415,0.07747171819210052,0.37854430079460144,0.4643092751502991,0.5766617059707642,1.7621184587478638,1.6095945835113525,0.6542045474052429,0.6818934082984924,2.4550371170043945,0.036632001399993896,0.500429093837738,0.7821966409683228,0.6531690955162048,2.1334643363952637,1.8439644575119019,1.0033890008926392,0.8862744569778442,2.787539005279541,-0.04623865708708763,1.2285871505737305,0.9822143316268921,0.7197276949882507,-0.17615851759910583,-0.3287394344806671
1,99,0.9350007176399231,1.1465518474578857,1.2054352760314941,2.4088568687438965,2.3740859031677246,1.3179206848144531,1.3408315181732178,3.041146755218506,0.19265177845954895,0.8933475017547607,1.1719411611557007,1.0589063167572021,2.4092626571655273,2.2229626178741455,1.3319621086120605,1.2328503131866455,2.9873785972595215,0.11851221323013306,1.0111072063446045,1.2529034614562988,1.2719873189926147,2.5766453742980957,2.5067083835601807,1.4657154083251953,1.4587631225585938,3.2310361862182617,0.0667160302400589,0.8440006971359253,1.1208524703979492,1.0465009212493896,2.4332470893859863,2.282837152481079,1.332317590713501,1.2612913846969604,3.068787097930908,-0.002138270530849695,1.0490096807479858,0.9404643177986145,0.7272933125495911,-0.452904611825943,-0.5041372776031494
1,99,0.713462769985199,0.8965994119644165,0.9679973125457764,2.1652796268463135,2.0657453536987305,1.0564780235290527,1.0772396326065063,2.812931537628174,0.20491689443588257,1.0578912496566772,1.3444981575012207,1.2176756858825684,2.6212313175201416,2.3411459922790527,1.5035743713378906,1.379744529724121,3.183228015899658,0.18552063405513763,0.7176181077957153,0.9610665440559387,0.9765567779541016,2.324141502380371,2.1765928268432617,1.1774083375930786,1.1547373533248901,2.9909238815307617,0.09293044358491898,0.9809198379516602,1.2677841186523438,1.1724488735198975,2.624451160430908,2.3787615299224854,1.4814425706863403,1.3816845417022705,3.250986337661743,0.04348602890968323,1.2003926038742065,0.9629538655281067,0.8630021214485168,-0.39479339122772217,-0.4513587951660156
1,99,1.373206377029419,1.6151477098464966,1.6231707334518433,2.9914000034332275,2.817136526107788,1.8431129455566406,1.810012936592102,3.63781476020813,0.20574787259101868,1.368162989616394,1.6489530801773071,1.5275145769119263,2.961236000061035,2.6505556106567383,1.8316214084625244,1.7047559022903442,3.5107240676879883,0.23695886135101318,1.4987653493881226,1.752305030822754,1.73100745677948,3.161078453063965,2.9564976692199707,2.0038411617279053,1.9497162103652954,3.8194289207458496,0.08922702819108963,1.3170034885406494,1.5951772928237915,1.4994648694992065,2.9770724773406982,2.6951565742492676,1.8263976573944092,1.7192411422729492,3.590118169784546,0.07991983741521835,1.1615182161331177,0.9305370450019836,0.995529294013977,-0.5972603559494019,-0.5133183598518372
1,99,2.103792190551758,2.2906246185302734,2.291503667831421,3.5783333778381348,3.467839479446411,2.587313652038574,2.5625228881835938,4.308679580688477,0.2134585827589035,1.7415552139282227,1.9840487241744995,1.8739182949066162,3.143211603164673,2.898298978805542,2.162808418273926,2.060781955718994,3.684227466583252,0.6096577644348145,2.3496832847595215,2.5411760807037354,2.521880626678467,3.850593090057373,3.716015338897705,2.8550455570220947,2.8161654472351074,4.593029499053955,0.0831175372004509,2.076054096221924,2.322282075881958,2.231398582458496,3.492983818054199,3.2676186561584473,2.4953413009643555,2.406477451324463,4.007419109344482,0.857022762298584,1.534669280052185,0.9074740409851074,1.120502233505249,-0.7080309987068176,-0.6660513877868652
1,99,1.545961856842041,1.7712169885635376,1.7895381450653076,2.9628334045410156,2.8942506313323975,1.946729063987732,1.9389210939407349,3.5826735496520996,0.23473094403743744,1.798745036125183,2.0774283409118652,1.9818127155303955,3.0989599227905273,2.8944754600524902,2.107781410217285,2.016054391860962,3.4278273582458496,0.9732043147087097,1.6549882888793945,1.8889881372451782,1.8820950984954834,3.1131834983825684,3.0160276889801025,2.0877697467803955,2.061771869659424,3.750441789627075,0.10500501096248627,1.7636067867279053,2.0475478172302246,1.972694993019104,3.1458706855773926,2.9682676792144775,2.1154184341430664,2.0392463207244873,3.5450727939605713,0.8447859883308411,1.497588872909546,0.9692596793174744,1.3486106395721436,-0.5393493175506592,-0.5578757524490356
1,99,2.1216251850128174,2.2805776596069336,2.3302595615386963,3.1943106651306152,3.3419382572174072,2.4471662044525146,2.4938457012176514,3.74751615524292,0.20539063215255737,1.6784619092941284,1.8745386600494385,1.8158994913101196,2.440868377685547,2.432955503463745,1.7953613996505737,1.7553342580795288,2.560465097427368,1.3135669231414795,2.341054677963257,2.502809762954712,2.5379838943481445,3.4317917823791504,3.561504364013672,2.6818525791168213,2.717517852783203,3.996661424636841,0.0912797674536705,1.830480694770813,2.038864850997925,1.9986649751663208,2.7083089351654053,2.729752540588379,2.0055251121520996,1.9823228120803833,2.898648977279663,1.3088774681091309,2.12821626663208,0.8260341882705688,1.2020846605300903,-0.6319082379341125,-0.6887866854667664
1,99,1.8474379777908325,1.97544264793396,2.0206151008605957,2.869868040084839,2.99189829826355,2.180347442626953,2.2219109535217285,3.5051419734954834,0.19492103159427643,2.0648388862609863,2.159135103225708,2.0901987552642822,2.1301212310791016,2.0145442485809326,1.9098488092422485,1.8485674858093262,1.7773065567016602,1.595847725868225,2.039194345474243,2.1704442501068115,2.1976025104522705,3.0843019485473633,3.1837210655212402,2.3919246196746826,2.420267105102539,3.7336366176605225,0.062131572514772415,2.116440773010254,2.2430362701416016,2.181875228881836,2.384957790374756,2.302190065383911,2.0310401916503906,1.980397343635559,2.1442723274230957,1.7816697359085083,3.208915948867798,0.8179882168769836,1.1131783723831177,-0.6236506700515747,-0.6149848699569702
1,99,1.9670147895812988,2.090320348739624,2.1372451782226562,2.9673848152160645,3.1107025146484375,2.2916154861450195,2.33833646774292,3.614452838897705,0.2059183120727539,2.28763484954834,2.361457109451294,2.3005168437957764,2.172557830810547,2.049377679824829,2.079744577407837,2.018156051635742,1.6646171808242798,1.7424273490905762,2.1366779804229736,2.2628536224365234,2.2927491664886475,3.1591475009918213,3.281128406524658,2.480020523071289,2.514519453048706,3.8213090896606445,0.0751112550497055,2.3228185176849365,2.427462100982666,2.370535373687744,2.396970510482788,2.3027689456939697,2.1722421646118164,2.1176445484161377,2.0036416053771973,1.9521204233169556,3.634922504425049,0.8349586129188538,1.1903975009918213,-0.6413989067077637,-0.5858661532402039
1,99,1.541334629058838,1.68558669090271,1.7300115823745728,2.7202866077423096,2.7813165187835693,1.9168620109558105,1.9453562498092651,3.4606261253356934,0.22749489545822144,2.327944278717041,2.4266176223754883,2.374546766281128,2.4054512977600098,2.2877914905548096,2.1534273624420166,2.099729299545288,2.058305263519287,1.9401434659957886,1.7265737056732178,1.8801655769348145,1.8978455066680908,2.9494519233703613,2.97976016998291,2.1343936920166016,2.144709348678589,3.7042324542999268,0.10152533650398254,2.4018266201019287,2.5366463661193848,2.4880592823028564,2.712440252304077,2.6127705574035645,2.3108668327331543,2.261542558670044,2.4926090240478516,2.143568992614746,3.1632678508758545,0.9247480034828186,1.3553693294525146,-0.5641369819641113,-0.6181683540344238
1,99,1.4747980833053589,1.614466905593872,1.6651948690414429,2.628507614135742,2.694179058074951,1.8405661582946777,1.871692180633545,3.3292253017425537,0.2229377031326294,1.9544059038162231,2.101989984512329,2.0463201999664307,2.3629748821258545,2.2634835243225098,1.8887689113616943,1.8374128341674805,2.2492871284484863,1.742664098739624,1.6418735980987549,1.7926461696624756,1.813627004623413,2.8467326164245605,2.878476142883301,2.0450756549835205,2.05578351020813,3.5659172534942627,0.08295821398496628,2.0376758575439453,2.2139194011688232,2.164583206176758,2.645726203918457,2.5650057792663574,2.059258222579956,2.0147624015808105,2.6381943225860596,1.8338570594787598,2.534912586212158,0.9248194098472595,1.3687713146209717,-0.5367396473884583,-0.6527738571166992
1,99,1.4827861785888672,1.6288373470306396,1.6740823984146118,2.661766290664673,2.7166316509246826,1.8543516397476196,1.8830931186676025,3.373025894165039,0.24648034572601318,2.3141679763793945,2.4278781414031982,2.3776330947875977,2.4825377464294434,2.3715996742248535,2.1682279109954834,2.116861343383789,2.171190023422241,2.0071637630462646,1.656008243560791,1.8128598928451538,1.82807457447052,2.886530876159668,2.9075369834899902,2.0652060508728027,2.0736751556396484,3.6165544986724854,0.1056247130036354,2.4260904788970947,2.5733399391174316,2.527832269668579,2.8126015663146973,2.720003366470337,2.3626317977905273,2.3168818950653076,2.6140716075897217,2.2150838375091553,3.007112503051758,0.9289593696594238,1.3637449741363525,-0.5489673018455505,-0.6931765675544739
1,99,1.4994899034500122,1.6573207378387451,1.6944512128829956,2.708146572113037,2.7359275817871094,1.8781893253326416,1.8984904289245605,3.3913722038269043,0.2385425716638565,2.461387872695923,2.5623252391815186,2.5178451538085938,2.5666658878326416,2.457643747329712,2.297600030899048,2.24958872795105,2.1664044857025146,2.13407564163208,1.6757175922393799,1.8437525033950806,1.8518422842025757,2.931520462036133,2.926332712173462,2.0889556407928467,2.0893023014068604,3.631819486618042,0.10247715562582016,2.595407724380493,2.7314579486846924,2.6907007694244385,2.918931484222412,2.824026107788086,2.5107922554016113,2.466709852218628,2.6269843578338623,2.3820388317108154,3.173185110092163,0.9391487836837769,1.3619426488876343,-0.5402145385742188,-0.7200251817703247
1,99,1.3804394006729126,1.5252156257629395,1.5725065469741821,2.5328056812286377,2.5788259506225586,1.7374470233917236,1.7647216320037842,3.218116521835327,0.23285280168056488,2.2418079376220703,2.3551764488220215,2.3035051822662354,2.4192357063293457,2.3077073097229004,2.0997796058654785,2.049473285675049,2.109114646911621,1.9638960361480713,1.527747631072998,1.6840521097183228,1.7022418975830078,2.7342982292175293,2.7473037242889404,1.9238765239715576,1.9313961267471313,3.439408779144287,0.09741376340389252,2.3403759002685547,2.4866714477539062,2.4389243125915527,2.7263896465301514,2.6300220489501953,2.277007579803467,2.230865716934204,2.5236623287200928,2.149851083755493,2.8748574256896973,0.9463733434677124,1.3488916158676147,-0.4961703419685364,-0.6838761568069458
1,99,1.177636742591858,1.3080694675445557,1.3681206703186035,2.304847478866577,2.367452621459961,1.5246107578277588,1.562717318534851,3.040741443634033,0.21386341750621796,2.4775891304016113,2.571995973587036,2.52453351020813,2.467533588409424,2.3590128421783447,2.274299383163452,2.2251033782958984,2.0020458698272705,2.0745980739593506,1.3107956647872925,1.4547240734100342,1.480575680732727,2.5060861110687256,2.532193422317505,1.708520770072937,1.7235528230667114,3.268085479736328,0.06024651974439621,2.552950382232666,2.6812584400177,2.6371407508850098,2.7578420639038086,2.66524338722229,2.422027826309204,2.3766555786132812,2.4133005142211914,2.312715530395508,3.090797185897827,0.9580689668655396,1.3627110719680786,-0.4626663327217102,-0.6353214383125305
1,99,1.3821285963058472,1.5164988040924072,1.5678822994232178,2.504068374633789,2.574784994125366,1.7368921041488647,1.7719870805740356,3.2135884761810303,0.240292489528656,2.351825475692749,2.4580559730529785,2.4053890705108643,2.4350218772888184,2.3255813121795654,2.1805856227874756,2.130284547805786,2.0533053874969482,2.0139291286468506,1.5340856313705444,1.6798245906829834,1.7005313634872437,2.711637496948242,2.7481706142425537,1.929471731185913,1.9438544511795044,3.441523790359497,0.10061796009540558,2.453923463821411,2.5920534133911133,2.5444440841674805,2.745267152786255,2.655991554260254,2.3578763008117676,2.3136794567108154,2.4766733646392822,2.2426040172576904,3.0348408222198486,0.9399620890617371,1.321553111076355,-0.5037577152252197,-0.6734958291053772
1,99,1.5144106149673462,1.6646640300750732,1.7038060426712036,2.6817023754119873,2.7301692962646484,1.8831723928451538,1.9077460765838623,3.3581764698028564,0.23894551396369934,2.217876672744751,2.3386166095733643,2.290982246398926,2.461453914642334,2.356441020965576,2.097799777984619,2.047205686569214,2.1900718212127686,1.9447206258773804,1.6833752393722534,1.842252254486084,1.852260708808899,2.894287347793579,2.9090359210968018,2.085700750350952,2.0901362895965576,3.589320659637451,0.09169074147939682,2.346364974975586,2.4975078105926514,2.45625638961792,2.7874550819396973,2.7020695209503174,2.3035359382629395,2.260011911392212,2.6145272254943848,2.1406595706939697,2.863065004348755,0.9369121193885803,1.3240317106246948,-0.5444018840789795,-0.7395159006118774
1,99,1.685868740081787,1.8370239734649658,1.874228835105896,2.8837201595306396,2.9187991619110107,2.06750226020813,2.087649345397949,3.572924852371216,0.2328929603099823,2.0522007942199707,2.2088351249694824,2.157867670059204,2.548149585723877,2.441588878631592,2.024632692337036,1.9712971448898315,2.4616270065307617,1.8344846963882446,1.8774333000183105,2.0384085178375244,2.048330783843994,3.1185684204101562,3.121047258377075,2.289931297302246,2.2912368774414062,3.820784091949463,0.1067274957895279,2.201490879058838,2.3839573860168457,2.3396899700164795,2.879930257797241,2.7904632091522217,2.2563536167144775,2.2101516723632812,2.8852431774139404,1.9552335739135742,2.623438835144043,0.9692717790603638,1.3823983669281006,-0.5683011412620544,-0.7376779913902283
1,99,1.4391344785690308,1.5594127178192139,1.6223602294921875,2.48067045211792,2.59078311920166,1.7667350769042969,1.8147883415222168,3.1634531021118164,0.2065352499485016,2.0874171257019043,2.2039570808410645,2.14727520942688,2.237959146499634,2.13730525970459,1.9387474060058594,1.888277292251587,1.9229928255081177,1.8049628734588623,1.569740891456604,1.7014362812042236,1.735792636871338,2.667696714401245,2.744387149810791,1.93769109249115,1.965576410293579,3.372098207473755,0.06360003352165222,2.1591298580169678,2.305839776992798,2.2548325061798096,2.505565881729126,2.427765369415283,2.0838253498077393,2.0408549308776855,2.3007876873016357,1.9691061973571777,2.8451273441314697,0.9465274214744568,1.2838373184204102,-0.5085327625274658,-0.6560258865356445
1,99,1.4440487623214722,1.5696041584014893,1.6317800283432007,2.522667646408081,2.620359420776367,1.7831250429153442,1.8265221118927002,3.2167134284973145,0.2028307020664215,1.8668715953826904,2.0071442127227783,1.9436314105987549,2.2059192657470703,2.1046359539031982,1.7788811922073364,1.7226359844207764,2.0616071224212646,1.63900887966156,1.5811468362808228,1.7181599140167236,1.7516417503356934,2.7154221534729004,2.779254913330078,1.959896206855774,1.9831211566925049,3.4302005767822266,0.05735279619693756,1.9326894283294678,2.101999521255493,2.0449130535125732,2.467374324798584,2.3873233795166016,1.9275422096252441,1.8789175748825073,2.4289934635162354,1.7337501049041748,2.5415961742401123,0.9623225331306458,1.2906014919281006,-0.5128148198127747,-0.6508385539054871
1,99,1.5717463493347168,1.707237720489502,1.7624231576919556,2.6350367069244385,2.749654531478882,1.9039924144744873,1.9489105939865112,3.275564432144165,0.24199450016021729,1.986077904701233,2.106635093688965,2.0551860332489014,2.213369369506836,2.1417183876037598,1.872686505317688,1.82170832157135,1.9654406309127808,1.7492876052856445,1.7163509130477905,1.8601562976837158,1.8916960954666138,2.8227591514587402,2.908679723739624,2.0795645713806152,2.107778787612915,3.4825785160064697,0.10118380934000015,2.0756804943084717,2.2257328033447266,2.1807894706726074,2.4912354946136475,2.4419496059417725,2.0364553928375244,1.9938631057739258,2.343294620513916,1.89215087890625,2.7352824211120605,0.9654431343078613,1.2697559595108032,-0.5400245189666748,-0.6987183690071106
1,99,1.666550874710083,1.8110754489898682,1.8567721843719482,2.793487787246704,2.8561720848083496,2.0195229053497314,2.050135850906372,3.4341654777526855,0.2637190818786621,2.069854497909546,2.2043402194976807,2.1486527919769287,2.358323812484741,2.2568390369415283,1.9688979387283325,1.9139853715896606,2.110658884048462,1.8324779272079468,1.8269604444503784,1.9791744947433472,2.000027656555176,2.9979076385498047,3.0298349857330322,2.2119569778442383,2.224952220916748,3.6589255332946777,0.11408311128616333,2.1907193660736084,2.354717254638672,2.3050649166107178,2.6697990894317627,2.5867676734924316,2.167114734649658,2.1190435886383057,2.517223358154297,1.9973064661026,2.817852258682251,1.015305757522583,1.3065625429153442,-0.5485288500785828,-0.7318547368049622
1,99,1.7171262502670288,1.8334600925445557,1.9036418199539185,2.7187066078186035,2.8827083110809326,2.0312883853912354,2.091913938522339,3.4007928371429443,0.28347817063331604,1.9546101093292236,2.0646305084228516,2.0065035820007324,2.049490213394165,1.965519905090332,1.7976644039154053,1.7406450510025024,1.7562307119369507,1.6200729608535767,1.8718876838684082,1.9960274696350098,2.043863534927368,2.9213063716888428,3.0569581985473633,2.219370126724243,2.2639694213867188,3.628974676132202,0.12025807052850723,1.976584553718567,2.11920166015625,2.0679235458374023,2.2820560932159424,2.229398727416992,1.8957816362380981,1.848578929901123,2.1155388355255127,1.7527140378952026,2.9805290699005127,1.0274555683135986,1.2123489379882812,-0.5565727353096008,-0.559706449508667
1,99,2.0857162475585938,2.2169265747070312,2.281137228012085,3.0296473503112793,3.226562738418579,2.3674120903015137,2.4327566623687744,3.5740857124328613,0.32496094703674316,1.8999649286270142,2.048292398452759,1.9925141334533691,2.2430169582366943,2.20823073387146,1.8353135585784912,1.795148253440857,2.043551445007324,1.7047548294067383,2.2535345554351807,2.3885915279388428,2.437330484390259,3.2302515506744385,3.4069793224334717,2.559868812561035,2.6137397289276123,3.798053503036499,0.1737232804298401,2.0558712482452393,2.228301763534546,2.182298421859741,2.5559685230255127,2.551135301589966,2.05735182762146,2.030099868774414,2.443240165710449,1.8414214849472046,2.843780040740967,0.992201030254364,1.3292641639709473,-0.6097216010093689,-0.6646843552589417
1,99,2.397479772567749,2.594449996948242,2.5966973304748535,3.816535711288452,3.664494752883911,2.828848361968994,2.794736862182617,4.380023956298828,0.2836827039718628,2.4362754821777344,2.707489490509033,2.6141281127929688,3.85001540184021,3.5658957958221436,2.8276021480560303,2.724492073059082,4.1817240715026855,1.0248234272003174,2.6596696376800537,2.8655002117156982,2.8445022106170654,4.120655059814453,3.9377760887145996,3.1192007064819336,3.0689077377319336,4.699676990509033,0.13477851450443268,2.7087574005126953,2.9742772579193115,2.899331569671631,4.157344818115234,3.897921562194824,3.119844675064087,3.029776096343994,4.525318622589111,1.0249557495117188,1.6983118057250977,1.0569981336593628,1.100378155708313,-0.7076077461242676,-0.8068150281906128
1,99,1.3875494003295898,1.5682311058044434,1.5829226970672607,2.869764566421509,2.68820858001709,1.8441909551620483,1.8099656105041504,3.5911686420440674,0.13832588493824005,1.3674957752227783,1.6267169713974,1.4902061223983765,2.7960214614868164,2.442333459854126,1.7690869569778442,1.6352508068084717,3.3088953495025635,0.4655313789844513,1.5433845520019531,1.7353706359863281,1.721273422241211,3.0784718990325928,2.865917921066284,2.0412590503692627,1.988337755203247,3.820704936981201,-0.02012759819626808,1.300360083580017,1.5646172761917114,1.4571956396102905,2.8427557945251465,2.5244674682617188,1.7692924737930298,1.6541643142700195,3.4332163333892822,0.3508433401584625,1.4996185302734375,0.9643171429634094,1.0347777605056763,-0.6171820759773254,-0.5768797397613525
1,99,0.6093807220458984,0.6727257966995239,0.7929518222808838,1.8272249698638916,1.72763991355896,0.8302573561668396,0.8692376613616943,2.507938861846924,0.11055000871419907,1.0056778192520142,1.2707648277282715,1.130496621131897,2.513376235961914,2.177340507507324,1.4408591985702515,1.3097333908081055,3.0809972286224365,0.0932736024260521,0.5184252262115479,0.6633299589157104,0.7251444458961487,1.9684017896652222,1.8131787776947021,0.9149146676063538,0.9060972929000854,2.6793124675750732,-0.033288538455963135,0.9351513981819153,1.1994432210922241,1.081584095954895,2.5124971866607666,2.204883575439453,1.4220939874649048,1.3062009811401367,3.1389408111572266,-0.03860383853316307,1.380449652671814,0.9685352444648743,0.8524169325828552,-0.3109285533428192,-0.44178327918052673
1,99,0.6742269396781921,0.5487211346626282,0.7040977478027344,1.30037260055542,1.2070814371109009,0.4624546468257904,0.5856320261955261,1.9109958410263062,0.1686634123325348,0.5870132446289062,0.7694706320762634,0.6089779734611511,1.9093494415283203,1.5444345474243164,0.8992010354995728,0.7498229742050171,2.4586637020111084,0.012395055964589119,0.3615672290325165,0.2818707823753357,0.42275506258010864,1.432153344154358,1.2498162984848022,0.3781161308288574,0.4268822968006134,2.0833306312561035,0.038378894329071045,0.4489426910877228,0.6681383848190308,0.5252143144607544,1.9257012605667114,1.5900918245315552,0.8632482290267944,0.7312647700309753,2.526585102081299,-0.0681053176522255,1.2237135171890259,0.9607133269309998,0.763979434967041,-0.013295267708599567,-0.22467412054538727
1,99,1.1872698068618774,1.4325487613677979,1.464311122894287,2.825411081314087,2.706023693084717,1.6418616771697998,1.6304665803909302,3.4528768062591553,0.19000224769115448,1.0828744173049927,1.375612735748291,1.2748011350631714,2.75540828704834,2.508974075317383,1.5818897485733032,1.4760661125183105,3.345168113708496,0.03604593500494957,1.336502194404602,1.6077169179916382,1.601280927658081,3.043722629547119,2.8881020545959473,1.8409194946289062,1.8019846677780151,3.679969549179077,0.08040817826986313,1.1098213195800781,1.4009554386138916,1.3266780376434326,2.8284072875976562,2.6077048778533936,1.638035535812378,1.5515795946121216,3.4567198753356934,-0.04430277645587921,1.0268198251724243,0.9526387453079224,0.7110044956207275,-0.5625672340393066,-0.4887791872024536
1,99,1.1408408880233765,1.3976105451583862,1.4327143430709839,2.78153920173645,2.670161247253418,1.5800538063049316,1.571501612663269,3.347087860107422,0.19491803646087646,1.0263055562973022,1.3263853788375854,1.2295022010803223,2.697486400604248,2.460620880126953,1.5108046531677246,1.4034656286239624,3.232592821121216,0.04612540826201439,1.2744464874267578,1.5572030544281006,1.5563294887542725,2.9839208126068115,2.838571310043335,1.7633283138275146,1.7272980213165283,3.5584146976470947,0.09861677885055542,1.0427879095077515,1.34407377243042,1.2738456726074219,2.764928102493286,2.5536770820617676,1.5594102144241333,1.4721864461898804,3.338209629058838,-0.03419851139187813,1.0169631242752075,0.948479175567627,0.6258692145347595,-0.5526169538497925,-0.5522664189338684
1,99,1.4291561841964722,1.6908706426620483,1.7090834379196167,3.0731253623962402,2.938961982727051,1.884887456893921,1.8632235527038574,3.602635622024536,0.22959822416305542,1.2727999687194824,1.5706582069396973,1.4820002317428589,2.947172164916992,2.7013132572174072,1.7653213739395142,1.664696455001831,3.4509849548339844,0.07762141525745392,1.58241605758667,1.8623732328414917,1.8481934070587158,3.279698371887207,3.111814498901367,2.0765907764434814,2.031017303466797,3.819338321685791,0.11687364429235458,1.3082667589187622,1.6024909019470215,1.535939335823059,3.016204357147217,2.793787717819214,1.82265043258667,1.7390024662017822,3.556452989578247,-0.007607805076986551,0.9935401082038879,0.9415234327316284,0.6356600522994995,-0.605363130569458,-0.5694383978843689
1,99,1.0390044450759888,1.2814617156982422,1.3209381103515625,2.6813671588897705,2.5506601333618164,1.4811174869537354,1.4721170663833618,3.2865145206451416,0.2040577083826065,1.1713101863861084,1.47107994556427,1.3682740926742554,2.870741605758667,2.604665994644165,1.670799732208252,1.5596377849578857,3.425034999847412,0.0928935781121254,1.1658062934875488,1.4407747983932495,1.4378427267074585,2.891085147857666,2.722136974334717,1.6666319370269775,1.6269274950027466,3.503009080886841,0.11124025285243988,1.1892520189285278,1.4869506359100342,1.4089802503585815,2.9340696334838867,2.6933934688568115,1.7183210849761963,1.6259143352508545,3.5312647819519043,-0.0066072940826416016,1.0451775789260864,0.949478268623352,0.6786933541297913,-0.5176657438278198,-0.5667052268981934
1,99,0.653420090675354,0.830071210861206,0.9198191165924072,2.153247833251953,2.0790486335754395,1.0010178089141846,1.0291293859481812,2.802654266357422,0.14850786328315735,0.7273147702217102,0.9977478384971619,0.8710556626319885,2.3392281532287598,2.0932438373565674,1.1912535429000854,1.0767850875854492,2.9480843544006348,0.00401217071339488,0.6949560046195984,0.9481404423713684,0.9757855534553528,2.3736565113067627,2.251526117324829,1.176331639289856,1.159926414489746,3.0366389751434326,0.0510685108602047,0.7229098081588745,1.0023527145385742,0.9125252366065979,2.4231908321380615,2.2086703777313232,1.2492599487304688,1.1595081090927124,3.081031560897827,-0.10018441826105118,1.0566444396972656,0.9217326641082764,0.6157239675521851,-0.3867497742176056,-0.4464721977710724
1,99,0.7044833898544312,0.9093770980834961,0.9726969599723816,2.2606732845306396,2.1404762268066406,1.104320764541626,1.1083316802978516,2.915645122528076,0.14867854118347168,0.867851734161377,1.1477528810501099,1.0321420431137085,2.5061590671539307,2.2377188205718994,1.3525015115737915,1.2389169931411743,3.115729570388794,0.04730585590004921,0.7814047336578369,1.0405926704406738,1.0442668199539185,2.47050142288208,2.3039321899414062,1.2832180261611938,1.246604561805725,3.1403346061706543,0.037475213408470154,0.8807767033576965,1.1613959074020386,1.076302170753479,2.581636667251587,2.341120958328247,1.4094659090042114,1.3168405294418335,3.237159490585327,-0.060110241174697876,0.9993487000465393,0.8685517907142639,0.6131741404533386,-0.4421338438987732,-0.49364686012268066
1,99,0.5365878343582153,0.6817086935043335,0.7791269421577454,1.96571683883667,1.8561835289001465,0.8342225551605225,0.8628093004226685,2.625070571899414,0.16394701600074768,0.5775509476661682,0.811648428440094,0.6645579934120178,2.059011459350586,1.7729181051254272,0.9598883986473083,0.8220952749252319,2.6603386402130127,0.05160197615623474,0.5343524217605591,0.7881476879119873,0.8074927926063538,2.1923491954803467,2.0284676551818848,1.0103474855422974,0.9816793203353882,2.8634486198425293,0.0645957738161087,0.4884263277053833,0.7655109763145447,0.6590172648429871,2.139916181564331,1.8899669647216797,0.9881937503814697,0.881314218044281,2.7963809967041016,-0.039047352969646454,0.9905364513397217,0.8539573550224304,0.6014695167541504,-0.35207879543304443,-0.4052641689777374
1,99,0.5143845081329346,0.6449220776557922,0.7417675256729126,1.9436758756637573,1.7881983518600464,0.7874594330787659,0.8086458444595337,2.5650687217712402,0.1621958166360855,0.7154995203018188,0.9808210134506226,0.83875972032547,2.3128554821014404,1.9768229722976685,1.158339023590088,1.0188703536987305,2.8772706985473633,0.04175538942217827,0.4705803394317627,0.7284956574440002,0.7427231073379517,2.164872884750366,1.9512311220169067,0.949567437171936,0.9092108011245728,2.79697847366333,0.0697820782661438,0.6758593320846558,0.9619553089141846,0.8519566655158997,2.3866119384765625,2.0813398361206055,1.1957368850708008,1.079452633857727,3.0004518032073975,-0.05183284729719162,1.0702118873596191,0.8999950885772705,0.6266972422599792,-0.3185041546821594,-0.4171431064605713
1,99,0.8028233647346497,0.6120126247406006,0.783180296421051,1.1778751611709595,1.1144052743911743,0.4727116823196411,0.6244003176689148,1.8325115442276,0.11837982386350632,0.5577294826507568,0.7059773802757263,0.5254701972007751,1.8333938121795654,1.4586987495422363,0.8242902755737305,0.6685593724250793,2.4076085090637207,-0.008322261273860931,0.4650746285915375,0.2779974043369293,0.44951334595680237,1.33370840549469,1.157143235206604,0.30040693283081055,0.3902423083782196,2.019498348236084,0.012326461263000965,0.3658842146396637,0.5658360123634338,0.40616658329963684,1.8691022396087646,1.5339707136154175,0.7877151966094971,0.6565454602241516,2.5093324184417725,-0.10888441652059555,1.2483181953430176,0.8570812344551086,0.6116415858268738,-0.02994980476796627,-0.2615578770637512
1,99,0.5748050808906555,0.7489268183708191,0.8269754648208618,2.111449956893921,1.938617467880249,0.9324057102203369,0.9377789497375488,2.7338457107543945,0.12645143270492554,0.9002193808555603,1.1809706687927246,1.0445109605789185,2.5636401176452637,2.2232892513275146,1.389733910560608,1.2530549764633179,3.132798433303833,-0.029434040188789368,0.5729534029960632,0.8341841697692871,0.8379446268081665,2.2969629764556885,2.0707178115844727,1.0759464502334595,1.0293362140655518,2.9305472373962402,0.02087397500872612,0.8700284361839294,1.1571803092956543,1.0490448474884033,2.6036689281463623,2.2903311252593994,1.4045641422271729,1.2882097959518433,3.213867664337158,-0.10505568981170654,1.1199675798416138,0.8480211496353149,0.6243579983711243,-0.4147838056087494,-0.4796457588672638
1,99,0.8665018677711487,1.0949686765670776,1.1396838426589966,2.4851441383361816,2.3505351543426514,1.3086206912994385,1.3016246557235718,3.1220266819000244,0.13373345136642456,1.0531939268112183,1.3389012813568115,1.22057044506073,2.71691632270813,2.4386146068573,1.5543988943099976,1.4376274347305298,3.3079006671905518,0.0022360070142894983,0.9914826154708862,1.2580510377883911,1.250063419342041,2.702749729156494,2.5242831707000732,1.503373622894287,1.4602550268173218,3.3474087715148926,0.03459731116890907,1.0759320259094238,1.3602538108825684,1.2725892066955566,2.7913658618927,2.5416667461395264,1.6095447540283203,1.514069676399231,3.421945810317993,-0.07832586765289307,1.029815673828125,0.826093852519989,0.6097996830940247,-0.5105875134468079,-0.5495879054069519
1,99,0.7057546973228455,0.9110632538795471,0.9740064144134521,2.256624698638916,2.117077112197876,1.0941312313079834,1.096232295036316,2.8833248615264893,0.17981880903244019,0.7904884219169617,1.0627243518829346,0.9376800060272217,2.4044032096862793,2.1109464168548584,1.2583692073822021,1.1320005655288696,2.9917397499084473,0.02786092832684517,0.7616093158721924,1.0236622095108032,1.029482126235962,2.446887969970703,2.2619619369506836,1.2502237558364868,1.211148738861084,3.0836181640625,0.08774551749229431,0.7526292204856873,1.0362324714660645,0.9447631239891052,2.449716567993164,2.1864442825317383,1.2732347249984741,1.1705983877182007,3.078101634979248,-0.039397913962602615,1.0084881782531738,0.84992516040802,0.5920554995536804,-0.4492257237434387,-0.49467411637306213
1,99,0.7524950504302979,0.9728341698646545,1.0238903760910034,2.369319200515747,2.2161221504211426,1.182832956314087,1.1772493124008179,3.003004550933838,0.12786780297756195,1.022386074066162,1.3084665536880493,1.1856184005737305,2.6973934173583984,2.394160509109497,1.5216164588928223,1.397070050239563,3.276546001434326,-0.0003553828573785722,0.855860710144043,1.124809741973877,1.1181880235671997,2.583972215652466,2.384892463684082,1.368886113166809,1.323269248008728,3.222092390060425,0.03936189040541649,1.023736596107483,1.3123940229415894,1.2204009294509888,2.758566379547119,2.4846444129943848,1.5591486692428589,1.4567564725875854,3.3764710426330566,-0.0675487369298935,1.0586737394332886,0.8153698444366455,0.6168628334999084,-0.4914819896221161,-0.5242819786071777
1,99,0.8426083326339722,0.6184763312339783,0.8030827641487122,1.074684977531433,1.0354301929473877,0.4793568551540375,0.6445469856262207,1.7383776903152466,0.09313677251338959,0.5818576216697693,0.6465988159179688,0.4500124156475067,1.642183542251587,1.2585221529006958,0.737269401550293,0.574883759021759,2.2289605140686035,-0.09311409294605255,0.5332450866699219,0.2854383587837219,0.4703774154186249,1.2097328901290894,1.0440735816955566,0.27226969599723816,0.38945797085762024,1.9043478965759277,-0.017649030312895775,0.37346670031547546,0.4539288878440857,0.252446711063385,1.6462903022766113,1.3042470216751099,0.651978611946106,0.5108736157417297,2.296318531036377,-0.16654513776302338,1.1813344955444336,0.8360440731048584,0.5583167672157288,0.028964953497052193,-0.18388128280639648
1,99,0.5881620049476624,0.7758244872093201,0.8497858047485352,2.133605480194092,1.9630197286605835,0.9761340618133545,0.9731324911117554,2.77480411529541,0.07676328718662262,0.7447710037231445,0.9962670207023621,0.8406060338020325,2.3116936683654785,1.9675337076187134,1.1971476078033447,1.0522381067276,2.899900197982788,-0.057622283697128296,0.6735201478004456,0.9343894720077515,0.9327179193496704,2.3731331825256348,2.149348258972168,1.1807432174682617,1.1279982328414917,3.018625497817993,-0.0057019563391804695,0.7191904783248901,0.9905568957328796,0.8752752542495728,2.3990767002105713,2.0892064571380615,1.2435849905014038,1.1238552331924438,3.0315439701080322,-0.12944863736629486,1.0364179611206055,0.7673178315162659,0.5031525492668152,-0.4441770613193512,-0.45544496178627014
1,99,0.997779130935669,1.2330687046051025,1.2633824348449707,2.6275277137756348,2.4637396335601807,1.4551341533660889,1.4366487264633179,3.2657699584960938,0.12154723703861237,1.1167398691177368,1.4026790857315063,1.284843921661377,2.773643732070923,2.47375226020813,1.6146553754806519,1.492119550704956,3.361300230026245,0.029320139437913895,1.163429856300354,1.4270942211151123,1.4108511209487915,2.8693153858184814,2.6649484634399414,1.6787770986557007,1.6276603937149048,3.5182178020477295,0.010164743289351463,1.1642850637435913,1.4490073919296265,1.361783742904663,2.8769171237945557,2.6059725284576416,1.6962413787841797,1.5958783626556396,3.5045838356018066,-0.05297086015343666,1.0477955341339111,0.821537971496582,0.582706093788147,-0.5517666339874268,-0.5910745859146118
1,99,0.5427160263061523,0.4935535490512848,0.6542543768882751,1.5839868783950806,1.4162814617156982,0.542208731174469,0.6188167333602905,2.215496301651001,0.11685435473918915,0.5710270404815674,0.7528202533721924,0.5706253051757812,1.9835859537124634,1.5803533792495728,0.923897922039032,0.7623977661132812,2.562713861465454,-0.05817766487598419,0.24860158562660217,0.38510096073150635,0.4581718146800995,1.7665553092956543,1.5157550573349,0.6001371145248413,0.5779464244842529,2.4118101596832275,0.025230703875422478,0.4125743508338928,0.6370367407798767,0.48367735743522644,2.0053210258483887,1.637860655784607,0.8869310617446899,0.7497789859771729,2.635344982147217,-0.1280466616153717,1.1094082593917847,0.8375422954559326,0.5437947511672974,-0.23982292413711548,-0.2822440564632416
1,99,0.7510543465614319,0.5603699088096619,0.7455863952636719,1.2233929634094238,1.157112717628479,0.46745187044143677,0.6191035509109497,1.8580681085586548,0.0855325385928154,0.5650510191917419,0.6965644955635071,0.5056154131889343,1.8096232414245605,1.4372169971466064,0.8293371796607971,0.6685649752616882,2.3664653301239014,-0.07783424109220505,0.42329028248786926,0.24077072739601135,0.42417243123054504,1.3683732748031616,1.1925138235092163,0.32734039425849915,0.4035629630088806,2.0236101150512695,-0.009317669086158276,0.37382814288139343,0.5412072539329529,0.36886492371559143,1.81770920753479,1.4845571517944336,0.7674939036369324,0.6311416029930115,2.4336068630218506,-0.1554618924856186,1.215073585510254,0.8345271944999695,0.5559170246124268,-0.05149303004145622,-0.2463601976633072
1,99,0.5394590497016907,0.5023579001426697,0.6777051091194153,1.6895825862884521,1.5365402698516846,0.6286089420318604,0.6979391574859619,2.346806526184082,0.054274365305900574,0.6832692623138428,0.9232566356658936,0.7459444403648376,2.2353298664093018,1.8550732135772705,1.128066062927246,0.9709782004356384,2.8263237476348877,-0.1035245880484581,0.31767308712005615,0.4585736393928528,0.5354431867599487,1.8865615129470825,1.6570597887039185,0.7261394262313843,0.7072181105613708,2.558868169784546,-0.05484095960855484,0.613873302936554,0.8694723844528198,0.7275987863540649,2.2765026092529297,1.926354169845581,1.1348490715026855,1.0013128519058228,2.913978338241577,-0.18575623631477356,1.2032631635665894,0.7866009473800659,0.5347800850868225,-0.31766191124916077,-0.4076988101005554
1,99,0.8870872855186462,1.1157302856445312,1.151785969734192,2.522757053375244,2.3511879444122314,1.3525452613830566,1.3299766778945923,3.177846908569336,0.06370119750499725,0.9103170037269592,1.181146264076233,1.0527416467666626,2.555551290512085,2.2424635887145996,1.4122651815414429,1.2852411270141602,3.16436767578125,-0.05863915756344795,1.046298861503601,1.307257056236267,1.2922636270523071,2.7610490322113037,2.5466692447662354,1.5718218088150024,1.5159231424331665,3.4201738834381104,-0.02726728655397892,0.9262939691543579,1.1992433071136475,1.1040159463882446,2.6335034370422363,2.3494763374328613,1.4684675931930542,1.3628607988357544,3.2811474800109863,-0.13277669250965118,0.9873144626617432,0.8056585192680359,0.4891647398471832,-0.540963351726532,-0.5314105153083801
1,99,0.6441266536712646,0.8310902714729309,0.9039258360862732,2.179497718811035,2.0178916454315186,1.0167967081069946,1.022291660308838,2.805716037750244,0.12759298086166382,0.6655539274215698,0.9163115620613098,0.7551111578941345,2.219710350036621,1.8810844421386719,1.1007713079452515,0.9527369141578674,2.8015241622924805,-0.03395143896341324,0.7034721970558167,0.9627940058708191,0.9660308361053467,2.39920711517334,2.185950756072998,1.1983095407485962,1.1544722318649292,3.0346455574035645,0.03286868706345558,0.610427975654602,0.8873616456985474,0.7664856910705566,2.291593313217163,1.987037181854248,1.1275815963745117,1.006990909576416,2.9170567989349365,-0.09791870415210724,1.047328233718872,0.8768991827964783,0.5509254932403564,-0.3876751661300659,-0.4466477632522583
1,99,0.5853134393692017,0.483504056930542,0.6752408146858215,1.4827196598052979,1.3931080102920532,0.5228240489959717,0.63594651222229,2.122490882873535,0.09581391513347626,0.5551909804344177,0.709185779094696,0.5114282369613647,1.8323214054107666,1.477483868598938,0.8407031893730164,0.6737143397331238,2.401362419128418,-0.06909788399934769,0.3038114607334137,0.3411661386489868,0.4712536334991455,1.651564359664917,1.481079339981079,0.551530122756958,0.5732783675193787,2.30954647064209,-0.007905486039817333,0.3721783459186554,0.5668087005615234,0.39444807171821594,1.8469212055206299,1.5318354368209839,0.7872490882873535,0.6488149762153625,2.4733612537384033,-0.14370642602443695,1.1175329685211182,0.8599949479103088,0.5806863307952881,-0.18821394443511963,-0.26665183901786804
1,99,0.637691855430603,0.49783456325531006,0.6868318915367126,1.3618162870407104,1.284306526184082,0.47754234075546265,0.6055309176445007,2.003530263900757,0.09106740355491638,0.5533400774002075,0.643598198890686,0.4508165717124939,1.6881697177886963,1.3339157104492188,0.7551915049552917,0.5942705869674683,2.2660281658172607,-0.08315470814704895,0.32430416345596313,0.2601698935031891,0.4192795157432556,1.5118534564971924,1.3446571826934814,0.44352442026138306,0.480652779340744,2.1767399311065674,-0.015477507375180721,0.35209599137306213,0.4721301198005676,0.2865523099899292,1.6997177600860596,1.3857676982879639,0.6856430768966675,0.5493180155754089,2.336347818374634,-0.1526428908109665,1.0972466468811035,0.853683590888977,0.5535723567008972,-0.10774698853492737,-0.21456849575042725
1,99,0.5609158277511597,0.6600472331047058,0.7854609489440918,1.939562439918518,1.8106746673583984,0.824059009552002,0.8643048405647278,2.595276117324829,0.11011146754026413,0.7286794185638428,0.9814329743385315,0.8180981874465942,2.292888641357422,1.95626962184906,1.1802390813827515,1.0327816009521484,2.890319585800171,-0.05510883405804634,0.4941016137599945,0.7225608825683594,0.7572412490844727,2.1476809978485107,1.9538122415542603,0.9651830792427063,0.9381137490272522,2.811875581741333,0.019128916785120964,0.6716358661651611,0.9426591396331787,0.8196790814399719,2.3495655059814453,2.04783034324646,1.1962848901748657,1.076019048690796,2.992722272872925,-0.1240653395652771,1.1495943069458008,0.876461923122406,0.5868799686431885,-0.3306543827056885,-0.4157179296016693
1,99,0.7996003031730652,1.007927656173706,1.0632072687149048,2.362183094024658,2.22571063041687,1.2063299417495728,1.2072911262512207,2.9706742763519287,0.13664954900741577,0.9438443183898926,1.221935749053955,1.0993911027908325,2.573627471923828,2.279017448425293,1.425554871559143,1.301397442817688,3.1342034339904785,-0.012504512444138527,0.8755173683166504,1.136757493019104,1.1368582248687744,2.5615956783294678,2.378049612045288,1.3691917657852173,1.3297616243362427,3.173989772796631,0.05768146365880966,0.9329588413238525,1.2162656784057617,1.1228450536727905,2.628859519958496,2.3623125553131104,1.4552321434020996,1.352156639099121,3.22615647315979,-0.07384016364812851,1.0923594236373901,0.8851691484451294,0.6066351532936096,-0.4458449184894562,-0.5169699192047119
1,99,0.5553698539733887,0.5666941404342651,0.7138568758964539,1.6971611976623535,1.582962155342102,0.6463422179222107,0.7148712277412415,2.322697401046753,0.15160046517848969,0.5985757112503052,0.8201431035995483,0.6543512344360352,2.070622444152832,1.7256851196289062,0.9911738634109497,0.8407608866691589,2.6477270126342773,-0.033749256283044815,0.344056636095047,0.5159619450569153,0.5849329233169556,1.8756910562515259,1.6901055574417114,0.7227322459220886,0.713545024394989,2.5196330547332764,0.04899396374821663,0.4813123941421509,0.7369391918182373,0.6057152152061462,2.100512981414795,1.7908531427383423,0.9734175205230713,0.848278284072876,2.7253494262695312,-0.10104507952928543,1.134228229522705,0.8990916609764099,0.600303590297699,-0.24607276916503906,-0.36169663071632385
1,99,0.6071599125862122,0.4939466118812561,0.6820700168609619,1.463091492652893,1.363287329673767,0.49782711267471313,0.6114346981048584,2.1100196838378906,0.11338458210229874,0.5782164335250854,0.7724311351776123,0.5911024212837219,1.9935797452926636,1.6279183626174927,0.9387757778167725,0.7772042751312256,2.57259202003479,-0.049641113728284836,0.2978845238685608,0.32265421748161316,0.45601987838745117,1.6459898948669434,1.4592311382293701,0.5174337029457092,0.5326239466667175,2.3077077865600586,0.022329766303300858,0.43395277857780457,0.6671372056007385,0.5182185173034668,2.022001028060913,1.6940394639968872,0.9140599370002747,0.778465747833252,2.65519118309021,-0.12953324615955353,1.1735610961914062,0.850628674030304,0.5891412496566772,-0.16296431422233582,-0.32783347368240356
1,99,0.7896657586097717,0.6080860495567322,0.7969346642494202,1.2399942874908447,1.2009837627410889,0.5064713358879089,0.6636966466903687,1.850908875465393,0.14953699707984924,0.6022997498512268,0.8249186873435974,0.6559034585952759,2.0340123176574707,1.6740797758102417,0.9713258147239685,0.8115012049674988,2.56253719329834,0.0002666388463694602,0.4734826982021332,0.3170868456363678,0.5029401779174805,1.3765676021575928,1.2313885688781738,0.3519914746284485,0.4488659203052521,2.010608434677124,0.05712896212935448,0.4679727852344513,0.7217268943786621,0.5807762742042542,2.047471284866333,1.7214810848236084,0.9402980208396912,0.8034747242927551,2.6327576637268066,-0.09254143387079239,1.364427924156189,0.8932940363883972,0.6164043545722961,-0.020121706649661064,-0.34635046124458313
1,99,0.6813387870788574,0.5216965079307556,0.7069269418716431,1.292116641998291,1.2000335454940796,0.44220250844955444,0.5803038477897644,1.9034602642059326,0.144917830824852,0.5918353796005249,0.8119818568229675,0.6391688585281372,2.029102325439453,1.6578803062438965,0.9792108535766602,0.82215815782547,2.573744297027588,-0.035446181893348694,0.3578285276889801,0.24986161291599274,0.4177248477935791,1.4465278387069702,1.2538176774978638,0.36762192845344543,0.4116133153438568,2.0803847312927246,0.03949423506855965,0.4707341194152832,0.7175918817520142,0.5737026333808899,2.0401272773742676,1.7002904415130615,0.9495710730552673,0.8134209513664246,2.633951187133789,-0.10992597788572311,1.2561646699905396,0.8961217403411865,0.6408337354660034,-0.059562962502241135,-0.3146938681602478
1,99,0.6125654578208923,0.7654470801353455,0.852179765701294,2.041262149810791,1.8877307176589966,0.9121221899986267,0.9265628457069397,2.665436267852783,0.1755274534225464,0.9466702342033386,1.2119596004486084,1.0739649534225464,2.540524482727051,2.201850175857544,1.4180405139923096,1.280726671218872,3.1226985454559326,-0.01671046018600464,0.5661409497261047,0.8052865266799927,0.8280354738235474,2.2004284858703613,1.9950214624404907,1.02155601978302,0.9861822128295898,2.8418538570404053,0.07483368366956711,0.8773930668830872,1.149631381034851,1.0388416051864624,2.5461437702178955,2.2351295948028564,1.3960903882980347,1.2773929834365845,3.174093246459961,-0.10283020883798599,1.235024333000183,0.9424607157707214,0.6920619010925293,-0.3803167939186096,-0.45711609721183777
1,99,0.5227426290512085,0.5195575952529907,0.6694707870483398,1.7103420495986938,1.5453168153762817,0.6210956573486328,0.6795250773429871,2.3654091358184814,0.12905935943126678,0.8609387874603271,1.136920690536499,0.990030825138092,2.504429578781128,2.1246683597564697,1.3457542657852173,1.1963821649551392,3.085782766342163,-0.006843304727226496,0.31848180294036865,0.4953789710998535,0.5573911666870117,1.9049626588821411,1.6696969270706177,0.7174404859542847,0.6930456161499023,2.5667264461517334,0.05007179453969002,0.8197179436683655,1.1031640768051147,0.9841474890708923,2.5393459796905518,2.1870312690734863,1.3560948371887207,1.2259539365768433,3.1653928756713867,-0.09211337566375732,1.3057619333267212,0.8301631808280945,0.625777006149292,-0.3360390365123749,-0.44970908761024475
1,99,1.244691252708435,1.4894355535507202,1.5099523067474365,2.8833305835723877,2.731900691986084,1.7075059413909912,1.6852833032608032,3.4966301918029785,0.1787930279970169,1.1598619222640991,1.442750334739685,1.3361505270004272,2.825209856033325,2.5484392642974854,1.6681749820709229,1.5557702779769897,3.4077303409576416,0.011367793194949627,1.4046132564544678,1.671396017074585,1.6568293571472168,3.103822708129883,2.9175689220428467,1.9111396074295044,1.8630763292312622,3.721212863922119,0.09663521498441696,1.174164891242981,1.4546414613723755,1.3761353492736816,2.8827733993530273,2.633575916290283,1.7084059715270996,1.6155225038528442,3.5015735626220703,-0.058626968413591385,1.0331149101257324,0.8585094809532166,0.6406506896018982,-0.6122713088989258,-0.5426324009895325
1,99,0.5493556261062622,0.5805217623710632,0.7205832600593567,1.7887630462646484,1.6437267065048218,0.6810940504074097,0.7339087724685669,2.463454008102417,0.16260108351707458,0.8502846360206604,1.1242133378982544,0.9787889719009399,2.492408275604248,2.1350960731506348,1.3314578533172607,1.1871699094772339,3.1079940795898438,0.0038508446887135506,0.36180126667022705,0.5599920749664307,0.6155885457992554,1.9780622720718384,1.7641029357910156,0.7754637002944946,0.75115966796875,2.665013313293457,0.07492992281913757,0.7991431355476379,1.0813629627227783,0.9661678671836853,2.526057004928589,2.198016405105591,1.33739173412323,1.213096022605896,3.1904408931732178,-0.09213704615831375,1.293892741203308,0.8939641118049622,0.6791794300079346,-0.321357786655426,-0.4432963728904724
1,99,0.735410213470459,0.5797007083892822,0.7555990815162659,1.3081880807876587,1.225586175918579,0.4817006289958954,0.6157915592193604,1.9247030019760132,0.1558130979537964,0.6366422176361084,0.8263127207756042,0.6499303579330444,2.01914381980896,1.6336004734039307,0.982926070690155,0.8265313506126404,2.572448492050171,-0.056006088852882385,0.42314043641090393,0.306353360414505,0.4710407257080078,1.4405646324157715,1.2596971988677979,0.3618192970752716,0.4232717752456665,2.0824313163757324,0.05805845186114311,0.4838212728500366,0.7019332051277161,0.5465971231460571,2.01424241065979,1.6602953672409058,0.928419828414917,0.7881113886833191,2.6236343383789062,-0.1427883505821228,1.3395618200302124,0.9363812208175659,0.6665363311767578,-0.04832369461655617,-0.2637714147567749
1,99,0.6408407688140869,0.807698130607605,0.8929063081741333,2.188897132873535,2.020174503326416,1.0107066631317139,1.0145034790039062,2.8905889987945557,0.13351476192474365,0.9176000952720642,1.1941503286361694,1.056667685508728,2.613060235977173,2.2614097595214844,1.4292176961898804,1.2890875339508057,3.2568745613098145,-0.020407646894454956,0.6841537356376648,0.936342179775238,0.9504148960113525,2.4209816455841064,2.1981804370880127,1.1935490369796753,1.1476523876190186,3.1256628036499023,0.060039542615413666,0.902082622051239,1.1844158172607422,1.0769245624542236,2.66960072517395,2.346559524536133,1.461656093597412,1.3411238193511963,3.3566994667053223,-0.1047031357884407,1.1649061441421509,0.8866345286369324,0.6439043283462524,-0.46244537830352783,-0.494692325592041
1,99,1.2008440494537354,1.4349863529205322,1.4736953973770142,2.797577142715454,2.699328660964966,1.6445724964141846,1.6419720649719238,3.396726369857788,0.1665787696838379,1.1504111289978027,1.4370300769805908,1.3359578847885132,2.8107168674468994,2.5753021240234375,1.6630330085754395,1.5613181591033936,3.3856191635131836,-0.015608075074851513,1.3226757049560547,1.5832526683807373,1.5832113027572632,2.992267608642578,2.8558173179626465,1.8189488649368286,1.7876354455947876,3.5995264053344727,0.07213704288005829,1.164586067199707,1.4446386098861694,1.3721250295639038,2.8560898303985596,2.6483981609344482,1.6971893310546875,1.615117073059082,3.4646337032318115,-0.08474211394786835,1.032623291015625,0.908284068107605,0.6160863041877747,-0.5695735812187195,-0.549701452255249
1,99,0.5474125146865845,0.5322248935699463,0.6878809332847595,1.6499494314193726,1.5164737701416016,0.597161591053009,0.66815584897995,2.2724297046661377,0.1539262980222702,0.7772024869918823,1.0428524017333984,0.8988636136054993,2.366975784301758,2.0089664459228516,1.2370214462280273,1.0908201932907104,2.9261789321899414,-0.014827538281679153,0.3060246407985687,0.45400574803352356,0.5349687337875366,1.8085201978683472,1.6019583940505981,0.6437310576438904,0.6324547529220581,2.4414591789245605,0.06941408663988113,0.7021175026893616,0.977925717830658,0.8607922196388245,2.3741562366485596,2.0442750453948975,1.2186435461044312,1.091744303703308,2.9801547527313232,-0.10106999427080154,1.2674729824066162,0.8820352554321289,0.6512587666511536,-0.25853231549263,-0.4102553725242615
1,99,0.5871791243553162,0.6677994132041931,0.7905534505844116,1.87846040725708,1.7408415079116821,0.7948060035705566,0.8308624029159546,2.5374755859375,0.17779971659183502,0.7559770345687866,1.0132052898406982,0.8635782599449158,2.3289377689361572,1.9773085117340088,1.2127639055252075,1.07081139087677,2.9409830570220947,-0.017691364511847496,0.4623648226261139,0.6610026359558105,0.7133143544197083,2.0394911766052246,1.8402479887008667,0.8810044527053833,0.8578267693519592,2.7171759605407715,0.07359195500612259,0.6693388819694519,0.9364163875579834,0.8169274926185608,2.3331451416015625,2.0112812519073486,1.18954336643219,1.0673255920410156,2.9947850704193115,-0.10682166367769241,1.1979259252548218,0.9612497091293335,0.6604929566383362,-0.3212670087814331,-0.4165317714214325
1,99,0.5539655685424805,0.5299383401870728,0.6841984391212463,1.635654091835022,1.4903771877288818,0.5995415449142456,0.668111264705658,2.269709348678589,0.13826096057891846,0.7730401754379272,1.035819411277771,0.8883229494094849,2.369046449661255,1.9997684955596924,1.2425642013549805,1.097808837890625,2.935664415359497,0.0030368429142981768,0.29745835065841675,0.42608442902565,0.5065833926200867,1.7924503087997437,1.5714586973190308,0.6460359692573547,0.6323301196098328,2.4449048042297363,0.03270740061998367,0.6980804204940796,0.9676982164382935,0.8487589955329895,2.3748111724853516,2.0343754291534424,1.2252813577651978,1.1005346775054932,2.9903619289398193,-0.09161561727523804,1.2719167470932007,0.9040406346321106,0.6624857187271118,-0.2665899097919464,-0.3746560215950012
1,99,0.6558502912521362,0.8344023823738098,0.9092835187911987,2.1522440910339355,1.9963281154632568,0.9962813258171082,1.0051103830337524,2.7288968563079834,0.1683306097984314,0.9410438537597656,1.229964017868042,1.108967661857605,2.606513500213623,2.282945394515991,1.43088698387146,1.3000528812408447,3.1324880123138428,0.03977970406413078,0.6465395092964172,0.9076071977615356,0.917106568813324,2.3301544189453125,2.1207406520843506,1.1232304573059082,1.0815621614456177,2.9137940406799316,0.08661014586687088,0.9219198822975159,1.2140151262283325,1.1179403066635132,2.6453919410705566,2.3472719192504883,1.450875163078308,1.3384827375411987,3.21235728263855,-0.046599313616752625,1.1337347030639648,0.9215787649154663,0.6950012445449829,-0.42877259850502014,-0.4719740152359009
1,99,0.5813766121864319,0.5692777633666992,0.7224550843238831,1.6725831031799316,1.5480597019195557,0.6299571394920349,0.7032175064086914,2.287630319595337,0.16927555203437805,0.7073753476142883,0.9752386212348938,0.826123058795929,2.2937395572662354,1.9444270133972168,1.165343165397644,1.021357536315918,2.8537638187408447,0.020593633875250816,0.33085623383522034,0.48720288276672363,0.5596472024917603,1.8548170328140259,1.6526410579681396,0.6961530447006226,0.6841344237327576,2.4937236309051514,0.0509817935526371,0.6558972597122192,0.9323268532752991,0.815406084060669,2.3346235752105713,2.0157620906829834,1.1811151504516602,1.0599708557128906,2.9486446380615234,-0.09208930283784866,1.2272424697875977,0.962938129901886,0.7350842356681824,-0.2256588637828827,-0.3546704351902008
2,99,2.655977249145508,2.6907455921173096,2.769137382507324,2.5955305099487305,2.6631815433502197,2.3525760173797607,2.4397242069244385,2.1669487953186035,2.4254584312438965,1.7826948165893555,1.9731310606002808,1.8565099239349365,3.219614267349243,2.787381649017334,2.279719114303589,2.1410815715789795,3.7054240703582764,-0.5574415326118469,2.78591251373291,2.865278482437134,2.933292865753174,2.974628448486328,2.98521089553833,2.5660057067871094,2.6337602138519287,2.61234974861145,2.6883468627929688,1.8439395427703857,2.029299259185791,1.926212191581726,3.2925591468811035,2.877423048019409,2.3503780364990234,2.2203052043914795,3.8018128871917725,-0.6253936290740967,4.071716785430908,1.6449010372161865,-0.06329832971096039,-0.7780682444572449,-0.6905792951583862
2,99,2.1770007610321045,2.169029474258423,2.249722480773926,1.9916564226150513,2.061941146850586,1.8383615016937256,1.926584243774414,1.594622254371643,1.8648443222045898,0.8769053816795349,0.7373276352882385,0.6543942093849182,1.2023975849151611,0.7316097617149353,0.8486806750297546,0.7768405675888062,1.729801058769226,-0.5345467925071716,2.1441268920898438,2.1779944896698,2.246222972869873,2.19787859916687,2.1998329162597656,1.8741775751113892,1.9411773681640625,1.8639956712722778,1.98820960521698,0.8202031850814819,0.6460743546485901,0.5967392325401306,1.120438814163208,0.682208776473999,0.7697850465774536,0.7206552624702454,1.6881366968154907,-0.531299352645874,2.590158224105835,1.4609448909759521,-0.2412828803062439,-0.5784144401550293,0.21588024497032166
2,99,2.5930252075195312,2.5709433555603027,2.6515872478485107,2.236959934234619,2.3608357906341553,2.2402045726776123,2.3314549922943115,1.720165491104126,2.1480047702789307,1.0898734331130981,0.889091968536377,0.8737839460372925,0.8333455324172974,0.4333113133907318,0.8672608733177185,0.8639063835144043,1.3820056915283203,-0.47740665078163147,2.588946580886841,2.6043431758880615,2.675875186920166,2.448282241821289,2.5117154121398926,2.2926886081695557,2.3677148818969727,1.9860961437225342,2.330408811569214,1.055857539176941,0.8348086476325989,0.852631151676178,0.6830167770385742,0.3125115633010864,0.7755419015884399,0.803632915019989,1.2665331363677979,-0.3930796980857849,2.7813050746917725,1.5719233751296997,-0.29812535643577576,-0.654080867767334,0.5361529588699341
2,99,2.281097412109375,2.190281391143799,2.285393238067627,1.576245665550232,1.8078291416168213,1.8584699630737305,1.9806901216506958,1.0301933288574219,1.4825751781463623,1.6593143939971924,1.443616509437561,1.4854949712753296,0.5949901938438416,0.6837326884269714,1.3093637228012085,1.380488395690918,0.9939495325088501,-0.42977824807167053,2.144333600997925,2.074263334274292,2.16477108001709,1.5895133018493652,1.7627294063568115,1.7436590194702148,1.8577370643615723,1.0883758068084717,1.5248943567276,1.7206684350967407,1.4984380006790161,1.5613454580307007,0.4735632538795471,0.7341180443763733,1.3342283964157104,1.4285680055618286,0.8507573008537292,-0.32059621810913086,2.0126678943634033,1.3322676420211792,-0.2899840474128723,-0.16850847005844116,0.6628826260566711
2,99,1.7841215133666992,1.7256571054458618,1.8145368099212646,1.3870656490325928,1.4894208908081055,1.3821589946746826,1.490220308303833,1.0288667678833008,1.2849613428115845,1.4593589305877686,1.2443432807922363,1.2645691633224487,0.6165186762809753,0.4779474437236786,1.139984130859375,1.1844487190246582,1.103797435760498,-0.47171714901924133,1.5753711462020874,1.5480445623397827,1.6231729984283447,1.4074610471725464,1.4141347408294678,1.209828495979309,1.2990270853042603,1.1349347829818726,1.2446064949035645,1.486329436302185,1.258814811706543,1.3056302070617676,0.44345080852508545,0.47223472595214844,1.1271421909332275,1.1986424922943115,0.9807344675064087,-0.3977242708206177,1.8664594888687134,1.340383768081665,-0.32142603397369385,-0.01646951586008072,0.6456961631774902
2,99,2.6209137439727783,2.5728108882904053,2.6538422107696533,2.064523458480835,2.243929624557495,2.2195346355438232,2.317887544631958,1.5197194814682007,1.942405104637146,1.6515710353851318,1.440847396850586,1.4606022834777832,0.611481785774231,0.6054244041442871,1.3071073293685913,1.3519750833511353,1.0458474159240723,-0.46271812915802,2.5524168014526367,2.5372776985168457,2.6116790771484375,2.196240186691284,2.3197031021118164,2.1938090324401855,2.280606269836426,1.7087002992630005,2.096684694290161,1.6742660999298096,1.455641746520996,1.4990262985229492,0.45297080278396606,0.6096150279045105,1.2912015914916992,1.3596776723861694,0.8967379331588745,-0.35330790281295776,2.5323450565338135,1.4504729509353638,-0.32377535104751587,-0.6220505237579346,0.667716383934021
2,99,2.146456003189087,2.085510730743408,2.1727542877197266,1.61893892288208,1.7840062379837036,1.7465803623199463,1.856977939605713,1.1266862154006958,1.5307590961456299,1.4750109910964966,1.257826805114746,1.2882704734802246,0.5618144273757935,0.49895164370536804,1.1486386060714722,1.2054961919784546,1.0150169134140015,-0.4290643632411957,2.0253360271453857,1.9925040006637573,2.073085308074951,1.6818366050720215,1.7833260297775269,1.658569097518921,1.7574266195297241,1.245207667350769,1.58706533908844,1.5088986158370972,1.2832694053649902,1.3385872840881348,0.3806326687335968,0.5076807141304016,1.139955997467041,1.2230857610702515,0.8634692430496216,-0.32249215245246887,2.059586524963379,1.3284099102020264,-0.34262460470199585,-0.3199819326400757,0.68822181224823
2,99,1.824944019317627,1.7499202489852905,1.8386313915252686,1.2787097692489624,1.419571876525879,1.3857640027999878,1.5004959106445312,0.8903546929359436,1.1878310441970825,1.8146698474884033,1.5955169200897217,1.6288228034973145,0.6132646799087524,0.7237365245819092,1.432141661643982,1.4975885152816772,0.9523435235023499,-0.3967176675796509,1.5575087070465088,1.4987642765045166,1.5755013227462769,1.1874542236328125,1.2326494455337524,1.1303513050079346,1.232771873474121,0.9122183322906494,1.0618685483932495,1.8780908584594727,1.654551386833191,1.70944082736969,0.5192986726760864,0.7887691855430603,1.4604604244232178,1.548135757446289,0.8014926314353943,-0.2734413146972656,1.732499122619629,1.275599479675293,-0.4028296172618866,0.09310289472341537,0.7239224910736084
2,99,1.5033869743347168,1.4865385293960571,1.5631868839263916,1.432749629020691,1.4330247640609741,1.1441837549209595,1.2345821857452393,1.2625409364700317,1.1995444297790527,1.5987037420272827,1.376125454902649,1.3934199810028076,0.5906643271446228,0.507999837398529,1.2442436218261719,1.2883282899856567,1.0813060998916626,-0.45987918972969055,1.2458642721176147,1.2641788721084595,1.3233075141906738,1.4429174661636353,1.3468568325042725,0.9388254880905151,1.0037754774093628,1.3815951347351074,1.070910096168518,1.6347103118896484,1.4041404724121094,1.4478344917297363,0.393619179725647,0.5103942155838013,1.2337735891342163,1.3055378198623657,0.9087019562721252,-0.3356728255748749,1.8762903213500977,1.3105568885803223,-0.38992834091186523,-0.2598145604133606,0.6840391755104065
2,99,1.6996272802352905,1.652010440826416,1.7470166683197021,1.447715401649475,1.5142112970352173,1.3123677968978882,1.4194368124008179,1.1834222078323364,1.3002005815505981,1.2681386470794678,1.0552868843078613,1.0523602962493896,0.7386351227760315,0.37609127163887024,0.9817832708358765,0.9994307160377502,1.2836835384368896,-0.4780742824077606,1.499804139137268,1.490124225616455,1.5704845190048218,1.5110355615615845,1.481927514076233,1.16437828540802,1.2488377094268799,1.3352447748184204,1.2624422311782837,1.2646403312683105,1.0330675840377808,1.0639564990997314,0.5549060106277466,0.28111881017684937,0.925010621547699,0.9761197566986084,1.1557382345199585,-0.39530664682388306,1.8901090621948242,1.3793224096298218,-0.35286644101142883,-0.10556774586439133,0.5755600333213806
2,99,2.8221752643585205,2.8018059730529785,2.888201951980591,2.4569127559661865,2.619868755340576,2.469440460205078,2.5674054622650146,1.962669014930725,2.3377487659454346,0.6619120836257935,0.6565357446670532,0.5099785327911377,1.5889703035354614,1.1823549270629883,0.9191016554832458,0.7972435355186462,2.1285319328308105,-0.5293794274330139,2.877821207046509,2.8974437713623047,2.9768431186676025,2.7423532009124756,2.850628614425659,2.5872297286987305,2.6713857650756836,2.307379961013794,2.5987281799316406,0.5294795632362366,0.5229831337928772,0.3932526409626007,1.5511406660079956,1.1730294227600098,0.8241171836853027,0.713464617729187,2.1030139923095703,-0.4714447557926178,3.3596644401550293,1.5923136472702026,-0.34841468930244446,-0.7211025357246399,-0.09437861293554306
2,99,2.71256947517395,2.68048095703125,2.7655446529388428,2.272874593734741,2.441276788711548,2.3400912284851074,2.436955213546753,1.7528592348098755,2.148230791091919,1.1698938608169556,0.9673076272010803,0.9352304935455322,0.8647553324699402,0.5245421528816223,0.9794514775276184,0.9582549929618835,1.448638916015625,-0.5965801477432251,2.715970993041992,2.722923517227173,2.8017027378082275,2.498610496520996,2.615309953689575,2.3979601860046387,2.4831554889678955,2.036374092102051,2.3704094886779785,1.1533323526382446,0.9281186461448669,0.927046537399292,0.7454456090927124,0.4662759304046631,0.9285833835601807,0.9324246048927307,1.3800104856491089,-0.5704365372657776,2.958308219909668,1.5048766136169434,-0.3708331286907196,-0.6841769218444824,0.44002875685691833
2,99,2.3182523250579834,2.315624475479126,2.3871359825134277,2.0771484375,2.163299798965454,1.9700994491577148,2.054603338241577,1.6495774984359741,1.9438285827636719,1.0796719789505005,0.8720186948776245,0.8434551358222961,0.9114187955856323,0.5301516056060791,0.893720805644989,0.8749586939811707,1.4859970808029175,-0.5487434267997742,2.297426700592041,2.338048219680786,2.3996732234954834,2.298875093460083,2.326241970062256,2.0162744522094727,2.0836234092712402,1.937747597694397,2.0993242263793945,1.0376383066177368,0.8052118420600891,0.8115609288215637,0.7876158952713013,0.4529400169849396,0.8072540163993835,0.8169508576393127,1.4041783809661865,-0.4946436583995819,2.629169464111328,1.4652801752090454,-0.3838215470314026,-0.6394763588905334,0.4598044455051422
2,99,1.7674037218093872,1.739174723625183,1.8265182971954346,1.5322831869125366,1.6007890701293945,1.392289638519287,1.4923291206359863,1.2035690546035767,1.3851110935211182,1.240633249282837,1.0325405597686768,1.018257975578308,0.8290884494781494,0.471319317817688,1.0119011402130127,1.0143742561340332,1.3842806816101074,-0.5683215856552124,1.8134475946426392,1.8367983102798462,1.9115753173828125,1.8391635417938232,1.8435142040252686,1.5153839588165283,1.5917330980300903,1.5479944944381714,1.6145117282867432,1.243408203125,1.0157335996627808,1.0307446718215942,0.6911390423774719,0.4056185483932495,0.9749019145965576,1.004008412361145,1.2962194681167603,-0.5344212055206299,2.068469762802124,1.3849074840545654,-0.36146751046180725,-0.20138093829154968,0.5093271732330322
2,99,2.5688352584838867,2.5599794387817383,2.6465964317321777,2.282409429550171,2.4187674522399902,2.2204232215881348,2.314331293106079,1.8246618509292603,2.1612954139709473,0.9619904160499573,0.8013157248497009,0.7273618578910828,1.1489287614822388,0.7301453351974487,0.9025466442108154,0.8414981365203857,1.7337502241134644,-0.6149226427078247,2.5968258380889893,2.630737543106079,2.7079975605010986,2.554145336151123,2.630260467529297,2.317241668701172,2.3941800594329834,2.160723924636841,2.3799989223480225,0.9253218173980713,0.7356978058815002,0.6917858123779297,1.0750995874404907,0.6929494738578796,0.8466402888298035,0.8065258860588074,1.6992086172103882,-0.6165429353713989,3.006399393081665,1.512536644935608,-0.35973361134529114,-0.6891786456108093,0.23770320415496826
2,99,1.6594889163970947,1.6597743034362793,1.7476240396499634,1.6715153455734253,1.6940419673919678,1.333616018295288,1.4265609979629517,1.4812065362930298,1.4259341955184937,0.8584645986557007,0.7175365686416626,0.6230872273445129,1.24247407913208,0.7883931398391724,0.8449761867523193,0.7608468532562256,1.814834713935852,-0.5558876991271973,1.4905568361282349,1.542736291885376,1.6082104444503784,1.7981228828430176,1.7246135473251343,1.2490713596343994,1.3081204891204834,1.6864733695983887,1.4018293619155884,0.8085628747940063,0.632444441318512,0.5700153708457947,1.1565430164337158,0.7327494621276855,0.7663686871528625,0.7043899893760681,1.7621848583221436,-0.5401329398155212,2.1271233558654785,1.4314383268356323,-0.33819258213043213,-0.3036683201789856,0.16411235928535461
2,99,1.748410701751709,1.700218677520752,1.7948226928710938,1.3866307735443115,1.4989662170410156,1.3397517204284668,1.4545503854751587,1.0760117769241333,1.2709336280822754,1.4403177499771118,1.2294965982437134,1.233726143836975,0.6686480641365051,0.439262330532074,1.1321016550064087,1.1604093313217163,1.173276424407959,-0.487131804227829,1.526977300643921,1.5122605562210083,1.5905790328979492,1.4046052694320679,1.4145725965499878,1.1555254459381104,1.2492104768753052,1.1860195398330688,1.2161880731582642,1.4504411220550537,1.2278287410736084,1.2600204944610596,0.4777807295322418,0.3865143060684204,1.0940412282943726,1.150937557220459,1.0227673053741455,-0.3864380419254303,1.8797500133514404,1.3697618246078491,-0.36647647619247437,-0.003300177864730358,0.6419634222984314
2,99,1.6971043348312378,1.655702829360962,1.7577916383743286,1.4137039184570312,1.5066919326782227,1.2973071336746216,1.4127662181854248,1.1237916946411133,1.2873315811157227,1.483625054359436,1.2705326080322266,1.273327350616455,0.6715161800384521,0.45197951793670654,1.1664420366287231,1.1974221467971802,1.1655769348144531,-0.48667392134666443,1.5027555227279663,1.495973825454712,1.5854130983352661,1.462604284286499,1.4651216268539429,1.147662878036499,1.2436271905899048,1.2637206315994263,1.2439870834350586,1.5004290342330933,1.2742130756378174,1.3062572479248047,0.48753613233566284,0.4178811013698578,1.1383793354034424,1.1978815793991089,1.0235815048217773,-0.39403584599494934,1.893474817276001,1.392884373664856,-0.3662402629852295,-0.03902139142155647,0.6288301348686218
2,99,1.9629173278808594,1.8844788074493408,1.9894880056381226,1.4129563570022583,1.5885781049728394,1.5359605550765991,1.6566038131713867,0.9740061163902283,1.351279377937317,1.3241924047470093,1.1152052879333496,1.1180386543273926,0.6512230038642883,0.3371695876121521,1.0086233615875244,1.0410014390945435,1.1695700883865356,-0.40177085995674133,1.992002010345459,1.9621094465255737,2.0593440532684326,1.711488962173462,1.8131966590881348,1.6250505447387695,1.727107286453247,1.323000192642212,1.6174814701080322,1.3192346096038818,1.0961803197860718,1.1290972232818604,0.4747259020805359,0.2612822353839874,0.9570715427398682,1.0188486576080322,1.0403549671173096,-0.30894094705581665,1.8691469430923462,1.401957631111145,-0.29664114117622375,0.09635324031114578,0.6050276160240173
2,99,2.5635602474212646,2.514594554901123,2.6120407581329346,2.065948009490967,2.253201723098755,2.1892528533935547,2.285133123397827,1.5380315780639648,1.9832298755645752,1.4927351474761963,1.2916706800460815,1.2955273389816284,0.529651403427124,0.39493584632873535,1.1362762451171875,1.172520399093628,0.9543581604957581,-0.2808379530906677,2.5343809127807617,2.519541025161743,2.6119086742401123,2.232941150665283,2.370668888092041,2.204829454421997,2.2893497943878174,1.7600661516189575,2.1540582180023193,1.5088804960250854,1.2987993955612183,1.326108694076538,0.3794991970062256,0.39605674147605896,1.1201571226119995,1.1780685186386108,0.8276512622833252,-0.1957690268754959,2.404512882232666,1.4904783964157104,-0.2591727674007416,-0.6283907890319824,0.7147583365440369
2,99,2.9854652881622314,2.933936595916748,3.0356996059417725,2.400966167449951,2.622763156890869,2.6041312217712402,2.6972241401672363,1.799971342086792,2.2600009441375732,1.642451524734497,1.4610809087753296,1.4725425243377686,0.5459370017051697,0.572073221206665,1.2632404565811157,1.3058770895004272,0.7869962453842163,-0.1538112759590149,2.9979159832000732,2.975931406021118,3.0754740238189697,2.5844051837921143,2.766718864440918,2.6550991535186768,2.7397422790527344,2.028125286102295,2.4945170879364014,1.6956843137741089,1.5073423385620117,1.5392359495162964,0.4781118929386139,0.6379210948944092,1.29209303855896,1.353186011314392,0.6673393845558167,-0.07539385557174683,2.5839076042175293,1.5832277536392212,-0.2509101927280426,-0.7891194224357605,0.8039100766181946
2,99,2.3549532890319824,2.300891399383545,2.4086766242980957,1.851690649986267,2.0348007678985596,1.9652866125106812,2.067129135131836,1.3305693864822388,1.806383490562439,1.4385604858398438,1.2530744075775146,1.2658530473709106,0.5057160258293152,0.3527289927005768,1.055659532546997,1.1005518436431885,0.875749409198761,-0.13969622552394867,2.269559144973755,2.246544599533081,2.3493447303771973,1.9603973627090454,2.0873827934265137,1.9214001893997192,2.011306047439575,1.5040278434753418,1.906601905822754,1.463790774345398,1.265408992767334,1.3074485063552856,0.32741615176200867,0.3846896290779114,1.0463945865631104,1.1189734935760498,0.7426673769950867,-0.06368297338485718,2.066160202026367,1.4958266019821167,-0.27381858229637146,-0.4735952317714691,0.8153471946716309
2,99,1.4972940683364868,1.4754732847213745,1.5653257369995117,1.3976218700408936,1.420111894607544,1.138644814491272,1.225154161453247,1.1839942932128906,1.2122340202331543,1.400032639503479,1.2073636054992676,1.2187412977218628,0.4836106300354004,0.25793561339378357,1.005124568939209,1.0468945503234863,0.8928341865539551,-0.1181962713599205,1.2456363439559937,1.2617030143737793,1.3357446193695068,1.4222323894500732,1.351386308670044,0.9432990550994873,1.0048364400863647,1.332412838935852,1.0885595083236694,1.4065954685211182,1.2015489339828491,1.2394907474517822,0.31827694177627563,0.2789391279220581,0.9813891053199768,1.0493144989013672,0.7944806814193726,-0.06211281567811966,1.5233300924301147,1.342999815940857,-0.2633662223815918,-0.24490267038345337,0.79435795545578
2,99,1.2790741920471191,1.3003309965133667,1.3948240280151367,1.4956188201904297,1.4237595796585083,0.9940680265426636,1.0685473680496216,1.391831874847412,1.1385917663574219,1.359018087387085,1.1614834070205688,1.1820988655090332,0.515367329120636,0.27311450242996216,0.9802441000938416,1.0343810319900513,0.9312719702720642,-0.1753671020269394,1.0196483135223389,1.0822844505310059,1.1571729183197021,1.517980933189392,1.3487193584442139,0.813694953918457,0.8520392179489136,1.5260605812072754,0.9617288112640381,1.3814529180526733,1.172623634338379,1.2207139730453491,0.3428909182548523,0.2989407479763031,0.966301679611206,1.048659324645996,0.8109371066093445,-0.10346826910972595,1.6016981601715088,1.3662219047546387,-0.30798184871673584,-0.32731324434280396,0.7931556105613708
2,99,1.8281400203704834,1.7522263526916504,1.8541340827941895,1.261449933052063,1.419142723083496,1.3867597579956055,1.5023432970046997,0.8214358687400818,1.1901769638061523,1.6176608800888062,1.4152811765670776,1.4494221210479736,0.49022307991981506,0.5318053960800171,1.2118374109268188,1.2846640348434448,0.8044911026954651,-0.17536886036396027,1.5947167873382568,1.5374913215637207,1.6317675113677979,1.2123504877090454,1.2823734283447266,1.1705859899520874,1.275505781173706,0.8915666937828064,1.1031674146652222,1.6775692701339722,1.4671231508255005,1.5247153043746948,0.3749587833881378,0.6122286915779114,1.243666410446167,1.339166522026062,0.6760264039039612,-0.10053134709596634,1.4692121744155884,1.3101083040237427,-0.32792121171951294,0.153292715549469,0.8357133269309998
2,99,2.176715135574341,2.128532886505127,2.2322728633880615,1.6841785907745361,1.8643040657043457,1.7818735837936401,1.891498327255249,1.201302409172058,1.618706226348877,1.4268771409988403,1.2467687129974365,1.2679566144943237,0.5075126886367798,0.39809614419937134,1.0474789142608643,1.1021053791046143,0.8097865581512451,-0.14192336797714233,2.0800282955169678,2.0631914138793945,2.159666061401367,1.7818635702133179,1.895620584487915,1.724848985671997,1.8201998472213745,1.358262300491333,1.7057714462280273,1.454573154449463,1.2638623714447021,1.3098348379135132,0.3560214042663574,0.43281641602516174,1.0437182188034058,1.1235055923461914,0.6839097738265991,-0.07619483768939972,1.8764125108718872,1.353110671043396,-0.3169899880886078,-0.407276451587677,0.8646813035011292
2,99,1.931992530822754,1.8857146501541138,1.9875601530075073,1.5213850736618042,1.6555888652801514,1.5403144359588623,1.6472498178482056,1.0913105010986328,1.451029658317566,1.5052238702774048,1.3166173696517944,1.3433663845062256,0.48105838894844055,0.44048184156417847,1.1097352504730225,1.170409083366394,0.7910600304603577,-0.12287679314613342,1.5825468301773071,1.5508943796157837,1.6412813663482666,1.3427964448928833,1.3831167221069336,1.2040855884552002,1.298211932182312,1.0387381315231323,1.2208311557769775,1.545145034790039,1.3462275266647339,1.396588683128357,0.3429882824420929,0.4971338212490082,1.1228337287902832,1.2071813344955444,0.6751758456230164,-0.06575226038694382,1.697003960609436,1.3452832698822021,-0.3008790910243988,-0.2553640305995941,0.851649820804596
2,99,1.1785129308700562,1.3113340139389038,1.3785275220870972,1.8971420526504517,1.7663174867630005,1.0979976654052734,1.1213366985321045,1.9571411609649658,1.159314513206482,1.3260823488235474,1.1338326930999756,1.13784921169281,0.525966227054596,0.15022043883800507,0.9327715635299683,0.9665893912315369,0.9732019305229187,-0.15854892134666443,0.9920646548271179,1.1805903911590576,1.2192198038101196,1.9877816438674927,1.7877585887908936,1.0554832220077515,1.036608099937439,2.1396210193634033,0.9673770070075989,1.3420698642730713,1.1386882066726685,1.1727322340011597,0.35709771513938904,0.18568216264247894,0.9095569849014282,0.9739902019500732,0.8593738079071045,-0.08868788182735443,1.8736556768417358,1.3361997604370117,-0.330886572599411,-0.5739346146583557,0.7684678435325623
2,99,2.2636919021606445,2.219794750213623,2.3220388889312744,1.7608799934387207,1.9564192295074463,1.8822295665740967,1.9873416423797607,1.2554490566253662,1.6756515502929688,1.54301118850708,1.3539456129074097,1.3899589776992798,0.48696520924568176,0.5601154565811157,1.164537787437439,1.2391527891159058,0.728620707988739,-0.17123369872570038,2.1963138580322266,2.18232798576355,2.2770962715148926,1.8691697120666504,2.001638412475586,1.851123332977295,1.9417732954025269,1.4050266742706299,1.7897653579711914,1.5990571975708008,1.402504324913025,1.4599120616912842,0.3866848349571228,0.6337562203407288,1.1952227354049683,1.2903704643249512,0.6122056841850281,-0.10588572174310684,1.9514124393463135,1.3345615863800049,-0.30695614218711853,-0.5126013159751892,0.8488869667053223
2,99,1.5590094327926636,1.56853187084198,1.6597894430160522,1.5751060247421265,1.594327688217163,1.2489737272262573,1.3367761373519897,1.3886173963546753,1.3409836292266846,1.4196922779083252,1.2223374843597412,1.2264569997787476,0.5840049386024475,0.3627493679523468,1.0804837942123413,1.1149455308914185,0.9903462529182434,-0.3302849233150482,1.1963671445846558,1.2350972890853882,1.3094826936721802,1.4723503589630127,1.3841716051101685,0.9317087531089783,0.9947951436042786,1.4233415126800537,1.0762282609939575,1.4372384548187256,1.2299219369888306,1.2611905336380005,0.4033612012863159,0.3454151153564453,1.0548779964447021,1.1169962882995605,0.8379636406898499,-0.2301311194896698,1.8839125633239746,1.3037396669387817,-0.3054657578468323,-0.41369351744651794,0.7409621477127075
2,99,2.5874123573303223,2.542412519454956,2.6353759765625,2.075192451477051,2.2663414478302,2.194812536239624,2.29302978515625,1.5536317825317383,1.9734466075897217,1.4221093654632568,1.220644474029541,1.2070398330688477,0.7255004644393921,0.4467286169528961,1.1266430616378784,1.1430658102035522,1.2389839887619019,-0.4987894892692566,2.53464412689209,2.525021553039551,2.6111340522766113,2.230795383453369,2.363769292831421,2.1886825561523438,2.2734038829803467,1.7711634635925293,2.1359646320343018,1.4241816997528076,1.207823395729065,1.2189432382583618,0.5724979043006897,0.3836565613746643,1.0921164751052856,1.1319199800491333,1.1313881874084473,-0.44303610920906067,2.6371634006500244,1.4962581396102905,-0.2655039131641388,-0.5685413479804993,0.5517219305038452
2,99,2.309640645980835,2.30495285987854,2.3964014053344727,2.115835189819336,2.218571901321411,1.9782379865646362,2.0753231048583984,1.7135651111602783,1.9844651222229004,0.7556476593017578,0.728563666343689,0.5757905840873718,1.592903971672058,1.133135199546814,0.975942075252533,0.8537549376487732,2.0977301597595215,-0.6168352961540222,2.324456214904785,2.363811731338501,2.444636821746826,2.371839761734009,2.4110922813415527,2.063011407852173,2.140615940093994,2.028317451477051,2.159914970397949,0.7137296795845032,0.6588200926780701,0.5361629724502563,1.560617446899414,1.1325498819351196,0.9446273446083069,0.8406384587287903,2.10113263130188,-0.6539472341537476,2.922732353210449,1.472787618637085,-0.2481480836868286,-0.6426591277122498,-0.1060318723320961
2,99,1.899587631225586,1.9624953269958496,2.03131365776062,2.157686233520508,2.13688588142395,1.6778727769851685,1.7433637380599976,1.9174836874008179,1.8069837093353271,0.8420316576957703,0.908569872379303,0.7676364183425903,1.9925514459609985,1.5895916223526,1.2212868928909302,1.0936027765274048,2.5076560974121094,-0.6846858263015747,1.9378316402435303,2.050673007965088,2.104423761367798,2.4455389976501465,2.372260093688965,1.8146464824676514,1.8558285236358643,2.2632248401641846,1.909210205078125,0.8546624183654785,0.9046286344528198,0.7946437001228333,2.0124502182006836,1.6381574869155884,1.2465801239013672,1.1354625225067139,2.558108329772949,-0.7525576949119568,2.7096405029296875,1.4611172676086426,-0.21393892168998718,-0.7261960506439209,-0.3222009539604187
2,99,2.4068121910095215,2.38388729095459,2.459747791290283,2.124492645263672,2.2267205715179443,2.063814640045166,2.1491591930389404,1.6507827043533325,2.0200607776641846,0.8146909475326538,0.8910194039344788,0.7605833411216736,1.9623253345489502,1.5810039043426514,1.186198353767395,1.0707730054855347,2.4842469692230225,-0.6598504185676575,2.4117848873138428,2.433837890625,2.5006566047668457,2.379124164581299,2.424753189086914,2.1371965408325195,2.2063443660736084,1.9686670303344727,2.206576108932495,0.8407759070396423,0.895526111125946,0.8003418445587158,1.9821292161941528,1.6321722269058228,1.219732403755188,1.123656153678894,2.5391790866851807,-0.7451849579811096,3.193349599838257,1.5024480819702148,-0.18222355842590332,-0.6818500757217407,-0.32541146874427795
2,99,2.4809117317199707,2.4961814880371094,2.5680272579193115,2.399693727493286,2.461310386657715,2.1986701488494873,2.2670774459838867,1.9614155292510986,2.245704174041748,0.850222110748291,0.9550566673278809,0.8257555365562439,2.0547139644622803,1.6790062189102173,1.2512996196746826,1.1370718479156494,2.560089349746704,-0.628667950630188,2.5774099826812744,2.6373298168182373,2.6985015869140625,2.7325191497802734,2.743008613586426,2.371861219406128,2.422163963317871,2.349374771118164,2.471846342086792,0.8670303821563721,0.9547598361968994,0.8550024628639221,2.071614980697632,1.7225009202957153,1.2768453359603882,1.1796156167984009,2.6078426837921143,-0.702130913734436,3.2979328632354736,1.5810374021530151,-0.1455279290676117,-0.757777750492096,-0.3501749634742737
2,99,1.953675627708435,2.0101242065429688,2.0760135650634766,2.195737600326538,2.1652557849884033,1.7349780797958374,1.7909936904907227,1.9374303817749023,1.8585433959960938,0.856787919998169,0.9571841955184937,0.8104837536811829,2.057471752166748,1.6462029218673706,1.249141812324524,1.1191712617874146,2.5572493076324463,-0.6128786206245422,2.0144577026367188,2.1170876026153564,2.16872501373291,2.484708547592163,2.405390739440918,1.8851290941238403,1.9183454513549805,2.276007652282715,1.981357216835022,0.858677864074707,0.9439134001731873,0.8233537077903748,2.0687615871429443,1.683956503868103,1.2664456367492676,1.1521632671356201,2.6024885177612305,-0.6893137097358704,2.74422025680542,1.4693149328231812,-0.11327888816595078,-0.7520350813865662,-0.3698190748691559
2,99,2.5683422088623047,2.591968536376953,2.6611900329589844,2.521815776824951,2.5687592029571533,2.2882494926452637,2.354708194732666,2.0757150650024414,2.319232940673828,1.1023075580596924,1.2546921968460083,1.1401410102844238,2.4339730739593506,2.0735132694244385,1.5593327283859253,1.446507215499878,2.933546543121338,-0.6340243816375732,2.6907401084899902,2.760272741317749,2.8194832801818848,2.886012077331543,2.884558916091919,2.490899085998535,2.539898633956909,2.497149705886841,2.566739082336426,1.1343623399734497,1.2754652500152588,1.1843591928482056,2.4701027870178223,2.133345603942871,1.5997017621994019,1.5006788969039917,2.996086359024048,-0.7073941230773926,3.5681416988372803,1.5999248027801514,-0.12206624448299408,-0.7868223190307617,-0.4820515811443329
2,99,3.161262273788452,3.0845932960510254,3.166031837463379,2.4923627376556396,2.689131021499634,2.7694008350372314,2.854583978652954,1.8945775032043457,2.275094985961914,0.9460574984550476,0.7677294015884399,0.7030199766159058,1.046391248703003,0.7166367173194885,0.8535272479057312,0.8138505816459656,1.623197317123413,-0.5796317458152771,3.158663749694824,3.115450382232666,3.1943562030792236,2.68023419380188,2.838757038116455,2.8059911727905273,2.8841865062713623,2.119539260864258,2.5297038555145264,0.9682912826538086,0.758410632610321,0.7333370447158813,0.9966682195663452,0.7279398441314697,0.8642354607582092,0.8520081043243408,1.6295342445373535,-0.6483374834060669,3.3552145957946777,1.5673569440841675,-0.1320461630821228,-0.7757564187049866,0.22970274090766907
2,99,3.1126091480255127,3.0575058460235596,3.1296796798706055,2.531431198120117,2.69645357131958,2.735473394393921,2.8139100074768066,1.9288946390151978,2.3494651317596436,0.8832927942276001,0.7107079029083252,0.6386873722076416,1.0605649948120117,0.7289907336235046,0.8166532516479492,0.7683090567588806,1.6165149211883545,-0.5349410772323608,3.1209168434143066,3.1016530990600586,3.1700963973999023,2.7360892295837402,2.8620200157165527,2.786349296569824,2.856929302215576,2.1741719245910645,2.602717399597168,0.8824092745780945,0.6774377822875977,0.6435944437980652,1.0136116743087769,0.7336925268173218,0.8075916767120361,0.7841103076934814,1.6211985349655151,-0.5923235416412354,3.339240312576294,1.6204789876937866,-0.11228551715612411,-0.7547691464424133,0.20227885246276855
2,99,2.6134276390075684,2.6282427310943604,2.688067674636841,2.4501163959503174,2.5223278999328613,2.2983531951904297,2.359710693359375,1.9451848268508911,2.280658006668091,0.9002462029457092,1.038591980934143,0.9244364500045776,2.172086477279663,1.8834335803985596,1.329361081123352,1.2324986457824707,2.6989405155181885,-0.5441954135894775,2.69392728805542,2.7549619674682617,2.8090603351593018,2.773974895477295,2.8091049194335938,2.451366901397705,2.5014195442199707,2.3371355533599854,2.5146994590759277,0.928584635257721,1.0578140020370483,0.9731100797653198,2.2179853916168213,1.954717993736267,1.3734502792358398,1.2924891710281372,2.7725744247436523,-0.617413341999054,3.454145669937134,1.6312143802642822,-0.054569944739341736,-0.7612090110778809,-0.45318296551704407
2,99,3.102989673614502,3.051926612854004,3.1181910037994385,2.5036497116088867,2.6588637828826904,2.711480140686035,2.783583879470825,1.865886926651001,2.2928757667541504,0.7933049201965332,0.9035950899124146,0.7826300263404846,1.9605507850646973,1.6675838232040405,1.1886060237884521,1.094024419784546,2.4755940437316895,-0.5326040387153625,3.1200637817382812,3.109175205230713,3.1717689037323,2.738950252532959,2.8551228046417236,2.774872064590454,2.839435338973999,2.1478896141052246,2.584479808807373,0.8030420541763306,0.9037931561470032,0.8156396150588989,1.9914799928665161,1.726171851158142,1.215922474861145,1.1379889249801636,2.533921003341675,-0.5943773984909058,3.8601579666137695,1.53062105178833,-0.05696415528655052,-0.7783657312393188,-0.37658801674842834
2,99,3.442631483078003,3.3769328594207764,3.435866117477417,2.7121427059173584,2.871824026107788,3.021925210952759,3.0916478633880615,2.030754566192627,2.3854098320007324,0.8403950929641724,0.9641093015670776,0.861538827419281,2.0930373668670654,1.8376307487487793,1.2684845924377441,1.1827698945999146,2.672589063644409,-0.5331577062606812,3.4386909008026123,3.412487745285034,3.4690659046173096,2.925687074661255,3.0513346195220947,3.061333656311035,3.1257190704345703,2.292844772338867,2.7071123123168945,0.8393546342849731,0.9588245153427124,0.8902848958969116,2.123941659927368,1.8971790075302124,1.2866812944412231,1.2187947034835815,2.725538492202759,-0.5702868700027466,4.256567001342773,1.4106085300445557,-0.04895041510462761,-0.8063153624534607,-0.40150919556617737
2,99,3.22298002243042,3.16573429107666,3.2311582565307617,2.597221612930298,2.7523398399353027,2.82841420173645,2.8976712226867676,1.960958480834961,2.3604722023010254,1.1192706823349,1.304890513420105,1.2059370279312134,2.485241413116455,2.194049835205078,1.580194354057312,1.4880191087722778,3.0108957290649414,-0.4320204555988312,3.286597728729248,3.2714016437530518,3.3317997455596924,2.894425392150879,3.005411386489868,2.9447779655456543,3.0041258335113525,2.309311866760254,2.717952251434326,1.1320374011993408,1.313509225845337,1.2399863004684448,2.5201168060302734,2.253894090652466,1.60577392578125,1.528387427330017,3.0669405460357666,-0.46846842765808105,4.265584468841553,1.3918442726135254,0.10736057162284851,-0.7904125452041626,-0.4854535162448883
2,99,2.756194591522217,2.777045488357544,2.8341946601867676,2.634554862976074,2.733241319656372,2.467243194580078,2.5154569149017334,2.183584690093994,2.4344844818115234,1.6322351694107056,1.8487976789474487,1.777125597000122,3.0254604816436768,2.865994930267334,2.085848331451416,2.0223021507263184,3.619868755340576,-0.26237237453460693,2.960134983062744,3.021531343460083,3.0757362842559814,3.0470001697540283,3.12559175491333,2.7377421855926514,2.7797319889068604,2.65480637550354,2.7709603309631348,1.675510287284851,1.8808937072753906,1.8289631605148315,3.078887939453125,2.9421675205230713,2.1417088508605957,2.0911948680877686,3.7100348472595215,-0.39034304022789,3.946408987045288,1.3904215097427368,0.3151223957538605,-0.9089050889015198,-0.6811542510986328
2,99,1.428706407546997,1.4149636030197144,1.5337799787521362,1.6593742370605469,1.655764102935791,1.205374836921692,1.3006376028060913,1.6481854915618896,1.0875300168991089,1.2707239389419556,1.5118954181671143,1.362120270729065,2.697321891784668,2.2170028686523438,1.7016574144363403,1.5429569482803345,3.0274503231048584,-0.12066677212715149,1.3477671146392822,1.3789238929748535,1.4909056425094604,1.8446266651153564,1.7859666347503662,1.2260713577270508,1.2990517616271973,1.9080026149749756,1.0364338159561157,1.2271429300308228,1.4603272676467896,1.3219809532165527,2.6752026081085205,2.2103271484375,1.678486704826355,1.5289230346679688,3.0481574535369873,-0.24674467742443085,2.4601993560791016,1.2048063278198242,0.5227507948875427,-0.5377230644226074,-0.4861758053302765
2,99,1.4060245752334595,1.5698479413986206,1.649023175239563,2.5350840091705322,2.45160174369812,1.6102272272109985,1.6290664672851562,2.9245448112487793,0.8411551117897034,1.578331470489502,1.8437682390213013,1.728817343711853,3.0264313220977783,2.696719169616699,1.9904369115829468,1.8672224283218384,3.4779417514801025,0.2574077248573303,1.431093692779541,1.616690754890442,1.6780232191085815,2.6931474208831787,2.5803377628326416,1.717006802558899,1.7178796529769897,3.151291608810425,0.6229366064071655,1.5665851831436157,1.8239315748214722,1.7188054323196411,3.0521795749664307,2.7347679138183594,2.009361743927002,1.8934664726257324,3.566685199737549,0.036604661494493484,1.7648203372955322,1.3107056617736816,1.0464094877243042,-0.6398446559906006,-0.534392774105072
2,99,1.8369125127792358,1.9889928102493286,2.0365164279937744,3.0964195728302,3.0435447692871094,2.201162576675415,2.20638108253479,3.828526496887207,0.24422980844974518,2.198709487915039,2.44266939163208,2.3572211265563965,3.533069610595703,3.3117172718048096,2.5741724967956543,2.484119415283203,4.059467315673828,0.8608053922653198,1.9429190158843994,2.100935459136963,2.1265552043914795,3.255923271179199,3.1757633686065674,2.3457868099212646,2.3356072902679443,4.023440837860107,0.040289219468832016,2.2199506759643555,2.454969882965088,2.3800015449523926,3.6065213680267334,3.3987820148468018,2.6332926750183105,2.5513205528259277,4.212836742401123,0.5732322335243225,1.721038579940796,1.093227505683899,1.434812307357788,-0.6654274463653564,-0.6208381652832031
2,99,2.242952585220337,2.400205373764038,2.44413685798645,3.405143976211548,3.433729887008667,2.5946366786956787,2.6131515502929688,3.9170377254486084,-0.08651262521743774,2.3312900066375732,2.5820236206054688,2.518338441848755,3.4303531646728516,3.3060142993927,2.5851871967315674,2.5259361267089844,3.5114481449127197,1.400656819343567,2.467971086502075,2.6281850337982178,2.655118465423584,3.6552939414978027,3.6619911193847656,2.8406269550323486,2.8470284938812256,4.191086292266846,-0.2735217213630676,2.400148868560791,2.64682674407959,2.604846715927124,3.579630136489868,3.48763108253479,2.7010364532470703,2.6577372550964355,3.7648673057556152,1.142394781112671,2.11857271194458,0.7285288572311401,1.3926570415496826,-0.738457441329956,-0.7386330962181091
2,99,1.397216558456421,1.4959138631820679,1.5533506870269775,2.5271434783935547,2.573411464691162,1.7689152956008911,1.799511194229126,3.335618257522583,-0.2710667550563812,2.3895316123962402,2.4878273010253906,2.423471212387085,2.4892354011535645,2.309670925140381,2.215332508087158,2.1588363647460938,2.093968629837036,1.9418141841888428,1.6143722534179688,1.7215652465820312,1.75198495388031,2.784060478210449,2.8016371726989746,2.0192806720733643,2.031242609024048,3.6104817390441895,-0.4468313157558441,2.4870028495788574,2.6245687007904053,2.560669422149658,2.8170158863067627,2.649991750717163,2.3917877674102783,2.3367908000946045,2.5332064628601074,2.1682662963867188,3.4733922481536865,0.5521429181098938,1.3664287328720093,-0.6989094614982605,-0.600074827671051
2,99,1.284124732017517,1.0195449590682983,1.1551494598388672,0.7104879021644592,0.8824992179870605,0.9935973286628723,1.098095417022705,1.652701497077942,-0.5028782486915588,3.057474374771118,3.0709221363067627,3.050408363342285,2.644848585128784,2.5356228351593018,2.702183961868286,2.6934633255004883,1.8831021785736084,2.1939539909362793,1.1547434329986572,0.887113094329834,0.9973766207695007,0.8614333868026733,0.9014574885368347,0.9584053158760071,1.027086615562439,1.8272141218185425,-0.6603614091873169,3.0410990715026855,3.093092918395996,3.0662150382995605,2.8448939323425293,2.7136476039886475,2.7389540672302246,2.7226979732513428,2.17169451713562,2.4447429180145264,3.2660622596740723,0.20225930213928223,1.4052293300628662,-0.19401317834854126,-0.5692259073257446
2,99,1.8657021522521973,1.62710702419281,1.705427646636963,0.6725547313690186,0.9346691370010376,1.5164049863815308,1.5906425714492798,1.2997244596481323,-0.551291286945343,2.8661513328552246,2.8822431564331055,2.8852055072784424,2.553950071334839,2.4779610633850098,2.5552804470062256,2.5517048835754395,1.8374927043914795,2.2756426334381104,1.8462276458740234,1.609340786933899,1.6712969541549683,0.6958411931991577,0.891663670539856,1.5149296522140503,1.5738705396652222,1.3499729633331299,-0.6443077325820923,2.881908893585205,2.9307303428649902,2.9304819107055664,2.754873752593994,2.6645312309265137,2.6196341514587402,2.610978841781616,2.1240508556365967,2.4955906867980957,3.097191095352173,0.03096996434032917,1.4901032447814941,0.014083334244787693,-0.6688838601112366
2,99,1.3485485315322876,1.1101813316345215,1.1676946878433228,0.5324013233184814,0.7062628865242004,1.0812962055206299,1.1250871419906616,1.4464200735092163,-0.5551571846008301,2.619128942489624,2.6984317302703857,2.694441318511963,2.657200813293457,2.575242042541504,2.4000132083892822,2.3831825256347656,2.1147031784057617,2.377772808074951,1.3391989469528198,1.1069200038909912,1.1369787454605103,0.588768720626831,0.6680241823196411,1.097021460533142,1.1172794103622437,1.4948928356170654,-0.6374243497848511,2.7076799869537354,2.8193161487579346,2.8143179416656494,2.9254610538482666,2.8459036350250244,2.5499062538146973,2.5324270725250244,2.4734675884246826,2.562462329864502,3.1606504917144775,0.013926032930612564,1.6930336952209473,-0.009043393656611443,-0.7014904618263245
2,99,1.71397066116333,1.491924524307251,1.5598785877227783,0.623603880405426,0.8516565561294556,1.4021060466766357,1.460060954093933,1.2561089992523193,-0.5156660676002502,3.156071186065674,3.193526268005371,3.192654609680176,2.8974931240081787,2.827146530151367,2.8758716583251953,2.867002248764038,2.1377100944519043,2.674758195877075,1.717586636543274,1.4976681470870972,1.5471993684768677,0.6619417667388916,0.8210861682891846,1.422966480255127,1.464505672454834,1.3065179586410522,-0.6075925230979919,3.2507176399230957,3.3174614906311035,3.316380023956299,3.1540632247924805,3.0824239253997803,3.014547824859619,3.0048887729644775,2.4726345539093018,2.963449478149414,3.3716750144958496,0.03510678932070732,1.7875478267669678,0.13411296904087067,-0.7338733077049255
2,99,1.545730471611023,1.3228073120117188,1.3812130689620972,0.5005253553390503,0.7535287737846375,1.222626805305481,1.2685214281082153,1.3323363065719604,-0.46958303451538086,3.1724283695220947,3.1972014904022217,3.1739296913146973,2.8096747398376465,2.7003796100616455,2.8605408668518066,2.829759359359741,2.0130133628845215,2.530238389968872,1.5184146165847778,1.295462965965271,1.3351216316223145,0.530271589756012,0.7074861526489258,1.219383955001831,1.2480623722076416,1.3973393440246582,-0.5721271634101868,3.192103862762451,3.2480480670928955,3.225295305252075,3.007617712020874,2.9085566997528076,2.926273822784424,2.8968849182128906,2.3150599002838135,2.782060384750366,3.248626947402954,0.08657284826040268,1.7474143505096436,0.11176811158657074,-0.6563233137130737
2,99,1.7010806798934937,1.4813941717147827,1.5487014055252075,0.6148151755332947,0.8468353748321533,1.3842566013336182,1.4445897340774536,1.2522345781326294,-0.5094418525695801,2.707026481628418,2.767977237701416,2.7647318840026855,2.626584053039551,2.5402557849884033,2.4683923721313477,2.454904317855835,2.009066581726074,2.4055519104003906,1.6951038837432861,1.476465106010437,1.5266249179840088,0.6521357893943787,0.8162932395935059,1.3981029987335205,1.442543387413025,1.3124414682388306,-0.6114553809165955,2.7774252891540527,2.8685600757598877,2.8639750480651855,2.8681728839874268,2.7789900302886963,2.5922889709472656,2.5768065452575684,2.3395962715148926,2.611436128616333,3.163231611251831,0.034049808979034424,1.700388789176941,0.11219970136880875,-0.6667517423629761
2,99,1.4177192449569702,1.1769294738769531,1.231160283088684,0.5639288425445557,0.7064365744590759,1.1550421714782715,1.188486099243164,1.4632529020309448,-0.6283174753189087,2.741946220397949,2.8215081691741943,2.813462972640991,2.7034337520599365,2.6232779026031494,2.483327865600586,2.4740183353424072,2.122150421142578,2.433264970779419,1.4053397178649902,1.1728862524032593,1.1990537643432617,0.6224154233932495,0.663375735282898,1.1668211221694946,1.176324486732483,1.5032215118408203,-0.6923423409461975,2.808910608291626,2.921408176422119,2.9122672080993652,2.958085775375366,2.877978563308716,2.61069917678833,2.6005587577819824,2.4730849266052246,2.6315386295318604,3.2488903999328613,-0.03265231102705002,1.682447910308838,0.0028660017997026443,-0.6832810044288635
2,99,1.2646186351776123,1.0244964361190796,1.0830780267715454,0.5064222812652588,0.6747170686721802,0.9995524883270264,1.043255090713501,1.4495282173156738,-0.5277748703956604,2.857128858566284,2.9261977672576904,2.9259607791900635,2.7915239334106445,2.7201569080352783,2.5991122722625732,2.58603835105896,2.172299385070801,2.5548830032348633,1.2554103136062622,1.02163827419281,1.0509088039398193,0.5771037936210632,0.648473858833313,1.0210728645324707,1.0397002696990967,1.508615493774414,-0.6133814454078674,2.9595837593078613,3.0608272552490234,3.061535120010376,3.076293706893921,3.009671926498413,2.759571075439453,2.747504711151123,2.548173189163208,2.7956340312957764,3.2528879642486572,0.01730680651962757,1.7716947793960571,0.054280295968055725,-0.7293985486030579
2,99,1.458173155784607,1.241822361946106,1.291194200515747,0.4732396900653839,0.6882306933403015,1.160437822341919,1.1950587034225464,1.3120924234390259,-0.48728206753730774,2.964535713195801,3.0146775245666504,2.989135503768921,2.73460054397583,2.6370604038238525,2.691427230834961,2.6601622104644775,2.019381046295166,2.508504629135132,1.4512025117874146,1.2390609979629517,1.2640708684921265,0.5114237666130066,0.6299221515655518,1.1723783016204834,1.1853543519973755,1.3500216007232666,-0.5646945834159851,3.008194923400879,3.087693214416504,3.0638513565063477,2.9469175338745117,2.8638689517974854,2.7825307846069336,2.754422426223755,2.3335323333740234,2.7360706329345703,3.17987060546875,0.01995963603258133,1.7480124235153198,0.16536365449428558,-0.6761690378189087
2,99,1.6869902610778809,1.4670753479003906,1.5199309587478638,0.5863392949104309,0.8006234169006348,1.3629153966903687,1.395655632019043,1.2775694131851196,-0.4974465072154999,3.2217352390289307,3.2539443969726562,3.220186948776245,2.8554913997650146,2.737123966217041,2.9090678691864014,2.8758397102355957,2.0382540225982666,2.57100772857666,1.6828557252883911,1.4630954265594482,1.4981690645217896,0.6121326088905334,0.7560730576515198,1.3770067691802979,1.3935372829437256,1.3281080722808838,-0.5925812125205994,3.237919330596924,3.299978494644165,3.2677910327911377,3.038198709487915,2.9364941120147705,2.9667787551879883,2.937185764312744,2.3221797943115234,2.823634147644043,3.2716948986053467,-0.0038376254960894585,1.7706074714660645,0.14351703226566315,-0.6595216989517212
2,99,1.5087354183197021,1.2838267087936401,1.3389561176300049,0.5200120806694031,0.7141814231872559,1.2167021036148071,1.258255958557129,1.342000961303711,-0.5451675057411194,2.7926042079925537,2.8590152263641357,2.847733974456787,2.7027759552001953,2.6227738857269287,2.5435397624969482,2.523871660232544,2.074352979660034,2.4763550758361816,1.5124468803405762,1.2922542095184326,1.3243260383605957,0.579091489315033,0.6831300854682922,1.242358922958374,1.26384699344635,1.3933693170547485,-0.6339532732963562,2.8597567081451416,2.95538330078125,2.9443891048431396,2.9376184940338135,2.8627657890319824,2.6627819538116455,2.643925905227661,2.4028213024139404,2.678905963897705,3.212615728378296,-0.01659708097577095,1.7690966129302979,0.06761319935321808,-0.6844320297241211
2,99,1.416559100151062,1.1821480989456177,1.2490073442459106,0.496015340089798,0.6597806215286255,1.1419682502746582,1.1900684833526611,1.3403139114379883,-0.5696485042572021,2.2737677097320557,2.412895679473877,2.3864943981170654,2.632685899734497,2.503211259841919,2.150421142578125,2.1235804557800293,2.2863359451293945,2.1435046195983887,1.4081178903579712,1.1806546449661255,1.2221500873565674,0.566324770450592,0.6255530714988708,1.1589866876602173,1.1844626665115356,1.3913068771362305,-0.6418325304985046,2.35691237449646,2.5246946811676025,2.4946911334991455,2.882431983947754,2.7483606338500977,2.302539348602295,2.2719764709472656,2.621164321899414,2.2329354286193848,3.0847198963165283,-0.06356342881917953,1.6916565895080566,0.001452157273888588,-0.6690715551376343
2,99,1.328092098236084,1.0919722318649292,1.1527501344680786,0.5408787131309509,0.6441863775253296,1.0692051649093628,1.1180707216262817,1.4031122922897339,-0.5943697690963745,2.4526801109313965,2.5651280879974365,2.5542142391204834,2.6773478984832764,2.563737392425537,2.2907626628875732,2.268528461456299,2.227273464202881,2.3095571994781494,1.2887051105499268,1.0614426136016846,1.0984852313995361,0.5732196569442749,0.5826340317726135,1.0465340614318848,1.0746523141860962,1.4158174991607666,-0.6128362417221069,2.558687925338745,2.700479030609131,2.686770439147949,2.9498255252838135,2.8306400775909424,2.46036958694458,2.434678077697754,2.5783560276031494,2.462085247039795,3.1389710903167725,-0.07817348837852478,1.729416847229004,-0.07578611373901367,-0.7212856411933899
2,99,1.7427105903625488,1.5087995529174805,1.5649210214614868,0.6115221977233887,0.7890993356704712,1.430609107017517,1.4645717144012451,1.283933401107788,-0.5926840901374817,2.628628730773926,2.731259822845459,2.696692705154419,2.6801068782806396,2.567577838897705,2.398406744003296,2.375525712966919,2.138716697692871,2.3832898139953613,1.7343670129776,1.5053530931472778,1.54183030128479,0.6443589329719543,0.7402328848838806,1.4373779296875,1.4540984630584717,1.308390736579895,-0.6409503221511841,2.681607246398926,2.8158981800079346,2.7796947956085205,2.9100444316864014,2.800293445587158,2.510443925857544,2.4870810508728027,2.4641594886779785,2.541292905807495,3.2347660064697266,-0.10314721614122391,1.768513560295105,0.04115419089794159,-0.6285589337348938
2,99,1.3661948442459106,1.1442155838012695,1.1713181734085083,0.5868856310844421,0.67141193151474,1.1367268562316895,1.1474659442901611,1.4360902309417725,-0.6481281518936157,2.2019388675689697,2.3383445739746094,2.3133485317230225,2.5406529903411865,2.4630589485168457,2.0841400623321533,2.054039239883423,2.2478315830230713,2.066047430038452,1.3606277704238892,1.1486190557479858,1.1496800184249878,0.6464446783065796,0.6403563618659973,1.1513360738754272,1.140160322189331,1.4656623601913452,-0.6920099854469299,2.252725601196289,2.417188882827759,2.3927195072174072,2.7608094215393066,2.6928701400756836,2.2042622566223145,2.176906108856201,2.566046953201294,2.1215717792510986,3.043917179107666,-0.18517448008060455,1.6919608116149902,-0.06316830217838287,-0.6403470635414124
2,99,1.5226882696151733,1.2982654571533203,1.3229432106018066,0.6592027544975281,0.7061291933059692,1.2736388444900513,1.2868386507034302,1.4228779077529907,-0.7011421322822571,2.8268048763275146,2.931715250015259,2.92946720123291,2.932244062423706,2.8900914192199707,2.640458106994629,2.627415657043457,2.3905317783355713,2.664163112640381,1.5571928024291992,1.344387412071228,1.3412384986877441,0.7535533308982849,0.7019957900047302,1.3282842636108398,1.3184725046157837,1.470540165901184,-0.7704678773880005,2.977766513824463,3.1078155040740967,3.1077914237976074,3.229358196258545,3.1946022510528564,2.843498945236206,2.8332948684692383,2.76035213470459,2.885732412338257,3.5577595233917236,-0.2867414951324463,1.877738118171692,0.03132111579179764,-0.7833511829376221
2,99,1.4996875524520874,1.2813339233398438,1.2982690334320068,0.6642083525657654,0.6612059473991394,1.2505669593811035,1.2656126022338867,1.4208184480667114,-0.6937309503555298,2.4722814559936523,2.576993465423584,2.573697090148926,2.574540853500366,2.524085760116577,2.2928578853607178,2.2713844776153564,2.0178210735321045,2.2866904735565186,1.5489329099655151,1.3464665412902832,1.334934115409851,0.7639256715774536,0.6590026021003723,1.3142198324203491,1.3040425777435303,1.4462717771530151,-0.7366251945495605,2.5392441749572754,2.6701011657714844,2.6650068759918213,2.788989305496216,2.7359957695007324,2.4123218059539795,2.3892815113067627,2.305582046508789,2.4172699451446533,3.171976327896118,-0.26334357261657715,1.754842758178711,-0.05987010896205902,-0.7375655770301819
2,99,1.5841985940933228,1.3728208541870117,1.3809224367141724,0.6710805892944336,0.6485099196434021,1.3112872838974,1.3190947771072388,1.3819034099578857,-0.6408113241195679,2.854588270187378,2.943237543106079,2.9492034912109375,2.861929416656494,2.8409183025360107,2.652416467666626,2.6359190940856934,2.242344617843628,2.667125940322876,1.6295387744903564,1.4328848123550415,1.4152570962905884,0.7728469967842102,0.6510269641876221,1.3704673051834106,1.3557313680648804,1.408409833908081,-0.6766051054000854,2.9731805324554443,3.0865538120269775,3.093837022781372,3.1234943866729736,3.1072795391082764,2.819798469543457,2.8048348426818848,2.5776586532592773,2.871997594833374,3.454861640930176,-0.25134921073913574,1.9236509799957275,0.0022180236410349607,-0.7793518900871277
2,99,1.0472654104232788,0.8620747327804565,0.8519688248634338,0.4807555079460144,0.4986363351345062,0.8539990186691284,0.8395606279373169,1.3539977073669434,-0.46924102306365967,2.037339210510254,2.18277645111084,2.1541531085968018,2.385328531265259,2.367706537246704,1.9646931886672974,1.921950101852417,2.154326915740967,1.8701448440551758,1.0731592178344727,0.9055591225624084,0.86294025182724,0.547925591468811,0.4498029351234436,0.892713189125061,0.8500694036483765,1.351737141609192,-0.4849923849105835,2.0400092601776123,2.206695795059204,2.175344705581665,2.5254950523376465,2.5144388675689697,2.0266473293304443,1.985344409942627,2.3940680027008057,1.8268345594406128,2.6729812622070312,-0.18207445740699768,1.7060067653656006,0.019928062334656715,-0.6069517135620117
2,99,1.8423829078674316,1.653475284576416,1.6716079711914062,0.79737788438797,0.8143980503082275,1.5382773876190186,1.547594428062439,1.152736783027649,-0.44753608107566833,2.8741817474365234,2.9419984817504883,2.9368462562561035,2.6874308586120605,2.6598446369171143,2.619960308074951,2.602755308151245,1.957445740699768,2.5056164264678955,1.887389898300171,1.7135494947433472,1.712802767753601,0.859247088432312,0.7999955415725708,1.578750491142273,1.571040153503418,1.0864181518554688,-0.3832087218761444,2.9332022666931152,3.022920846939087,3.0203258991241455,2.869175434112549,2.850881338119507,2.7138988971710205,2.6995365619659424,2.2076616287231445,2.70208740234375,3.1016385555267334,-0.25963377952575684,1.8069102764129639,0.25588786602020264,-0.7829211950302124
2,99,1.7998614311218262,1.5954352617263794,1.6381261348724365,0.65623539686203,0.7718203663825989,1.4599311351776123,1.4993022680282593,1.10556960105896,-0.38207462430000305,2.464353084564209,2.573178768157959,2.565788745880127,2.6218514442443848,2.557889938354492,2.3064932823181152,2.279151678085327,2.1389553546905518,2.340343952178955,1.7976555824279785,1.6050852537155151,1.626915454864502,0.6941843628883362,0.7197617292404175,1.4638372659683228,1.4841257333755493,1.0745779275894165,-0.36754149198532104,2.5251545906066895,2.658222198486328,2.6501567363739014,2.826484203338623,2.761002540588379,2.4194791316986084,2.391305446624756,2.423717498779297,2.448782205581665,3.1179964542388916,-0.1744619756937027,1.8350043296813965,0.22357240319252014,-0.688984215259552
2,99,2.1472840309143066,1.9505852460861206,1.9865550994873047,0.9736368656158447,1.0663968324661255,1.7882760763168335,1.820425271987915,1.1604530811309814,-0.3660738468170166,2.781524896621704,2.8337035179138184,2.835615396499634,2.560319423675537,2.5348403453826904,2.5129902362823486,2.497616767883301,1.841479778289795,2.3992700576782227,2.186005115509033,2.001664161682129,2.0203285217285156,1.0327869653701782,1.062435507774353,1.8264988660812378,1.842868447303772,1.1140724420547485,-0.31745797395706177,2.777294874191284,2.8531527519226074,2.855525493621826,2.6948623657226562,2.6696698665618896,2.547987222671509,2.5322928428649902,2.056041717529297,2.5363197326660156,2.9949522018432617,-0.21291299164295197,1.832313895225525,0.2553755044937134,-0.7019302845001221
2,99,2.0646674633026123,1.8860517740249634,1.9050028324127197,0.9897013902664185,0.9999647736549377,1.7396461963653564,1.746005892753601,1.1003116369247437,-0.375941663980484,2.7145566940307617,2.778858184814453,2.768345355987549,2.5135018825531006,2.4821090698242188,2.4600517749786377,2.4389028549194336,1.8343209028244019,2.3436977863311768,2.1159913539886475,1.950399398803711,1.9529966115951538,1.05404794216156,1.004601240158081,1.7869131565093994,1.7790988683700562,1.0396535396575928,-0.30631887912750244,2.721369981765747,2.806699275970459,2.7998294830322266,2.6444997787475586,2.6269357204437256,2.501325845718384,2.4842872619628906,2.047673463821411,2.4915246963500977,2.929677963256836,-0.2137594074010849,1.7629708051681519,0.3063229024410248,-0.6840187907218933
2,99,2.273115396499634,2.105947494506836,2.144432306289673,1.2197198867797852,1.3056879043579102,1.9445728063583374,1.9719746112823486,1.1256098747253418,-0.27730080485343933,2.266230821609497,2.341557741165161,2.313568115234375,2.1507821083068848,2.0761585235595703,2.034519910812378,2.007967233657837,1.5596256256103516,1.9695460796356201,2.3131256103515625,2.156425714492798,2.178755044937134,1.2750176191329956,1.3097541332244873,1.9843709468841553,1.998758316040039,1.0934844017028809,-0.22583939135074615,2.189953327178955,2.286144495010376,2.2608675956726074,2.203958034515381,2.139511823654175,1.9934593439102173,1.9694865942001343,1.714556336402893,2.0200765132904053,2.6712677478790283,-0.10097967088222504,1.6289819478988647,0.2409544587135315,-0.40765509009361267
2,99,2.2026078701019287,2.049549102783203,2.0796661376953125,1.1957379579544067,1.2388560771942139,1.8787307739257812,1.8967236280441284,1.068880558013916,-0.22626183927059174,2.0088860988616943,2.0687365531921387,2.03531551361084,1.78276789188385,1.707149624824524,1.747972011566162,1.712296724319458,1.1484297513961792,1.5989912748336792,2.242652654647827,2.1014585494995117,2.114192247390747,1.25247061252594,1.2410075664520264,1.918526291847229,1.922202467918396,1.0291800498962402,-0.16762951016426086,1.8388601541519165,1.9157129526138306,1.8864163160324097,1.7291285991668701,1.6714398860931396,1.6023494005203247,1.5705206394195557,1.2229206562042236,1.5702301263809204,2.2047338485717773,-0.09033814072608948,1.4632004499435425,0.3488911986351013,-0.07313652336597443
2,99,2.547144651412964,2.4066271781921387,2.4192593097686768,1.504867672920227,1.4942642450332642,2.1970083713531494,2.199730157852173,1.1568855047225952,-0.11060049384832382,1.324243426322937,1.394464135169983,1.3619182109832764,1.2747622728347778,1.2507424354553223,1.0758253335952759,1.0386730432510376,1.1301016807556152,1.0989344120025635,2.622994899749756,2.4939026832580566,2.4908876419067383,1.5965386629104614,1.5395190715789795,2.2718067169189453,2.261462450027466,1.1454545259475708,-0.03356124460697174,1.0494678020477295,1.127211332321167,1.109850287437439,1.1451671123504639,1.1669914722442627,0.8216650485992432,0.7995917201042175,1.2394826412200928,0.9145968556404114,2.260179281234741,-0.0846046432852745,1.3565058708190918,0.34796661138534546,0.08685194700956345
2,99,2.5363011360168457,2.3939104080200195,2.405601739883423,1.551485300064087,1.5241742134094238,2.2170209884643555,2.214292287826538,1.1889415979385376,-0.07594652473926544,0.8834465742111206,0.9965351223945618,0.9969030022621155,1.2293246984481812,1.2947816848754883,0.7571054100990295,0.7579848170280457,1.4439952373504639,0.8652992844581604,2.7184581756591797,2.588214874267578,2.5843777656555176,1.7503242492675781,1.678305745124817,2.397801637649536,2.382206439971924,1.2719935178756714,0.022765982896089554,0.6325793266296387,0.733038604259491,0.7686151266098022,1.080622911453247,1.196555495262146,0.5240611433982849,0.5644149780273438,1.4870153665542603,0.6112216114997864,2.542093276977539,-0.09425635635852814,1.3460341691970825,0.4099256098270416,-0.04026651382446289
2,99,2.24112868309021,2.1004958152770996,2.1198670864105225,1.2274210453033447,1.2348791360855103,1.8992449045181274,1.9026967287063599,0.85809725522995,0.049918968230485916,1.339322566986084,1.4645923376083374,1.4399921894073486,1.6126947402954102,1.6262181997299194,1.21555757522583,1.189910888671875,1.6091208457946777,1.302043080329895,2.320875883102417,2.1975159645080566,2.200087308883667,1.332796335220337,1.2865643501281738,1.9742176532745361,1.9630252122879028,0.7766972184181213,0.2123369723558426,1.110461711883545,1.24970543384552,1.2437376976013184,1.5395392179489136,1.5948553085327148,1.0393754243850708,1.033750057220459,1.713409185409546,1.1066938638687134,2.4181604385375977,-0.13915479183197021,1.598098635673523,0.6682455539703369,-0.021364109590649605
2,99,2.591740369796753,2.448610305786133,2.465813159942627,1.5696343183517456,1.5676778554916382,2.2530391216278076,2.2563345432281494,1.1538946628570557,0.023679064586758614,1.2157394886016846,1.3121302127838135,1.3058465719223022,1.4072341918945312,1.4406468868255615,1.0475062131881714,1.03992760181427,1.4143116474151611,1.1628084182739258,2.7218756675720215,2.59128737449646,2.591139793395996,1.719033122062683,1.6664197444915771,2.3834261894226074,2.372380256652832,1.1941267251968384,0.11400251090526581,0.9577333927154541,1.0563639402389526,1.075451135635376,1.2799254655838013,1.3607717752456665,0.8186026811599731,0.8372527360916138,1.486588478088379,0.9369467496871948,2.540647268295288,-0.14392279088497162,1.5967618227005005,0.44741132855415344,0.17436467111110687
2,99,2.697516918182373,2.5661253929138184,2.576403856277466,1.7326823472976685,1.6985094547271729,2.375098943710327,2.369964122772217,1.2234622240066528,0.004717094823718071,1.091521978378296,1.2409632205963135,1.2148524522781372,1.5293755531311035,1.5605757236480713,1.039198398590088,1.0173602104187012,1.7412054538726807,1.0779049396514893,2.939021348953247,2.821211814880371,2.816682815551758,1.9923083782196045,1.9153623580932617,2.6131906509399414,2.5956332683563232,1.350303053855896,0.16757288575172424,0.7913660407066345,0.9453311562538147,0.9354807734489441,1.3435084819793701,1.411221981048584,0.7778857350349426,0.7737961411476135,1.731581211090088,0.7865347266197205,2.9327328205108643,-0.152628555893898,1.6190389394760132,0.40623989701271057,0.019245129078626633
2,99,2.5227391719818115,2.3874728679656982,2.4009995460510254,1.5454399585723877,1.5284065008163452,2.196471929550171,2.195765972137451,1.152719259262085,-0.03825436532497406,1.178444504737854,1.3226978778839111,1.2818001508712769,1.5422325134277344,1.537644624710083,1.094415307044983,1.0588932037353516,1.5992555618286133,1.1517808437347412,2.6306369304656982,2.50933837890625,2.5041615962982178,1.6741375923156738,1.6025302410125732,2.303459405899048,2.2874584197998047,1.1610028743743896,0.07511908560991287,0.9378145337104797,1.099202036857605,1.0740505456924438,1.471404790878296,1.5062408447265625,0.9218890070915222,0.904464602470398,1.7108345031738281,0.9273573160171509,2.7243118286132812,-0.12835098803043365,1.5834941864013672,0.39777064323425293,0.043215926736593246
2,99,2.5559988021850586,2.419849157333374,2.426915168762207,1.5910433530807495,1.5425636768341064,2.2389795780181885,2.2284834384918213,1.1934943199157715,-0.059352777898311615,1.0156904458999634,1.1476562023162842,1.1148898601531982,1.3367385864257812,1.366447925567627,0.8957359790802002,0.8673147559165955,1.4424638748168945,0.9870470762252808,2.695268392562866,2.5720744132995605,2.5624160766601562,1.7486315965652466,1.650915503501892,2.376509666442871,2.3525431156158447,1.2355175018310547,0.05512630194425583,0.7604350447654724,0.9025338292121887,0.8935617804527283,1.2351338863372803,1.317077875137329,0.6907089948654175,0.6896241903305054,1.534185528755188,0.7579665780067444,2.593034029006958,-0.1778290867805481,1.3559471368789673,0.4363196790218353,-0.0687226727604866
2,99,2.5172133445739746,2.3894388675689697,2.4132797718048096,1.541880488395691,1.567402720451355,2.1799018383026123,2.192004919052124,1.1339495182037354,-0.037714358419179916,1.8136564493179321,1.882224678993225,1.8579620122909546,1.6517243385314941,1.6012144088745117,1.5629565715789795,1.5347164869308472,1.1697453260421753,1.5185050964355469,2.5985422134399414,2.481154680252075,2.489656686782837,1.639832854270935,1.621734380722046,2.262035846710205,2.261752128601074,1.1489442586898804,0.02401391603052616,1.6005548238754272,1.67892587184906,1.6645634174346924,1.5390574932098389,1.5161901712417603,1.3686251640319824,1.349186658859253,1.2134500741958618,1.4139355421066284,2.2704105377197266,-0.15754041075706482,1.5467772483825684,0.41279861330986023,0.18501709401607513
2,99,2.734541177749634,2.5973446369171143,2.608696222305298,1.7241355180740356,1.6884169578552246,2.3939321041107178,2.38967227935791,1.304833173751831,-0.15965557098388672,1.7274346351623535,1.80727219581604,1.7540842294692993,1.6051772832870483,1.5161089897155762,1.478300929069519,1.4240303039550781,1.1868104934692383,1.4213087558746338,2.8314361572265625,2.7055511474609375,2.7004597187042236,1.836586356163025,1.7536852359771729,2.490346908569336,2.4728152751922607,1.3223624229431152,-0.07981614023447037,1.4753280878067017,1.568891167640686,1.5226967334747314,1.478860855102539,1.4256316423416138,1.2507966756820679,1.203628659248352,1.2587860822677612,1.2845929861068726,2.48372220993042,-0.15314340591430664,1.5142000913619995,0.24614602327346802,0.1274167150259018
2,99,2.325965166091919,2.1544477939605713,2.173659324645996,1.3000987768173218,1.2764791250228882,2.016704559326172,2.013622522354126,1.1211131811141968,-0.29632869362831116,1.2818341255187988,1.489758014678955,1.4424718618392944,1.9233434200286865,1.9479938745498657,1.3148614168167114,1.2876685857772827,2.1089327335357666,1.2139848470687866,2.51233172416687,2.3506991863250732,2.352613687515259,1.4981240034103394,1.4162360429763794,2.2028346061706543,2.1858537197113037,1.198229193687439,-0.2652527391910553,0.9989140629768372,1.2167675495147705,1.185330867767334,1.7724424600601196,1.8350659608840942,1.0980103015899658,1.0890262126922607,2.1247565746307373,0.8960364460945129,3.064432382583618,-0.08246798813343048,1.7453395128250122,0.4234056770801544,-0.1294589638710022
2,99,2.388502597808838,2.166260004043579,2.222001314163208,1.0672942399978638,1.235456943511963,2.008774995803833,2.051027536392212,1.023847222328186,-0.3784056603908539,0.8241941928863525,1.0724642276763916,0.9510936737060547,1.9410392045974731,1.796980857849121,1.0631879568099976,0.9722423553466797,2.4884212017059326,0.523307740688324,2.5029170513153076,2.2869365215301514,2.3244471549987793,1.1849398612976074,1.29042387008667,2.1255197525024414,2.1536905765533447,1.0322896242141724,-0.38909056782722473,0.6420443058013916,0.8952970504760742,0.7823029160499573,1.8878333568572998,1.769140362739563,0.9908384084701538,0.9108704924583435,2.5484588146209717,0.24450305104255676,2.9926836490631104,-0.07171943038702011,1.3520662784576416,0.44554415345191956,-0.12985675036907196
2,99,1.2993744611740112,1.0066801309585571,1.1226140260696411,0.5368325114250183,0.692780613899231,0.9397831559181213,1.0265254974365234,1.4189684391021729,-0.40712106227874756,0.8539571166038513,1.0967655181884766,0.9264808893203735,2.2847354412078857,1.9958230257034302,1.2865455150604248,1.150712490081787,2.8048923015594482,-0.042274899780750275,1.1895017623901367,0.8962113857269287,0.9814566969871521,0.6344475746154785,0.6457745432853699,0.8774711489677429,0.9336846470832825,1.513026475906372,-0.4863215386867523,0.81898033618927,1.0320780277252197,0.8847676515579224,2.275982618331909,2.0111849308013916,1.2972723245620728,1.1773160696029663,2.8757662773132324,-0.28244420886039734,2.0434534549713135,0.012879625894129276,0.9112587571144104,-0.20184729993343353,-0.31280043721199036
2,99,1.6685351133346558,1.3526906967163086,1.462462306022644,0.4170582592487335,0.6539165377616882,1.2519084215164185,1.3528316020965576,1.2162866592407227,-0.46990707516670227,0.6993235349655151,0.8304466605186462,0.6244192123413086,2.0086097717285156,1.6016602516174316,1.0603728294372559,0.8961554169654846,2.472522497177124,-0.3242653012275696,1.5553511381149292,1.239323616027832,1.327532410621643,0.5259444117546082,0.577052652835846,1.17909574508667,1.256051778793335,1.3251714706420898,-0.5691474676132202,0.6903545260429382,0.7842966318130493,0.6144301891326904,2.014101028442383,1.6370679140090942,1.0876761674880981,0.9462808966636658,2.5462257862091064,-0.50784832239151,1.9537982940673828,0.008418900892138481,0.5642110705375671,-0.08027783781290054,-0.22127503156661987
2,99,2.3948309421539307,2.1203219890594482,2.1769964694976807,0.9381463527679443,1.1458195447921753,1.9959256649017334,2.0465729236602783,1.1777477264404297,-0.5248912572860718,2.0960988998413086,1.861222743988037,1.831030249595642,0.90787672996521,0.7744067311286926,1.75979745388031,1.740939974784851,1.2095584869384766,-0.588208019733429,2.3450491428375244,2.073849678039551,2.112797975540161,0.9191186428070068,1.063165545463562,1.9608025550842285,1.9967296123504639,1.194495439529419,-0.5937719345092773,2.1526191234588623,1.8987787961959839,1.89115571975708,0.9007391333580017,0.8544747233390808,1.8149131536483765,1.812456488609314,1.2706549167633057,-0.6948970556259155,0.8032236099243164,-0.09602148830890656,0.04505473002791405,0.14515534043312073,0.45457446575164795
2,99,2.127234935760498,1.8738423585891724,1.9064173698425293,0.766250729560852,0.9028025269508362,1.7508509159088135,1.7771241664886475,1.0734225511550903,-0.5057043433189392,2.232154607772827,2.0140066146850586,1.9761544466018677,1.026995062828064,0.895351767539978,1.8891624212265015,1.8604769706726074,1.1483731269836426,-0.5669121742248535,2.061171770095825,1.8110971450805664,1.8272123336791992,0.742638349533081,0.810899555683136,1.700371503829956,1.7126760482788086,1.0965347290039062,-0.5618084669113159,2.260197877883911,2.026880979537964,2.0087718963623047,0.9994664788246155,0.9401890635490417,1.912054181098938,1.8983315229415894,1.1762820482254028,-0.6277087926864624,0.624016523361206,-0.05049500614404678,-0.1033918485045433,0.16937482357025146,0.45750051736831665
2,99,2.5930373668670654,2.340083122253418,2.3921024799346924,1.1719061136245728,1.3645082712173462,2.1881980895996094,2.2386672496795654,1.207014799118042,-0.43087655305862427,2.4111924171447754,2.191250801086426,2.1699299812316895,1.1432169675827026,1.0910696983337402,2.048337697982788,2.0402450561523438,1.17014479637146,-0.4697168171405792,2.553903102874756,2.304229259490967,2.340930938720703,1.1491539478302002,1.2941391468048096,2.1593778133392334,2.1972815990448,1.2038580179214478,-0.4854465425014496,2.46919584274292,2.2354609966278076,2.235274314880371,1.1381537914276123,1.1597824096679688,2.0958151817321777,2.104304313659668,1.1885888576507568,-0.5120071768760681,0.743894100189209,-0.004696338903158903,-0.025568056851625443,0.15181651711463928,0.4713470935821533
2,99,2.358665943145752,2.0955867767333984,2.149859666824341,0.9046052098274231,1.1027777194976807,1.946061372756958,1.994951605796814,1.113560676574707,-0.44964396953582764,1.9517954587936401,1.7360663414001465,1.690969467163086,0.8071798086166382,0.6045080423355103,1.6039369106292725,1.5711615085601807,1.1478012800216675,-0.4429381191730499,2.277653932571411,2.016464948654175,2.054070234298706,0.8502557873725891,0.9916186332702637,1.8806288242340088,1.9151947498321533,1.1341818571090698,-0.522952675819397,1.9282166957855225,1.691885232925415,1.675164818763733,0.6842007637023926,0.5879431962966919,1.567937970161438,1.5575131177902222,1.1317241191864014,-0.48933401703834534,0.9051655530929565,0.025082575157284737,0.034862108528614044,0.22605615854263306,0.4702377915382385
2,99,2.792994499206543,2.5413107872009277,2.576627016067505,1.375766634941101,1.507212519645691,2.39257550239563,2.4258036613464355,1.3380240201950073,-0.5194106698036194,2.9407644271850586,2.719177484512329,2.6960086822509766,1.6060295104980469,1.5647270679473877,2.5585813522338867,2.546865224838257,1.4117509126663208,-0.49417057633399963,2.785291910171509,2.5367937088012695,2.557675361633301,1.3843804597854614,1.4715259075164795,2.39473032951355,2.4161598682403564,1.3559993505477905,-0.5797937512397766,3.0192675590515137,2.7868969440460205,2.7788805961608887,1.6503597497940063,1.6542811393737793,2.632395029067993,2.632307767868042,1.481101393699646,-0.559225857257843,0.6971738338470459,-0.0677422508597374,-0.05048928037285805,0.04814928397536278,0.33406129479408264
2,99,2.5598580837249756,2.314316987991333,2.346359968185425,1.2063994407653809,1.3288847208023071,2.1812174320220947,2.2119617462158203,1.2576441764831543,-0.5238854289054871,2.5388243198394775,2.3263208866119385,2.2960755825042725,1.291000247001648,1.2195022106170654,2.18137788772583,2.1643176078796387,1.2212496995925903,-0.4696321487426758,2.551032066345215,2.3087568283081055,2.328186511993408,1.2136107683181763,1.2962491512298584,2.180361032485962,2.200958251953125,1.2686212062835693,-0.5649721622467041,2.590332269668579,2.3653388023376465,2.3541884422302246,1.2929455041885376,1.2822301387786865,2.2245824337005615,2.222252130508423,1.2479026317596436,-0.511725664138794,0.6342625021934509,-0.08885730057954788,-0.0947960764169693,0.08481796085834503,0.4480871856212616
2,99,3.3892645835876465,3.1385133266448975,3.169710636138916,1.9676765203475952,2.090505361557007,2.9789490699768066,3.014396905899048,1.7877405881881714,-0.5385674238204956,3.204832077026367,2.978029251098633,2.9622983932495117,1.852426528930664,1.8474338054656982,2.812493324279785,2.810595750808716,1.6236448287963867,-0.4759030342102051,3.440044403076172,3.1927006244659424,3.21358585357666,2.0274088382720947,2.1227731704711914,3.034148931503296,3.0613558292388916,1.8329286575317383,-0.5689132213592529,3.318221092224121,3.082881450653076,3.080498218536377,1.9374494552612305,1.9704549312591553,2.9203977584838867,2.929164171218872,1.718165636062622,-0.5243522524833679,0.6536396145820618,-0.12952810525894165,-0.05746683105826378,-0.15369707345962524,0.23137931525707245
2,99,2.957162618637085,2.7070560455322266,2.756042957305908,1.519964337348938,1.7015703916549683,2.542728900909424,2.5933895111083984,1.4435769319534302,-0.5152419209480286,2.622502565383911,2.40582537651062,2.384979248046875,1.3118953704833984,1.2750519514083862,2.241713285446167,2.235525131225586,1.237581729888916,-0.4486251473426819,2.9575893878936768,2.710555076599121,2.746081590652466,1.5306063890457153,1.6737055778503418,2.5507097244262695,2.5904104709625244,1.4542444944381714,-0.5631769895553589,2.6871280670166016,2.457465171813965,2.4552783966064453,1.3260793685913086,1.3517706394195557,2.299212694168091,2.3081490993499756,1.2811156511306763,-0.5178335905075073,0.8539732098579407,-0.02742973528802395,0.036891430616378784,0.03262217342853546,0.4248696565628052
2,99,2.769794225692749,2.5180296897888184,2.5738911628723145,1.3579784631729126,1.5754318237304688,2.3706376552581787,2.4296987056732178,1.3875693082809448,-0.5293906331062317,2.361069440841675,2.1436424255371094,2.129016637802124,1.1069402694702148,1.0854122638702393,2.000631332397461,2.001917839050293,1.1745368242263794,-0.4606736898422241,2.740867853164673,2.492701292037964,2.534816265106201,1.342072606086731,1.5189992189407349,2.3494770526885986,2.397237777709961,1.3758803606033325,-0.5636405944824219,2.4091720581054688,2.1774020195007324,2.1833298206329346,1.0928459167480469,1.145258903503418,2.0405447483062744,2.058203935623169,1.2004420757293701,-0.5233198404312134,0.8428767919540405,-0.07720072567462921,-0.01562640070915222,0.031786177307367325,0.43750202655792236
2,99,3.269841194152832,3.0211148262023926,3.069675922393799,1.789555549621582,1.9887242317199707,2.830200672149658,2.8874738216400146,1.6237329244613647,-0.4846763014793396,2.9370574951171875,2.7140636444091797,2.7116363048553467,1.5428227186203003,1.592717170715332,2.520453929901123,2.5366573333740234,1.3660145998001099,-0.4228042662143707,3.299138069152832,3.0551888942718506,3.090932846069336,1.8287607431411743,1.993378758430481,2.863929271697998,2.9110708236694336,1.6401616334915161,-0.5021421313285828,3.042724370956421,2.811079978942871,2.822406768798828,1.6134533882141113,1.7070581912994385,2.6190669536590576,2.6464641094207764,1.437499761581421,-0.4595852196216583,0.7249726057052612,-0.10738059878349304,-0.06154607981443405,-0.06132831797003746,0.3667583167552948
2,99,3.216618537902832,2.969686508178711,3.018463134765625,1.7729461193084717,1.9775134325027466,2.792731285095215,2.8519034385681152,1.599206566810608,-0.45287472009658813,2.985389471054077,2.765629291534424,2.7584173679351807,1.6395182609558105,1.6809567213058472,2.5893540382385254,2.6028897762298584,1.4396440982818604,-0.4346998929977417,3.2573485374450684,3.0155065059661865,3.0518150329589844,1.8226665258407593,1.993686556816101,2.8366541862487793,2.885976791381836,1.618821620941162,-0.45762959122657776,3.1001720428466797,2.8719980716705322,2.8793418407440186,1.7148780822753906,1.8024052381515503,2.6944427490234375,2.720104217529297,1.5056214332580566,-0.4514532685279846,0.7349416017532349,-0.07976318895816803,-0.052503928542137146,-0.08064623177051544,0.3169366419315338
2,99,2.9782869815826416,2.7394769191741943,2.7853920459747314,1.553565263748169,1.7477331161499023,2.5540599822998047,2.6103007793426514,1.3920234441757202,-0.3626611530780792,2.769313335418701,2.554900884628296,2.5472943782806396,1.4465887546539307,1.4747129678726196,2.3741915225982666,2.3862826824188232,1.279255986213684,-0.3679124116897583,2.976330518722534,2.744084358215332,2.7766425609588623,1.561130404472351,1.7179601192474365,2.553457260131836,2.59917950630188,1.3576314449310303,-0.33056479692459106,2.852350950241089,2.6308181285858154,2.637179136276245,1.488198161125183,1.563350796699524,2.4462366104125977,2.470127582550049,1.3021093606948853,-0.3618355989456177,0.6750578284263611,-0.08941418677568436,-0.03751685842871666,0.06036548689007759,0.40520867705345154
2,99,2.8743388652801514,2.6457903385162354,2.6639368534088135,1.4498463869094849,1.5168728828430176,2.4393703937530518,2.458223342895508,1.2051156759262085,-0.29738956689834595,2.919194221496582,2.71095609664917,2.680370807647705,1.5751004219055176,1.4926115274429321,2.5073423385620117,2.4890244007110596,1.2734596729278564,-0.3255191743373871,2.866697072982788,2.646972417831421,2.647761344909668,1.458314061164856,1.4722235202789307,2.433513879776001,2.439436674118042,1.1542106866836548,-0.2505144774913788,2.9596590995788574,2.7463510036468506,2.7281136512756348,1.5846920013427734,1.5402328968048096,2.5382091999053955,2.529472827911377,1.263081431388855,-0.30212223529815674,0.5485078692436218,-0.17135678231716156,-0.11765166372060776,0.29705291986465454,0.4860072731971741
2,99,2.918572425842285,2.6879169940948486,2.7056405544281006,1.4252080917358398,1.5023586750030518,2.4551045894622803,2.474073886871338,1.0835541486740112,-0.19068795442581177,3.0465025901794434,2.8351969718933105,2.806548595428467,1.629634141921997,1.5574809312820435,2.6040091514587402,2.5866286754608154,1.2000845670700073,-0.2111351639032364,2.8917200565338135,2.6724982261657715,2.676208972930908,1.414163589477539,1.4456567764282227,2.423550844192505,2.4322688579559326,0.9633480906486511,-0.0693339928984642,3.084991455078125,2.8683054447174072,2.852562665939331,1.6366801261901855,1.6056632995605469,2.632964611053467,2.6258742809295654,1.189617395401001,-0.18973973393440247,0.5649966597557068,-0.20630742609500885,-0.08389732986688614,0.4183005392551422,0.5374720692634583
2,99,3.154045820236206,2.936877727508545,2.9499387741088867,1.705393671989441,1.7605103254318237,2.698881149291992,2.7134997844696045,1.2467941045761108,-0.1845448762178421,2.973092794418335,2.779775857925415,2.7451884746551514,1.6026697158813477,1.511009931564331,2.5361764430999756,2.5134224891662598,1.09561288356781,-0.14306345582008362,3.1737945079803467,2.965826988220215,2.9646151065826416,1.7383909225463867,1.7504324913024902,2.717376947402954,2.7212719917297363,1.1979570388793945,-0.10974763333797455,3.0369749069213867,2.8381707668304443,2.8162715435028076,1.6361511945724487,1.5846738815307617,2.5907819271087646,2.5782322883605957,1.103429913520813,-0.11982332915067673,0.6087395548820496,-0.1476214975118637,-0.027650345116853714,0.2955695688724518,0.5732249021530151
2,99,2.5135560035705566,2.2887039184570312,2.3150036334991455,1.061286211013794,1.1794734001159668,2.066856622695923,2.0934650897979736,0.8825938105583191,-0.1613951474428177,2.289853096008301,2.1020684242248535,2.0515060424804688,1.0037157535552979,0.8283794522285461,1.8742066621780396,1.8377591371536255,0.7925382852554321,-0.09912840276956558,2.444777488708496,2.22989821434021,2.234346866607666,1.0060244798660278,1.0479689836502075,1.9990049600601196,2.0081584453582764,0.7639491558074951,-0.11499253660440445,2.281672954559326,2.085463762283325,2.053664207458496,0.9292617440223694,0.8249613642692566,1.850265383720398,1.8295050859451294,0.70233553647995,-0.0726407989859581,0.7613537311553955,-0.09956368803977966,0.02559777908027172,0.5393267273902893,0.7504498362541199
2,99,2.902857780456543,2.6970877647399902,2.705087423324585,1.5130031108856201,1.5308492183685303,2.468334197998047,2.4738054275512695,1.0078428983688354,-0.14181648194789886,2.6590311527252197,2.489849328994751,2.431385040283203,1.3854308128356934,1.1902085542678833,2.2486391067504883,2.200026035308838,0.8218965530395508,-0.059902869164943695,2.916334867477417,2.720459222793579,2.709172248840332,1.5407767295837402,1.4978203773498535,2.4836010932922363,2.473522901535034,0.9525266885757446,-0.10154727101325989,2.7123866081237793,2.5348453521728516,2.4925174713134766,1.3945289850234985,1.2515838146209717,2.2904703617095947,2.255110025405884,0.7910987734794617,-0.045425958931446075,0.756635844707489,-0.11271701753139496,0.0052831764332950115,0.43760451674461365,0.7579613924026489
2,99,3.09826922416687,2.8757965564727783,2.888307809829712,1.6579521894454956,1.7053099870681763,2.6522040367126465,2.6669199466705322,1.1753129959106445,-0.14428886771202087,2.8621561527252197,2.669827461242676,2.6264333724975586,1.5130929946899414,1.387339472770691,2.433016061782837,2.4017388820648193,0.9465897679328918,-0.05722472071647644,3.1298251152038574,2.9179441928863525,2.912339925765991,1.7044798135757446,1.6970314979553223,2.6829593181610107,2.6829378604888916,1.1259727478027344,-0.07121335715055466,2.9184207916259766,2.7206482887268066,2.690976142883301,1.5365840196609497,1.4544113874435425,2.478911876678467,2.458968162536621,0.9346062541007996,-0.02069525048136711,0.6926955580711365,-0.1446777731180191,-0.028001323342323303,0.3758055865764618,0.6664744019508362
2,99,3.228940486907959,3.0036067962646484,3.0116753578186035,1.7685534954071045,1.7856473922729492,2.7701590061187744,2.778108596801758,1.2384546995162964,-0.1275554746389389,3.018124580383301,2.8212506771087646,2.778642177581787,1.6372567415237427,1.501200795173645,2.5744073390960693,2.5410983562469482,1.013781189918518,-0.024539614096283913,3.272869110107422,3.0573740005493164,3.0487005710601807,1.8266403675079346,1.7938817739486694,2.8141229152679443,2.8086390495300293,1.2130322456359863,-0.05828311666846275,3.0757391452789307,2.8739635944366455,2.8439671993255615,1.66690993309021,1.5700652599334717,2.622436285018921,2.599569797515869,1.014283537864685,0.012594054453074932,0.6552695035934448,-0.16358192265033722,-0.05626627057790756,0.36621206998825073,0.6058951020240784
2,99,3.0350992679595947,2.8267109394073486,2.8241565227508545,1.6409653425216675,1.604608416557312,2.5947396755218506,2.58664608001709,1.1064387559890747,-0.1087966039776802,2.9510364532470703,2.769595146179199,2.7114579677581787,1.638230562210083,1.4316158294677734,2.530350923538208,2.4758450984954834,1.0125080347061157,-0.05187084153294563,3.0576205253601074,2.858830690383911,2.838756561279297,1.6774882078170776,1.586406946182251,2.6176910400390625,2.5948729515075684,1.0571671724319458,-0.045119937509298325,2.995055675506592,2.8091084957122803,2.7637083530426025,1.654770851135254,1.4864507913589478,2.564326047897339,2.5203137397766113,0.9958829283714294,-0.013519586063921452,0.6463834047317505,-0.17192529141902924,-0.11268743127584457,0.454450786113739,0.6537044644355774
2,99,2.7129416465759277,2.5012567043304443,2.503854274749756,1.3008173704147339,1.3027243614196777,2.2665698528289795,2.2651381492614746,0.8811128735542297,-0.09288837015628815,2.6667842864990234,2.4838414192199707,2.4218344688415527,1.3541905879974365,1.1353956460952759,2.244518995285034,2.1894965171813965,0.8413261771202087,-0.07182944566011429,2.694895029067993,2.4936811923980713,2.476903200149536,1.2973088026046753,1.23238205909729,2.248352289199829,2.2305994033813477,0.7815402150154114,-0.031294748187065125,2.661590576171875,2.4733405113220215,2.427072286605835,1.312111496925354,1.1449297666549683,2.227003574371338,2.1847100257873535,0.765214204788208,-0.028167765587568283,0.6506615877151489,-0.19221636652946472,-0.22033771872520447,0.6272621154785156,0.7588005661964417
2,99,2.471818685531616,2.2730536460876465,2.2681984901428223,1.1503667831420898,1.120896339416504,2.054978847503662,2.0414938926696777,0.8147615790367126,-0.0775628462433815,2.6846108436584473,2.5152461528778076,2.4487578868865967,1.44645357131958,1.2012369632720947,2.285426139831543,2.2208542823791504,0.8822512030601501,-0.028505945578217506,2.4624741077423096,2.2784950733184814,2.2529118061065674,1.1595929861068726,1.0536214113235474,2.041412830352783,2.0103659629821777,0.6680108904838562,0.03292621299624443,2.684314489364624,2.5112740993499756,2.4577436447143555,1.4199626445770264,1.2153904438018799,2.2745261192321777,2.220395088195801,0.821692168712616,0.021829769015312195,0.6568086743354797,-0.18572497367858887,-0.249216228723526,0.654396116733551,0.7423855662345886
2,99,2.819530487060547,2.6068999767303467,2.6212058067321777,1.4010649919509888,1.45204496383667,2.374342679977417,2.386354684829712,0.9840768575668335,-0.14694932103157043,2.8307442665100098,2.6495301723480225,2.598720073699951,1.506466031074524,1.3477190732955933,2.407818555831909,2.3652286529541016,0.9463996887207031,-0.11557116359472275,2.806457757949829,2.603773593902588,2.597923755645752,1.399703025817871,1.3854831457138062,2.3622121810913086,2.35752272605896,0.8953019380569458,-0.10587712377309799,2.85685396194458,2.669856309890747,2.6326403617858887,1.4998202323913574,1.3838444948196411,2.423638105392456,2.3926615715026855,0.9152546525001526,-0.08634474128484726,0.7082515954971313,-0.11101856827735901,-0.192079097032547,0.4935060441493988,0.7036304473876953
2,99,2.7368826866149902,2.51076340675354,2.5331878662109375,1.3253586292266846,1.4026069641113281,2.3055107593536377,2.324535369873047,1.0047510862350464,-0.17677555978298187,2.777968168258667,2.5851805210113525,2.542785167694092,1.4641551971435547,1.332114338874817,2.3664703369140625,2.3340330123901367,0.9738978147506714,-0.11245173215866089,2.7167112827301025,2.500192880630493,2.502047300338745,1.3175508975982666,1.3284260034561157,2.287262439727783,2.2900571823120117,0.9226949214935303,-0.1447492390871048,2.8137264251708984,2.6153910160064697,2.58625864982605,1.4668397903442383,1.3769222497940063,2.39168381690979,2.3701345920562744,0.9493954181671143,-0.07967320829629898,0.703336238861084,-0.06003288924694061,-0.09197571873664856,0.43685445189476013,0.6603838205337524
2,99,2.3874690532684326,2.1587729454040527,2.192307710647583,1.041486144065857,1.1628384590148926,1.9917603731155396,2.0210180282592773,1.013302206993103,-0.27631014585494995,2.522653341293335,2.3250246047973633,2.286778688430786,1.305128574371338,1.1878749132156372,2.1629021167755127,2.133922576904297,1.1440494060516357,-0.3505638837814331,2.353482246398926,2.1327552795410156,2.14359450340271,1.025024175643921,1.0695782899856567,1.9650812149047852,1.975776195526123,0.9673773646354675,-0.2897428870201111,2.528988838195801,2.322157144546509,2.2996325492858887,1.2650270462036133,1.197802186012268,2.1587772369384766,2.1425297260284424,1.1153603792190552,-0.35156163573265076,0.7311856150627136,0.0055242967791855335,-0.037116531282663345,0.28896093368530273,0.4839068055152893
2,99,2.750253915786743,2.515660524368286,2.5465240478515625,1.3400204181671143,1.4595201015472412,2.328385829925537,2.3595898151397705,1.1987662315368652,-0.33251848816871643,2.835488796234131,2.6250503063201904,2.6035759449005127,1.5150643587112427,1.4688758850097656,2.4387388229370117,2.4267923831939697,1.2793687582015991,-0.380849152803421,2.718950033187866,2.4883768558502197,2.506892442703247,1.3204454183578491,1.400984287261963,2.302732229232788,2.3235538005828857,1.1750935316085815,-0.3556275963783264,2.863215923309326,2.644857883453369,2.6375935077667236,1.5059627294540405,1.504820704460144,2.4574050903320312,2.457239866256714,1.2764374017715454,-0.3792010545730591,0.6139482259750366,-0.03814828768372536,-0.06479330360889435,0.21646209061145782,0.395196795463562
2,99,2.7882862091064453,2.545276641845703,2.5842397212982178,1.3496819734573364,1.501679539680481,2.3637781143188477,2.4042000770568848,1.2280058860778809,-0.3701395094394684,2.761211633682251,2.5470542907714844,2.5263144969940186,1.422066569328308,1.3822554349899292,2.362149715423584,2.3532419204711914,1.2015820741653442,-0.3841478228569031,2.753506660461426,2.5139596462249756,2.5385384559631348,1.327908992767334,1.4350091218948364,2.3374054431915283,2.365565061569214,1.2150417566299438,-0.4221402108669281,2.8155601024627686,2.5916881561279297,2.5863237380981445,1.4352055788040161,1.446387767791748,2.408496856689453,2.412327289581299,1.2276071310043335,-0.40734222531318665,0.6810684204101562,0.006452688481658697,-0.06309536099433899,0.1919262409210205,0.4638125002384186
2,99,2.202533483505249,1.9553773403167725,2.0017499923706055,0.7985131740570068,0.9883597493171692,1.7983543872833252,1.8381009101867676,1.0481215715408325,-0.3917985260486603,2.3962175846099854,2.185898542404175,2.156501054763794,1.1103451251983643,1.0217236280441284,2.0170438289642334,1.9968820810317993,1.0695290565490723,-0.4041406214237213,2.1433768272399902,1.8987102508544922,1.9270553588867188,0.762786328792572,0.8862169981002808,1.7538559436798096,1.7780444622039795,1.065969467163086,-0.4653465151786804,2.4249560832977295,2.2017691135406494,2.1913487911224365,1.0825616121292114,1.0622575283050537,2.037161111831665,2.031992197036743,1.0783228874206543,-0.4427492916584015,0.7418845295906067,0.07970486581325531,-0.045475564897060394,0.3230781853199005,0.5376561284065247
2,99,2.4794583320617676,2.233123540878296,2.2705321311950684,1.0410593748092651,1.2034623622894287,2.0593080520629883,2.0964112281799316,1.1071171760559082,-0.4059058129787445,2.6233601570129395,2.4047751426696777,2.3883216381073,1.2707488536834717,1.2419624328613281,2.2194535732269287,2.213386297225952,1.132192850112915,-0.3903762996196747,2.423522472381592,2.1810081005096436,2.2031075954437256,1.004825234413147,1.112048625946045,2.0133020877838135,2.0372307300567627,1.0936787128448486,-0.45182186365127563,2.6625094413757324,2.434757947921753,2.433122396469116,1.2685033082962036,1.293058156967163,2.2508227825164795,2.256882429122925,1.1480321884155273,-0.4092961549758911,0.6162513494491577,-0.004637778736650944,-0.09740684181451797,0.24461883306503296,0.5323448777198792
2,99,2.349348783493042,2.1025238037109375,2.133150815963745,0.9056345820426941,1.0414692163467407,1.9244213104248047,1.9562973976135254,1.0555834770202637,-0.3893921971321106,2.6199278831481934,2.4016127586364746,2.3779540061950684,1.2623217105865479,1.2027897834777832,2.2094743251800537,2.198662757873535,1.1333222389221191,-0.3785686790943146,2.263972759246826,2.0213584899902344,2.038144111633301,0.8417107462882996,0.9255031943321228,1.8472232818603516,1.8676601648330688,1.0355228185653687,-0.411810040473938,2.632444143295288,2.4053308963775635,2.3970484733581543,1.231304407119751,1.2255759239196777,2.2127575874328613,2.2143197059631348,1.1171976327896118,-0.3794049024581909,0.6229196190834045,-0.008310647681355476,-0.10524903982877731,0.28704312443733215,0.5274552702903748
2,99,2.739562749862671,2.48772931098938,2.5291783809661865,1.278829574584961,1.4459471702575684,2.313262701034546,2.356304883956909,1.2400697469711304,-0.38259032368659973,2.8262462615966797,2.603782892227173,2.583613157272339,1.4691441059112549,1.434383749961853,2.4271936416625977,2.4195778369903564,1.3038800954818726,-0.4170902669429779,2.6974985599517822,2.4489734172821045,2.47563099861145,1.2520734071731567,1.3713650703430176,2.2810356616973877,2.3114538192749023,1.2339578866958618,-0.44166988134384155,2.883500099182129,2.6510512828826904,2.646329641342163,1.4838086366653442,1.5008958578109741,2.4762790203094482,2.4814462661743164,1.3321900367736816,-0.44594141840934753,0.7187660336494446,0.04281425103545189,-0.06717897206544876,0.15729188919067383,0.41205331683158875
2,99,2.9793169498443604,2.746072769165039,2.789741039276123,1.601190447807312,1.7726353406906128,2.569669246673584,2.6182994842529297,1.4333473443984985,-0.381723552942276,2.7753498554229736,2.568345546722412,2.557770252227783,1.4857670068740845,1.4912033081054688,2.390010356903076,2.3940494060516357,1.281567931175232,-0.37011680006980896,2.9770355224609375,2.7478060722351074,2.7785117626190186,1.6090158224105835,1.7429678440093994,2.573065996170044,2.6110448837280273,1.4307860136032104,-0.41473472118377686,2.84002685546875,2.624567747116089,2.6291306018829346,1.5117206573486328,1.56635582447052,2.4452147483825684,2.4618782997131348,1.306066632270813,-0.37443819642066956,0.6861998438835144,0.024174833670258522,-0.10828036814928055,0.06023694947361946,0.4183174669742584
2,99,2.761518716812134,2.5180625915527344,2.5570461750030518,1.3695260286331177,1.5192952156066895,2.3578784465789795,2.398930311203003,1.2978096008300781,-0.4203864336013794,2.7050681114196777,2.489888906478882,2.4734385013580322,1.398668885231018,1.3718551397323608,2.3200483322143555,2.3170604705810547,1.222719430923462,-0.3776063621044159,2.7441329956054688,2.505613327026367,2.529444932937622,1.3642750978469849,1.4672765731811523,2.3463375568389893,2.375255584716797,1.2789503335952759,-0.4444733262062073,2.746790647506714,2.5238568782806396,2.5214598178863525,1.4037408828735352,1.4235929250717163,2.353156805038452,2.3615670204162598,1.2300198078155518,-0.37896233797073364,0.630781352519989,-0.07050149142742157,-0.14883330464363098,0.15464450418949127,0.45605456829071045
2,99,2.657801389694214,2.4235665798187256,2.4384689331054688,1.2745745182037354,1.33810293674469,2.249934196472168,2.2650694847106934,1.1571122407913208,-0.3466062545776367,2.699530601501465,2.488985300064087,2.4557762145996094,1.4002102613449097,1.298033356666565,2.309255838394165,2.2861785888671875,1.1760032176971436,-0.33192551136016846,2.61857008934021,2.390875816345215,2.3919284343719482,1.2474114894866943,1.263238549232483,2.2124946117401123,2.2166361808776855,1.0977182388305664,-0.3220420479774475,2.712944269180298,2.496962308883667,2.4762027263641357,1.3788955211639404,1.3188806772232056,2.312727451324463,2.299616813659668,1.1420385837554932,-0.3017158806324005,0.5537649393081665,-0.07848899811506271,-0.14798499643802643,0.22687745094299316,0.4994211494922638
2,99,2.798985719680786,2.5499632358551025,2.588977575302124,1.3097548484802246,1.4817638397216797,2.3559398651123047,2.4010825157165527,1.1698487997055054,-0.27889156341552734,2.7257421016693115,2.5048325061798096,2.490060329437256,1.3386479616165161,1.3198742866516113,2.2994771003723145,2.302236795425415,1.0764061212539673,-0.18830233812332153,2.761446952819824,2.5181121826171875,2.5436978340148926,1.2825368642807007,1.4097269773483276,2.320216655731201,2.354922294616699,1.1101802587509155,-0.25734254717826843,2.754796028137207,2.527676582336426,2.5270891189575195,1.324671745300293,1.357782244682312,2.317119836807251,2.3313889503479004,1.0441632270812988,-0.16201019287109375,0.6414868235588074,0.03011435642838478,-0.1258578598499298,0.25421077013015747,0.573175311088562
2,99,2.883394241333008,2.6469900608062744,2.683480978012085,1.4694206714630127,1.6164737939834595,2.4648053646087646,2.503973960876465,1.252998948097229,-0.2933262586593628,2.6996824741363525,2.5015454292297363,2.4732983112335205,1.3986191749572754,1.3339835405349731,2.2962865829467773,2.284024715423584,1.0260536670684814,-0.12006786465644836,2.8814241886138916,2.6518094539642334,2.672971725463867,1.474352240562439,1.574615478515625,2.463620185852051,2.4908599853515625,1.2040103673934937,-0.26638972759246826,2.746014356613159,2.539982557296753,2.527879238128662,1.3980334997177124,1.3881515264511108,2.330136775970459,2.331264019012451,1.0040556192398071,-0.09921281039714813,0.799541175365448,0.03550896793603897,-0.10291039198637009,0.22456827759742737,0.6245624423027039
2,99,2.4459707736968994,2.195781707763672,2.250054121017456,0.9592375159263611,1.1996159553527832,2.003262996673584,2.0618326663970947,0.9242608547210693,-0.15725786983966827,2.4494426250457764,2.2426748275756836,2.215059518814087,1.1181927919387817,1.0413070917129517,2.0325357913970947,2.0214836597442627,0.8369641900062561,-0.07531578093767166,2.3765647411346436,2.133734703063965,2.1677067279815674,0.8875494599342346,1.059725284576416,1.935361623764038,1.9768284559249878,0.8147276043891907,-0.14514055848121643,2.4664125442504883,2.249842882156372,2.2404675483703613,1.0672919750213623,1.0626424551010132,2.0341267585754395,2.0394184589385986,0.7617219686508179,-0.05284590646624565,0.8653184771537781,0.13447842001914978,0.01179956179112196,0.4854239523410797,0.7333782315254211
2,99,2.1875267028808594,1.953908920288086,1.9924476146697998,0.6759287714958191,0.8884430527687073,1.723044991493225,1.7648992538452148,0.8370510935783386,-0.15188999474048615,2.1922144889831543,2.0045344829559326,1.9615811109542847,0.8876298666000366,0.7176222205162048,1.753021001815796,1.7245900630950928,0.7600874304771423,-0.07625206559896469,2.0638489723205566,1.8419240713119507,1.856661319732666,0.5645957589149475,0.6783522963523865,1.5991383790969849,1.6207351684570312,0.7409359216690063,-0.11347321420907974,2.149975299835205,1.952528476715088,1.9280173778533936,0.7691920399665833,0.6758961081504822,1.6951402425765991,1.6828587055206299,0.6749244332313538,-0.052011389285326004,0.7530078887939453,0.0331181101500988,-0.039106324315071106,0.57867830991745,0.7744684219360352
2,99,2.6359570026397705,2.403942823410034,2.4303417205810547,1.1285988092422485,1.2587547302246094,2.1649460792541504,2.1976611614227295,0.8590485453605652,-0.08964145928621292,2.689173460006714,2.486029863357544,2.4524617195129395,1.2878968715667725,1.1974716186523438,2.2380459308624268,2.2196309566497803,0.8338772654533386,-0.07712219655513763,2.5767483711242676,2.3558216094970703,2.363208055496216,1.0849509239196777,1.1464791297912598,2.103905439376831,2.1204867362976074,0.715215265750885,-0.027470121160149574,2.705052137374878,2.497025489807129,2.4784090518951416,1.2629027366638184,1.226702332496643,2.240715980529785,2.2351040840148926,0.7641904354095459,-0.016095969825983047,0.6606637239456177,-0.0352759063243866,-0.1543494015932083,0.5439260005950928,0.7490211129188538
2,99,2.7031428813934326,2.4729626178741455,2.5084056854248047,1.2016661167144775,1.3582549095153809,2.234449863433838,2.2776472568511963,0.8925825357437134,-0.08247561007738113,2.632474184036255,2.435636520385742,2.4044013023376465,1.2509883642196655,1.1731207370758057,2.185370683670044,2.1706833839416504,0.7975561618804932,-0.05992443487048149,2.663231372833252,2.444087266921997,2.460047483444214,1.1761926412582397,1.2670271396636963,2.1927921772003174,2.219165802001953,0.7611158490180969,-0.024021906778216362,2.654170513153076,2.4515669345855713,2.4368927478790283,1.2277522087097168,1.2084473371505737,2.1930220127105713,2.192598581314087,0.7230649590492249,0.0026377676986157894,0.6995055675506592,-0.04337131977081299,-0.1391468495130539,0.5837408900260925,0.7762731313705444
2,99,2.36635684967041,2.1512904167175293,2.169790267944336,0.9045836925506592,1.0084969997406006,1.899781346321106,1.9215787649154663,0.6962628960609436,-0.024904172867536545,2.518549919128418,2.331810712814331,2.2922422885894775,1.1708194017410278,1.0365315675735474,2.071918249130249,2.0406880378723145,0.7105335593223572,0.0025511367712169886,2.2911784648895264,2.0908255577087402,2.088951349258423,0.8593054413795471,0.8758450746536255,1.8205788135528564,1.8233567476272583,0.5219085812568665,0.07243052124977112,2.4927806854248047,2.302030324935913,2.27604341506958,1.108271837234497,1.0243397951126099,2.033576488494873,2.0144803524017334,0.6109111309051514,0.05761522427201271,0.631524384021759,-0.0360407829284668,-0.09496304392814636,0.6886870861053467,0.8199754953384399
2,99,1.7157378196716309,1.4860559701919556,1.5214706659317017,0.17831189930438995,0.4889315366744995,1.2366948127746582,1.2809776067733765,0.8666613101959229,-0.03848094865679741,2.0644655227661133,1.8668668270111084,1.834637999534607,0.7425174713134766,0.5857992768287659,1.6087679862976074,1.5902211666107178,0.7093961834907532,-0.014465724118053913,1.563133716583252,1.3552597761154175,1.3650879859924316,0.22560355067253113,0.28390583395957947,1.0760159492492676,1.0953232049942017,0.8523106575012207,0.07115968316793442,1.9779233932495117,1.775940179824829,1.7596120834350586,0.5989841222763062,0.5129980444908142,1.5054478645324707,1.501262903213501,0.6340358257293701,0.04108123853802681,0.6602980494499207,-0.04272475838661194,-0.12829363346099854,0.5431326031684875,0.8075398206710815
2,99,2.0609359741210938,1.8300174474716187,1.8666538000106812,0.5314512848854065,0.7570419907569885,1.5859510898590088,1.6309072971343994,0.7392752766609192,-0.05064691975712776,2.119194269180298,1.9233442544937134,1.8918418884277344,0.7949215173721313,0.6567108631134033,1.6689363718032837,1.6524882316589355,0.7015312314033508,-0.01699100248515606,1.963577151298523,1.7461369037628174,1.759812831878662,0.4777241051197052,0.5798260569572449,1.4873474836349487,1.511457085609436,0.6555942893028259,0.00586229981854558,2.0760676860809326,1.8734610080718994,1.8585411310195923,0.686565637588501,0.6241373419761658,1.6111165285110474,1.609371304512024,0.6225640773773193,0.020479008555412292,0.6072341799736023,-0.06503884494304657,-0.1160956546664238,0.6904520392417908,0.8087850213050842
2,99,2.51385498046875,2.2793986797332764,2.3253538608551025,0.9691359996795654,1.1979628801345825,2.029651403427124,2.0894100666046143,0.7879625558853149,-0.07783466577529907,2.419440746307373,2.2142281532287598,2.2059967517852783,1.0151454210281372,1.009393334388733,1.9543875455856323,1.9658271074295044,0.701998770236969,-0.02427837811410427,2.4321963787078857,2.2096500396728516,2.236727237701416,0.9155792593955994,1.0673155784606934,1.9466280937194824,1.9898669719696045,0.6419926881790161,-0.009090185165405273,2.3926799297332764,2.1832003593444824,2.1890106201171875,0.9423007965087891,0.9959830045700073,1.914324164390564,1.9383505582809448,0.6050371527671814,0.027789216488599777,0.607006847858429,-0.06836725771427155,-0.14778974652290344,0.623089075088501,0.8176862597465515
2,99,1.819972038269043,1.591552972793579,1.6211836338043213,0.32057085633277893,0.5623487830162048,1.3562028408050537,1.389965295791626,0.7986074090003967,-0.03613251820206642,2.219738721847534,2.022477865219116,1.9851511716842651,0.8863918781280518,0.7405767440795898,1.7780975103378296,1.7527016401290894,0.7020044922828674,-0.023068740963935852,1.7065138816833496,1.4981595277786255,1.5020194053649902,0.30517375469207764,0.36706456542015076,1.236528754234314,1.246687650680542,0.7287676334381104,0.06326665729284286,2.173062801361084,1.9713096618652344,1.9489986896514893,0.7889854311943054,0.7074953317642212,1.7164033651351929,1.7043155431747437,0.602239727973938,0.03184490278363228,0.6942764520645142,-0.021546460688114166,-0.11707307398319244,0.6027480959892273,0.8119324445724487
2,99,2.093407392501831,1.872314453125,1.896122932434082,0.6084403991699219,0.7643318772315979,1.6277642250061035,1.6555888652801514,0.7373561859130859,-0.06490171700716019,2.335597038269043,2.1455326080322266,2.1086347103118896,0.9939712882041931,0.8585414886474609,1.8886451721191406,1.8627982139587402,0.7026706337928772,-0.02144896425306797,1.9974136352539062,1.7901875972747803,1.7911845445632935,0.5551260113716125,0.5928646922111511,1.5313688516616821,1.5385103225708008,0.6522902250289917,-0.007186850067228079,2.279529571533203,2.0845415592193604,2.0613255500793457,0.8952173590660095,0.814337432384491,1.820885181427002,1.8068538904190063,0.6178907155990601,0.014509211294353008,0.6170071959495544,-0.08652655780315399,-0.13319990038871765,0.7048285603523254,0.81191486120224
2,99,2.731431484222412,2.508051633834839,2.5368683338165283,1.2447108030319214,1.395979404449463,2.2654170989990234,2.303394317626953,0.9214799404144287,-0.114741750061512,2.6763579845428467,2.4838387966156006,2.4571311473846436,1.3055286407470703,1.2462116479873657,2.226882219314575,2.21722149848938,0.8287883400917053,-0.054831612855196,2.7216012477874756,2.5093815326690674,2.5199716091156006,1.2564811706542969,1.3395771980285645,2.254286766052246,2.276827573776245,0.823287844657898,-0.05392478406429291,2.7050676345825195,2.506053924560547,2.4931318759918213,1.2930166721343994,1.2861260175704956,2.24568772315979,2.2479777336120605,0.7972272038459778,-0.03135290741920471,0.6259986758232117,-0.097860187292099,-0.21504566073417664,0.5521544218063354,0.7736210823059082
2,99,2.075366735458374,1.8372864723205566,1.879996657371521,0.5345546007156372,0.7857202291488647,1.6015759706497192,1.6578425168991089,0.7457229495048523,-0.07593700289726257,2.2877581119537354,2.084218740463257,2.0653014183044434,0.9208800196647644,0.8616577386856079,1.8309391736984253,1.8323736190795898,0.6787347793579102,-0.004983493126928806,1.9735043048858643,1.7501300573349,1.7695083618164062,0.48319482803344727,0.6075637936592102,1.497857928276062,1.5332846641540527,0.6454278230667114,-0.008862702175974846,2.2473719120025635,2.0386643409729004,2.034651517868042,0.8263310194015503,0.8327211141586304,1.7764778137207031,1.7912564277648926,0.5777432918548584,0.04395969212055206,0.638749361038208,-0.06880856305360794,-0.12438367307186127,0.652886152267456,0.8348590731620789
2,99,2.4387428760528564,2.2078187465667725,2.2241954803466797,0.9256656169891357,1.0257889032363892,1.9658087491989136,1.9847536087036133,0.7497765421867371,-0.0793357715010643,2.5146865844726562,2.3158106803894043,2.277752161026001,1.1301512718200684,0.9968792200088501,2.0555195808410645,2.028078556060791,0.6912155151367188,0.022765083238482475,2.3877546787261963,2.172877073287964,2.1722097396850586,0.9074630737304688,0.9310281276702881,1.9071242809295654,1.91163170337677,0.5630859136581421,0.054529257118701935,2.4904379844665527,2.285233736038208,2.262613296508789,1.0590037107467651,0.9872328042984009,2.0193607807159424,2.005112648010254,0.6083855032920837,0.05241512134671211,0.59221351146698,-0.08439609408378601,-0.10949182510375977,0.6576229929924011,0.8419634699821472
2,99,2.4730303287506104,2.249244451522827,2.272663116455078,0.9773895144462585,1.1104965209960938,2.0056910514831543,2.0354275703430176,0.7762284874916077,-0.07951586693525314,2.6202237606048584,2.4256038665771484,2.3918557167053223,1.2419698238372803,1.1495693922042847,2.1719698905944824,2.1535651683807373,0.8079054355621338,-0.04801883175969124,2.437243700027466,2.2244346141815186,2.2297232151031494,0.9651984572410583,1.0245141983032227,1.9691100120544434,1.9836952686309814,0.669478178024292,-0.02540205419063568,2.6416678428649902,2.4408328533172607,2.4214491844177246,1.2203748226165771,1.1824790239334106,2.182210683822632,2.176213502883911,0.7580454349517822,-0.017973236739635468,0.6108675599098206,-0.04995562136173248,-0.18742072582244873,0.6108631491661072,0.783915102481842
2,99,2.4652607440948486,2.233548641204834,2.2601168155670166,0.9449030756950378,1.095354437828064,1.9913145303726196,2.025193929672241,0.781145453453064,-0.060823120176792145,2.466961145401001,2.2673628330230713,2.2350127696990967,1.083726167678833,0.9794172048568726,2.0113754272460938,1.994792103767395,0.7207337617874146,-0.008212911896407604,2.4063570499420166,2.1861777305603027,2.192211866378784,0.9107187390327454,0.97359699010849,1.9319496154785156,1.948311448097229,0.65638267993927,-0.010745076462626457,2.464834451675415,2.2585835456848145,2.239838123321533,1.0341031551361084,0.9866107702255249,1.9989134073257446,1.9939963817596436,0.6591156721115112,0.013135614804923534,0.6324993371963501,-0.044893890619277954,-0.11463850736618042,0.6363574266433716,0.8083522319793701
2,99,2.351170778274536,2.1145803928375244,2.1547703742980957,0.8335145711898804,1.0471917390823364,1.8846521377563477,1.9352314472198486,0.7563652396202087,-0.054671838879585266,2.2924964427948,2.091576337814331,2.069962739944458,0.9460912942886353,0.8724402189254761,1.845193862915039,1.8428893089294434,0.6550072431564331,0.03362107649445534,2.303825616836548,2.0790367126464844,2.0981459617614746,0.813880205154419,0.9348344206809998,1.8366291522979736,1.8696283102035522,0.6266825199127197,0.0006958796875551343,2.295283079147339,2.0862555503845215,2.079916000366211,0.8864334225654602,0.8834691643714905,1.8363224267959595,1.8474154472351074,0.5912163853645325,0.045706894248723984,0.6522409915924072,-0.05798042565584183,0.019831592217087746,0.6743203401565552,0.822730541229248
2,99,1.821028232574463,1.5878020524978638,1.6321548223495483,0.2961040139198303,0.6068063974380493,1.35369074344635,1.4055886268615723,0.8383156061172485,-0.05255730450153351,1.7593575716018677,1.5795971155166626,1.5314565896987915,0.6561154127120972,0.36705172061920166,1.3318125009536743,1.299294114112854,0.8761945366859436,0.008987181819975376,1.7302299737930298,1.5107003450393677,1.5286240577697754,0.2525399327278137,0.404944509267807,1.2612687349319458,1.2898627519607544,0.7893075346946716,-0.01093926839530468,1.7110973596572876,1.519897699356079,1.4923306703567505,0.5054739713668823,0.2909245193004608,1.2625705003738403,1.2489417791366577,0.8138235211372375,0.03036302700638771,0.7274211049079895,0.01639600656926632,0.042088355869054794,0.602725088596344,0.681445300579071
3,99,2.4976871013641357,2.5349361896514893,2.6114120483398438,2.364177942276001,2.497011423110962,2.242528200149536,2.305264949798584,1.9132107496261597,2.203505516052246,1.4505099058151245,1.680578351020813,1.6489894390106201,2.543501138687134,2.4766030311584473,1.7297557592391968,1.699403166770935,2.918830633163452,0.6977001428604126,2.634727716445923,2.7002203464508057,2.7676098346710205,2.6275484561920166,2.737779140472412,2.4181578159332275,2.4722447395324707,2.2060277462005615,2.449228286743164,1.4214484691619873,1.6328129768371582,1.61565363407135,2.5575060844421387,2.5070414543151855,1.746629238128662,1.7259918451309204,3.0288350582122803,0.38941144943237305,2.7791361808776855,1.478692889213562,1.6171307563781738,-0.6453357338905334,-0.32837265729904175
3,99,2.6311404705047607,2.6790220737457275,2.766261339187622,2.5241565704345703,2.6852076053619385,2.3864965438842773,2.453779458999634,2.077782154083252,2.334740400314331,1.5693570375442505,1.789446234703064,1.7694813013076782,2.6241533756256104,2.60732364654541,1.8402341604232788,1.8259861469268799,3.0274062156677246,0.7205849289894104,2.8115086555480957,2.8860623836517334,2.9669716358184814,2.8301167488098145,2.9749155044555664,2.6061630249023438,2.6679372787475586,2.421041488647461,2.6151204109191895,1.55722975730896,1.7560473680496216,1.7533800601959229,2.6440913677215576,2.6492433547973633,1.8672887086868286,1.8641765117645264,3.1396138668060303,0.4284413456916809,2.9356746673583984,1.4784941673278809,1.63959801197052,-0.7256191968917847,-0.33538496494293213
3,99,2.608187198638916,2.6489410400390625,2.738039970397949,2.4498674869537354,2.621971845626831,2.3459811210632324,2.4185943603515625,2.0104634761810303,2.257641077041626,1.3943638801574707,1.6170560121536255,1.605837345123291,2.443028211593628,2.456979751586914,1.6551010608673096,1.652079701423645,2.9099206924438477,0.7338046431541443,2.724666118621826,2.7931878566741943,2.8791191577911377,2.708667278289795,2.8703224658966064,2.5047645568847656,2.5749945640563965,2.3304660320281982,2.493907928466797,1.3947067260742188,1.5950801372528076,1.5995036363601685,2.48813533782959,2.522142171859741,1.7056132555007935,1.7117749452590942,3.0559067726135254,0.4345030188560486,2.8234407901763916,1.4519453048706055,1.630122423171997,-0.6406937837600708,-0.3032647967338562
3,99,2.631680488586426,2.6734068393707275,2.7642228603363037,2.486185073852539,2.650207757949829,2.372605085372925,2.444565773010254,2.0428965091705322,2.308211088180542,1.4327679872512817,1.6589231491088867,1.6392040252685547,2.4960713386535645,2.460477590560913,1.6975727081298828,1.6794323921203613,2.909879207611084,0.7442519068717957,2.7667336463928223,2.83632493019104,2.9217429161071777,2.75822377204895,2.905280590057373,2.5489084720611572,2.6156840324401855,2.3630926609039307,2.5587406158447266,1.422070860862732,1.6288167238235474,1.6218122243881226,2.530864953994751,2.5117640495300293,1.7358113527297974,1.72572660446167,3.0422189235687256,0.448769748210907,2.848997116088867,1.472347378730774,1.6405115127563477,-0.6542971134185791,-0.2944420576095581
3,99,2.5494329929351807,2.586121082305908,2.670869827270508,2.3906209468841553,2.532653570175171,2.2917487621307373,2.358290195465088,1.9290156364440918,2.2449092864990234,1.4872524738311768,1.7159056663513184,1.678976058959961,2.5738930702209473,2.4503085613250732,1.7634406089782715,1.720037579536438,2.8963687419891357,0.737537682056427,2.6916818618774414,2.7580223083496094,2.8350956439971924,2.675661563873291,2.7914206981658936,2.476947546005249,2.53486704826355,2.254234790802002,2.508378744125366,1.4810940027236938,1.6936068534851074,1.666630744934082,2.6111745834350586,2.500079870223999,1.8021245002746582,1.7652133703231812,3.022204637527466,0.45124465227127075,2.8589556217193604,1.3815935850143433,1.5234664678573608,-0.6531605124473572,-0.34814533591270447
3,99,2.515021324157715,2.5473036766052246,2.627192974090576,2.3099467754364014,2.445401191711426,2.2587132453918457,2.321958541870117,1.787798523902893,2.19673490524292,1.3691670894622803,1.5907211303710938,1.5518566370010376,2.372227907180786,2.2367782592773438,1.612855315208435,1.5647201538085938,2.6135458946228027,0.7341465950012207,2.613105058670044,2.669316291809082,2.7415480613708496,2.518035411834717,2.628676414489746,2.3873682022094727,2.4423491954803467,2.0207762718200684,2.406162738800049,1.2997773885726929,1.5065566301345825,1.4793758392333984,2.346184253692627,2.225054979324341,1.5856300592422485,1.5452766418457031,2.6782355308532715,0.46681299805641174,2.7624921798706055,1.5753967761993408,1.442685842514038,-0.5487098693847656,-0.3246758282184601
3,99,2.5418570041656494,2.5540947914123535,2.625980854034424,2.24967360496521,2.390543222427368,2.2812883853912354,2.344053268432617,1.7045525312423706,2.1257810592651367,1.4649579524993896,1.6789649724960327,1.6226472854614258,2.4530892372131348,2.247187852859497,1.7153117656707764,1.6479183435440063,2.6280531883239746,0.6997227668762207,2.6479928493499756,2.6852681636810303,2.7492430210113525,2.472012519836426,2.582362651824951,2.4174835681915283,2.4707205295562744,1.9465652704238892,2.3667502403259277,1.4353833198547363,1.6352002620697021,1.5898467302322388,2.456249237060547,2.263185501098633,1.7190439701080322,1.6589395999908447,2.709648609161377,0.44968172907829285,3.0060293674468994,1.3538575172424316,1.3319976329803467,-0.5864722728729248,-0.3662722408771515
3,99,2.4872753620147705,2.4950907230377197,2.5723917484283447,2.196319103240967,2.3412222862243652,2.226292371749878,2.290374517440796,1.6756205558776855,2.095745086669922,1.3939368724822998,1.6059015989303589,1.5492781400680542,2.420588970184326,2.190873861312866,1.6611756086349487,1.5862956047058105,2.624391555786133,0.6790672540664673,2.562058925628662,2.595653533935547,2.665297508239746,2.4009761810302734,2.511721611022949,2.335846185684204,2.389432191848755,1.9102246761322021,2.308401584625244,1.399573802947998,1.5989993810653687,1.5503971576690674,2.463824510574341,2.2432024478912354,1.702329158782959,1.6335026025772095,2.7422947883605957,0.44405099749565125,2.8995156288146973,1.4530200958251953,1.284663200378418,-0.5102360248565674,-0.4080260097980499
3,99,2.490835666656494,2.5079843997955322,2.583197832107544,2.242485523223877,2.3782622814178467,2.237765312194824,2.296880006790161,1.7390707731246948,2.141686201095581,1.4520548582077026,1.6651477813720703,1.6151220798492432,2.4798431396484375,2.2874932289123535,1.7174187898635864,1.6533209085464478,2.7275047302246094,0.7125997543334961,2.5799102783203125,2.623737096786499,2.691318988800049,2.4649901390075684,2.569389581680298,2.363908052444458,2.4131574630737305,1.9978872537612915,2.36283016204834,1.4630212783813477,1.6634392738342285,1.6221568584442139,2.5296692848205566,2.348402261734009,1.7647119760513306,1.7072398662567139,2.8536834716796875,0.4716223478317261,2.8812289237976074,1.4894291162490845,1.3086769580841064,-0.5067093968391418,-0.4432358741760254
3,99,2.437720775604248,2.450678825378418,2.5284595489501953,2.1810948848724365,2.3178579807281494,2.1765992641448975,2.239440679550171,1.7136107683181763,2.078542947769165,1.439137578010559,1.6501916646957397,1.6002042293548584,2.4907870292663574,2.2968156337738037,1.7160264253616333,1.6519906520843506,2.7970950603485107,0.7287165522575378,2.5092530250549316,2.550901174545288,2.620392084121704,2.402509927749634,2.5042245388031006,2.2904696464538574,2.3425211906433105,1.9823017120361328,2.2952535152435303,1.4737205505371094,1.6713699102401733,1.6296781301498413,2.5725793838500977,2.3887510299682617,1.7937508821487427,1.7359646558761597,2.96305251121521,0.4598868191242218,2.8283774852752686,1.440577507019043,1.4204490184783936,-0.45502370595932007,-0.3778723478317261
3,99,2.5705111026763916,2.605600595474243,2.681701183319092,2.3972952365875244,2.5280017852783203,2.3197426795959473,2.3772032260894775,1.922319769859314,2.286080837249756,1.5801852941513062,1.8016513586044312,1.7660681009292603,2.654447078704834,2.5333549976348877,1.856129765510559,1.8125437498092651,2.989121675491333,0.8041034936904907,2.6903364658355713,2.7542176246643066,2.822913408279419,2.6621878147125244,2.7668516635894775,2.48349666595459,2.5323238372802734,2.234344482421875,2.527637004852295,1.6029659509658813,1.8088901042938232,1.7837021350860596,2.7256228923797607,2.6181304454803467,1.9242018461227417,1.888308048248291,3.154043674468994,0.5068586468696594,2.887446880340576,1.4329968690872192,1.5479990243911743,-0.635901927947998,-0.3953596353530884
3,99,2.6272480487823486,2.651371955871582,2.7293927669525146,2.3907084465026855,2.5294127464294434,2.36533260345459,2.423081874847412,1.8654330968856812,2.2917258739471436,1.5285876989364624,1.7491750717163086,1.7090814113616943,2.602015733718872,2.4463729858398438,1.806977391242981,1.7535885572433472,2.8964502811431885,0.7331933379173279,2.7418911457061768,2.7941107749938965,2.865114212036133,2.6455910205841064,2.7561073303222656,2.5199756622314453,2.568730354309082,2.1611135005950928,2.53991961479187,1.5521364212036133,1.757994294166565,1.7265065908432007,2.665472984313965,2.521237850189209,1.869787335395813,1.8232308626174927,3.042748212814331,0.47123199701309204,3.017446279525757,1.5711997747421265,1.4934340715408325,-0.5579336285591125,-0.37949085235595703
3,99,2.5413753986358643,2.578883409500122,2.6583352088928223,2.4330782890319824,2.555952787399292,2.307508945465088,2.360832452774048,2.013404607772827,2.301596164703369,1.6865792274475098,1.9102513790130615,1.8762550354003906,2.8317677974700928,2.7048470973968506,1.996347188949585,1.9504188299179077,3.2057788372039795,0.7445682287216187,2.67801833152771,2.74661922454834,2.8188936710357666,2.7305960655212402,2.8269433975219727,2.4960949420928955,2.5402324199676514,2.3642139434814453,2.54706072807312,1.7787445783615112,1.9875975847244263,1.9620248079299927,2.9615375995635986,2.8465232849121094,2.125922679901123,2.0871145725250244,3.4154863357543945,0.47167131304740906,2.947572946548462,1.6014915704727173,1.5320706367492676,-0.5759148597717285,-0.45086222887039185
3,99,2.592272996902466,2.6397314071655273,2.7117321491241455,2.456190824508667,2.5761916637420654,2.3436026573181152,2.3953325748443604,1.9700257778167725,2.3369598388671875,1.523330807685852,1.7499724626541138,1.713801622390747,2.6360831260681152,2.515272617340088,1.816929578781128,1.7721095085144043,2.9674267768859863,0.7131719589233398,2.7081496715545654,2.7831995487213135,2.847522497177124,2.7088260650634766,2.8036911487579346,2.501634359359741,2.544642686843872,2.2641847133636475,2.5634844303131104,1.534693717956543,1.744492530822754,1.7197821140289307,2.684122323989868,2.5779402256011963,1.8672219514846802,1.8308240175247192,3.098116159439087,0.44979918003082275,2.9089090824127197,1.491971492767334,1.3798613548278809,-0.6859767436981201,-0.48900631070137024
3,99,2.561701536178589,2.5978446006774902,2.6765389442443848,2.4005258083343506,2.530740737915039,2.3151907920837402,2.374537944793701,1.9238948822021484,2.2733583450317383,1.4505257606506348,1.6678433418273926,1.6308956146240234,2.5156655311584473,2.380675792694092,1.73002290725708,1.6823350191116333,2.8337132930755615,0.6884656548500061,2.6992392539978027,2.7622413635253906,2.833303451538086,2.6692421436309814,2.773221492767334,2.492568016052246,2.5429399013519287,2.2289607524871826,2.525740385055542,1.4487420320510864,1.649353265762329,1.623014211654663,2.5500097274780273,2.4285085201263428,1.7669479846954346,1.726792335510254,2.950960159301758,0.42431244254112244,2.8705050945281982,1.569520354270935,1.4016770124435425,-0.5957518219947815,-0.41461971402168274
3,99,2.5410044193267822,2.559248447418213,2.644845724105835,2.3194563388824463,2.4625253677368164,2.285655975341797,2.3535497188568115,1.8155779838562012,2.2105822563171387,1.557340383529663,1.7610114812850952,1.7182523012161255,2.5954713821411133,2.4145898818969727,1.839879035949707,1.7815415859222412,2.850397825241089,0.644290566444397,2.6538918018341064,2.697702407836914,2.7768588066101074,2.564081907272339,2.6787490844726562,2.436760902404785,2.495727062225342,2.096628189086914,2.44630765914917,1.5960628986358643,1.7846425771713257,1.7494215965270996,2.6596860885620117,2.487678289413452,1.9091850519180298,1.8560417890548706,2.985187292098999,0.40132683515548706,3.0402638912200928,1.524479627609253,1.38744056224823,-0.5966513752937317,-0.40590280294418335
3,99,2.588404893875122,2.6349704265594482,2.724353075027466,2.492194175720215,2.6322553157806396,2.3461079597473145,2.414196491241455,2.0492918491363525,2.341149091720581,1.4523826837539673,1.6700843572616577,1.646673560142517,2.52799916267395,2.445465087890625,1.7334535121917725,1.7035865783691406,2.8847596645355225,0.6887611746788025,2.7451248168945312,2.818157196044922,2.8994884490966797,2.7753124237060547,2.892413377761841,2.543280839920044,2.6032423973083496,2.3663277626037598,2.5970489978790283,1.4494839906692505,1.6485475301742554,1.6376128196716309,2.557358741760254,2.490455389022827,1.7686564922332764,1.746342658996582,2.995821952819824,0.4350879192352295,2.8105835914611816,1.6106175184249878,1.4998559951782227,-0.6519113779067993,-0.3684180676937103
3,99,2.6629397869110107,2.7205657958984375,2.8084609508514404,2.621870756149292,2.7700533866882324,2.4389827251434326,2.5041768550872803,2.175567865371704,2.432279586791992,1.660748839378357,1.8846579790115356,1.8706839084625244,2.7435429096221924,2.7206690311431885,1.9408868551254272,1.9270867109298706,3.095517158508301,0.6957029700279236,2.8629491329193115,2.9469611644744873,3.027395725250244,2.9398107528686523,3.070009231567383,2.6773288249969482,2.73595929145813,2.5214288234710693,2.7164952754974365,1.6483219861984253,1.8523885011672974,1.8531187772750854,2.753830671310425,2.7504403591156006,1.9597840309143066,1.9553266763687134,3.1872990131378174,0.42436543107032776,2.9704980850219727,1.5444397926330566,1.4173974990844727,-0.7556760907173157,-0.5056347846984863
3,99,2.545936346054077,2.578042984008789,2.665559768676758,2.3691325187683105,2.509688138961792,2.289618730545044,2.359701633453369,1.878395676612854,2.235811471939087,1.3922008275985718,1.6064682006835938,1.5756349563598633,2.4290947914123535,2.307384967803955,1.6594874858856201,1.619201898574829,2.7198429107666016,0.667372465133667,2.6776459217071533,2.735413074493408,2.815476417541504,2.622746706008911,2.73852276802063,2.4571335315704346,2.519118309020996,2.1623802185058594,2.4824299812316895,1.3673056364059448,1.5641074180603027,1.5450637340545654,2.4357597827911377,2.3282673358917236,1.6717084646224976,1.6382901668548584,2.806947946548462,0.41685017943382263,2.8431344032287598,1.385831594467163,1.374537706375122,-0.7014121413230896,-0.399092435836792
3,99,2.5776138305664062,2.6135342121124268,2.7034640312194824,2.417308807373047,2.5630972385406494,2.3203487396240234,2.391939163208008,1.945611596107483,2.283797025680542,1.335167646408081,1.5534018278121948,1.5242294073104858,2.387566566467285,2.276641607284546,1.6026313304901123,1.5641162395477295,2.7170801162719727,0.6928949952125549,2.706507682800293,2.768692970275879,2.851384162902832,2.6751229763031006,2.7966442108154297,2.488147497177124,2.551696300506592,2.2411088943481445,2.52671480178833,1.313452124595642,1.5140910148620605,1.4972020387649536,2.4061169624328613,2.3098316192626953,1.62446928024292,1.5932859182357788,2.8221070766448975,0.4357982873916626,2.7731711864471436,1.4104945659637451,1.4199849367141724,-0.684520423412323,-0.36603355407714844
3,99,2.5744190216064453,2.608693838119507,2.6972737312316895,2.40545392036438,2.549307107925415,2.3181631565093994,2.3902499675750732,1.9091798067092896,2.267592668533325,1.3875235319137573,1.606274962425232,1.5744560956954956,2.428917407989502,2.3038177490234375,1.6515897512435913,1.6105239391326904,2.707207202911377,0.680020272731781,2.717172622680664,2.7772376537323,2.857982873916626,2.6681034564971924,2.786702871322632,2.496212959289551,2.559943437576294,2.1992409229278564,2.52287220954895,1.3510637283325195,1.5526885986328125,1.5325188636779785,2.426017999649048,2.3148016929626465,1.6537097692489624,1.6193164587020874,2.786892890930176,0.4248626232147217,2.8411192893981934,1.5630826950073242,1.352479100227356,-0.628700852394104,-0.41227903962135315
3,99,2.559086799621582,2.5906784534454346,2.6802620887756348,2.39068341255188,2.534543037414551,2.3073410987854004,2.3793559074401855,1.907749891281128,2.250145673751831,1.4371594190597534,1.653286099433899,1.6162855625152588,2.484741449356079,2.3372106552124023,1.709106206893921,1.6610642671585083,2.758840799331665,0.6660962700843811,2.706066846847534,2.764310121536255,2.84600830078125,2.6643855571746826,2.781095266342163,2.492002248764038,2.5549919605255127,2.2117063999176025,2.5120182037353516,1.4248778820037842,1.6241264343261719,1.5974429845809937,2.5027732849121094,2.367587089538574,1.732581615447998,1.6907628774642944,2.854799747467041,0.4156796336174011,2.8854920864105225,1.3649829626083374,1.325087308883667,-0.6930890679359436,-0.4339843988418579
3,99,2.6044716835021973,2.637573003768921,2.72245454788208,2.4236106872558594,2.56648850440979,2.3468945026397705,2.416144609451294,1.9210785627365112,2.2825562953948975,1.5248537063598633,1.7409552335739136,1.7123432159423828,2.570183753967285,2.470426082611084,1.7952725887298584,1.76120924949646,2.8713250160217285,0.6963040828704834,2.7475922107696533,2.8072428703308105,2.8850696086883545,2.6922900676727295,2.812302589416504,2.5267226696014404,2.588573694229126,2.2222132682800293,2.543795347213745,1.5149970054626465,1.7130930423736572,1.6967839002609253,2.5892345905303955,2.504847288131714,1.8205145597457886,1.7937742471694946,2.971426248550415,0.43470728397369385,2.981468915939331,1.4190185070037842,1.4238576889038086,-0.6970949172973633,-0.4135367274284363
3,99,2.5219833850860596,2.5707180500030518,2.651474952697754,2.4293224811553955,2.559481382369995,2.281737804412842,2.3470544815063477,1.9679845571517944,2.2868154048919678,1.4940073490142822,1.7154861688613892,1.6905183792114258,2.5579488277435303,2.47750186920166,1.7648569345474243,1.7357755899429321,2.880842447280884,0.7180418968200684,2.6662580966949463,2.7409462928771973,2.8141021728515625,2.6952359676361084,2.803952932357788,2.464365243911743,2.5220677852630615,2.2663466930389404,2.5253891944885254,1.4676823616027832,1.671035885810852,1.6594043970108032,2.565595865249634,2.501650810241699,1.777071475982666,1.7559117078781128,2.974731206893921,0.44790586829185486,2.7643496990203857,1.5096595287322998,1.4614745378494263,-0.7023062109947205,-0.41778600215911865
3,99,2.643350839614868,2.687854290008545,2.7651171684265137,2.5004332065582275,2.6377933025360107,2.393627882003784,2.460659980773926,1.9941084384918213,2.3672142028808594,1.540064811706543,1.751893162727356,1.731480598449707,2.5643792152404785,2.513183355331421,1.8052327632904053,1.7850604057312012,2.886389970779419,0.7102676033973694,2.7898197174072266,2.8587489128112793,2.9302284717559814,2.764819383621216,2.885392427444458,2.576068878173828,2.6374659538269043,2.2945339679718018,2.6160364151000977,1.5270320177078247,1.7191267013549805,1.7135255336761475,2.578300714492798,2.5452723503112793,1.8262306451797485,1.814622402191162,2.982957363128662,0.45122167468070984,2.950740337371826,1.5249600410461426,1.5069304704666138,-0.7237109541893005,-0.3753618001937866
3,99,2.507931709289551,2.5451667308807373,2.628629207611084,2.3689136505126953,2.502065658569336,2.271282911300659,2.339078187942505,1.8835766315460205,2.236316680908203,1.4619500637054443,1.6719701290130615,1.6352795362472534,2.465282678604126,2.3279755115509033,1.722329020500183,1.6764225959777832,2.7031607627868652,0.6751483082771301,2.655735492706299,2.7174246311187744,2.794436454772949,2.6354682445526123,2.7456681728363037,2.4554755687713623,2.5154690742492676,2.181220293045044,2.482525587081909,1.4455822706222534,1.6387072801589966,1.6134167909622192,2.4779739379882812,2.3542957305908203,1.7398070096969604,1.7009092569351196,2.7947638034820557,0.4240623712539673,2.815120220184326,1.3651200532913208,1.3888025283813477,-0.7314371466636658,-0.38391828536987305
3,99,2.5635669231414795,2.6095635890960693,2.692091941833496,2.4551358222961426,2.587949275970459,2.3263630867004395,2.390153408050537,1.9837284088134766,2.3030974864959717,1.56829833984375,1.7874521017074585,1.759145736694336,2.6260805130004883,2.5313007831573486,1.8443481922149658,1.810579776763916,2.9256551265716553,0.7034556269645691,2.7238621711730957,2.7965431213378906,2.872480630874634,2.743767261505127,2.8555595874786377,2.527036428451538,2.583571195602417,2.308415174484253,2.561660051345825,1.5594873428344727,1.7602157592773438,1.7447130680084229,2.6458489894866943,2.5673060417175293,1.8698498010635376,1.8442375659942627,3.027529716491699,0.4351174831390381,2.893648147583008,1.4122623205184937,1.392061471939087,-0.7359477877616882,-0.4751775562763214
3,99,2.5418105125427246,2.573735475540161,2.6590261459350586,2.3770742416381836,2.516983985900879,2.2975947856903076,2.364314556121826,1.889062523841858,2.233618974685669,1.5670380592346191,1.777214765548706,1.7455922365188599,2.589595079421997,2.470384120941162,1.8362220525741577,1.7959258556365967,2.861593723297119,0.6814962029457092,2.702766180038452,2.7608249187469482,2.8391475677490234,2.661623954772949,2.7777743339538574,2.495704412460327,2.554457902908325,2.2036232948303223,2.5048491954803467,1.5550971031188965,1.7479816675186157,1.7279492616653442,2.603693962097168,2.4990999698638916,1.856213927268982,1.8234370946884155,2.9540228843688965,0.418369859457016,2.959366798400879,1.370040774345398,1.4023606777191162,-0.720154345035553,-0.4195488393306732
3,99,2.610163688659668,2.6497299671173096,2.7356910705566406,2.4823832511901855,2.627506732940674,2.3715097904205322,2.4379677772521973,1.9920920133590698,2.3239989280700684,1.6616406440734863,1.8817254304885864,1.8554513454437256,2.7023327350616455,2.6210341453552246,1.9290130138397217,1.899915337562561,2.9798858165740967,0.7133346796035767,2.8065695762634277,2.873460054397583,2.9522151947021484,2.8018901348114014,2.9257924556732178,2.6056087017059326,2.664811849594116,2.3392724990844727,2.622675657272339,1.6425060033798218,1.8446134328842163,1.8313664197921753,2.7085111141204834,2.644134283065796,1.941665530204773,1.9210432767868042,3.068023443222046,0.43630459904670715,3.017941951751709,1.4751977920532227,1.5093623399734497,-0.7320546507835388,-0.3822280466556549
3,99,2.566829204559326,2.608865261077881,2.697988271713257,2.442713499069214,2.5872161388397217,2.321436643600464,2.39260196685791,1.9736181497573853,2.2833380699157715,1.5402140617370605,1.759463906288147,1.7334144115447998,2.5907015800476074,2.5023128986358643,1.809257984161377,1.778112769126892,2.902763605117798,0.7200853824615479,2.7208902835845947,2.789294481277466,2.871422529220581,2.7213613986968994,2.844135284423828,2.513810873031616,2.5776641368865967,2.285249710083008,2.5400092601776123,1.5121604204177856,1.7125910520553589,1.7001851797103882,2.594449043273926,2.523411273956299,1.818620204925537,1.7956522703170776,2.9941680431365967,0.43948081135749817,2.8783071041107178,1.4671289920806885,1.5195791721343994,-0.7094212174415588,-0.3638806939125061
3,99,2.6042287349700928,2.645620346069336,2.7333171367645264,2.4656941890716553,2.6124019622802734,2.3553762435913086,2.4253487586975098,1.9830468893051147,2.316312551498413,1.6590871810913086,1.878918170928955,1.8544501066207886,2.7230277061462402,2.6381773948669434,1.9359817504882812,1.906463861465454,3.0308034420013428,0.7383005619049072,2.761744260787964,2.830291986465454,2.9113543033599854,2.7524478435516357,2.877795696258545,2.552480697631836,2.615377426147461,2.3049793243408203,2.581066370010376,1.6534366607666016,1.8545302152633667,1.8421883583068848,2.7464067935943604,2.6770236492156982,1.9655826091766357,1.9435760974884033,3.138789653778076,0.45352044701576233,3.0071964263916016,1.426271915435791,1.5233280658721924,-0.7264617085456848,-0.40724512934684753
3,99,2.5220139026641846,2.5584962368011475,2.6422436237335205,2.3709988594055176,2.506178140640259,2.273740291595459,2.3421218395233154,1.8983672857284546,2.229013442993164,1.5427740812301636,1.7576274871826172,1.7241894006729126,2.594062328338623,2.4681785106658936,1.8187685012817383,1.7768915891647339,2.8914313316345215,0.7106395959854126,2.65162992477417,2.7148025035858154,2.792729139328003,2.6364362239837646,2.7487733364105225,2.4449856281280518,2.5059564113616943,2.2074217796325684,2.4664833545684814,1.543157696723938,1.7399040460586548,1.7183178663253784,2.626004695892334,2.514253616333008,1.8554540872573853,1.820839285850525,3.006044387817383,0.4383361339569092,2.881643533706665,1.3600776195526123,1.4258062839508057,-0.7121052145957947,-0.43677398562431335
3,99,2.6315789222717285,2.6700007915496826,2.7524993419647217,2.484367847442627,2.6235427856445312,2.3852972984313965,2.4521093368530273,1.9807015657424927,2.338958501815796,1.6916896104812622,1.904800295829773,1.8778109550476074,2.7206785678863525,2.627472400665283,1.9605128765106201,1.929229497909546,2.9766197204589844,0.7142431139945984,2.814594030380249,2.879225730895996,2.9552664756774902,2.79009747505188,2.9088222980499268,2.6056485176086426,2.665541887283325,2.316603183746338,2.627599000930786,1.6822184324264526,1.8765658140182495,1.8618932962417603,2.73361873626709,2.6554934978485107,1.9819203615188599,1.9582067728042603,3.0686583518981934,0.43844109773635864,3.081007957458496,1.3954566717147827,1.3976374864578247,-0.7624298334121704,-0.48345616459846497
3,99,2.634312629699707,2.676476001739502,2.7583439350128174,2.488426685333252,2.6311919689178467,2.384350061416626,2.4498562812805176,1.9835535287857056,2.3426449298858643,1.6944382190704346,1.9143285751342773,1.8914742469787598,2.7471115589141846,2.6843442916870117,1.9659144878387451,1.9418495893478394,3.050403356552124,0.7462322115898132,2.7995188236236572,2.868990659713745,2.9443979263305664,2.781752586364746,2.905230760574341,2.58823561668396,2.647341728210449,2.3120434284210205,2.6177451610565186,1.6884355545043945,1.889356255531311,1.8797401189804077,2.7687857151031494,2.7231245040893555,1.9942954778671265,1.978611946105957,3.1578140258789062,0.45693767070770264,3.0629055500030518,1.43547523021698,1.5499505996704102,-0.7334685325622559,-0.39097246527671814
3,99,2.651308059692383,2.692628860473633,2.778862476348877,2.493234872817993,2.6396484375,2.3948705196380615,2.4626972675323486,1.9946188926696777,2.3449020385742188,1.6664444208145142,1.8769949674606323,1.854361891746521,2.705448627471924,2.62872576713562,1.94147527217865,1.9140386581420898,3.015303373336792,0.7285653352737427,2.808351755142212,2.875591993331909,2.956345558166504,2.7788710594177246,2.9064528942108154,2.591151714324951,2.6528687477111816,2.3197059631347656,2.613291025161743,1.6660107374191284,1.8563098907470703,1.8461674451828003,2.7305471897125244,2.669370412826538,1.975558876991272,1.9559308290481567,3.1243667602539062,0.4431285262107849,3.079883098602295,1.4112017154693604,1.4691150188446045,-0.746851921081543,-0.4505065381526947
3,99,2.656062602996826,2.7002153396606445,2.781759262084961,2.512554168701172,2.6551008224487305,2.407130718231201,2.474381685256958,1.9985257387161255,2.369335174560547,1.6243716478347778,1.8443779945373535,1.8208858966827393,2.658533811569214,2.5879907608032227,1.8862134218215942,1.8602806329727173,2.932035446166992,0.7524241209030151,2.825448513031006,2.895247220993042,2.9710328578948975,2.8026814460754395,2.9271676540374756,2.613043785095215,2.6742653846740723,2.321214199066162,2.64165997505188,1.5840951204299927,1.785004734992981,1.7750986814498901,2.648446798324585,2.594815492630005,1.882341742515564,1.8647493124008179,3.0109193325042725,0.46004247665405273,3.0032665729522705,1.5127778053283691,1.499342918395996,-0.7395810484886169,-0.4084082841873169
3,99,2.5868730545043945,2.635909080505371,2.7217323780059814,2.486760377883911,2.631917953491211,2.3488054275512695,2.41746187210083,2.024202346801758,2.3257601261138916,1.706605315208435,1.9258912801742554,1.9009947776794434,2.7608768939971924,2.6815333366394043,1.97848641872406,1.9501410722732544,3.070446252822876,0.7479832768440247,2.7580769062042236,2.8338804244995117,2.913239002227783,2.7856998443603516,2.910745620727539,2.560152769088745,2.6219348907470703,2.359745979309082,2.5920591354370117,1.6979377269744873,1.8985793590545654,1.885583519935608,2.779902458190918,2.715693235397339,2.004193067550659,1.983176827430725,3.173358678817749,0.4597036838531494,2.975518226623535,1.4848902225494385,1.4774750471115112,-0.7116309404373169,-0.456417053937912
3,99,2.609316825866699,2.6627612113952637,2.748861074447632,2.5193471908569336,2.6708154678344727,2.370915651321411,2.4401357173919678,2.0594632625579834,2.3474647998809814,1.7093764543533325,1.9333012104034424,1.9132473468780518,2.769381523132324,2.7187745571136475,1.9793109893798828,1.9588083028793335,3.0899734497070312,0.7699894905090332,2.785470724105835,2.8660504817962646,2.9454023838043213,2.821599006652832,2.9540069103240967,2.586790084838867,2.6494531631469727,2.3958539962768555,2.618563413619995,1.693915605545044,1.898422122001648,1.8915131092071533,2.78360652923584,2.7501838207244873,2.0000078678131104,1.987678050994873,3.192230701446533,0.4728611409664154,2.964824676513672,1.5123012065887451,1.5079182386398315,-0.7171444296836853,-0.45432567596435547
3,99,2.4954564571380615,2.5433928966522217,2.6303482055664062,2.4063243865966797,2.5520098209381104,2.2531797885894775,2.3215973377227783,1.9861536026000977,2.2421042919158936,1.5426356792449951,1.7665692567825317,1.7470145225524902,2.628520965576172,2.56964373588562,1.8210158348083496,1.7974876165390015,2.9987711906433105,0.7365173101425171,2.6202266216278076,2.695875883102417,2.7752480506896973,2.6629650592803955,2.786985158920288,2.4193952083587646,2.48028564453125,2.2812094688415527,2.4665660858154297,1.5385029315948486,1.7439513206481934,1.73707914352417,2.6595969200134277,2.6169979572296143,1.8565232753753662,1.8408844470977783,3.116703510284424,0.4583735764026642,2.7712223529815674,1.5049736499786377,1.4852467775344849,-0.6674784421920776,-0.443237841129303
3,99,2.590097427368164,2.642871856689453,2.7296457290649414,2.501940965652466,2.650010108947754,2.350436210632324,2.4181556701660156,2.0347700119018555,2.3410403728485107,1.6968302726745605,1.9205548763275146,1.8991681337356567,2.7582263946533203,2.696012020111084,1.9670177698135376,1.9428859949111938,3.061964511871338,0.7580751776695251,2.761873722076416,2.8413233757019043,2.920799493789673,2.795915365219116,2.9235594272613525,2.5606391429901123,2.6211423873901367,2.358996629714966,2.6061058044433594,1.6758054494857788,1.8805816173553467,1.8714755773544312,2.7663791179656982,2.7203903198242188,1.9820222854614258,1.9658513069152832,3.157141923904419,0.46505266427993774,2.945773124694824,1.463329553604126,1.4988635778427124,-0.7452607154846191,-0.4494112432003021
3,99,2.5932083129882812,2.6399502754211426,2.7225584983825684,2.4728167057037354,2.6145572662353516,2.347262144088745,2.4130375385284424,1.9825470447540283,2.3394358158111572,1.5426249504089355,1.7612943649291992,1.739099383354187,2.585706949234009,2.5084502696990967,1.8074090480804443,1.778995394706726,2.881093978881836,0.7332854866981506,2.748591423034668,2.8207411766052246,2.896812915802002,2.7486324310302734,2.8701975345611572,2.5399794578552246,2.5987675189971924,2.2908945083618164,2.591811418533325,1.5063332319259644,1.7068930864334106,1.696912169456482,2.582322359085083,2.520223379135132,1.8093206882476807,1.7884927988052368,2.964939594268799,0.45529401302337646,2.8648030757904053,1.5239471197128296,1.4178664684295654,-0.7344136834144592,-0.451071560382843
3,99,2.641995668411255,2.7001287937164307,2.7843782901763916,2.5721254348754883,2.722465991973877,2.407966375350952,2.4747419357299805,2.119795083999634,2.4042906761169434,1.777991533279419,1.9982171058654785,1.982874870300293,2.84688663482666,2.8146469593048096,2.055763006210327,2.040706157684326,3.1977171897888184,0.7632805705070496,2.8324027061462402,2.917877674102783,2.9952642917633057,2.8905842304229736,3.0225870609283447,2.6397364139556885,2.7000694274902344,2.4739975929260254,2.6868255138397217,1.7863677740097046,1.9868603944778442,1.9838228225708008,2.882002115249634,2.8661975860595703,2.098759651184082,2.091460943222046,3.318708658218384,0.4684584438800812,3.0227315425872803,1.529452919960022,1.516145944595337,-0.7322872877120972,-0.4779336750507355
3,99,2.6071600914001465,2.6566526889801025,2.7430307865142822,2.5016841888427734,2.6477956771850586,2.3623969554901123,2.431692361831665,2.04719614982605,2.3424603939056396,1.6736400127410889,1.891447901725769,1.8696017265319824,2.742755174636841,2.671119451522827,1.9538092613220215,1.927742838859558,3.08591890335083,0.7410992980003357,2.769627094268799,2.8460676670074463,2.925997018814087,2.795510768890381,2.921344518661499,2.5664784908294678,2.6288816928863525,2.380488872528076,2.604696273803711,1.676393747329712,1.8746821880340576,1.8651790618896484,2.7739787101745605,2.718109607696533,1.9923497438430786,1.9738024473190308,3.2014858722686768,0.4566574692726135,2.976672410964966,1.4995102882385254,1.484545350074768,-0.7128123044967651,-0.45337507128715515
3,99,2.626359224319458,2.6731224060058594,2.755350351333618,2.500934600830078,2.640009880065918,2.379631996154785,2.446319341659546,2.0080950260162354,2.3471195697784424,1.755387544631958,1.9757293462753296,1.9491971731185913,2.8219823837280273,2.7357492446899414,2.0334997177124023,2.003448247909546,3.114652395248413,0.7526516318321228,2.7964625358581543,2.8707988262176514,2.9460620880126953,2.8014111518859863,2.9190545082092285,2.590001106262207,2.649390459060669,2.343204975128174,2.6226179599761963,1.7595446109771729,1.960788369178772,1.9465140104293823,2.8525774478912354,2.781855583190918,2.071336030960083,2.0488228797912598,3.229036808013916,0.4618813693523407,3.080167531967163,1.4188321828842163,1.4770607948303223,-0.7423340678215027,-0.4866900146007538
3,99,2.556529998779297,2.5912065505981445,2.6792500019073486,2.3985705375671387,2.5445401668548584,2.309274435043335,2.378183126449585,1.9063746929168701,2.2501347064971924,1.6641602516174316,1.8770525455474854,1.8459638357162476,2.6936378479003906,2.579359769821167,1.9330263137817383,1.8945239782333374,2.9607815742492676,0.7149685621261597,2.7128193378448486,2.773573398590088,2.8551034927368164,2.678924322128296,2.802337646484375,2.502735137939453,2.5641725063323975,2.2184996604919434,2.5139071941375732,1.6624891757965088,1.8579272031784058,1.8376761674880981,2.7172293663024902,2.616475820541382,1.9632580280303955,1.9317660331726074,3.0632402896881104,0.4448601305484772,3.0210258960723877,1.4309027194976807,1.524111032485962,-0.7004352807998657,-0.3660620450973511
3,99,2.5611319541931152,2.5964925289154053,2.6901280879974365,2.4323461055755615,2.5898189544677734,2.323317527770996,2.3937466144561768,1.9612493515014648,2.2806708812713623,1.709494709968567,1.9246546030044556,1.897114634513855,2.7309131622314453,2.6320042610168457,1.9704797267913818,1.9366017580032349,2.9961376190185547,0.7348154187202454,2.742429256439209,2.8049087524414062,2.8917911052703857,2.7394540309906006,2.8745813369750977,2.542851448059082,2.6058146953582764,2.2994096279144287,2.562939167022705,1.704501748085022,1.902761697769165,1.8853085041046143,2.7519192695617676,2.66621732711792,1.9980214834213257,1.9710705280303955,3.0980873107910156,0.4559798836708069,3.0026497840881348,1.4212777614593506,1.4555871486663818,-0.6991971731185913,-0.4487798511981964
3,99,2.5121452808380127,2.5465967655181885,2.6399824619293213,2.373098611831665,2.5243232250213623,2.273221492767334,2.3413190841674805,1.9343960285186768,2.2092480659484863,1.5284700393676758,1.7359347343444824,1.7076539993286133,2.5502543449401855,2.447841167449951,1.800110101699829,1.7639880180358887,2.8706867694854736,0.6770825386047363,2.6695141792297363,2.731248617172241,2.8173153400421143,2.662135601043701,2.7890005111694336,2.471144676208496,2.5311195850372314,2.259622812271118,2.4790561199188232,1.5531587600708008,1.743422508239746,1.7248725891113281,2.6029601097106934,2.5137758255004883,1.8590785264968872,1.8300104141235352,3.000821113586426,0.41835421323776245,2.8887414932250977,1.3291105031967163,1.5100466012954712,-0.683112382888794,-0.32125934958457947
3,99,2.574495315551758,2.6075973510742188,2.701871871948242,2.4189419746398926,2.575838804244995,2.3277270793914795,2.398761034011841,1.9411733150482178,2.268695831298828,1.6619477272033691,1.8708850145339966,1.844528079032898,2.6902401447296143,2.589313268661499,1.9331251382827759,1.8982940912246704,2.989223003387451,0.7163920402526855,2.7462360858917236,2.8060903549194336,2.8931047916412354,2.717160224914551,2.8502161502838135,2.5378949642181396,2.600952625274658,2.27093243598938,2.5524752140045166,1.6694706678390503,1.8615230321884155,1.8447556495666504,2.7246322631835938,2.636157512664795,1.973824381828308,1.945634126663208,3.103145122528076,0.44209644198417664,3.026841163635254,1.4286006689071655,1.530041217803955,-0.6934182047843933,-0.3710636496543884
3,99,2.6240036487579346,2.6598622798919678,2.7531588077545166,2.474151611328125,2.6260459423065186,2.3745837211608887,2.4445719718933105,1.9804481267929077,2.3122804164886475,1.8423937559127808,2.0520596504211426,2.0264949798583984,2.887887716293335,2.7977559566497803,2.122532606124878,2.091766595840454,3.1864523887634277,0.7076987028121948,2.8014917373657227,2.8639914989471436,2.950343370437622,2.7763872146606445,2.9063026905059814,2.589860439300537,2.652534246444702,2.313372850418091,2.599041700363159,1.859525203704834,2.051405668258667,2.036383867263794,2.9235103130340576,2.8478481769561768,2.1674439907073975,2.1438686847686768,3.296438694000244,0.4359028935432434,3.2241158485412598,1.4495490789413452,1.5477691888809204,-0.7204033136367798,-0.4089404046535492
3,99,2.5326321125030518,2.574734926223755,2.663578987121582,2.4314234256744385,2.5706498622894287,2.296476364135742,2.3663904666900635,1.9671244621276855,2.2595207691192627,1.660766363143921,1.8728326559066772,1.8429310321807861,2.699230432510376,2.5936689376831055,1.9371440410614014,1.9023518562316895,2.9814047813415527,0.6787830591201782,2.717926263809204,2.786606550216675,2.868197202682495,2.741431951522827,2.85801362991333,2.5214738845825195,2.583538770675659,2.3075640201568604,2.539522886276245,1.6659471988677979,1.8597711324691772,1.841225266456604,2.725862503051758,2.6354868412017822,1.9727191925048828,1.9450844526290894,3.0846505165100098,0.41558337211608887,2.959184169769287,1.3645881414413452,1.5064338445663452,-0.7581202387809753,-0.37066805362701416
3,99,2.60437273979187,2.640375852584839,2.73091197013855,2.4432904720306396,2.5911264419555664,2.3511950969696045,2.419314384460449,1.9445451498031616,2.3017101287841797,1.7111393213272095,1.9226875305175781,1.8938708305358887,2.7527401447296143,2.647756576538086,1.9877614974975586,1.9519566297531128,3.0363142490386963,0.7045204639434814,2.767951488494873,2.829883575439453,2.9145264625549316,2.732607364654541,2.8591794967651367,2.552746534347534,2.6139767169952393,2.268115997314453,2.5736753940582275,1.7150088548660278,1.908869743347168,1.8902742862701416,2.77988862991333,2.688723564147949,2.0230751037597656,1.994195580482483,3.1407172679901123,0.4344901144504547,3.1110668182373047,1.4504103660583496,1.5420024394989014,-0.7264941334724426,-0.36682596802711487
3,99,2.602769374847412,2.640566110610962,2.7351551055908203,2.466479778289795,2.628740072250366,2.3541998863220215,2.425236701965332,1.986026644706726,2.3234429359436035,1.606579303741455,1.8263187408447266,1.8046355247497559,2.6464200019836426,2.5739047527313232,1.868496298789978,1.840950846672058,2.9404196739196777,0.749184250831604,2.7772252559661865,2.841653823852539,2.929385185241699,2.7637956142425537,2.9049296379089355,2.5660171508789062,2.6299173831939697,2.313474178314209,2.6011593341827393,1.5817148685455322,1.7842146158218384,1.7734696865081787,2.6543638706207275,2.5962090492248535,1.881532073020935,1.8614848852157593,3.0353426933288574,0.4639078676700592,2.938540458679199,1.4880375862121582,1.4891422986984253,-0.6989529728889465,-0.42473775148391724
3,99,2.6106553077697754,2.646252393722534,2.7396016120910645,2.441587209701538,2.5980896949768066,2.3541436195373535,2.4264001846313477,1.9509209394454956,2.292526960372925,1.6221427917480469,1.8357658386230469,1.8062869310379028,2.665998697280884,2.5547406673431396,1.8963340520858765,1.8585447072982788,2.958932876586914,0.7047150135040283,2.7693140506744385,2.8307158946990967,2.9177050590515137,2.7241861820220947,2.8579039573669434,2.549797773361206,2.6146976947784424,2.2654988765716553,2.562654495239258,1.6103874444961548,1.8056879043579102,1.7867954969406128,2.6806421279907227,2.583305835723877,1.9189139604568481,1.8879132270812988,3.0542259216308594,0.4326275587081909,3.052556276321411,1.454994797706604,1.4493482112884521,-0.6989381313323975,-0.4262875020503998
3,99,2.627096652984619,2.652881383895874,2.74198842048645,2.4192075729370117,2.5745561122894287,2.3634307384490967,2.4315593242645264,1.9109493494033813,2.2757277488708496,1.5774258375167847,1.7947163581848145,1.7680563926696777,2.6250576972961426,2.5407721996307373,1.8488004207611084,1.8184279203414917,2.928598403930664,0.7087817788124084,2.779895544052124,2.8334529399871826,2.9156792163848877,2.7021162509918213,2.835026979446411,2.5535483360290527,2.6146228313446045,2.2267096042633057,2.5558347702026367,1.5664538145065308,1.765916347503662,1.7505254745483398,2.643981695175171,2.5746335983276367,1.8740978240966797,1.8512983322143555,3.031083822250366,0.42848217487335205,3.064375400543213,1.3868590593338013,1.431688904762268,-0.6942119002342224,-0.43425998091697693
3,99,2.6112914085388184,2.636646032333374,2.724310874938965,2.4063632488250732,2.5563864707946777,2.3486762046813965,2.4170682430267334,1.905811071395874,2.260265350341797,1.5592491626739502,1.7716909646987915,1.7412378787994385,2.614935874938965,2.506767511367798,1.841424584388733,1.8038971424102783,2.92105770111084,0.6773934364318848,2.759817600250244,2.812699317932129,2.8934667110443115,2.6881072521209717,2.8137943744659424,2.536267042160034,2.5969133377075195,2.2220513820648193,2.5365149974823,1.5646986961364746,1.7594939470291138,1.7398154735565186,2.6482880115509033,2.5542991161346436,1.8816472291946411,1.8512787818908691,3.0341498851776123,0.4079281985759735,3.063183307647705,1.3739748001098633,1.3542470932006836,-0.7006542682647705,-0.48944684863090515
3,99,2.6436374187469482,2.669597864151001,2.7564501762390137,2.453638792037964,2.6025664806365967,2.390740156173706,2.457787275314331,1.9451981782913208,2.3085696697235107,1.6196911334991455,1.834397554397583,1.8033651113510132,2.668811559677124,2.558284044265747,1.8960992097854614,1.8579338788986206,2.9506707191467285,0.6856575608253479,2.8175556659698486,2.87062931060791,2.950251340866089,2.7534902095794678,2.878237247467041,2.601701021194458,2.6607439517974854,2.272833824157715,2.601508378982544,1.6108349561691284,1.808817982673645,1.7886860370635986,2.685565710067749,2.589721202850342,1.918880581855774,1.888290524482727,3.044940948486328,0.4221017360687256,3.1077606678009033,1.391066551208496,1.4211444854736328,-0.7245954871177673,-0.4365023970603943
3,99,2.677612543106079,2.7150509357452393,2.7849647998809814,2.5095293521881104,2.639374017715454,2.4339845180511475,2.489875316619873,1.9626377820968628,2.3756649494171143,1.7152742147445679,1.9318478107452393,1.9003596305847168,2.7530720233917236,2.6600518226623535,1.9854284524917603,1.9511173963546753,3.0120890140533447,0.7368596196174622,2.8483760356903076,2.912482261657715,2.9761412143707275,2.806872844696045,2.9165360927581787,2.6426191329956055,2.6916379928588867,2.293459892272949,2.656498670578003,1.7262122631072998,1.9264187812805176,1.9071732759475708,2.789750814437866,2.7124738693237305,2.0262081623077393,2.000311851501465,3.1263740062713623,0.47872552275657654,3.133054733276367,1.4768977165222168,1.4959323406219482,-0.7254568338394165,-0.4128866493701935
3,99,2.554516553878784,2.577982187271118,2.6545968055725098,2.3464417457580566,2.476634979248047,2.294448137283325,2.3540124893188477,1.8471001386642456,2.217909336090088,1.6321567296981812,1.8503659963607788,1.8075486421585083,2.7212700843811035,2.570803165435791,1.9234024286270142,1.8722420930862427,3.023338556289673,0.6796249151229858,2.6865053176879883,2.7386908531188965,2.8075573444366455,2.617903470993042,2.7200958728790283,2.4668173789978027,2.5171194076538086,2.1544976234436035,2.479250431060791,1.6686241626739502,1.8707470893859863,1.8381675481796265,2.786241054534912,2.6493117809295654,1.993124008178711,1.9495644569396973,3.164742946624756,0.4169449508190155,3.092210292816162,1.4475836753845215,1.4825375080108643,-0.6128371953964233,-0.388051301240921
3,99,1.8819535970687866,1.9392017126083374,2.002946138381958,1.9517221450805664,2.0147464275360107,1.6726409196853638,1.7218632698059082,1.6481115818023682,1.7554376125335693,1.4719160795211792,1.7044309377670288,1.6519365310668945,2.609942674636841,2.4534060955047607,1.768507957458496,1.7113759517669678,2.931169271469116,0.7067673802375793,1.8476150035858154,1.932862639427185,1.9835914373397827,2.053950071334839,2.0827271938323975,1.6823639869689941,1.7181793451309204,1.7977193593978882,1.790734052658081,1.4635549783706665,1.6829499006271362,1.6419481039047241,2.6485984325408936,2.507904052734375,1.8036108016967773,1.7548190355300903,3.0582034587860107,0.4360071122646332,2.1891701221466064,1.5245816707611084,1.5544764995574951,-0.42443373799324036,-0.36229637265205383
3,99,1.7050658464431763,1.8357453346252441,1.917574167251587,2.2523605823516846,2.3860023021698,1.662888526916504,1.7193931341171265,2.2662198543548584,1.5836986303329468,1.4097508192062378,1.6642972230911255,1.6212348937988281,2.5242185592651367,2.4868004322052,1.6664336919784546,1.6282427310943604,2.8334555625915527,0.8198817372322083,1.5979143381118774,1.7526757717132568,1.8160955905914307,2.239884376525879,2.3431568145751953,1.5913362503051758,1.6326477527618408,2.2881667613983154,1.4999396800994873,1.2642292976379395,1.5120797157287598,1.4840902090072632,2.4465742111206055,2.4297637939453125,1.570688247680664,1.545403242111206,2.8591644763946533,0.542690098285675,1.4367982149124146,1.5458098649978638,1.792763352394104,-0.4984029531478882,-0.26752978563308716
3,99,1.7792166471481323,1.9786113500595093,2.0390899181365967,2.791018009185791,2.8947341442108154,1.9583450555801392,1.9933475255966187,3.173499584197998,1.2246309518814087,1.6079436540603638,1.8524956703186035,1.813349962234497,2.7279088497161865,2.7051970958709717,1.8539072275161743,1.8183234930038452,3.1205739974975586,0.9382635354995728,1.6823890209197998,1.8967359066009521,1.9392801523208618,2.778805732727051,2.857308864593506,1.9107890129089355,1.9328054189682007,3.2176246643066406,1.0219906568527222,1.4785994291305542,1.7205995321273804,1.690953254699707,2.6847944259643555,2.675288200378418,1.7876827716827393,1.7607128620147705,3.194284677505493,0.6054022908210754,0.9390920996665955,1.5555286407470703,1.7588773965835571,-0.5512182712554932,-0.4166319668292999
3,99,1.8223822116851807,2.044588327407837,2.0761895179748535,2.988772392272949,2.978294610977173,2.0722665786743164,2.075807809829712,3.3538172245025635,1.04611337184906,1.7658063173294067,2.0264196395874023,1.9736812114715576,2.9815475940704346,2.855835437774658,2.0429370403289795,1.9856934547424316,3.289625883102417,0.984306275844574,1.7223297357559204,1.9624921083450317,1.9654605388641357,2.9779536724090576,2.9248623847961426,2.028024911880493,2.00988507270813,3.3934125900268555,0.8085663318634033,1.6559547185897827,1.9144624471664429,1.86667001247406,2.953482151031494,2.8330469131469727,1.9940696954727173,1.9403982162475586,3.3720266819000244,0.6432177424430847,0.8770809769630432,1.6290456056594849,1.901161789894104,-0.5163007974624634,-0.3629286587238312
3,99,1.7092909812927246,1.931809902191162,1.966720461845398,2.8864822387695312,2.8612217903137207,1.9485259056091309,1.9471235275268555,3.3332486152648926,1.1515161991119385,1.7977228164672852,2.0561673641204834,2.011561632156372,2.9894726276397705,2.856151580810547,2.0419352054595947,1.9824494123458862,3.3368635177612305,1.2275493144989014,1.5916327238082886,1.8368655443191528,1.8367524147033691,2.9100241661071777,2.8321359157562256,1.9225388765335083,1.8951902389526367,3.4468472003936768,0.7932383418083191,1.7233611345291138,1.9849773645401,1.9470911026000977,3.0295815467834473,2.9035439491271973,2.043117046356201,1.9891709089279175,3.497976064682007,0.9143670201301575,0.8006312251091003,1.6679706573486328,1.9887208938598633,-0.4898567497730255,-0.3850655257701874
3,99,1.6322276592254639,1.8471623659133911,1.8917664289474487,2.6463892459869385,2.7447876930236816,1.8262245655059814,1.854650616645813,2.997807502746582,0.9386836290359497,1.7282179594039917,1.9692981243133545,1.9516608715057373,2.671039342880249,2.67830228805542,1.8672302961349487,1.8487205505371094,2.8355319499969482,1.279782772064209,1.4746721982955933,1.697507619857788,1.7207072973251343,2.580756902694702,2.646183729171753,1.7354038953781128,1.7483576536178589,3.0301268100738525,0.5889800786972046,1.50200355052948,1.7459038496017456,1.7357231378555298,2.553419351577759,2.5735061168670654,1.7104781866073608,1.6985936164855957,2.8676917552948,0.8887190222740173,0.7653505802154541,1.66806161403656,1.9404823780059814,-0.36784225702285767,-0.36147540807724
3,99,1.715654730796814,1.9056645631790161,1.9351184368133545,2.7111940383911133,2.7649664878845215,1.946967601776123,1.963724136352539,3.1295976638793945,0.8101113438606262,1.8688801527023315,2.0630273818969727,2.034730911254883,2.5490074157714844,2.512850046157837,1.909127950668335,1.8805345296859741,2.541959047317505,1.6389975547790527,1.6923497915267944,1.8802720308303833,1.8933537006378174,2.7515296936035156,2.7802886962890625,1.978398084640503,1.983115792274475,3.254197597503662,0.4699048697948456,1.8689285516738892,2.0708296298980713,2.0548980236053467,2.638617753982544,2.6241862773895264,1.9523885250091553,1.9340426921844482,2.7171072959899902,1.5595588684082031,1.3721760511398315,1.4918303489685059,1.7352955341339111,-0.4425542652606964,-0.5305083394050598
3,99,1.832561731338501,2.0249547958374023,2.0438413619995117,2.852893352508545,2.8780360221862793,2.083570957183838,2.087367534637451,3.2427189350128174,0.7864350080490112,1.8594356775283813,2.057422399520874,2.0204384326934814,2.572040557861328,2.505988597869873,1.9212979078292847,1.880059838294983,2.551563262939453,1.5641692876815796,1.8566579818725586,2.04585599899292,2.05145263671875,2.9223721027374268,2.9268229007720947,2.148442029953003,2.143383502960205,3.375479221343994,0.5076437592506409,1.8936847448349,2.1011874675750732,2.07102108001709,2.702934503555298,2.649812936782837,2.0047667026519775,1.9695043563842773,2.765489101409912,1.4817434549331665,1.435264229774475,1.4158399105072021,1.642012596130371,-0.5184670686721802,-0.5914831757545471
3,99,1.8309699296951294,2.0220284461975098,2.0512242317199707,2.8499062061309814,2.923469305038452,2.0857126712799072,2.1022162437438965,3.2834255695343018,0.7730085849761963,1.6250554323196411,1.831793189048767,1.8043012619018555,2.462587833404541,2.446092128753662,1.7552027702331543,1.7263472080230713,2.636904716491699,1.1893919706344604,1.8263810873031616,2.0126988887786865,2.02962064743042,2.8900225162506104,2.9454057216644287,2.12355375289917,2.131956100463867,3.39312744140625,0.46044743061065674,1.6022183895111084,1.8145089149475098,1.791825532913208,2.537482500076294,2.531477451324463,1.792414665222168,1.7687962055206299,2.8117194175720215,0.983849823474884,1.116721272468567,1.414368987083435,1.5714093446731567,-0.5142615437507629,-0.5330289006233215
3,99,1.832244634628296,2.032951831817627,2.055194139480591,2.90315580368042,2.9330458641052246,2.1023452281951904,2.1072263717651367,3.3313345909118652,0.7818612456321716,1.7495999336242676,1.9649664163589478,1.9322978258132935,2.6235692501068115,2.5686817169189453,1.887956976890564,1.8484147787094116,2.7759408950805664,1.2733432054519653,1.8341375589370728,2.0305545330047607,2.036240577697754,2.9531683921813965,2.958350658416748,2.150141716003418,2.1435861587524414,3.4501495361328125,0.45636865496635437,1.7463639974594116,1.9676172733306885,1.9380892515182495,2.718270778656006,2.6698389053344727,1.9440048933029175,1.9080121517181396,2.9653894901275635,1.0800089836120605,1.1404536962509155,1.4405879974365234,1.621446132659912,-0.5129643678665161,-0.5437438488006592
3,99,1.96345853805542,2.1601860523223877,2.173344135284424,3.023569345474243,3.01008677482605,2.237532138824463,2.229548215866089,3.3816347122192383,0.7785797119140625,1.8677353858947754,2.077617883682251,2.0445291996002197,2.7071144580841064,2.6205785274505615,1.9947391748428345,1.9499194622039795,2.755577325820923,1.3773157596588135,1.9856131076812744,2.177856922149658,2.174975872039795,3.0876107215881348,3.048997402191162,2.300832986831665,2.2818074226379395,3.509347438812256,0.458368718624115,1.9226657152175903,2.138889789581299,2.107512950897217,2.850142002105713,2.766646146774292,2.101292610168457,2.0582640171051025,2.9771311283111572,1.244999885559082,1.278390884399414,1.381019949913025,1.569913625717163,-0.5476306080818176,-0.6275632977485657
3,99,1.9776582717895508,2.1896581649780273,2.1794638633728027,3.083369493484497,2.9626305103302,2.2572906017303467,2.218219518661499,3.3448803424835205,0.7726344466209412,1.9668031930923462,2.1805412769317627,2.140392780303955,2.7526865005493164,2.5925257205963135,2.042289972305298,1.9846528768539429,2.61883282661438,1.5880603790283203,2.0087950229644775,2.2143449783325195,2.186485767364502,3.1557717323303223,3.00669264793396,2.331745147705078,2.280717611312866,3.488436222076416,0.4284442961215973,2.045665740966797,2.2691657543182373,2.2300350666046143,2.9223480224609375,2.7620458602905273,2.1693966388702393,2.111337900161743,2.8562986850738525,1.5328632593154907,1.4941030740737915,1.430108904838562,1.5679596662521362,-0.543454110622406,-0.6549093127250671
3,99,1.9049125909805298,2.1029019355773926,2.1136722564697266,2.9521424770355225,2.935277223587036,2.172722101211548,2.16554594039917,3.2791495323181152,0.739557147026062,1.829664707183838,2.030498504638672,1.9940111637115479,2.541609287261963,2.4479739665985107,1.8840755224227905,1.8444234132766724,2.460740804672241,1.4935879707336426,1.9731664657592773,2.1644139289855957,2.1618621349334717,3.05747127532959,3.0198464393615723,2.2811386585235596,2.264568328857422,3.449359655380249,0.4295576214790344,1.9329586029052734,2.1458659172058105,2.1105427742004395,2.7504236698150635,2.6591241359710693,2.0444259643554688,2.005300283432007,2.744536876678467,1.439883828163147,1.5478137731552124,1.3731826543807983,1.47658109664917,-0.550225019454956,-0.6421762108802795
3,99,1.9391405582427979,2.1435365676879883,2.1504147052764893,3.0114927291870117,2.9771478176116943,2.2153234481811523,2.202354669570923,3.323075294494629,0.725516676902771,1.9041959047317505,2.1122002601623535,2.0781912803649902,2.6283323764801025,2.5321273803710938,1.956262469291687,1.915864109992981,2.513343572616577,1.5725781917572021,2.0055742263793945,2.201329231262207,2.194071054458618,3.1140787601470947,3.057358741760254,2.3233351707458496,2.30070161819458,3.4958508014678955,0.3883543312549591,2.022407293319702,2.2419378757476807,2.2096052169799805,2.846193790435791,2.7523295879364014,2.127676248550415,2.0880424976348877,2.7998998165130615,1.5455727577209473,1.6033705472946167,1.3933136463165283,1.4905743598937988,-0.5511351227760315,-0.6697613596916199
3,99,1.7096776962280273,1.9214756488800049,1.9228068590164185,2.812365770339966,2.724091053009033,1.9831933975219727,1.953706979751587,3.1230905055999756,0.7389792799949646,1.7331074476242065,1.9616538286209106,1.921044945716858,2.6206960678100586,2.4751510620117188,1.855088710784912,1.796396255493164,2.6251556873321533,1.3010742664337158,1.6760436296463013,1.8800305128097534,1.863855242729187,2.8278391361236572,2.7122907638549805,2.0012149810791016,1.9599250555038452,3.2238125801086426,0.38784563541412354,1.6991369724273682,1.9343771934509277,1.890049695968628,2.6804423332214355,2.527449607849121,1.8787404298782349,1.8164746761322021,2.7749903202056885,1.1080396175384521,1.092921495437622,1.6945877075195312,1.6261928081512451,-0.31674808263778687,-0.5465778708457947
3,99,1.7878931760787964,2.0187127590179443,2.0033557415008545,2.973802089691162,2.8071610927581787,2.0829644203186035,2.032092332839966,3.2549233436584473,0.7839980125427246,2.0769031047821045,2.3004772663116455,2.2588696479797363,2.8675947189331055,2.6843364238739014,2.129971981048584,2.0696816444396973,2.6878151893615723,1.7626500129699707,1.8444714546203613,2.066523790359497,2.032054901123047,3.0851354598999023,2.8872737884521484,2.1962523460388184,2.13200044631958,3.4553780555725098,0.4101310670375824,2.1797609329223633,2.4166369438171387,2.3742904663085938,3.078402280807495,2.8895344734191895,2.288635492324829,2.2252984046936035,2.970705270767212,1.734356164932251,1.5408172607421875,1.7260948419570923,1.6450804471969604,-0.3628610074520111,-0.647258996963501
3,99,1.4093427658081055,1.6458674669265747,1.646973729133606,2.520519256591797,2.4079020023345947,1.6496996879577637,1.6149288415908813,2.7714409828186035,0.790173351764679,1.806693196296692,2.04196834564209,2.001812696456909,2.637223243713379,2.477104902267456,1.8753527402877808,1.8141708374023438,2.5152249336242676,1.493056058883667,1.346643090248108,1.5781751871109009,1.554613709449768,2.5414528846740723,2.3897035121917725,1.6661834716796875,1.6135306358337402,2.9047279357910156,0.3941669464111328,1.7459505796432495,1.993447184562683,1.9514039754867554,2.6854560375213623,2.518434524536133,1.8727858066558838,1.8081409931182861,2.659327745437622,1.3247836828231812,1.1138969659805298,1.7091089487075806,1.6900304555892944,-0.2526492774486542,-0.464314341545105
3,99,1.6021672487258911,1.8347704410552979,1.8256969451904297,2.754145860671997,2.612924337387085,1.8776113986968994,1.8350179195404053,3.0292489528656006,0.7466487884521484,1.9583055973052979,2.1806230545043945,2.144165277481079,2.693445920944214,2.528775453567505,1.979833722114563,1.9277660846710205,2.476602077484131,1.7202346324920654,1.61823570728302,1.8406105041503906,1.810285210609436,2.8290982246398926,2.6546220779418945,1.9562369585037231,1.8987386226654053,3.201491355895996,0.366836816072464,1.9910305738449097,2.2272214889526367,2.191505193710327,2.8346521854400635,2.6677417755126953,2.0662145614624023,2.012080669403076,2.6967995166778564,1.667831540107727,1.4956767559051514,1.7169523239135742,1.6544044017791748,-0.2726007401943207,-0.5767926573753357
3,99,1.564918041229248,1.795574426651001,1.7792911529541016,2.7414121627807617,2.5668468475341797,1.8428536653518677,1.7960788011550903,3.042569398880005,0.7850494384765625,2.2941458225250244,2.4685776233673096,2.431276559829712,2.754423141479492,2.5893478393554688,2.1917550563812256,2.1571877002716064,2.3317763805389404,2.12040638923645,1.6049021482467651,1.8293334245681763,1.7911878824234009,2.851724147796631,2.6436362266540527,1.953452706336975,1.8896311521530151,3.2515578269958496,0.41439518332481384,2.421330451965332,2.617553234100342,2.579660654067993,3.012410879135132,2.84200382232666,2.373950242996216,2.335057497024536,2.6595401763916016,2.232419967651367,2.0808699131011963,1.7407797574996948,1.7295781373977661,-0.29252511262893677,-0.5985237956047058
3,99,1.6675512790679932,1.9000372886657715,1.8791375160217285,2.8465001583099365,2.6726248264312744,1.9489200115203857,1.901977300643921,3.1298720836639404,0.7903993129730225,2.3183443546295166,2.4996225833892822,2.4594337940216064,2.8035521507263184,2.639582872390747,2.225832462310791,2.1915512084960938,2.3838937282562256,2.1398818492889404,1.711753010749817,1.9363503456115723,1.895642638206482,2.953092575073242,2.7478702068328857,2.0584378242492676,1.995659589767456,3.3324685096740723,0.41448283195495605,2.4770920276641846,2.678999900817871,2.6389102935791016,3.086000680923462,2.918836832046509,2.4374096393585205,2.3998022079467773,2.7300467491149902,2.275118589401245,2.120112895965576,1.7088428735733032,1.7050485610961914,-0.32819387316703796,-0.6378397941589355
3,99,1.7396165132522583,1.9712589979171753,1.9594776630401611,2.917691707611084,2.7944252490997314,2.0261781215667725,1.9915724992752075,3.2364962100982666,0.7746174335479736,2.2069263458251953,2.412637710571289,2.3694465160369873,2.840585708618164,2.692394256591797,2.1784071922302246,2.1372873783111572,2.5617218017578125,1.9978663921356201,1.8033380508422852,2.0257697105407715,1.9966093301773071,3.036313533782959,2.885340690612793,2.149320125579834,2.1013195514678955,3.4461939334869385,0.40405189990997314,2.3470137119293213,2.569719076156616,2.528594493865967,3.0955538749694824,2.94856333732605,2.3721885681152344,2.330239772796631,2.8843047618865967,2.0652904510498047,1.8754398822784424,1.663333773612976,1.6993881464004517,-0.37917929887771606,-0.632724940776825
3,99,1.700239896774292,1.9374908208847046,1.916717529296875,2.8823297023773193,2.719125270843506,1.9907491207122803,1.9429543018341064,3.14926815032959,0.7534751296043396,2.388007402420044,2.568270683288574,2.5352349281311035,2.8141274452209473,2.6787521839141846,2.284219741821289,2.249899387359619,2.3386826515197754,2.2094006538391113,1.7556837797164917,1.981608510017395,1.9423518180847168,2.990215301513672,2.797492265701294,2.1037652492523193,2.043055295944214,3.3493168354034424,0.3843446373939514,2.578892707824707,2.780046224594116,2.748650312423706,3.1249730587005615,2.9893665313720703,2.5240848064422607,2.488088369369507,2.706198215484619,2.39963698387146,2.298739194869995,1.6738882064819336,1.6714428663253784,-0.3440741300582886,-0.6732602119445801
3,99,1.5799145698547363,1.821689248085022,1.8063679933547974,2.7626442909240723,2.6140005588531494,1.8626933097839355,1.8188211917877197,3.048468589782715,0.7472363710403442,2.141615390777588,2.360896348953247,2.3168389797210693,2.8213250637054443,2.6549720764160156,2.133837938308716,2.0835330486297607,2.541414737701416,1.9160264730453491,1.6143512725830078,1.8464099168777466,1.8119795322418213,2.855738878250122,2.6770904064178467,1.959269642829895,1.9017287492752075,3.235466957092285,0.3868165612220764,2.2266435623168945,2.4621808528900146,2.41890811920166,3.0183966159820557,2.850004196166992,2.271432399749756,2.219069242477417,2.8096070289611816,1.928321123123169,1.7091578245162964,1.641495943069458,1.706236720085144,-0.3389902412891388,-0.5956599712371826
3,99,1.6498210430145264,1.88224196434021,1.8581361770629883,2.82545804977417,2.6385087966918945,1.932756781578064,1.8796823024749756,3.094658136367798,0.7866801023483276,2.3748176097869873,2.5518791675567627,2.5139012336730957,2.82171630859375,2.664402484893799,2.2734463214874268,2.2373430728912354,2.3633806705474854,2.1940271854400635,1.6856372356414795,1.9094308614730835,1.8654799461364746,2.92348575592041,2.7042183876037598,2.033489465713501,1.965340256690979,3.290653705596924,0.40973079204559326,2.551846504211426,2.7492313385009766,2.711496591567993,3.1193478107452393,2.958439588546753,2.5009453296661377,2.46154522895813,2.720021963119507,2.3596084117889404,2.188873767852783,1.71792471408844,1.7040505409240723,-0.3248196840286255,-0.6599893569946289
3,99,1.744493007659912,1.9759422540664673,1.9579459428787231,2.915414333343506,2.75888991355896,2.028839588165283,1.9841245412826538,3.2008965015411377,0.779312789440155,2.2723145484924316,2.474388360977173,2.4305217266082764,2.8717408180236816,2.707385301589966,2.229959011077881,2.1856086254119873,2.528311252593994,2.057955503463745,1.7910219430923462,2.0149824619293213,1.9759420156478882,3.0178394317626953,2.8278350830078125,2.1348507404327393,2.074749708175659,3.3922693729400635,0.41107502579689026,2.4295499324798584,2.6486470699310303,2.605879783630371,3.1410958766937256,2.9753899574279785,2.438734769821167,2.3924295902252197,2.861067056655884,2.1512610912323,1.9557267427444458,1.6711827516555786,1.7285706996917725,-0.37289345264434814,-0.6471437811851501
3,99,1.6778345108032227,1.910313606262207,1.8929673433303833,2.821585178375244,2.6639297008514404,1.9502379894256592,1.9054969549179077,3.0563430786132812,0.7658112645149231,2.2783570289611816,2.4656670093536377,2.4293456077575684,2.7616779804229736,2.6173338890075684,2.1990325450897217,2.163294792175293,2.303551197052002,2.0993635654449463,1.690329670906067,1.91262686252594,1.8769069910049438,2.889310836791992,2.701674222946167,2.0219082832336426,1.9630264043807983,3.224151134490967,0.38744038343429565,2.429076671600342,2.633382797241211,2.5991246700286865,3.0133590698242188,2.8696177005767822,2.391953229904175,2.355131149291992,2.606266975402832,2.235037326812744,2.095135450363159,1.7661677598953247,1.6798756122589111,-0.2788303792476654,-0.6727035641670227
3,99,1.598491907119751,1.8383781909942627,1.828201413154602,2.7741918563842773,2.6258320808410645,1.8791117668151855,1.8340466022491455,3.050732374191284,0.7383905649185181,2.0355608463287354,2.2597639560699463,2.2227399349212646,2.7660176753997803,2.5996363162994385,2.0533742904663086,1.9996123313903809,2.526693344116211,1.7854290008544922,1.6158889532089233,1.845494031906128,1.8146295547485352,2.848355293273926,2.6681151390075684,1.9571969509124756,1.898011326789856,3.221208333969116,0.36791613698005676,2.0744614601135254,2.3135411739349365,2.2764337062835693,2.9135961532592773,2.7431156635284424,2.144500494003296,2.088085889816284,2.750093460083008,1.7416808605194092,1.573907732963562,1.7228666543960571,1.6933069229125977,-0.28675079345703125,-0.5769604444503784
3,99,1.6419099569320679,1.8777905702590942,1.8671281337738037,2.832920551300049,2.6801979541778564,1.9354537725448608,1.8898086547851562,3.1285743713378906,0.7311062216758728,2.1158101558685303,2.319398880004883,2.288444757461548,2.727217197418213,2.5742056369781494,2.083420991897583,2.037123680114746,2.413346529006958,1.9129893779754639,1.6893980503082275,1.9149669408798218,1.8833168745040894,2.934225559234619,2.749671459197998,2.0411174297332764,1.9813212156295776,3.321611166000366,0.367616206407547,2.2080841064453125,2.430417537689209,2.3988037109375,2.9396228790283203,2.78147029876709,2.2300751209259033,2.1804356575012207,2.695211887359619,1.9504806995391846,1.8664519786834717,1.7432929277420044,1.6730176210403442,-0.2865297496318817,-0.6005524396896362
3,99,1.5994418859481812,1.8373781442642212,1.8220360279083252,2.7705273628234863,2.596095323562622,1.877711534500122,1.825853943824768,3.0207436084747314,0.7463433742523193,2.15226411819458,2.3576693534851074,2.3237504959106445,2.763977289199829,2.5986549854278564,2.1209797859191895,2.071772813796997,2.41154408454895,1.9494773149490356,1.6203385591506958,1.8489019870758057,1.8121026754379272,2.8505256175994873,2.6419620513916016,1.9601802825927734,1.8934115171432495,3.198514938354492,0.37399598956108093,2.2580270767211914,2.48012375831604,2.4465172290802,2.9758410453796387,2.8068459033966064,2.2740888595581055,2.222226142883301,2.683873176574707,2.006439208984375,1.8221395015716553,1.770251750946045,1.6810449361801147,-0.26650911569595337,-0.6187555193901062
3,99,1.6473127603530884,1.8839313983917236,1.8704109191894531,2.829843521118164,2.6675028800964355,1.932172179222107,1.8839349746704102,3.0996761322021484,0.7675199508666992,2.186906576156616,2.3848979473114014,2.3539133071899414,2.7539846897125244,2.6039257049560547,2.1314034461975098,2.0859274864196777,2.3806722164154053,2.01180362701416,1.6833562850952148,1.9107872247695923,1.8756576776504517,2.9263126850128174,2.7297255992889404,2.031243324279785,1.968132734298706,3.2934398651123047,0.39055976271629333,2.291774272918701,2.507986307144165,2.4777088165283203,2.9742133617401123,2.8210794925689697,2.287092685699463,2.239292860031128,2.6665523052215576,2.079557418823242,1.9276853799819946,1.7638721466064453,1.7070841789245605,-0.29208725690841675,-0.617639422416687
3,99,1.6602883338928223,1.8840445280075073,1.8792433738708496,2.7848751544952393,2.6561226844787598,1.9291188716888428,1.8914036750793457,3.0698111057281494,0.7713433504104614,1.992545247077942,2.212785005569458,2.175434112548828,2.7167165279388428,2.5603864192962646,2.0150277614593506,1.962011456489563,2.5110185146331787,1.7399318218231201,1.673102617263794,1.887890338897705,1.8609561920166016,2.8574509620666504,2.6934168338775635,2.0041165351867676,1.9506627321243286,3.238507032394409,0.3876301944255829,2.0232059955596924,2.256411075592041,2.2185943126678467,2.8539249897003174,2.6926815509796143,2.0990493297576904,2.043365955352783,2.7278757095336914,1.6754451990127563,1.522661566734314,1.7561284303665161,1.6868609189987183,-0.2755865752696991,-0.5779510736465454
3,99,1.689453363418579,1.9189285039901733,1.9109317064285278,2.8548896312713623,2.712970495223999,1.97113037109375,1.9297432899475098,3.143787145614624,0.7793005704879761,2.111665725708008,2.312692165374756,2.2798807621002197,2.7210745811462402,2.5732107162475586,2.078582763671875,2.0305681228637695,2.4078688621520996,1.9151382446289062,1.7156187295913696,1.9367830753326416,1.9075063467025757,2.9408843517303467,2.765040874481201,2.0584323406219482,2.0022456645965576,3.32582688331604,0.4013804495334625,2.193126678466797,2.4116156101226807,2.3787529468536377,2.9192399978637695,2.7670133113861084,2.213243007659912,2.1626689434051514,2.677614688873291,1.9396085739135742,1.8274755477905273,1.7759495973587036,1.7071958780288696,-0.2966475486755371,-0.6028890609741211
3,99,1.5373518466949463,1.7679319381713867,1.764589786529541,2.679234504699707,2.555685043334961,1.8018149137496948,1.7664542198181152,2.9711852073669434,0.7830692529678345,2.2915244102478027,2.4549968242645264,2.4325613975524902,2.655797004699707,2.549891948699951,2.164579391479492,2.133228302001953,2.1774191856384277,2.1243858337402344,1.5503225326538086,1.7743663787841797,1.7479941844940186,2.764319896697998,2.6041736602783203,1.8848443031311035,1.8331249952316284,3.1593177318573,0.403190553188324,2.4035303592681885,2.5885751247406006,2.5677742958068848,2.8925416469573975,2.785627841949463,2.325000524520874,2.292102575302124,2.480630874633789,2.2529783248901367,2.1635754108428955,1.7754857540130615,1.698376178741455,-0.24694398045539856,-0.5885947346687317
3,99,1.6490228176116943,1.8839848041534424,1.865195631980896,2.822052001953125,2.635383367538452,1.9308620691299438,1.8748254776000977,3.078073501586914,0.7685735821723938,2.026299476623535,2.2521555423736572,2.209942579269409,2.797430992126465,2.6008188724517822,2.0631394386291504,2.000279664993286,2.575967311859131,1.7535884380340576,1.6694461107254028,1.8959197998046875,1.8551722764968872,2.9020142555236816,2.680222272872925,2.012622833251953,1.9415994882583618,3.253290891647339,0.39391419291496277,2.0671119689941406,2.305997371673584,2.263739585876465,2.9436514377593994,2.7420198917388916,2.156710147857666,2.0910353660583496,2.798987865447998,1.6997027397155762,1.4868454933166504,1.756052017211914,1.6992805004119873,-0.29264506697654724,-0.5787574648857117
3,99,1.6292895078659058,1.8629075288772583,1.8463184833526611,2.808161735534668,2.655564308166504,1.9208570718765259,1.8756272792816162,3.0888454914093018,0.7271044850349426,2.3669071197509766,2.538728713989258,2.5113229751586914,2.7688369750976562,2.6479339599609375,2.2563273906707764,2.2241790294647217,2.2840487957000732,2.1903460025787354,1.6876351833343506,1.910987138748169,1.8758715391159058,2.9190919399261475,2.7372848987579346,2.0361337661743164,1.9781548976898193,3.2910642623901367,0.3755112588405609,2.537886619567871,2.7309677600860596,2.7047958374023438,3.0621895790100098,2.9399030208587646,2.476830005645752,2.4427287578582764,2.636338233947754,2.36490535736084,2.2830698490142822,1.6837230920791626,1.6839853525161743,-0.3236466646194458,-0.663118839263916
3,99,1.6936933994293213,1.9239734411239624,1.9036400318145752,2.8539106845855713,2.693410873413086,1.9769983291625977,1.9290213584899902,3.1032145023345947,0.744635820388794,2.4383504390716553,2.6010425090789795,2.5743002891540527,2.791276693344116,2.6718194484710693,2.306544303894043,2.2745985984802246,2.242244005203247,2.268605947494507,1.7295318841934204,1.952728033065796,1.9118874073028564,2.9416987895965576,2.7491164207458496,2.0681118965148926,2.0064659118652344,3.2776761054992676,0.39722299575805664,2.6258881092071533,2.808729887008667,2.7841956615448,3.0938074588775635,2.9751291275024414,2.5393128395080566,2.5062434673309326,2.5994062423706055,2.473583221435547,2.4038355350494385,1.6857844591140747,1.7080185413360596,-0.3298070430755615,-0.691482663154602
3,99,1.8058925867080688,2.045264720916748,2.012408494949341,2.998080253601074,2.7839882373809814,2.099891424179077,2.0360963344573975,3.196796178817749,0.7590380907058716,2.3883230686187744,2.5865705013275146,2.549217939376831,2.9478518962860107,2.7787833213806152,2.334481954574585,2.287351369857788,2.4808430671691895,2.2021420001983643,1.8405042886734009,2.072474241256714,2.0199811458587646,3.0806610584259033,2.834268093109131,2.1853129863739014,2.1082634925842285,3.363384485244751,0.4115305244922638,2.594896078109741,2.807746410369873,2.7740590572357178,3.245487928390503,3.07977032661438,2.581251621246338,2.5342488288879395,2.8229498863220215,2.379538059234619,2.1265690326690674,1.670291781425476,1.726280689239502,-0.39230674505233765,-0.7367659211158752
3,99,1.8053301572799683,2.0438380241394043,2.0078752040863037,3.002081871032715,2.7727701663970947,2.0972177982330322,2.029149293899536,3.1968400478363037,0.7840458154678345,2.385979413986206,2.577775239944458,2.540863037109375,2.9293265342712402,2.753859043121338,2.319624662399292,2.2736382484436035,2.452993392944336,2.2112252712249756,1.8403853178024292,2.0726804733276367,2.015770196914673,3.0893285274505615,2.8256287574768066,2.1865546703338623,2.104309558868408,3.37046217918396,0.4264902174472809,2.590604543685913,2.7975399494171143,2.7642316818237305,3.2282378673553467,3.055812358856201,2.565690517425537,2.519345760345459,2.7980282306671143,2.393402338027954,2.133385181427002,1.6854718923568726,1.713775634765625,-0.39180758595466614,-0.7339786887168884
3,99,1.7861195802688599,2.008704423904419,1.9913631677627563,2.9332058429718018,2.7742972373962402,2.0654449462890625,2.0194356441497803,3.194169521331787,0.7927278280258179,2.275285482406616,2.4573934078216553,2.4228250980377197,2.775839328765869,2.6294426918029785,2.1977593898773193,2.1582319736480713,2.352369785308838,2.0897397994995117,1.81865394115448,2.03342866897583,1.99729585647583,3.0196685791015625,2.830394983291626,2.1550111770629883,2.0957016944885254,3.3744521141052246,0.4206410348415375,2.4387829303741455,2.637904644012451,2.605896472930908,3.047995090484619,2.9028732776641846,2.4085326194763184,2.368216037750244,2.682469606399536,2.2281579971313477,2.1053550243377686,1.7234351634979248,1.6792439222335815,-0.3504737615585327,-0.683408260345459
3,99,1.8887263536453247,2.1212315559387207,2.099008083343506,3.0640645027160645,2.8951847553253174,2.1775310039520264,2.1281960010528564,3.2999117374420166,0.7710728049278259,2.2276885509490967,2.443033456802368,2.401055335998535,2.928008556365967,2.7599587440490723,2.231673240661621,2.1826157569885254,2.61594820022583,1.9772518873214722,1.9311734437942505,2.157139301300049,2.1162705421447754,3.1535332202911377,2.95385479927063,2.2699854373931885,2.2072792053222656,3.4703431129455566,0.4182780981063843,2.3816704750061035,2.608579635620117,2.5714211463928223,3.1691339015960693,3.0062572956085205,2.4275481700897217,2.379909038543701,2.910712242126465,2.058018207550049,1.814235806465149,1.6418861150741577,1.7047711610794067,-0.4275137484073639,-0.700173556804657
3,99,1.8656744956970215,2.0987823009490967,2.0771052837371826,3.0353150367736816,2.866495132446289,2.156222105026245,2.1048102378845215,3.266479015350342,0.7577396631240845,2.2115800380706787,2.4294862747192383,2.388350486755371,2.8956103324890137,2.7284953594207764,2.2163689136505127,2.1635053157806396,2.5619473457336426,1.9647082090377808,1.8998258113861084,2.124662160873413,2.083733320236206,3.1147561073303223,2.914512872695923,2.2387475967407227,2.174703359603882,3.4289357662200928,0.4010566771030426,2.3604795932769775,2.5902717113494873,2.553469657897949,3.1326770782470703,2.9698798656463623,2.4069039821624756,2.3551089763641357,2.852677583694458,2.047168493270874,1.8419660329818726,1.6040825843811035,1.6811790466308594,-0.4349934160709381,-0.7007253766059875
3,99,1.7977120876312256,2.031071662902832,2.0078134536743164,2.976139783859253,2.7866320610046387,2.0893378257751465,2.0317697525024414,3.2100729942321777,0.7676038146018982,2.1634957790374756,2.3775248527526855,2.335710048675537,2.8464572429656982,2.663313388824463,2.170438289642334,2.112428903579712,2.5306899547576904,1.9098570346832275,1.8164026737213135,2.043069839477539,1.9977504014968872,3.045457363128662,2.820441722869873,2.1588501930236816,2.086714506149292,3.3611574172973633,0.4095599353313446,2.284003257751465,2.5114059448242188,2.4717049598693848,3.061347484588623,2.87797474861145,2.3349008560180664,2.276015281677246,2.8014562129974365,1.9674822092056274,1.803960919380188,1.6856112480163574,1.6466825008392334,-0.36704856157302856,-0.6727284789085388
3,99,1.8820611238479614,2.103576898574829,2.095702886581421,3.020739793777466,2.9059267044067383,2.169048309326172,2.1341636180877686,3.302914619445801,0.7530664205551147,2.0757153034210205,2.2893354892730713,2.25217342376709,2.774325370788574,2.6343789100646973,2.0991108417510986,2.048567771911621,2.5378408432006836,1.8007187843322754,1.9221150875091553,2.1366353034973145,2.10868501663208,3.1047801971435547,2.958472490310669,2.2549424171447754,2.2068936824798584,3.4628260135650635,0.40379539132118225,2.196258068084717,2.4234864711761475,2.3874802589416504,2.9967129230499268,2.856053113937378,2.269390821456909,2.2183637619018555,2.8253347873687744,1.8219003677368164,1.7623066902160645,1.5717756748199463,1.6322602033615112,-0.4290074110031128,-0.6554355025291443
3,99,1.8091784715652466,2.0369722843170166,2.023592710494995,2.9585585594177246,2.8107411861419678,2.094132900238037,2.0508298873901367,3.20430588722229,0.7636598944664001,2.1545679569244385,2.3553528785705566,2.3240346908569336,2.7436885833740234,2.602811098098755,2.125070333480835,2.081059455871582,2.3829638957977295,1.9434813261032104,1.8339784145355225,2.0562992095947266,2.0216286182403564,3.0298452377319336,2.8484151363372803,2.165299892425537,2.107436418533325,3.3487348556518555,0.4393329322338104,2.2787675857543945,2.4951279163360596,2.466494560241699,2.9709417819976807,2.8311522006988525,2.295161247253418,2.251016855239868,2.6694037914276123,2.0258169174194336,1.9561936855316162,1.6149115562438965,1.6678766012191772,-0.39070233702659607,-0.6465826034545898
3,99,1.7597182989120483,1.9832922220230103,1.9748870134353638,2.901238441467285,2.7800636291503906,2.0442867279052734,2.007209062576294,3.1555192470550537,0.7276367545127869,2.113912582397461,2.299581289291382,2.273122549057007,2.6425061225891113,2.5213992595672607,2.063081741333008,2.0205914974212646,2.271497964859009,1.9239299297332764,1.7784571647644043,1.9971518516540527,1.967795968055725,2.966364860534668,2.8132801055908203,2.1094017028808594,2.0585954189300537,3.2930448055267334,0.40084511041641235,2.231060266494751,2.433340549468994,2.409369707107544,2.8622660636901855,2.7431561946868896,2.2244842052459717,2.1822447776794434,2.5456511974334717,2.015697717666626,2.0203089714050293,1.6104636192321777,1.6002968549728394,-0.36779600381851196,-0.6678587794303894
3,99,1.7856343984603882,2.0035605430603027,1.995590329170227,2.907531499862671,2.796359062194824,2.068230152130127,2.0354204177856445,3.170614242553711,0.7222383618354797,2.0896570682525635,2.268777370452881,2.240291118621826,2.569474458694458,2.454972743988037,2.022671937942505,1.9844492673873901,2.183264970779419,1.9136496782302856,1.8099122047424316,2.020524263381958,1.9946532249450684,2.9751181602478027,2.8363118171691895,2.1379339694976807,2.093062162399292,3.314404010772705,0.3895682394504547,2.2118418216705322,2.409045696258545,2.3826370239257812,2.801828145980835,2.6886868476867676,2.191732883453369,2.15338397026062,2.4730241298675537,2.0166423320770264,2.1011550426483154,1.5869700908660889,1.5871332883834839,-0.3733990490436554,-0.6613933444023132
3,99,1.7860535383224487,2.008103609085083,1.997750163078308,2.9148659706115723,2.7872231006622314,2.069489002227783,2.0314104557037354,3.175121545791626,0.7345778942108154,2.105699300765991,2.3160324096679688,2.2791190147399902,2.7727041244506836,2.6283204555511475,2.118269920349121,2.067216396331787,2.4938907623291016,1.8593144416809082,1.812857985496521,2.0287482738494873,1.997826099395752,2.987732410430908,2.8281545639038086,2.1430838108062744,2.0912063121795654,3.3233165740966797,0.39809417724609375,2.2099568843841553,2.433213472366333,2.3986892700195312,2.972522258758545,2.82928466796875,2.2676334381103516,2.2169320583343506,2.754976272583008,1.889224886894226,1.772046685218811,1.5968610048294067,1.672719955444336,-0.38116753101348877,-0.6437662839889526
3,99,1.7410324811935425,1.9615614414215088,1.955345869064331,2.860564708709717,2.7491958141326904,2.0147950649261475,1.98176109790802,3.1331422328948975,0.7455227375030518,2.0408337116241455,2.2514355182647705,2.2136402130126953,2.7295963764190674,2.5901124477386475,2.059723138809204,2.009213447570801,2.4898014068603516,1.793395757675171,1.7637068033218384,1.9776278734207153,1.9534084796905518,2.9333717823028564,2.793623924255371,2.087723731994629,2.0423264503479004,3.288947343826294,0.4008985161781311,2.1115975379943848,2.3345534801483154,2.2997422218322754,2.896059036254883,2.758899688720703,2.1761019229888916,2.1264710426330566,2.7229275703430176,1.7864924669265747,1.6470896005630493,1.6623616218566895,1.6576405763626099,-0.3468809425830841,-0.6282077431678772
3,99,1.875789999961853,2.0956919193267822,2.091486930847168,3.0195016860961914,2.9236156940460205,2.1645424365997314,2.1355156898498535,3.313758134841919,0.7402724623680115,2.08026385307312,2.279676914215088,2.244194984436035,2.7041492462158203,2.577697992324829,2.0711188316345215,2.024919271469116,2.4324374198913574,1.8722022771835327,1.9369338750839233,2.1504082679748535,2.128955602645874,3.125324010848999,3.002429962158203,2.2704854011535645,2.230070114135742,3.493579626083374,0.4041151702404022,2.2141075134277344,2.428117275238037,2.3977532386779785,2.938751697540283,2.8196473121643066,2.251244306564331,2.207725763320923,2.725419521331787,1.9497301578521729,1.9161739349365234,1.6631309986114502,1.5924711227416992,-0.38343194127082825,-0.6701018810272217
3,99,1.8219040632247925,2.047499179840088,2.0389764308929443,2.962611198425293,2.8434605598449707,2.1007204055786133,2.063880681991577,3.2214133739471436,0.7576907277107239,2.1209890842437744,2.33065128326416,2.293646812438965,2.784722328186035,2.64193058013916,2.124701738357544,2.0723793506622314,2.498356580734253,1.8957157135009766,1.8517639636993408,2.0707788467407227,2.0434951782226562,3.0421268939971924,2.893033504486084,2.1799027919769287,2.1307451725006104,3.3828892707824707,0.40524983406066895,2.2320396900177,2.4544713497161865,2.421778440475464,2.9883787631988525,2.8509740829467773,2.27850341796875,2.228153705596924,2.7601101398468018,1.942569613456726,1.7991807460784912,1.7087421417236328,1.6684138774871826,-0.3449643850326538,-0.6469669342041016
3,99,1.7191948890686035,1.9428824186325073,1.938893437385559,2.872929573059082,2.756856679916382,2.0015158653259277,1.9671225547790527,3.1758291721343994,0.7918676137924194,2.1330387592315674,2.327328681945801,2.290231466293335,2.7220444679260254,2.580857753753662,2.1000030040740967,2.052255868911743,2.423800468444824,1.9425034523010254,1.7586899995803833,1.977779746055603,1.9527324438095093,2.9737255573272705,2.8242499828338623,2.098586320877075,2.049832820892334,3.3616652488708496,0.435850590467453,2.2519030570983887,2.462029218673706,2.4301815032958984,2.9487321376800537,2.8143486976623535,2.2672345638275146,2.2214393615722656,2.713287115097046,2.0248942375183105,1.8783690929412842,1.6910165548324585,1.6154476404190063,-0.3577840328216553,-0.6563841700553894
3,99,1.771549940109253,1.9940125942230225,1.9939250946044922,2.9073328971862793,2.821993589401245,2.047376871109009,2.024221658706665,3.2233219146728516,0.7919754385948181,2.152862548828125,2.3606884479522705,2.316953420639038,2.8010544776916504,2.6651344299316406,2.147736072540283,2.0977542400360107,2.550569534301758,1.9130460023880005,1.8429211378097534,2.062192678451538,2.0421597957611084,3.0348165035247803,2.9185309410095215,2.1709482669830322,2.1337785720825195,3.425180435180664,0.474719375371933,2.275174617767334,2.4999334812164307,2.457087516784668,3.0406696796417236,2.9046618938446045,2.3254711627960205,2.2750205993652344,2.8630378246307373,1.940870761871338,1.8330516815185547,1.5178987979888916,1.6885149478912354,-0.4995343089103699,-0.6304786205291748
3,99,1.7259905338287354,1.9535412788391113,1.948509931564331,2.8659613132476807,2.7405717372894287,1.9915531873703003,1.9554674625396729,3.129467725753784,0.8441615104675293,2.1838490962982178,2.3788061141967773,2.3451428413391113,2.751985788345337,2.612861394882202,2.137895107269287,2.090926170349121,2.414513111114502,2.018644094467163,1.748194932937622,1.9737603664398193,1.9458283185958862,2.956446886062622,2.7942144870758057,2.074089527130127,2.022042751312256,3.303687334060669,0.493786484003067,2.2977805137634277,2.5085668563842773,2.479682683944702,2.9727888107299805,2.839362382888794,2.298513650894165,2.253230571746826,2.698812484741211,2.0997495651245117,1.883347749710083,1.6840728521347046,1.6956239938735962,-0.36422738432884216,-0.6253079771995544
3,99,1.7769893407821655,2.0052502155303955,1.9926449060440063,2.927295684814453,2.775153398513794,2.0516421794891357,2.0059242248535156,3.167041540145874,0.8330446481704712,2.1997408866882324,2.4027655124664307,2.3653433322906494,2.839522123336792,2.6754846572875977,2.190265417098999,2.134329319000244,2.5238184928894043,1.9815707206726074,1.8105063438415527,2.0364646911621094,2.0030064582824707,3.0205342769622803,2.834916830062866,2.1383609771728516,2.0788345336914062,3.337702989578247,0.5064565539360046,2.333190679550171,2.5507452487945557,2.51598858833313,3.0729148387908936,2.9109601974487305,2.3695130348205566,2.3138058185577393,2.8154404163360596,2.052365779876709,1.8061259984970093,1.6760456562042236,1.6856173276901245,-0.38429537415504456,-0.6758039593696594
3,99,1.823781967163086,2.04854416847229,2.032714605331421,2.9697532653808594,2.810288667678833,2.100437879562378,2.052490711212158,3.208150863647461,0.8318695425987244,2.187836170196533,2.390205144882202,2.3505465984344482,2.8532490730285645,2.682701826095581,2.1905972957611084,2.1335368156433105,2.557609796524048,1.9534962177276611,1.8579379320144653,2.081516981124878,2.0432164669036865,3.0621156692504883,2.8665621280670166,2.186798095703125,2.123450517654419,3.374892234802246,0.503765344619751,2.3172481060028076,2.5333797931671143,2.495725631713867,3.0800700187683105,2.9101595878601074,2.3658828735351562,2.308542013168335,2.843193292617798,2.0059382915496826,1.7581067085266113,1.58087956905365,1.6936405897140503,-0.4820610582828522,-0.6818524599075317
3,99,1.936234951019287,2.1607565879821777,2.1444079875946045,3.1086013317108154,2.9559195041656494,2.2306272983551025,2.183788537979126,3.384591579437256,0.7928959131240845,2.24247407913208,2.447821617126465,2.411176919937134,2.9346301555633545,2.7735698223114014,2.257540702819824,2.202662944793701,2.670198440551758,1.9949852228164673,2.021477460861206,2.2433555126190186,2.207404136657715,3.2409310340881348,3.0569701194763184,2.3599328994750977,2.3001580238342285,3.5817644596099854,0.49151748418807983,2.4256813526153564,2.6441752910614014,2.610840082168579,3.2141380310058594,3.056591749191284,2.4871764183044434,2.4333043098449707,3.0059258937835693,2.084059000015259,1.8425270318984985,1.5410763025283813,1.6813807487487793,-0.5392877459526062,-0.7162570357322693
3,99,1.8449786901474,2.074108839035034,2.057314157485962,3.030724287033081,2.8651626110076904,2.1360042095184326,2.086422920227051,3.2979495525360107,0.8116979002952576,2.2122714519500732,2.4180076122283936,2.381650447845459,2.914644241333008,2.7454323768615723,2.2263383865356445,2.1700377464294434,2.6502885818481445,1.9813472032546997,1.9067806005477905,2.1342546939849854,2.0962436199188232,3.1470699310302734,2.9482181072235107,2.247337579727173,2.1833600997924805,3.4855356216430664,0.4963028132915497,2.358173370361328,2.577887535095215,2.5446577072143555,3.162466049194336,2.995514154434204,2.4207937717437744,2.3650805950164795,2.960113763809204,2.0389597415924072,1.7570607662200928,1.5491790771484375,1.7309374809265137,-0.5199388861656189,-0.6683498024940491
3,99,1.9699370861053467,2.1957309246063232,2.1804885864257812,3.141772508621216,2.995759963989258,2.2614240646362305,2.2160720825195312,3.4169905185699463,0.7959741353988647,2.2484312057495117,2.4690706729888916,2.4272971153259277,3.0404911041259766,2.8717434406280518,2.3091976642608643,2.2467501163482666,2.8413290977478027,1.9050705432891846,2.0458765029907227,2.2694034576416016,2.235553503036499,3.2626380920410156,3.0869228839874268,2.3793091773986816,2.321425676345825,3.5999534130096436,0.5073508024215698,2.3973114490509033,2.6286635398864746,2.5892579555511475,3.28071928024292,3.1133177280426025,2.5043461322784424,2.4427831172943115,3.1445765495300293,1.9166961908340454,1.6468312740325928,1.5439711809158325,1.7320786714553833,-0.552333652973175,-0.694744348526001
3,99,1.7254852056503296,1.9486684799194336,1.939384937286377,2.8719966411590576,2.7311320304870605,2.0028257369995117,1.9591811895370483,3.1578822135925293,0.8013023138046265,2.172401189804077,2.3697726726531982,2.332771062850952,2.7956783771514893,2.6350040435791016,2.156913995742798,2.099111795425415,2.506260395050049,1.9604965448379517,1.7805685997009277,2.0006725788116455,1.9692672491073608,2.9871392250061035,2.8118069171905518,2.1131904125213623,2.0560085773468018,3.352757215499878,0.4675787389278412,2.293078899383545,2.5069711208343506,2.471146583557129,3.0290257930755615,2.8676185607910156,2.3293511867523193,2.270581007003784,2.8071136474609375,2.011061429977417,1.8215219974517822,1.6831672191619873,1.703406810760498,-0.36603492498397827,-0.6357948184013367
3,99,1.810071349143982,2.0337657928466797,2.021725654602051,2.9617011547088623,2.8167245388031006,2.090736150741577,2.046417236328125,3.235914468765259,0.8022898435592651,2.207068920135498,2.4096710681915283,2.371586322784424,2.8571386337280273,2.694822072982788,2.201754331588745,2.146092414855957,2.5689055919647217,1.9921963214874268,1.8662792444229126,2.0859155654907227,2.053480625152588,3.073641300201416,2.896484613418579,2.199540376663208,2.1425018310546875,3.4271175861358643,0.463772714138031,2.349656343460083,2.5666189193725586,2.53157377243042,3.1022164821624756,2.942761182785034,2.392066478729248,2.3368587493896484,2.87570858001709,2.061009407043457,1.8348923921585083,1.676389455795288,1.711549997329712,-0.39035916328430176,-0.6644858121871948
3,99,1.758080244064331,1.9783159494400024,1.9710466861724854,2.889227867126465,2.753756284713745,2.0295822620391846,1.9876818656921387,3.171055316925049,0.8030043244361877,2.158219575881958,2.3665192127227783,2.329491376876831,2.853018045425415,2.6916942596435547,2.17583966255188,2.1181814670562744,2.6216511726379395,1.9095979928970337,1.7908748388290405,2.0081140995025635,1.979446291923523,2.979870557785034,2.8108372688293457,2.115558624267578,2.0600948333740234,3.33856201171875,0.4710114300251007,2.2645456790924072,2.4849870204925537,2.4521663188934326,3.0567970275878906,2.9000093936920166,2.3284130096435547,2.272245168685913,2.8916966915130615,1.933835744857788,1.673559308052063,1.5391018390655518,1.7077349424362183,-0.48015162348747253,-0.631945013999939
3,99,1.7283766269683838,1.951989769935608,1.9499874114990234,2.8618195056915283,2.757262945175171,1.998625636100769,1.966654896736145,3.1419320106506348,0.7872873544692993,2.1062612533569336,2.3158278465270996,2.276606798171997,2.7895429134368896,2.643949270248413,2.1179983615875244,2.0629539489746094,2.5468969345092773,1.8731728792190552,1.7629960775375366,1.9828505516052246,1.9604454040527344,2.9536325931549072,2.8173444271087646,2.0863826274871826,2.0408987998962402,3.311779737472534,0.45642924308776855,2.190798759460449,2.413445472717285,2.379427671432495,2.973536729812622,2.8349030017852783,2.2484941482543945,2.1961586475372314,2.7981112003326416,1.889099359512329,1.6913347244262695,1.525445818901062,1.6931461095809937,-0.4779480993747711,-0.6087803244590759
3,99,1.6479486227035522,1.8735666275024414,1.868240475654602,2.80047345161438,2.687108278274536,1.9279321432113647,1.8952124118804932,3.1077024936676025,0.7584649324417114,2.329770088195801,2.496290683746338,2.4639992713928223,2.7244813442230225,2.5979270935058594,2.2244675159454346,2.1831061840057373,2.278132915496826,2.167757034301758,1.7046183347702026,1.924037218093872,1.8977986574172974,2.917231559753418,2.772653102874756,2.043579578399658,1.9970285892486572,3.311185359954834,0.4074302613735199,2.4845070838928223,2.6730353832244873,2.643339157104492,3.0072929859161377,2.8837392330169678,2.42997670173645,2.3885765075683594,2.6259922981262207,2.3289270401000977,2.2721378803253174,1.680637001991272,1.700628399848938,-0.31623217463493347,-0.6228398084640503
3,99,1.7480320930480957,1.9638862609863281,1.9590415954589844,2.862994909286499,2.74705171585083,2.020716428756714,1.9848991632461548,3.1570677757263184,0.7750466465950012,2.0557217597961426,2.270840883255005,2.2280986309051514,2.778729200363159,2.6217470169067383,2.089212656021118,2.030094861984253,2.5827629566192627,1.797473430633545,1.779160737991333,1.9871304035186768,1.961895227432251,2.9503703117370605,2.802086114883423,2.1087942123413086,2.0599024295806885,3.3351476192474365,0.3961196541786194,2.127884864807129,2.354353666305542,2.3152363300323486,2.9514026641845703,2.797689437866211,2.211125612258911,2.1533167362213135,2.8300983905792236,1.771804928779602,1.5839009284973145,1.5234240293502808,1.6933356523513794,-0.478372722864151,-0.6080482602119446
3,99,1.7376166582107544,1.9593102931976318,1.9492775201797485,2.894085168838501,2.754544734954834,2.02715802192688,1.9843376874923706,3.188631534576416,0.7451928853988647,2.140676259994507,2.341998338699341,2.3045809268951416,2.7755391597747803,2.6175060272216797,2.131002902984619,2.0757508277893066,2.495488405227661,1.940507173538208,1.7944546937942505,2.0092854499816895,1.9786596298217773,3.003187894821167,2.8321776390075684,2.136868715286255,2.0810976028442383,3.3794867992401123,0.396032452583313,2.262108087539673,2.478682279586792,2.4443447589874268,3.0056841373443604,2.850208282470703,2.302729368209839,2.2478747367858887,2.791163921356201,1.997499942779541,1.8493446111679077,1.5305017232894897,1.6790353059768677,-0.4644528925418854,-0.6348347067832947
3,99,1.785842776298523,2.005082607269287,2.003880739212036,2.9151268005371094,2.82816743850708,2.063544273376465,2.036235809326172,3.2191014289855957,0.7405382394790649,2.1002118587493896,2.314098596572876,2.2730586528778076,2.815398931503296,2.6795976161956787,2.130295991897583,2.0759119987487793,2.6112923622131348,1.8306716680526733,1.8350430727005005,2.0475475788116455,2.028799295425415,3.0125515460968018,2.8988397121429443,2.1619627475738525,2.1233298778533936,3.3967337608337402,0.40020519495010376,2.192805051803589,2.418766498565674,2.382131814956665,3.0057601928710938,2.8758368492126465,2.2700438499450684,2.218200206756592,2.8702642917633057,1.8280664682388306,1.6768226623535156,1.5273631811141968,1.6872751712799072,-0.4765230715274811,-0.6249880194664001
3,99,1.6722290515899658,1.8907856941223145,1.8788427114486694,2.8090083599090576,2.671881675720215,1.9568462371826172,1.9158724546432495,3.102186679840088,0.7393807172775269,2.159072160720825,2.3360424041748047,2.3012497425079346,2.6342248916625977,2.4928853511810303,2.0870842933654785,2.0396888256073,2.257023811340332,1.9986199140548706,1.732427716255188,1.9468272924423218,1.9137108325958252,2.919771909713745,2.750946521759033,2.0661332607269287,2.0112247467041016,3.2828774452209473,0.44120368361473083,2.2778122425079346,2.4741272926330566,2.4415974617004395,2.8757598400115967,2.735363483428955,2.257845163345337,2.2099127769470215,2.565756320953369,2.1005148887634277,2.0619359016418457,1.5200847387313843,1.6618270874023438,-0.43840232491493225,-0.6220235228538513
3,99,1.714473009109497,1.9427855014801025,1.9279394149780273,2.8756601810455322,2.7283129692077637,2.002098798751831,1.9564809799194336,3.139064073562622,0.7442842721939087,2.22674560546875,2.4125938415527344,2.3778862953186035,2.7470743656158447,2.5983588695526123,2.170114040374756,2.1178672313690186,2.3559584617614746,2.0542473793029785,1.7587764263153076,1.9822827577590942,1.945182204246521,2.972654104232788,2.791534662246704,2.098079204559326,2.038419008255005,3.3133010864257812,0.4107535481452942,2.3689913749694824,2.573162317276001,2.5404539108276367,3.0014703273773193,2.8539090156555176,2.360396385192871,2.307718515396118,2.668776512145996,2.1677892208099365,2.0686776638031006,1.5204498767852783,1.6789121627807617,-0.4609837532043457,-0.653046190738678
3,99,1.6794459819793701,1.9086664915084839,1.8924610614776611,2.842933416366577,2.6922996044158936,1.9635260105133057,1.9185290336608887,3.1247470378875732,0.7569591999053955,2.254725217819214,2.4383537769317627,2.399266004562378,2.7601187229156494,2.603323459625244,2.1897332668304443,2.137479543685913,2.3703181743621826,2.08612060546875,1.7304198741912842,1.9531071186065674,1.9170122146606445,2.9503390789031982,2.7693727016448975,2.070671796798706,2.0129663944244385,3.318213939666748,0.4075573980808258,2.40620493888855,2.6090784072875977,2.5728375911712646,3.0291664600372314,2.875305414199829,2.390780210494995,2.338667392730713,2.7009191513061523,2.216210126876831,2.0836288928985596,1.5389785766601562,1.6974620819091797,-0.44662007689476013,-0.6315546035766602
3,99,1.6767739057540894,1.8982417583465576,1.8937181234359741,2.806926965713501,2.703211784362793,1.9524935483932495,1.9209717512130737,3.1011202335357666,0.7562089562416077,2.226012706756592,2.393367290496826,2.360353469848633,2.628801107406616,2.5032262802124023,2.1256117820739746,2.0816116333007812,2.199962615966797,2.0610921382904053,1.7154582738876343,1.9306352138519287,1.9057679176330566,2.9018945693969727,2.76778244972229,2.047089099884033,2.002535581588745,3.281254768371582,0.4057043194770813,2.3526573181152344,2.5409421920776367,2.511098861694336,2.879171133041382,2.757941484451294,2.301488161087036,2.258044481277466,2.5148956775665283,2.194735288619995,2.2084782123565674,1.534448266029358,1.647385835647583,-0.441538542509079,-0.6116380095481873
3,99,1.6522724628448486,1.8780149221420288,1.8701708316802979,2.7774555683135986,2.6698174476623535,1.918559193611145,1.8871419429779053,3.054809093475342,0.761530339717865,2.1840269565582275,2.3608357906341553,2.3215272426605225,2.6341888904571533,2.502210855484009,2.0981855392456055,2.054187297821045,2.2230095863342285,2.034137487411499,1.6694135665893555,1.8907521963119507,1.8616282939910889,2.8522322177886963,2.7122676372528076,1.9911892414093018,1.9451862573623657,3.2119240760803223,0.42521727085113525,2.297971725463867,2.4941318035125732,2.458157539367676,2.863581895828247,2.736079454421997,2.258713722229004,2.215502977371216,2.514897346496582,2.1421496868133545,2.0811731815338135,1.5362653732299805,1.691221833229065,-0.4293366074562073,-0.6114419102668762
3,99,1.7066123485565186,1.9301329851150513,1.9246220588684082,2.822488784790039,2.729321002960205,1.9733682870864868,1.944894790649414,3.094651460647583,0.7557371258735657,2.0911142826080322,2.288447618484497,2.246227979660034,2.6655895709991455,2.5304269790649414,2.0556061267852783,2.006664991378784,2.3439269065856934,1.9201987981796265,1.7331185340881348,1.9496248960494995,1.9265426397323608,2.901613473892212,2.7812345027923584,2.0528743267059326,2.0126423835754395,3.2586612701416016,0.41133764386177063,2.195284366607666,2.40830135345459,2.369673728942871,2.8725500106811523,2.7427284717559814,2.205153226852417,2.1576969623565674,2.6118245124816895,1.9800338745117188,1.8659024238586426,1.514050841331482,1.6543853282928467,-0.4542500376701355,-0.6349688768386841
3,99,1.7595494985580444,1.9846782684326172,1.978892207145691,2.885819911956787,2.777073621749878,2.0271170139312744,1.993691086769104,3.147674083709717,0.8188074231147766,2.1270809173583984,2.3279483318328857,2.285585641860962,2.7429845333099365,2.595519781112671,2.1119229793548584,2.057967185974121,2.4416251182556152,1.9225404262542725,1.7773337364196777,2.0000369548797607,1.972717046737671,2.9622442722320557,2.820324659347534,2.0978829860687256,2.0501725673675537,3.302800178527832,0.48520728945732117,2.2219645977020264,2.4382214546203613,2.398557662963867,2.9418208599090576,2.797208547592163,2.253455638885498,2.2000622749328613,2.7040975093841553,1.960005521774292,1.8089536428451538,1.6575443744659424,1.6899476051330566,-0.3761114776134491,-0.6297426223754883
3,99,1.6702293157577515,1.8990232944488525,1.8930944204330444,2.804962635040283,2.686061382293701,1.9346803426742554,1.8985459804534912,3.0694997310638428,0.8189411759376526,2.1391489505767822,2.3342626094818115,2.2956550121307373,2.720820188522339,2.5726606845855713,2.10555100440979,2.052626848220825,2.397601842880249,1.9555113315582275,1.6779407262802124,1.9039829969406128,1.877145528793335,2.875713348388672,2.7246954441070557,1.9990099668502808,1.9492830038070679,3.22446870803833,0.4832274317741394,2.226454734802246,2.438408374786377,2.402334690093994,2.9170217514038086,2.7711241245269775,2.2401914596557617,2.187422037124634,2.6587138175964355,2.001563787460327,1.8259665966033936,1.6649460792541504,1.7051700353622437,-0.34194040298461914,-0.6024860739707947
3,99,1.64959716796875,1.8790823221206665,1.8675342798233032,2.8089115619659424,2.6650118827819824,1.928118348121643,1.8860338926315308,3.0949831008911133,0.7706157565116882,2.1078197956085205,2.3076791763305664,2.2634007930755615,2.7200961112976074,2.5475056171417236,2.0839321613311768,2.0272932052612305,2.4215035438537598,1.9080702066421509,1.6810100078582764,1.9050503969192505,1.87263822555542,2.9002416133880615,2.7249228954315186,2.017219066619873,1.961569905281067,3.273186445236206,0.42180392146110535,2.2105438709259033,2.428661823272705,2.3852956295013428,2.9408740997314453,2.767432689666748,2.2397267818450928,2.181612253189087,2.7106966972351074,1.953478217124939,1.824629783630371,1.6499124765396118,1.6745706796646118,-0.33265629410743713,-0.612206220626831
3,99,1.6162644624710083,1.8415805101394653,1.8402513265609741,2.7717928886413574,2.6826488971710205,1.8995097875595093,1.8757673501968384,3.1019763946533203,0.7471001148223877,2.134615898132324,2.3114659786224365,2.2706570625305176,2.6043055057525635,2.4753832817077637,2.0550999641418457,2.0141453742980957,2.2519102096557617,1.9741612672805786,1.6718394756317139,1.891629695892334,1.8708410263061523,2.8863048553466797,2.7687783241271973,2.0126404762268066,1.9750703573226929,3.300342082977295,0.41065138578414917,2.226010322570801,2.4252166748046875,2.386716604232788,2.830622434616089,2.7044503688812256,2.202548027038574,2.1614675521850586,2.5528013706207275,2.0525436401367188,2.0559680461883545,1.5997886657714844,1.6538606882095337,-0.34279417991638184,-0.5847873091697693
3,99,1.688429355621338,1.912035346031189,1.9031777381896973,2.837742328643799,2.71514630317688,1.9728206396102905,1.9377515316009521,3.1373469829559326,0.7546457052230835,2.126587390899658,2.318957805633545,2.276087522506714,2.6918106079101562,2.5394489765167236,2.088472843170166,2.0381901264190674,2.3750457763671875,1.941408395767212,1.7428619861602783,1.9606554508209229,1.932065486907959,2.947436809539795,2.794978618621826,2.081468105316162,2.0328469276428223,3.328852415084839,0.41669854521751404,2.238596200942993,2.449550151824951,2.408236265182495,2.9232873916625977,2.771536111831665,2.2535412311553955,2.202516555786133,2.6741199493408203,2.0067355632781982,1.9352378845214844,1.6114683151245117,1.6468433141708374,-0.35783398151397705,-0.6315063834190369
3,99,1.6342302560806274,1.8558349609375,1.8559452295303345,2.7763047218322754,2.6990318298339844,1.91364324092865,1.8938097953796387,3.1127288341522217,0.7643059492111206,2.245227575302124,2.396794319152832,2.3582379817962646,2.5619049072265625,2.447852373123169,2.114816904067993,2.0796709060668945,2.109416961669922,2.0702855587005615,1.6768189668655396,1.8941974639892578,1.8743696212768555,2.880222797393799,2.773338556289673,2.0137455463409424,1.9798270463943481,3.300971031188965,0.4234190583229065,2.347024440765381,2.5233497619628906,2.488217353820801,2.8063361644744873,2.697744607925415,2.2702291011810303,2.2358620166778564,2.42905855178833,2.2080228328704834,2.3251290321350098,1.5353660583496094,1.6604785919189453,-0.434054434299469,-0.5632010698318481
3,99,1.7551687955856323,1.9828746318817139,1.980465054512024,2.921552896499634,2.8314919471740723,2.041727304458618,2.016883611679077,3.2329602241516113,0.7824551463127136,2.134158134460449,2.326042652130127,2.283900022506714,2.6968164443969727,2.5658175945281982,2.091609001159668,2.0477781295776367,2.386749267578125,1.9606646299362183,1.7979059219360352,2.0213818550109863,1.9992543458938599,3.0220680236816406,2.9018566608428955,2.138671398162842,2.099914789199829,3.4150965213775635,0.433811217546463,2.24737286567688,2.458723306655884,2.4194388389587402,2.931337833404541,2.803938627243042,2.257984161376953,2.214650869369507,2.6884145736694336,2.032870054244995,1.9899046421051025,1.6242401599884033,1.6601253747940063,-0.3821052014827728,-0.6258090734481812
3,99,1.6663469076156616,1.882856845855713,1.8917917013168335,2.793458938598633,2.7566637992858887,1.9436134099960327,1.9348515272140503,3.1652562618255615,0.7631009817123413,2.060615062713623,2.2299206256866455,2.1879658699035645,2.49517822265625,2.392259120941162,1.973421335220337,1.9358997344970703,2.1777617931365967,1.8969154357910156,1.7181819677352905,1.9300963878631592,1.9203071594238281,2.9043941497802734,2.8395729064941406,2.051013946533203,2.029014825820923,3.357644557952881,0.42240381240844727,2.143571615219116,2.3362505435943604,2.298431158065796,2.720029592514038,2.6247153282165527,2.114501714706421,2.078956127166748,2.4832558631896973,1.976847529411316,2.0856239795684814,1.4584479331970215,1.5912399291992188,-0.492114394903183,-0.5637601613998413
3,99,1.668410062789917,1.8789827823638916,1.8873865604400635,2.755054473876953,2.733973264694214,1.9315847158432007,1.9261338710784912,3.0977609157562256,0.767071545124054,2.09843373298645,2.2522077560424805,2.2074291706085205,2.4544389247894287,2.3560712337493896,1.989363431930542,1.951005458831787,2.0693535804748535,1.9220478534698486,1.7066813707351685,1.912939190864563,1.9045177698135376,2.850487232208252,2.8040337562561035,2.0242574214935303,2.0067226886749268,3.27738356590271,0.4249366223812103,2.1850388050079346,2.3626766204833984,2.320530414581299,2.6795928478240967,2.5875394344329834,2.130189895629883,2.093109369277954,2.3715591430664062,2.0160608291625977,2.1820523738861084,1.571738362312317,1.5910449028015137,-0.36095118522644043,-0.5587590336799622
3,99,1.7351032495498657,1.9515137672424316,1.9470645189285278,2.8393797874450684,2.752018451690674,2.00504469871521,1.9796141386032104,3.1327333450317383,0.7689048647880554,2.092796802520752,2.275738000869751,2.234013795852661,2.5907182693481445,2.4675352573394775,2.032850980758667,1.9896665811538696,2.2399940490722656,1.9352071285247803,1.7535535097122192,1.9652135372161865,1.9409903287887573,2.9111168384552,2.7935829162597656,2.0749645233154297,2.0359928607940674,3.2851364612579346,0.42814794182777405,2.1908116340637207,2.391037940979004,2.352971315383911,2.7997593879699707,2.6814727783203125,2.1780896186828613,2.1361441612243652,2.5138864517211914,2.0105862617492676,1.9981166124343872,1.6178972721099854,1.64320707321167,-0.3474830389022827,-0.6257683634757996
4,99,1.9594995975494385,1.9960722923278809,2.0817620754241943,1.9241808652877808,2.043281078338623,1.7004871368408203,1.7569926977157593,1.6985911130905151,1.7911388874053955,2.1289689540863037,2.3166050910949707,2.2626094818115234,2.7833170890808105,2.610935926437378,2.1608614921569824,2.0872559547424316,2.720029830932617,1.8846197128295898,2.0038938522338867,2.0927250385284424,2.1607820987701416,2.254542827606201,2.3138084411621094,1.848098874092102,1.8809269666671753,2.1218323707580566,1.9653435945510864,2.3643453121185303,2.571981906890869,2.52044939994812,3.1777172088623047,3.007824182510376,2.476212978363037,2.4042434692382812,3.2007110118865967,1.976759433746338,1.7345675230026245,1.3927154541015625,1.4217077493667603,-0.30809012055397034,-0.7226022481918335
4,99,1.7549078464508057,1.932155728340149,1.9801687002182007,2.6098761558532715,2.6833677291870117,1.9031167030334473,1.9262906312942505,2.890533685684204,1.3891851902008057,1.9512200355529785,2.1532254219055176,2.1155946254730225,2.7020668983459473,2.6443822383880615,2.0478413105010986,2.001373767852783,2.7675299644470215,1.669994831085205,1.8921098709106445,2.0854897499084473,2.112269639968872,2.849484443664551,2.8909571170806885,2.100545883178711,2.107400894165039,3.1735987663269043,1.3087517023086548,1.9640660285949707,2.177257537841797,2.146467685699463,2.867593765258789,2.823066234588623,2.1420302391052246,2.103113889694214,3.0645792484283447,1.4710099697113037,0.9992194771766663,1.483044981956482,1.3992811441421509,-0.5822867155075073,-0.7474348545074463
4,99,2.2729334831237793,2.4418821334838867,2.4925038814544678,3.228616714477539,3.343837022781372,2.5096373558044434,2.545842170715332,3.6331164836883545,1.1412932872772217,2.048656463623047,2.2473247051239014,2.2085611820220947,2.7795305252075195,2.744379997253418,2.147552728652954,2.1122708320617676,2.8354673385620117,1.651261568069458,2.435163974761963,2.606717586517334,2.639627456665039,3.456224203109741,3.5449626445770264,2.7180263996124268,2.742281913757324,3.920788049697876,0.8729665279388428,2.2901482582092285,2.4954988956451416,2.4644358158111572,3.120150327682495,3.100039482116699,2.442927837371826,2.4155263900756836,3.249345541000366,1.6669894456863403,1.6214230060577393,1.5051043033599854,1.3905707597732544,-0.6828103065490723,-0.7719519734382629
4,99,2.2048299312591553,2.3885977268218994,2.437361478805542,3.2215425968170166,3.297767400741577,2.4481871128082275,2.4735422134399414,3.6008241176605225,1.1430493593215942,2.152009963989258,2.3700449466705322,2.334515333175659,3.02610445022583,2.9664804935455322,2.3035497665405273,2.263699769973755,3.123060464859009,1.609009861946106,2.3443291187286377,2.5334725379943848,2.5620763301849365,3.4335267543792725,3.4795594215393066,2.636733055114746,2.6486055850982666,3.8727128505706787,0.8775253891944885,2.3508553504943848,2.5729873180389404,2.5437276363372803,3.312249183654785,3.264235734939575,2.551609992980957,2.5180118083953857,3.4837448596954346,1.5479786396026611,1.36135995388031,1.560438871383667,1.4294404983520508,-0.6649570465087891,-0.7871473431587219
4,99,1.740449070930481,1.9312055110931396,1.9868453741073608,2.842280149459839,2.9050450325012207,2.009242534637451,2.0352447032928467,3.370173692703247,0.9388102293014526,2.0487513542175293,2.2397797107696533,2.1950488090515137,2.6668541431427,2.5831236839294434,2.0505847930908203,2.001462936401367,2.636655330657959,1.8486226797103882,1.9085087776184082,2.104555368423462,2.136277437210083,3.101954698562622,3.130563497543335,2.244741201400757,2.2545769214630127,3.6978647708892822,0.6756621599197388,2.204214572906494,2.4159865379333496,2.3789820671081543,2.9798150062561035,2.9103150367736816,2.281569480895996,2.2391669750213623,3.0419352054595947,1.9116573333740234,1.8564122915267944,1.6429235935211182,1.4346699714660645,-0.48248863220214844,-0.6799498200416565
4,99,1.7482869625091553,1.874119758605957,1.9542334079742432,2.3754446506500244,2.4235057830810547,1.7254350185394287,1.7700062990188599,2.533569812774658,1.6154742240905762,2.216330051422119,2.440295457839966,2.3805618286132812,3.1623165607452393,2.9868338108062744,2.3686342239379883,2.3015146255493164,3.274662733078003,1.7522155046463013,1.8802796602249146,2.0432562828063965,2.1054956912994385,2.7313969135284424,2.7399964332580566,1.9771641492843628,2.00127911567688,2.975940465927124,1.5946768522262573,2.569213390350342,2.8025643825531006,2.746584892272949,3.6282596588134766,3.4560160636901855,2.7876408100128174,2.7226803302764893,3.807422399520874,1.8077988624572754,1.5818729400634766,1.5954933166503906,1.3436847925186157,-0.5359404683113098,-0.872413158416748
4,99,1.772613286972046,1.9540050029754639,1.9997903108596802,2.9115302562713623,2.9401798248291016,2.0828421115875244,2.0993165969848633,3.4305648803710938,0.6864538788795471,2.1267175674438477,2.3251147270202637,2.289405345916748,2.8432629108428955,2.753812551498413,2.1757686138153076,2.1288511753082275,2.8152174949645996,1.8615970611572266,1.9863749742507935,2.170071601867676,2.1904401779174805,3.1862540245056152,3.1803081035614014,2.347625732421875,2.347123384475708,3.7566707134246826,0.4361130893230438,2.3231518268585205,2.53536057472229,2.5067639350891113,3.1627228260040283,3.0858840942382812,2.4351866245269775,2.3946332931518555,3.209906816482544,1.9192872047424316,1.9068565368652344,1.5143625736236572,1.4707512855529785,-0.516873300075531,-0.7587212324142456
4,99,1.646851658821106,1.6835271120071411,1.7966549396514893,1.8040454387664795,1.904013752937317,1.4253733158111572,1.5099077224731445,1.8842700719833374,1.4658342599868774,2.0165319442749023,2.2163288593292236,2.1694753170013428,2.8443398475646973,2.6396589279174805,2.1121327877044678,2.039275646209717,2.9549221992492676,1.7535192966461182,1.5693236589431763,1.665922999382019,1.7623778581619263,2.0885732173919678,2.116224527359009,1.4948314428329468,1.5495414733886719,2.297039031982422,1.4700186252593994,2.2447919845581055,2.463569402694702,2.418635606765747,3.233349084854126,3.027968168258667,2.42629337310791,2.3535196781158447,3.431349754333496,1.789846658706665,1.7693098783493042,1.3605759143829346,1.3681913614273071,-0.2594624161720276,-0.7422263622283936
4,99,1.7866098880767822,1.9561374187469482,1.998849630355835,2.957477331161499,2.99904727935791,2.1406819820404053,2.159731149673462,3.5856449604034424,0.47486770153045654,2.1051559448242188,2.2700905799865723,2.2323927879333496,2.630767583847046,2.5453271865844727,2.0962677001953125,2.0485758781433105,2.558458089828491,1.894415259361267,2.0508291721343994,2.2159948348999023,2.2378766536712646,3.2586658000946045,3.2746224403381348,2.441197633743286,2.447094678878784,3.9335014820098877,0.2099229246377945,2.3045711517333984,2.492067813873291,2.461352586746216,2.99215030670166,2.9213154315948486,2.37042498588562,2.3293731212615967,3.0037288665771484,2.0292112827301025,2.4148783683776855,1.379502534866333,1.3794894218444824,-0.5514407753944397,-0.7268412113189697
4,99,1.312559962272644,1.5000137090682983,1.5422959327697754,2.561598062515259,2.531672239303589,1.6701710224151611,1.675991415977478,3.185056209564209,0.5040539503097534,2.317465305328369,2.4925479888916016,2.4540913105010986,2.8952369689941406,2.767270565032959,2.311439275741577,2.258835792541504,2.796229362487793,2.1226325035095215,1.558591604232788,1.7482776641845703,1.759361743927002,2.874835968017578,2.809666633605957,1.9734104871749878,1.959390640258789,3.544665575027466,0.28077998757362366,2.5493969917297363,2.749039649963379,2.712789535522461,3.2969141006469727,3.1732144355773926,2.6224851608276367,2.571484327316284,3.2805564403533936,2.273529529571533,2.2496485710144043,1.3615758419036865,1.5378836393356323,-0.4795410931110382,-0.7506649494171143
4,99,1.457528829574585,1.6302181482315063,1.6630867719650269,2.6506712436676025,2.584982395172119,1.810823678970337,1.8025490045547485,3.229801893234253,0.4646144509315491,2.2655816078186035,2.4487900733947754,2.414072275161743,2.931354284286499,2.791046619415283,2.310933828353882,2.255979061126709,2.8697118759155273,2.0450797080993652,1.681135654449463,1.8536186218261719,1.857391119003296,2.9264097213745117,2.8251593112945557,2.0804412364959717,2.0538249015808105,3.5491433143615723,0.2312135398387909,2.4953620433807373,2.694316864013672,2.6636648178100586,3.2908012866973877,3.1556801795959473,2.6041512489318848,2.551596164703369,3.299612522125244,2.1627347469329834,2.1356523036956787,1.3177986145019531,1.6591682434082031,-0.5307362675666809,-0.7034951448440552
4,99,1.7191932201385498,1.8970932960510254,1.9182339906692505,2.926696300506592,2.8419997692108154,2.0811045169830322,2.0649595260620117,3.465552568435669,0.44816383719444275,2.2752795219421387,2.49377179145813,2.448638677597046,3.1762969493865967,3.0133869647979736,2.42498779296875,2.360067367553711,3.2319130897521973,1.8338590860366821,1.9755005836486816,2.1512722969055176,2.1470179557800293,3.223191976547241,3.104942560195923,2.3758349418640137,2.343170642852783,3.801990032196045,0.21077345311641693,2.525273084640503,2.750119686126709,2.710606813430786,3.518261432647705,3.362164258956909,2.725642442703247,2.6649935245513916,3.63517689704895,1.8735712766647339,1.8700344562530518,1.3377599716186523,1.4608429670333862,-0.5681247115135193,-0.8131103515625
4,99,1.705560564994812,1.8832391500473022,1.9152957201004028,2.9289391040802,2.891649007797241,2.072981119155884,2.071035146713257,3.525089740753174,0.4535042941570282,2.190392255783081,2.398993730545044,2.356703281402588,3.017467737197876,2.887449026107788,2.297234535217285,2.2391130924224854,3.078007936477661,1.8503990173339844,1.9735487699508667,2.149855852127075,2.156628370285034,3.2402217388153076,3.1698386669158936,2.3815500736236572,2.36271333694458,3.8764326572418213,0.21600979566574097,2.423074245452881,2.64331316947937,2.6068739891052246,3.366820812225342,3.2448198795318604,2.59183931350708,2.5383965969085693,3.496023416519165,1.907551884651184,2.0162289142608643,1.356361985206604,1.4460617303848267,-0.5520083904266357,-0.7737399935722351
4,99,1.1416206359863281,1.2695664167404175,1.3608413934707642,1.9819697141647339,1.9464900493621826,1.2289236783981323,1.2654320001602173,2.3702645301818848,0.9618521332740784,2.336691379547119,2.5184130668640137,2.474494457244873,3.0018343925476074,2.810419797897339,2.3768982887268066,2.3114190101623535,2.9237539768218994,2.1186814308166504,0.917815089225769,1.0983974933624268,1.137001395225525,2.1301345825195312,2.0019476413726807,1.2474818229675293,1.2315104007720947,2.6988086700439453,0.4622310400009155,2.6017274856567383,2.8036863803863525,2.759718418121338,3.416771650314331,3.222615957260132,2.714693546295166,2.647690773010254,3.4103660583496094,2.268343210220337,1.8147046566009521,1.32400643825531,1.6534966230392456,-0.4263092279434204,-0.7183435559272766
4,99,1.652095079421997,1.820483684539795,1.856634497642517,2.850301742553711,2.8512723445892334,2.0206844806671143,2.0306270122528076,3.4700114727020264,0.4150334298610687,2.199962615966797,2.3817973136901855,2.3417181968688965,2.8630075454711914,2.7580525875091553,2.251572370529175,2.2005324363708496,2.840275526046753,1.9450950622558594,1.9220300912857056,2.0879573822021484,2.0994486808776855,3.15922212600708,3.1301491260528564,2.3276591300964355,2.321551561355591,3.8201310634613037,0.16957852244377136,2.4360249042510986,2.635399580001831,2.599231719970703,3.240830898284912,3.143275022506714,2.5577304363250732,2.510570526123047,3.2940900325775146,2.0472798347473145,2.2484540939331055,1.3048124313354492,1.6072680950164795,-0.5560513734817505,-0.7055479288101196
4,99,1.4927524328231812,1.6582897901535034,1.6975656747817993,2.664830446243286,2.6325600147247314,1.839613676071167,1.8428778648376465,3.2681784629821777,0.43785372376441956,2.2529184818267822,2.411863088607788,2.3752987384796143,2.7274010181427,2.607309579849243,2.1980817317962646,2.14913272857666,2.553184986114502,2.0800280570983887,1.753929853439331,1.9176298379898071,1.93003511428833,2.9745306968688965,2.9097819328308105,2.148730516433716,2.1343770027160645,3.624030828475952,0.19684170186519623,2.464715003967285,2.645601272583008,2.614534854888916,3.0961244106292725,2.984508752822876,2.4808995723724365,2.4355177879333496,3.0020062923431396,2.2583720684051514,2.427967071533203,1.366212248802185,1.4600857496261597,-0.4984344244003296,-0.7076918482780457
4,99,1.6819124221801758,1.839734673500061,1.8790522813796997,2.784579277038574,2.79964542388916,2.009784460067749,2.022728681564331,3.3469929695129395,0.4410278797149658,2.090178966522217,2.2706329822540283,2.2338688373565674,2.7113096714019775,2.62384033203125,2.1224241256713867,2.0747241973876953,2.6465606689453125,1.8763905763626099,1.8867944478988647,2.042584180831909,2.059871196746826,3.029655694961548,3.0149502754211426,2.252208709716797,2.2502567768096924,3.6352226734161377,0.20064742863178253,2.2612414360046387,2.4552295207977295,2.424633502960205,3.0020573139190674,2.9248483180999756,2.352020502090454,2.309659719467163,3.009958267211914,1.94476318359375,2.1359190940856934,1.3763407468795776,1.4616132974624634,-0.49936196208000183,-0.7521163821220398
4,99,1.5096633434295654,1.689604640007019,1.7157931327819824,2.7631304264068604,2.6929237842559814,1.887872338294983,1.8773990869522095,3.3788862228393555,0.41808801889419556,2.3341405391693115,2.50118088722229,2.4665746688842773,2.8900933265686035,2.758911609649658,2.328589677810669,2.276984691619873,2.756728172302246,2.151369571685791,1.7528433799743652,1.9296714067459106,1.9312747716903687,3.047771692276001,2.9484355449676514,2.1711318492889404,2.145198106765747,3.706819534301758,0.17841385304927826,2.549564838409424,2.7379531860351562,2.707310676574707,3.2583577632904053,3.1321768760681152,2.613802433013916,2.5642189979553223,3.2020037174224854,2.3068959712982178,2.4161078929901123,1.3818542957305908,1.5643036365509033,-0.4882982671260834,-0.7438681125640869
4,99,1.4829506874084473,1.6579104661941528,1.6860893964767456,2.6828908920288086,2.6209943294525146,1.8395577669143677,1.831911563873291,3.243546724319458,0.4190094470977783,2.2918407917022705,2.4648051261901855,2.4370195865631104,2.886751651763916,2.768148899078369,2.305631160736084,2.2558045387268066,2.7580718994140625,2.1024529933929443,1.694433569908142,1.8676092624664307,1.8688511848449707,2.9382362365722656,2.8429675102233887,2.092017650604248,2.067401170730591,3.542377233505249,0.1770036518573761,2.5050883293151855,2.6957004070281982,2.6709580421447754,3.2308878898620605,3.116090774536133,2.5802204608917236,2.5323100090026855,3.170013666152954,2.2341861724853516,2.2782514095306396,1.3403849601745605,1.6898863315582275,-0.4909071922302246,-0.6889503002166748
4,99,1.5112289190292358,1.6672379970550537,1.7111860513687134,2.6025338172912598,2.615506172180176,1.831188440322876,1.8470845222473145,3.167907238006592,0.40377283096313477,2.2669472694396973,2.414919853210449,2.381613254547119,2.608208656311035,2.5247397422790527,2.18251371383667,2.139676809310913,2.3136777877807617,2.1085281372070312,1.685372233390808,1.84062922000885,1.857191801071167,2.8245849609375,2.801610231399536,2.0489680767059326,2.0463507175445557,3.435727119445801,0.1539442390203476,2.4136388301849365,2.58178973197937,2.554119110107422,2.8944921493530273,2.82165265083313,2.386540174484253,2.348062753677368,2.678302526473999,2.2634599208831787,2.5739991664886475,1.3446320295333862,1.4862240552902222,-0.4746638238430023,-0.6760587096214294
4,99,1.3239046335220337,1.4886138439178467,1.5357248783111572,2.500591993331909,2.476341724395752,1.6714874505996704,1.6784073114395142,3.104901075363159,0.4287915527820587,2.4596455097198486,2.586876392364502,2.5669455528259277,2.735642194747925,2.647536516189575,2.348890542984009,2.310748815536499,2.423877000808716,2.2752983570098877,1.522691249847412,1.6884843111038208,1.702640414237976,2.7583515644073486,2.6954989433288574,1.9227068424224854,1.909084677696228,3.411012887954712,0.1755022406578064,2.6462247371673584,2.7990493774414062,2.7823798656463623,3.0913503170013428,3.0074501037597656,2.6041500568389893,2.567089796066284,2.864847183227539,2.493229866027832,2.6799988746643066,1.3431472778320312,1.5444836616516113,-0.45162251591682434,-0.6907762289047241
4,99,1.7113847732543945,1.8871405124664307,1.912285327911377,2.9202044010162354,2.8808369636535645,2.079881429672241,2.076798915863037,3.508009672164917,0.4030192494392395,2.3269946575164795,2.477163076400757,2.4441161155700684,2.75553035736084,2.6497175693511963,2.2788712978363037,2.233286142349243,2.532195806503296,2.137653112411499,1.9611146450042725,2.1336071491241455,2.1364846229553223,3.2023191452026367,3.135334014892578,2.362060308456421,2.3445141315460205,3.830246686935425,0.16479679942131042,2.5548770427703857,2.729074239730835,2.700878143310547,3.14284348487854,3.044726610183716,2.5756704807281494,2.5333521366119385,2.9961438179016113,2.3449554443359375,2.6725237369537354,1.359602928161621,1.4885839223861694,-0.5337335467338562,-0.7412704825401306
4,99,0.8995429873466492,1.057707667350769,1.1191834211349487,2.0605790615081787,1.9828810691833496,1.2196792364120483,1.2225018739700317,2.6504173278808594,0.41020438075065613,2.5932137966156006,2.689897298812866,2.6763014793395996,2.6901113986968994,2.596299171447754,2.4199588298797607,2.3914377689361572,2.254072427749634,2.3389902114868164,1.0452460050582886,1.214328408241272,1.2264012098312378,2.309251308441162,2.1804511547088623,1.4536443948745728,1.4251089096069336,2.9536805152893066,0.15928418934345245,2.7682857513427734,2.893819570541382,2.882730007171631,3.04870343208313,2.953094959259033,2.6631295680999756,2.6329057216644287,2.701633930206299,2.620171308517456,2.6878464221954346,1.3163914680480957,1.5289404392242432,-0.3230637311935425,-0.6658375859260559
4,99,1.4147024154663086,1.5739762783050537,1.619325876235962,2.5442895889282227,2.5505712032318115,1.7479387521743774,1.764143705368042,3.1453452110290527,0.40975236892700195,2.4631147384643555,2.5865683555603027,2.5560877323150635,2.639721155166626,2.558443546295166,2.321000099182129,2.2831244468688965,2.2491793632507324,2.2671031951904297,1.6089837551116943,1.7668946981430054,1.7841298580169678,2.792179584503174,2.762929677963257,1.9905996322631836,1.9874536991119385,3.441333293914795,0.15671788156032562,2.629634380340576,2.778844118118286,2.7536964416503906,2.974193572998047,2.9034488201141357,2.551112174987793,2.5169217586517334,2.67350697517395,2.503242254257202,2.8426949977874756,1.3605730533599854,1.5022159814834595,-0.4446370601654053,-0.6260809898376465
4,99,1.05894935131073,1.220687747001648,1.2670660018920898,2.185481548309326,2.1338980197906494,1.3805705308914185,1.3842233419418335,2.7436203956604004,0.40308815240859985,2.5838193893432617,2.6848535537719727,2.665343999862671,2.656447410583496,2.572136640548706,2.409367322921753,2.3816778659820557,2.1748087406158447,2.323132038116455,1.194413185119629,1.3573204278945923,1.364385962486267,2.3971526622772217,2.2996985912323,1.5851049423217773,1.5623847246170044,3.0131375789642334,0.1306278109550476,2.7512307167053223,2.8790032863616943,2.862316370010376,2.9908788204193115,2.9082348346710205,2.636866569519043,2.609036922454834,2.5925376415252686,2.5948293209075928,2.795717716217041,1.3238199949264526,1.5328212976455688,-0.3449614346027374,-0.6675853133201599
4,99,1.3635751008987427,1.5432840585708618,1.5670607089996338,2.6072475910186768,2.514944076538086,1.7398911714553833,1.724028468132019,3.2091569900512695,0.39942285418510437,2.4815473556518555,2.626652956008911,2.597276210784912,2.8752357959747314,2.7497243881225586,2.4119935035705566,2.3682525157928467,2.6194772720336914,2.2884600162506104,1.6041449308395386,1.7812443971633911,1.7750036716461182,2.893846273422241,2.7659616470336914,2.0249528884887695,1.9898678064346313,3.5384418964385986,0.1597779542207718,2.7180063724517822,2.887855052947998,2.8614485263824463,3.276801824569702,3.1533122062683105,2.7190632820129395,2.6756069660186768,3.0992796421051025,2.5213165283203125,2.630915880203247,1.3551669120788574,1.5851788520812988,-0.47052744030952454,-0.7322136759757996
4,99,1.2457854747772217,1.4101258516311646,1.455190896987915,2.3951570987701416,2.3822643756866455,1.5824562311172485,1.5920073986053467,2.9931931495666504,0.40546345710754395,2.4503610134124756,2.574181318283081,2.5457513332366943,2.696826457977295,2.601256847381592,2.3359293937683105,2.2954797744750977,2.363224744796753,2.253295660018921,1.4331183433532715,1.5963664054870605,1.6115021705627441,2.637799024581909,2.589815616607666,1.8208826780319214,1.8111916780471802,3.2850258350372314,0.15811176598072052,2.63065505027771,2.7793028354644775,2.7547385692596436,3.0385985374450684,2.9498133659362793,2.580044746398926,2.5415778160095215,2.7873802185058594,2.473914861679077,2.659313917160034,1.3751626014709473,1.5171535015106201,-0.38081175088882446,-0.6955530643463135
4,99,1.4724442958831787,1.6304702758789062,1.6732555627822876,2.572045087814331,2.5710175037384033,1.7926863431930542,1.8065078258514404,3.1268692016601562,0.41543346643447876,2.3127284049987793,2.4706687927246094,2.4311156272888184,2.7123844623565674,2.610893726348877,2.2525179386138916,2.202645778656006,2.4447052478790283,2.151082754135132,1.6622525453567505,1.8186320066452026,1.834679365158081,2.8117103576660156,2.776205539703369,2.0284931659698486,2.024181604385376,3.4146459102630615,0.164315864443779,2.495487928390503,2.6725680828094482,2.6386871337890625,3.030841112136841,2.939617872238159,2.4928388595581055,2.447514772415161,2.8368468284606934,2.3217456340789795,2.518812894821167,1.388300895690918,1.516676664352417,-0.4387892186641693,-0.6917391419410706
4,99,1.3681418895721436,1.5394052267074585,1.5753579139709473,2.51832914352417,2.484438896179199,1.7066649198532104,1.708944320678711,3.048754930496216,0.4158758223056793,2.4577829837799072,2.5880286693573,2.550034523010254,2.680558919906616,2.562059164047241,2.330047845840454,2.2876932621002197,2.272674798965454,2.2451982498168945,1.5383009910583496,1.7062163352966309,1.7118055820465088,2.740649700164795,2.6692190170288086,1.9262807369232178,1.9083449840545654,3.3214223384857178,0.15462598204612732,2.646198272705078,2.8019251823425293,2.7677574157714844,3.0275092124938965,2.916132688522339,2.57985520362854,2.539259433746338,2.6954946517944336,2.489854097366333,2.7714269161224365,1.3306552171707153,1.4471994638442993,-0.44327813386917114,-0.7360708117485046
4,99,1.277237057685852,1.457512378692627,1.4872092008590698,2.4912240505218506,2.3958966732025146,1.6334526538848877,1.617026925086975,3.048128366470337,0.4211606979370117,2.5690321922302246,2.7042641639709473,2.6796810626983643,2.8621954917907715,2.738978147506714,2.4601354598999023,2.4207494258880615,2.4951119422912598,2.383230447769165,1.4768849611282349,1.6553634405136108,1.6515476703643799,2.747560501098633,2.61246919631958,1.885933518409729,1.8485156297683716,3.3528332710266113,0.1693791300058365,2.8018321990966797,2.962472915649414,2.9417285919189453,3.2579598426818848,3.138082981109619,2.758711814880371,2.7194385528564453,2.9683756828308105,2.6530230045318604,2.722872734069824,1.3825525045394897,1.5408599376678467,-0.417074054479599,-0.7489607930183411
4,99,1.2506836652755737,1.4135876893997192,1.4577701091766357,2.380979299545288,2.3566792011260986,1.5823523998260498,1.5883877277374268,2.9643986225128174,0.4011218547821045,2.4728946685791016,2.599721670150757,2.5650551319122314,2.681061029434204,2.5699586868286133,2.3440394401550293,2.302025079727173,2.2936484813690186,2.2726857662200928,1.410967230796814,1.5721291303634644,1.5839091539382935,2.5990352630615234,2.536149263381958,1.7955436706542969,1.7807977199554443,3.2328872680664062,0.1487036943435669,2.6379101276397705,2.7891321182250977,2.758176565170288,3.004408597946167,2.899404287338257,2.5701444149017334,2.5294156074523926,2.7000277042388916,2.493617534637451,2.7213504314422607,1.3915144205093384,1.5345441102981567,-0.3655562698841095,-0.6786170601844788
4,99,1.5334632396697998,1.673539400100708,1.729751467704773,2.519364833831787,2.596327781677246,1.818359613418579,1.8536936044692993,3.0695993900299072,0.426505982875824,2.559326648712158,2.676558494567871,2.6428558826446533,2.639488935470581,2.5709328651428223,2.39906907081604,2.357262372970581,2.129971504211426,2.3305113315582275,1.679568886756897,1.8166429996490479,1.8476231098175049,2.7141706943511963,2.757436752319336,2.00976300239563,2.0277671813964844,3.3185832500457764,0.15659330785274506,2.742506265640259,2.881237506866455,2.8539087772369385,2.9596943855285645,2.9076409339904785,2.6301746368408203,2.5942435264587402,2.5290701389312744,2.6001787185668945,3.0633785724639893,1.4195507764816284,1.4905794858932495,-0.3879747986793518,-0.6338215470314026
4,99,1.2482755184173584,1.398133397102356,1.4559944868087769,2.282533645629883,2.3473825454711914,1.5424667596817017,1.5766704082489014,2.8427674770355225,0.4168074429035187,2.541780471801758,2.646580696105957,2.6101653575897217,2.565847158432007,2.4796111583709717,2.358837127685547,2.3191885948181152,2.0248873233795166,2.2721853256225586,1.386793851852417,1.533840298652649,1.5659677982330322,2.4784657955169678,2.5114593505859375,1.7340346574783325,1.7502083778381348,3.0944676399230957,0.1684114634990692,2.6975982189178467,2.8268632888793945,2.795797109603882,2.872492551803589,2.8016910552978516,2.5661144256591797,2.5312817096710205,2.4147534370422363,2.5375804901123047,2.910461902618408,1.3265535831451416,1.4566385746002197,-0.413575679063797,-0.6389636397361755
4,99,1.7036991119384766,1.8748176097869873,1.909878134727478,2.8064792156219482,2.8164613246917725,2.0177361965179443,2.028949737548828,3.335073709487915,0.47157910466194153,2.4431636333465576,2.591111898422241,2.5671093463897705,2.7838973999023438,2.715425491333008,2.3582353591918945,2.322340726852417,2.439919948577881,2.300842046737671,1.8591021299362183,2.026857852935791,2.038558006286621,3.0028319358825684,2.981032609939575,2.212700843811035,2.2079896926879883,3.5817317962646484,0.20139165222644806,2.6423187255859375,2.809328079223633,2.791229724884033,3.109682559967041,3.0525474548339844,2.6084418296813965,2.577362298965454,2.836008310317993,2.4989185333251953,2.7106621265411377,1.502083420753479,1.7805527448654175,-0.3948388695716858,-0.6475005745887756
4,99,1.6512495279312134,1.8200407028198242,1.8596034049987793,2.8071348667144775,2.8147082328796387,1.9964042901992798,2.0065653324127197,3.417757511138916,0.45311737060546875,2.1919422149658203,2.3665549755096436,2.340611457824707,2.7497076988220215,2.674158811569214,2.1886301040649414,2.148183822631836,2.6589558124542236,2.0120716094970703,1.875856637954712,2.039000988006592,2.0544044971466064,3.0711231231689453,3.048468589782715,2.26200532913208,2.256822347640991,3.7332656383514404,0.1669411063194275,2.3899035453796387,2.5815048217773438,2.562385082244873,3.0835816860198975,3.0189316272735596,2.450437545776367,2.4154515266418457,3.0700762271881104,2.1345126628875732,2.2757298946380615,1.3776746988296509,1.5651935338974,-0.508539617061615,-0.7044448852539062
4,99,1.5591615438461304,1.7438066005706787,1.764933705329895,2.7776083946228027,2.724318265914917,1.9265460968017578,1.9159228801727295,3.3923304080963135,0.4333396255970001,2.3003416061401367,2.462136745452881,2.4316153526306152,2.7229580879211426,2.6202614307403564,2.2329540252685547,2.187023639678955,2.498966693878174,2.1350531578063965,1.7665936946868896,1.9433306455612183,1.9384660720825195,3.023080825805664,2.9348602294921875,2.1751708984375,2.1481528282165527,3.688836097717285,0.14524222910404205,2.4783308506011963,2.662851572036743,2.6378026008605957,3.0574190616607666,2.9625611305236816,2.4785335063934326,2.435638666152954,2.917010545730591,2.3077712059020996,2.5181195735931396,1.4162110090255737,1.576695203781128,-0.47420942783355713,-0.6574030518531799
4,99,1.4978479146957397,1.6837304830551147,1.7005679607391357,2.7015373706817627,2.6293904781341553,1.8558541536331177,1.841369867324829,3.268723487854004,0.43114253878593445,2.4273853302001953,2.571143388748169,2.537907600402832,2.7326114177703857,2.626011610031128,2.327504873275757,2.2853920459747314,2.379004955291748,2.251786947250366,1.6805580854415894,1.8581979274749756,1.8487046957015991,2.924995183944702,2.8180861473083496,2.082339286804199,2.0508484840393066,3.5508642196655273,0.12566517293453217,2.6113526821136475,2.779609441757202,2.7515270709991455,3.0735538005828857,2.9737634658813477,2.574014663696289,2.5341053009033203,2.8001351356506348,2.473386526107788,2.7058889865875244,1.4073439836502075,1.6743013858795166,-0.4616645574569702,-0.6227303147315979
4,99,1.4223753213882446,1.5886304378509521,1.6266019344329834,2.5482916831970215,2.551382303237915,1.7537171840667725,1.7642015218734741,3.160668134689331,0.3983984589576721,2.553558111190796,2.670853614807129,2.643397569656372,2.648273229598999,2.5802180767059326,2.3839900493621826,2.347409248352051,2.17232084274292,2.3116002082824707,1.5965681076049805,1.7559058666229248,1.7680439949035645,2.7634401321411133,2.7338621616363525,1.9717133045196533,1.9655179977416992,3.429673910140991,0.12730607390403748,2.6975207328796387,2.841154098510742,2.817277431488037,2.957458734512329,2.895883083343506,2.5863864421844482,2.551703691482544,2.5751540660858154,2.545119524002075,2.993150472640991,1.3996881246566772,1.578066110610962,-0.4125790596008301,-0.6223440766334534
4,99,1.5621256828308105,1.7157673835754395,1.7704575061798096,2.5788381099700928,2.681361436843872,1.8509235382080078,1.8902987241744995,3.1309051513671875,0.41936194896698,2.1089906692504883,2.260681629180908,2.2243692874908447,2.4614546298980713,2.41811466217041,2.0439205169677734,1.9995834827423096,2.205899715423584,1.9689726829528809,1.7165007591247559,1.8634823560714722,1.8989120721817017,2.7703168392181396,2.8477399349212646,2.044471025466919,2.071202039718628,3.3808295726776123,0.13406941294670105,2.232963800430298,2.403007745742798,2.374648332595825,2.71225643157959,2.686967134475708,2.2192625999450684,2.183223247528076,2.5338807106018066,2.088637113571167,2.417930841445923,1.4429303407669067,1.4984912872314453,-0.35830873250961304,-0.6341127753257751
4,99,1.788641095161438,1.9434256553649902,2.0018186569213867,2.79434871673584,2.925511121749878,2.071359395980835,2.1182310581207275,3.3155763149261475,0.44238749146461487,2.0237317085266113,2.208242416381836,2.175971508026123,2.59578275680542,2.5832056999206543,2.047947883605957,2.01216197013855,2.491997718811035,1.8294532299041748,1.9723320007324219,2.1221346855163574,2.1638941764831543,3.0102975368499756,3.1199867725372314,2.288541316986084,2.3242857456207275,3.583226442337036,0.17698004841804504,2.1817445755004883,2.379225969314575,2.3540499210357666,2.861344575881958,2.8639862537384033,2.2563724517822266,2.2287795543670654,2.8280768394470215,1.8836039304733276,2.149625778198242,1.397247314453125,1.4538369178771973,-0.4795726239681244,-0.7080767750740051
4,99,1.4545152187347412,1.6084833145141602,1.6551014184951782,2.4861600399017334,2.530259132385254,1.7508111000061035,1.7745604515075684,3.0285797119140625,0.4183829724788666,2.389317274093628,2.5165843963623047,2.4845151901245117,2.548368215560913,2.4772143363952637,2.255497932434082,2.2124109268188477,2.095964193344116,2.2058894634246826,1.5922282934188843,1.7387313842773438,1.7614922523498535,2.6667675971984863,2.680469274520874,1.9336618185043335,1.9416804313659668,3.271937608718872,0.12036433815956116,2.5333316326141357,2.6820602416992188,2.655978202819824,2.8299663066864014,2.772385597229004,2.449328899383545,2.4113175868988037,2.4575002193450928,2.4132258892059326,2.7858641147613525,1.4322669506072998,1.5369765758514404,-0.36362358927726746,-0.6285866498947144
4,99,1.4394196271896362,1.6020889282226562,1.6324527263641357,2.5097005367279053,2.4794445037841797,1.7481757402420044,1.7498533725738525,3.041605234146118,0.4064527451992035,2.7128121852874756,2.825899600982666,2.805018424987793,2.784593343734741,2.7192280292510986,2.5458297729492188,2.514131546020508,2.196622133255005,2.4912779331207275,1.5671533346176147,1.72371506690979,1.7268056869506836,2.678647756576538,2.6129837036132812,1.919985294342041,1.9033254384994507,3.270066499710083,0.12585876882076263,2.915372848510742,3.052046775817871,3.0340402126312256,3.1316068172454834,3.0693612098693848,2.7983741760253906,2.767568826675415,2.6228291988372803,2.7811410427093506,3.1173763275146484,1.4471349716186523,1.8048889636993408,-0.3617608845233917,-0.6472641825675964
4,99,1.66269052028656,1.8401371240615845,1.8492462635040283,2.8407294750213623,2.775672435760498,2.0204286575317383,2.006659984588623,3.4254114627838135,0.39436426758766174,2.794755220413208,2.86979341506958,2.843398332595825,2.6355228424072266,2.5730295181274414,2.5602355003356934,2.5337226390838623,1.9452414512634277,2.3510525226593018,1.8527228832244873,2.020280599594116,2.0093696117401123,3.0592501163482666,2.9659483432769775,2.2451040744781494,2.2176260948181152,3.7004318237304688,0.09381728619337082,2.9129252433776855,3.0180575847625732,2.9935436248779297,2.9293529987335205,2.867399215698242,2.731349468231201,2.7041375637054443,2.3331329822540283,2.6517558097839355,3.613971710205078,1.3769443035125732,1.6510237455368042,-0.5094186663627625,-0.5524128675460815
4,99,1.5113111734390259,1.6863676309585571,1.7195212841033936,2.6783499717712402,2.6736044883728027,1.8548327684402466,1.861640214920044,3.296873092651367,0.458890438079834,2.63495135307312,2.7095978260040283,2.681170701980591,2.4955990314483643,2.4260413646698,2.400021553039551,2.366213321685791,1.8728158473968506,2.1911966800689697,1.6792603731155396,1.8473570346832275,1.8553192615509033,2.8909199237823486,2.8536152839660645,2.068824291229248,2.0591397285461426,3.571748733520508,0.1471099704504013,2.7026994228363037,2.809277296066284,2.7830920219421387,2.755406379699707,2.6900665760040283,2.5263023376464844,2.4925425052642822,2.2445549964904785,2.4317519664764404,3.308763265609741,1.4176445007324219,1.49642014503479,-0.46198010444641113,-0.47578519582748413
4,99,1.846009612083435,2.033125877380371,2.0603034496307373,2.987592935562134,3.0037944316864014,2.170729637145996,2.179037094116211,3.4906773567199707,0.42343994975090027,2.0203933715820312,2.2286384105682373,2.191840410232544,2.756863832473755,2.68645977973938,2.091331958770752,2.045682430267334,2.7085764408111572,1.734424114227295,2.009106159210205,2.1910672187805176,2.197655439376831,3.1798484325408936,3.1677558422088623,2.3665499687194824,2.360712766647339,3.7308285236358643,0.14671073853969574,2.173283338546753,2.3932442665100098,2.363426923751831,3.012986421585083,2.9536118507385254,2.2952499389648438,2.25602388381958,3.03210711479187,1.7560900449752808,1.9673413038253784,1.3618545532226562,1.5842597484588623,-0.5362231731414795,-0.6758629679679871
4,99,1.6847220659255981,1.8606257438659668,1.9068772792816162,2.7253921031951904,2.8337795734405518,1.9632843732833862,1.9995373487472534,3.235564708709717,0.4901900291442871,1.8093018531799316,1.9982479810714722,1.9527117013931274,2.429530143737793,2.4004907608032227,1.8283880949020386,1.794148325920105,2.393263339996338,1.5775129795074463,1.8192617893218994,1.9906044006347656,2.0182676315307617,2.898547410964966,2.980785369873047,2.1393203735351562,2.1613662242889404,3.464088201522827,0.20499451458454132,1.8908343315124512,2.09427547454834,2.058730125427246,2.6253702640533447,2.615330219268799,1.9642659425735474,1.9393190145492554,2.6675095558166504,1.5703872442245483,1.8653125762939453,1.4319337606430054,1.3589558601379395,-0.4320967495441437,-0.6735393404960632
4,99,1.9648677110671997,2.150419235229492,2.1930220127105713,3.0501527786254883,3.1385304927825928,2.2561891078948975,2.2858943939208984,3.5161359310150146,0.5351026654243469,1.9925298690795898,2.206644058227539,2.1768791675567627,2.8166263103485107,2.8002851009368896,2.1067352294921875,2.0799527168273926,2.8708715438842773,1.5651227235794067,2.1036598682403564,2.284135341644287,2.3088157176971436,3.224940776824951,3.2873828411102295,2.433640241622925,2.4500842094421387,3.7496657371520996,0.21433572471141815,2.1220622062683105,2.343836545944214,2.320338726043701,3.0352933406829834,3.0294008255004883,2.2847375869750977,2.2637579441070557,3.159982919692993,1.496135950088501,1.6533375978469849,1.4735392332077026,1.4158035516738892,-0.5063256025314331,-0.7553786635398865
4,99,1.8862941265106201,2.0704686641693115,2.105595827102661,2.9654736518859863,3.009784698486328,2.1712138652801514,2.189594030380249,3.417790651321411,0.584382176399231,2.1873819828033447,2.4017415046691895,2.3556056022644043,2.9733548164367676,2.896723508834839,2.2783150672912598,2.2333226203918457,2.9424219131469727,1.7690690755844116,2.0158209800720215,2.196326732635498,2.2110648155212402,3.1416852474212646,3.1550989151000977,2.3467020988464355,2.350294589996338,3.6587939262390137,0.26073595881462097,2.3185369968414307,2.541179895401001,2.5007872581481934,3.194425582885742,3.127904176712036,2.456366777420044,2.4166500568389893,3.234294891357422,1.7270207405090332,1.8112283945083618,1.5205230712890625,1.5549708604812622,-0.4866825342178345,-0.7349286079406738
4,99,2.0091965198516846,2.2024848461151123,2.239712715148926,3.102790594100952,3.1637165546417236,2.293403387069702,2.315757989883423,3.5107250213623047,0.607847273349762,2.185953378677368,2.4090943336486816,2.370534896850586,3.0283584594726562,2.974339008331299,2.2986257076263428,2.261798858642578,3.002608060836792,1.6947280168533325,2.1425223350524902,2.3314032554626465,2.3498010635375977,3.279193878173828,3.311657667160034,2.4704971313476562,2.478877067565918,3.7525827884674072,0.2711739242076874,2.3063454627990723,2.5362937450408936,2.5047109127044678,3.230966567993164,3.1891140937805176,2.462864637374878,2.432253122329712,3.274386167526245,1.6306580305099487,1.7146425247192383,1.4933245182037354,1.4648919105529785,-0.551214337348938,-0.7794819474220276
4,99,1.7892076969146729,1.9768640995025635,2.006640672683716,2.829904317855835,2.8685758113861084,2.053032398223877,2.071295976638794,3.2286624908447266,0.5704160332679749,2.11368465423584,2.300269603729248,2.2504281997680664,2.6502606868743896,2.5618324279785156,2.0867583751678467,2.041736602783203,2.37455677986145,1.9043916463851929,1.8891847133636475,2.069751739501953,2.082305669784546,2.969571828842163,2.983726978302002,2.1988883018493652,2.2034995555877686,3.4442942142486572,0.24254217743873596,2.2289905548095703,2.4304237365722656,2.387340784072876,2.868110179901123,2.7936596870422363,2.2462825775146484,2.2076430320739746,2.659058094024658,1.9611443281173706,2.1552467346191406,1.4265458583831787,1.5506746768951416,-0.5323469042778015,-0.685478150844574
4,99,1.5679575204849243,1.7515782117843628,1.7901548147201538,2.5686287879943848,2.6444251537323,1.815786600112915,1.8445582389831543,2.9802215099334717,0.5519020557403564,2.016197443008423,2.168118476867676,2.1193575859069824,2.335186004638672,2.271470308303833,1.91050124168396,1.8682736158370972,1.960403561592102,1.844517469406128,1.6369023323059082,1.8148349523544312,1.836013674736023,2.6805074214935303,2.7317159175872803,1.93148934841156,1.9465618133544922,3.1631808280944824,0.25550010800361633,2.0965232849121094,2.2688279151916504,2.226203441619873,2.5348925590515137,2.486232042312622,2.03523588180542,1.9992668628692627,2.2310328483581543,1.935140609741211,2.274153709411621,1.3939558267593384,1.4188345670700073,-0.4524872899055481,-0.6351135969161987
4,99,1.8065325021743774,2.005441665649414,2.034489870071411,2.8523576259613037,2.905022621154785,2.0625460147857666,2.082897424697876,3.2185707092285156,0.6355019807815552,1.9593358039855957,2.150959014892578,2.094090223312378,2.5269062519073486,2.442903757095337,1.9456504583358765,1.8996820449829102,2.2946696281433105,1.717199444770813,1.8648220300674438,2.0555245876312256,2.069227457046509,2.9527838230133057,2.982224464416504,2.1689341068267822,2.175647020339966,3.398185968399048,0.2871033549308777,2.0358779430389404,2.2428677082061768,2.194162368774414,2.7050094604492188,2.637518882751465,2.065387725830078,2.0268900394439697,2.538686513900757,1.7457469701766968,2.006293535232544,1.4124358892440796,1.4125868082046509,-0.5402299761772156,-0.6913667321205139
4,99,1.6305909156799316,1.8278359174728394,1.84696364402771,2.7257015705108643,2.715038537979126,1.9103007316589355,1.9132250547409058,3.119805335998535,0.5625286102294922,2.307021379470825,2.450953960418701,2.4087140560150146,2.6146905422210693,2.5237536430358887,2.17761492729187,2.1452906131744385,2.134467363357544,2.1434378623962402,1.7322038412094116,1.9255753755569458,1.924584984779358,2.872030735015869,2.8316004276275635,2.0601723194122314,2.047214984893799,3.3335659503936768,0.2751927375793457,2.4550201892852783,2.619640588760376,2.5844693183898926,2.8833227157592773,2.8066184520721436,2.3702242374420166,2.343398094177246,2.4670934677124023,2.315699577331543,2.5103180408477783,1.415893316268921,1.534323811531067,-0.5176104307174683,-0.691632091999054
4,99,1.821031928062439,1.9950752258300781,2.0413386821746826,2.819019317626953,2.924943447113037,2.0757904052734375,2.113752603530884,3.2531285285949707,0.5460964441299438,1.9658005237579346,2.1275479793548584,2.0807220935821533,2.393237829208374,2.3399229049682617,1.9026228189468384,1.8586524724960327,2.1133928298950195,1.7818892002105713,1.9195170402526855,2.0897889137268066,2.120237112045288,2.952735662460327,3.0370688438415527,2.2129549980163574,2.2383761405944824,3.44741153717041,0.27314502000808716,2.0428693294525146,2.221285820007324,2.1847472190856934,2.5786890983581543,2.5478296279907227,2.0223388671875,1.9889729022979736,2.3684215545654297,1.8469107151031494,2.283160924911499,1.4197704792022705,1.4365630149841309,-0.5212463140487671,-0.6436358690261841
4,99,1.7225971221923828,1.890163779258728,1.9385069608688354,2.697629451751709,2.811344861984253,1.976078987121582,2.0159265995025635,3.150554656982422,0.5415896773338318,2.100262403488159,2.2408528327941895,2.191679000854492,2.3678436279296875,2.299623727798462,1.9883615970611572,1.937868356704712,1.9698066711425781,1.9017823934555054,1.8226630687713623,1.9824076890945435,2.015338659286499,2.8378305435180664,2.928931713104248,2.120882749557495,2.1495120525360107,3.3657171726226807,0.2158115804195404,2.1893599033355713,2.3506412506103516,2.3081259727478027,2.580793857574463,2.5321764945983887,2.1229333877563477,2.080206871032715,2.2588212490081787,2.0107409954071045,2.5342023372650146,1.4422194957733154,1.4241169691085815,-0.49071812629699707,-0.6249792575836182
4,99,1.7628387212753296,1.933547854423523,1.9851337671279907,2.760801315307617,2.8820934295654297,2.0239312648773193,2.0649807453155518,3.2233028411865234,0.4841323494911194,1.9034327268600464,2.089780569076538,2.046823740005493,2.489320755004883,2.457728385925293,1.9140704870224,1.874908447265625,2.3672053813934326,1.6633518934249878,1.8736610412597656,2.0377657413482666,2.0748414993286133,2.904924154281616,3.0055670738220215,2.1729190349578857,2.203202247619629,3.431776523590088,0.1878901869058609,1.9739116430282593,2.1730048656463623,2.1393678188323975,2.658411979675293,2.646089792251587,2.0292441844940186,1.999454379081726,2.6078720092773438,1.658711552619934,1.9865949153900146,1.461471438407898,1.3784410953521729,-0.4725738763809204,-0.7118464708328247
4,99,1.8813682794570923,2.0565719604492188,2.09696364402771,2.8985064029693604,2.991105318069458,2.147533655166626,2.1822149753570557,3.343189239501953,0.5397504568099976,1.984113335609436,2.152815103530884,2.107628345489502,2.455704927444458,2.411436080932617,1.933968186378479,1.8987648487091064,2.21937894821167,1.812387466430664,2.0147783756256104,2.185023307800293,2.21126389503479,3.063525676727295,3.136451482772827,2.318269729614258,2.3413259983062744,3.5672953128814697,0.261197566986084,2.1190080642700195,2.3052234649658203,2.2682087421417236,2.705857992172241,2.6788687705993652,2.1184778213500977,2.0917880535125732,2.539041042327881,1.8991239070892334,2.266392946243286,1.405311107635498,1.4031846523284912,-0.5211942195892334,-0.7214615345001221
4,99,1.879866123199463,2.0607073307037354,2.094146966934204,2.956535577774048,3.007070779800415,2.1697518825531006,2.190443992614746,3.440802812576294,0.5467501282691956,2.12935209274292,2.2938807010650635,2.2473719120025635,2.6058590412139893,2.531789541244507,2.074857711791992,2.0367050170898438,2.3507654666900635,1.9452511072158813,2.044867753982544,2.219834566116333,2.2365550994873047,3.1566991806030273,3.1840882301330566,2.3767738342285156,2.385093927383423,3.708949089050293,0.2302054911851883,2.307042360305786,2.491082191467285,2.451185703277588,2.909578561782837,2.8493595123291016,2.307689666748047,2.2757019996643066,2.7266054153442383,2.067657470703125,2.3681583404541016,1.4426259994506836,1.61183500289917,-0.5439245104789734,-0.6635359525680542
4,99,1.6454628705978394,1.8179144859313965,1.8568143844604492,2.704537868499756,2.76589298248291,1.936601996421814,1.9615521430969238,3.228381633758545,0.48170626163482666,2.038057804107666,2.1773416996002197,2.130702495574951,2.3796637058258057,2.307485580444336,1.9420604705810547,1.8989299535751343,2.103585720062256,1.826595425605774,1.787467360496521,1.9558391571044922,1.9772276878356934,2.8811118602752686,2.918985366821289,2.117485523223877,2.1292786598205566,3.4601452350616455,0.22171857953071594,2.146873950958252,2.3094851970672607,2.2692010402679443,2.632747173309326,2.5754239559173584,2.1085147857666016,2.071723699569702,2.438854455947876,1.935975193977356,2.4085958003997803,1.3405433893203735,1.3744362592697144,-0.5194085836410522,-0.6815170049667358
4,99,1.8254321813583374,1.9902546405792236,2.0452418327331543,2.76904034614563,2.9370057582855225,2.065199375152588,2.1207082271575928,3.21242094039917,0.5054382085800171,2.0386500358581543,2.178955316543579,2.1286733150482178,2.3102786540985107,2.27341365814209,1.9249502420425415,1.8833624124526978,1.926817536354065,1.8756294250488281,1.9317151308059692,2.0913591384887695,2.1335043907165527,2.908205270767212,3.0579285621643066,2.2093799114227295,2.2546651363372803,3.4146220684051514,0.2206238955259323,2.153596878051758,2.3122193813323975,2.27304744720459,2.5332071781158447,2.5246787071228027,2.077972888946533,2.04890513420105,2.2131571769714355,2.014402151107788,2.5555639266967773,1.3983081579208374,1.3755755424499512,-0.5146905779838562,-0.6544934511184692
4,99,1.7191975116729736,1.8725638389587402,1.9391896724700928,2.6547226905822754,2.8459131717681885,1.9606025218963623,2.025515556335449,3.200288772583008,0.5936134457588196,2.2390356063842773,2.3241355419158936,2.2688753604888916,2.1760611534118652,2.0952954292297363,2.032168388366699,1.9766312837600708,1.6423405408859253,1.8411892652511597,1.8329060077667236,1.9800128936767578,2.0320725440979004,2.812819242477417,2.9842331409454346,2.121340751647949,2.174816608428955,3.4289984703063965,0.275344580411911,2.2557694911956787,2.368257999420166,2.318693161010742,2.3481688499450684,2.2966229915618896,2.092663288116455,2.0455639362335205,1.920983076095581,1.984498143196106,3.0370166301727295,1.399118185043335,1.3051742315292358,-0.4779900014400482,-0.3792668879032135
4,99,1.8976613283157349,2.0757882595062256,2.1304779052734375,2.974186897277832,3.084218978881836,2.179412603378296,2.2215473651885986,3.523000717163086,0.7705639004707336,2.1403121948242188,2.2988271713256836,2.250736951828003,2.5217714309692383,2.4592788219451904,2.049692392349243,2.010206699371338,2.3280370235443115,1.9441746473312378,2.060748338699341,2.231022834777832,2.267059326171875,3.2027781009674072,3.2866175174713135,2.4063260555267334,2.4339020252227783,3.8434624671936035,0.35791367292404175,2.295609712600708,2.4794979095458984,2.4397313594818115,2.8440160751342773,2.8022053241729736,2.2752225399017334,2.244532346725464,2.74269437789917,2.0893630981445312,2.472407102584839,1.4998550415039062,1.4130202531814575,-0.5625811815261841,-0.6058604121208191
4,99,2.1092422008514404,2.2746150493621826,2.351482391357422,3.0570640563964844,3.2302279472351074,2.325474739074707,2.3826417922973633,3.513552665710449,1.1329610347747803,2.032106876373291,2.2071800231933594,2.150070905685425,2.521996259689331,2.4573452472686768,2.006319046020508,1.9502742290496826,2.4174375534057617,1.7497636079788208,2.2443201541900635,2.4119668006896973,2.4713103771209717,3.278031826019287,3.4271295070648193,2.522841215133667,2.569197654724121,3.8216755390167236,0.7990707755088806,2.198723316192627,2.3940494060516357,2.3460140228271484,2.8384623527526855,2.7975335121154785,2.2408933639526367,2.195795774459839,2.8252851963043213,1.834375023841858,2.1953160762786865,1.7277801036834717,1.4239146709442139,-0.5145828723907471,-0.6031382083892822
4,99,2.1294093132019043,2.3251657485961914,2.380005121231079,3.1358256340026855,3.2244696617126465,2.348336935043335,2.3778343200683594,3.4279987812042236,1.2118476629257202,2.0397708415985107,2.2639989852905273,2.2352447509765625,2.9691965579986572,2.9326815605163574,2.213101387023926,2.179328680038452,3.073225259780884,1.4574413299560547,2.2186343669891357,2.4194493293762207,2.4593660831451416,3.30995774269104,3.3770673274993896,2.4934821128845215,2.5124621391296387,3.6877079010009766,0.8798539638519287,2.1112008094787598,2.337073564529419,2.326462507247925,3.119906187057495,3.111804723739624,2.3264389038085938,2.306992530822754,3.30902099609375,1.3307020664215088,1.1030516624450684,1.730424165725708,1.5079039335250854,-0.5529575943946838,-0.6255589723587036
4,99,2.2468485832214355,2.476498603820801,2.504796028137207,3.3625681400299072,3.403733015060425,2.502213716506958,2.5138754844665527,3.5497019290924072,1.2647138833999634,2.09737491607666,2.3507392406463623,2.3308968544006348,3.2351291179656982,3.210113525390625,2.3628199100494385,2.340097188949585,3.387247085571289,1.215664029121399,2.3558921813964844,2.591045379638672,2.6050169467926025,3.541156530380249,3.5602853298187256,2.6572463512420654,2.657872438430786,3.7842068672180176,1.0310450792312622,2.2337098121643066,2.4786248207092285,2.4773731231689453,3.407123327255249,3.4061663150787354,2.5236308574676514,2.513761520385742,3.613515853881836,1.108654499053955,0.5977610349655151,1.5041108131408691,1.2693548202514648,-0.7471635341644287,-0.7934015989303589
4,99,2.292572259902954,2.2886829376220703,2.360398054122925,1.9612140655517578,2.091641426086426,2.018933057785034,2.0859155654907227,1.4599202871322632,1.8568501472473145,1.665852665901184,1.8768900632858276,1.7981047630310059,2.7415807247161865,2.448090076446533,1.9713401794433594,1.8777135610580444,2.927628517150879,0.6050372123718262,2.326235055923462,2.3519704341888428,2.414738416671753,2.150791645050049,2.236675500869751,2.0932371616363525,2.1472818851470947,1.6854526996612549,2.0533440113067627,1.7559499740600586,1.9555573463439941,1.8897407054901123,2.847249746322632,2.5690343379974365,2.077141046524048,1.9921742677688599,3.0773866176605225,0.47043800354003906,3.1412720680236816,1.3125221729278564,1.1128580570220947,-0.4551534354686737,-0.5697794556617737
4,99,2.5611014366149902,2.6011061668395996,2.680772542953491,2.4553091526031494,2.5794460773468018,2.279405355453491,2.3444886207580566,2.070225715637207,2.2735702991485596,1.7521992921829224,1.9951870441436768,1.9369752407073975,3.006261110305786,2.838836908340454,2.0997533798217773,2.037416696548462,3.4393129348754883,0.6167307496070862,2.698549747467041,2.7745559215545654,2.8463189601898193,2.7773585319519043,2.8713934421539307,2.4749271869659424,2.5292880535125732,2.451976776123047,2.540118455886841,1.8242892026901245,2.044199228286743,2.0001771450042725,3.1049249172210693,2.955605983734131,2.211911678314209,2.1600823402404785,3.622443675994873,0.300155371427536,3.2135884761810303,1.4756428003311157,1.3558754920959473,-0.613998532295227,-0.5431411862373352
4,99,2.585664749145508,2.5964717864990234,2.6832797527313232,2.297809362411499,2.4561357498168945,2.2870047092437744,2.3655807971954346,1.832295298576355,2.1565160751342773,1.474797010421753,1.693467378616333,1.6496186256408691,2.6139490604400635,2.472275972366333,1.7946504354476929,1.7446974515914917,3.048527717590332,0.512731671333313,2.6894099712371826,2.7304534912109375,2.810818672180176,2.553199529647827,2.6843338012695312,2.431547164916992,2.501932144165039,2.136112928390503,2.4159257411956787,1.503271460533142,1.697629451751709,1.663182258605957,2.6641736030578613,2.533895969390869,1.8608367443084717,1.8178147077560425,3.1789207458496094,0.2109811007976532,3.2084054946899414,1.403200626373291,1.2703698873519897,-0.5833536386489868,-0.4838123023509979
4,99,2.6987733840942383,2.6986277103424072,2.776658535003662,2.3220038414001465,2.4698257446289062,2.3727338314056396,2.4494500160217285,1.7758491039276123,2.1977062225341797,1.4902645349502563,1.7200630903244019,1.6769394874572754,2.676915407180786,2.5532689094543457,1.8231916427612305,1.7776328325271606,3.122012138366699,0.566392719745636,2.7505345344543457,2.780852794647217,2.853149890899658,2.5312535762786865,2.6545252799987793,2.4643919467926025,2.5342345237731934,2.0425338745117188,2.4258320331573486,1.525749921798706,1.7292598485946655,1.697077989578247,2.741184949874878,2.630423069000244,1.9015737771987915,1.8632211685180664,3.2755258083343506,0.23933465778827667,3.33941650390625,1.438604474067688,1.3437055349349976,-0.5252047777175903,-0.47456681728363037
4,99,2.7994143962860107,2.8085997104644775,2.883315324783325,2.4688425064086914,2.6111068725585938,2.4822943210601807,2.556363105773926,1.9195181131362915,2.3565237522125244,1.5801339149475098,1.814085602760315,1.776198387145996,2.8219046592712402,2.692275285720825,1.9297142028808594,1.8862543106079102,3.2656641006469727,0.5798646807670593,2.8757247924804688,2.917057514190674,2.9866626262664795,2.7173385620117188,2.835087537765503,2.6055305004119873,2.6727473735809326,2.2312211990356445,2.6010873317718506,1.643383502960205,1.8534250259399414,1.8257956504821777,2.911708116531372,2.793440580368042,2.0319905281066895,1.9944894313812256,3.4392330646514893,0.2729453146457672,3.423579216003418,1.5199792385101318,1.3564035892486572,-0.5749881267547607,-0.518924355506897
4,99,2.5438530445098877,2.559507131576538,2.6218743324279785,2.2864792346954346,2.399874210357666,2.2661983966827393,2.3282876014709473,1.772837519645691,2.1714978218078613,1.4383429288864136,1.6527622938156128,1.6088143587112427,2.5571534633636475,2.4238195419311523,1.7542091608047485,1.7084879875183105,2.923192262649536,0.4970943331718445,2.6529316902160645,2.6970670223236084,2.752098560333252,2.5352447032928467,2.623875617980957,2.4144179821014404,2.4682421684265137,2.061354160308838,2.4188849925994873,1.4629480838775635,1.6555300951004028,1.6221357583999634,2.6017119884490967,2.4801809787750244,1.8117733001708984,1.772848129272461,3.0435101985931396,0.2176436185836792,3.1084911823272705,1.406572937965393,1.2394235134124756,-0.6312762498855591,-0.47148597240448
4,99,2.5614349842071533,2.570695638656616,2.635554790496826,2.276315927505493,2.3878846168518066,2.2561349868774414,2.3203091621398926,1.7724285125732422,2.1578495502471924,1.5942819118499756,1.818587303161621,1.7747730016708374,2.8216471672058105,2.680398464202881,1.9517784118652344,1.9041846990585327,3.259449005126953,0.504483163356781,2.6284875869750977,2.669686794281006,2.7275047302246094,2.5106618404388428,2.59517240524292,2.369983434677124,2.425675630569458,2.063124418258667,2.3815066814422607,1.6897926330566406,1.890264630317688,1.8565274477005005,2.93605637550354,2.806105375289917,2.081746816635132,2.0403430461883545,3.4532668590545654,0.19059793651103973,3.2829718589782715,1.4404245615005493,1.2773423194885254,-0.5653809309005737,-0.5563685894012451
4,99,2.3657033443450928,2.3537867069244385,2.433147668838501,2.062328815460205,2.198803663253784,2.0879814624786377,2.160472869873047,1.5920286178588867,1.9529081583023071,1.5456944704055786,1.7583824396133423,1.698281168937683,2.6712422370910645,2.44439697265625,1.8694462776184082,1.796650767326355,2.9458565711975098,0.4545775055885315,2.4503369331359863,2.4686310291290283,2.5391552448272705,2.2962229251861572,2.39620304107666,2.2127819061279297,2.273651361465454,1.8553985357284546,2.187662124633789,1.616228461265564,1.8122373819351196,1.7573715448379517,2.7590153217315674,2.5374550819396973,1.9674348831176758,1.8994284868240356,3.0995757579803467,0.17893125116825104,3.1419267654418945,1.3669108152389526,1.1724828481674194,-0.4914780259132385,-0.5086385011672974
4,99,2.4983136653900146,2.50508451461792,2.593997001647949,2.268073081970215,2.3988964557647705,2.2178666591644287,2.2887392044067383,1.796083927154541,2.1636874675750732,1.76811683177948,1.9957085847854614,1.9430774450302124,2.9905571937561035,2.79956316947937,2.120805025100708,2.0551912784576416,3.367208957672119,0.4815501272678375,2.587415933609009,2.6245713233947754,2.7062759399414062,2.5101490020751953,2.610740900039673,2.350980758666992,2.411700963973999,2.078969955444336,2.383307456970215,1.8388285636901855,2.0460128784179688,2.000211238861084,3.080272912979126,2.898681402206421,2.223024368286133,2.1645138263702393,3.53800892829895,0.1478051245212555,3.3498644828796387,1.4585821628570557,1.380422592163086,-0.5893803834915161,-0.49816569685935974
4,99,2.1223294734954834,2.1226022243499756,2.2103352546691895,1.8924840688705444,1.9979690313339233,1.8089643716812134,1.8817691802978516,1.5065888166427612,1.7813146114349365,1.4065338373184204,1.6585255861282349,1.5910552740097046,2.737009048461914,2.512000322341919,1.7864735126495361,1.7041878700256348,3.176950693130493,0.41739940643310547,2.061609983444214,2.093331813812256,2.173551559448242,2.0059337615966797,2.0743300914764404,1.7926571369171143,1.8542847633361816,1.6864265203475952,1.8522549867630005,1.4604358673095703,1.6902687549591064,1.6293586492538452,2.8195290565490723,2.604199171066284,1.880854845046997,1.8063840866088867,3.344304323196411,0.10066664963960648,2.8383681774139404,1.5108848810195923,1.29897940158844,-0.28055328130722046,-0.48791468143463135
4,99,2.2938759326934814,2.278655529022217,2.365450382232666,1.9341493844985962,2.065850019454956,1.9717317819595337,2.0445492267608643,1.4603275060653687,1.8431673049926758,1.5852121114730835,1.8158820867538452,1.7491211891174316,2.8664889335632324,2.6233887672424316,1.9635777473449707,1.8801075220108032,3.300010919570923,0.3991259038448334,2.2659389972686768,2.280395984649658,2.3604063987731934,2.0718300342559814,2.165221691131592,1.9844739437103271,2.046520471572876,1.656855583190918,1.9719680547714233,1.666733741760254,1.8772108554840088,1.817270040512085,2.967517375946045,2.734494924545288,2.075854778289795,2.0001397132873535,3.4759931564331055,0.09662804007530212,3.229525327682495,1.506333827972412,1.2490979433059692,-0.261711984872818,-0.529373824596405
4,99,2.3973567485809326,2.397418975830078,2.491391181945801,2.1291322708129883,2.265655040740967,2.1123924255371094,2.1834280490875244,1.6443886756896973,2.046762228012085,1.6955569982528687,1.9155762195587158,1.859364628791809,2.907853603363037,2.6944000720977783,2.0525834560394287,1.9801744222640991,3.283761978149414,0.4434358775615692,2.44942045211792,2.4775140285491943,2.563872814178467,2.324941873550415,2.4286513328552246,2.204545021057129,2.264829158782959,1.8780540227890015,2.229992151260376,1.7686752080917358,1.9697264432907104,1.9184331893920898,2.9985830783843994,2.7920196056365967,2.154215097427368,2.0879433155059814,3.4493961334228516,0.13913458585739136,3.2737457752227783,1.5761455297470093,1.2949802875518799,-0.45411667227745056,-0.5004454851150513
4,99,2.6087493896484375,2.603729009628296,2.683246374130249,2.2872257232666016,2.4190056324005127,2.31451153755188,2.3791866302490234,1.749771237373352,2.2043392658233643,1.7554854154586792,1.9757421016693115,1.9232056140899658,2.97721529006958,2.784435749053955,2.1149091720581055,2.050076484680176,3.3902089595794678,0.4375814199447632,2.675114870071411,2.6985437870025635,2.7713098526000977,2.5016632080078125,2.6035211086273193,2.420985698699951,2.4761617183685303,2.0081787109375,2.4172255992889404,1.8479045629501343,2.0487756729125977,2.004624605178833,3.083805561065674,2.9011900424957275,2.233048677444458,2.1759402751922607,3.5697007179260254,0.14214326441287994,3.5318734645843506,1.6396512985229492,1.2795952558517456,-0.4902838468551636,-0.5459405779838562
4,99,2.4740710258483887,2.4783921241760254,2.5668087005615234,2.2371838092803955,2.3717291355133057,2.205731153488159,2.268862247467041,1.750119924545288,2.150388479232788,1.648472547531128,1.867937684059143,1.8141862154006958,2.831439733505249,2.630892276763916,1.9908937215805054,1.9217816591262817,3.1990737915039062,0.45334306359291077,2.5592024326324463,2.5908420085906982,2.670558452606201,2.4541029930114746,2.556966543197632,2.328413963317871,2.3801581859588623,1.9955579042434692,2.3572986125946045,1.6869946718215942,1.8885066509246826,1.8399336338043213,2.888059616088867,2.694437265396118,2.057899236679077,1.9956942796707153,3.3303000926971436,0.15961778163909912,3.2405216693878174,1.6046315431594849,1.281489372253418,-0.4967726469039917,-0.5009070038795471
4,99,2.482259750366211,2.5077998638153076,2.5821409225463867,2.3259682655334473,2.4376420974731445,2.224830389022827,2.2825052738189697,1.8696247339248657,2.224153995513916,1.75144362449646,1.9745383262634277,1.9266010522842407,2.979557752609253,2.813667058944702,2.112745761871338,2.0553605556488037,3.411219596862793,0.4556356966495514,2.5562453269958496,2.609424591064453,2.677177906036377,2.5434024333953857,2.629843235015869,2.3427352905273438,2.391555070877075,2.134101629257202,2.4042093753814697,1.8245502710342407,2.0268478393554688,1.9860467910766602,3.067870855331421,2.910092353820801,2.2138755321502686,2.162904739379883,3.5764503479003906,0.1456059068441391,3.2553558349609375,1.7017230987548828,1.3281687498092651,-0.5300697684288025,-0.5304394960403442
4,99,2.438886880874634,2.4432411193847656,2.5219473838806152,2.2291369438171387,2.338984727859497,2.162095308303833,2.2265279293060303,1.7526257038116455,2.116201162338257,1.6614444255828857,1.898297667503357,1.8423523902893066,2.940796375274658,2.7438149452209473,2.034125804901123,1.9676423072814941,3.332664728164673,0.41566210985183716,2.5113329887390137,2.5474679470062256,2.618934154510498,2.462902545928955,2.5430052280426025,2.281670093536377,2.336113452911377,2.031461715698242,2.3162221908569336,1.7538269758224487,1.97147798538208,1.9229025840759277,3.0477817058563232,2.8598034381866455,2.1530559062957764,2.0930752754211426,3.5124571323394775,0.12585456669330597,3.250541925430298,1.4820582866668701,1.329695224761963,-0.5793838500976562,-0.5002756714820862
4,99,2.426029920578003,2.4108192920684814,2.486074686050415,2.0394954681396484,2.1633071899414062,2.1116137504577637,2.176274299621582,1.5207765102386475,1.9340949058532715,1.6060463190078735,1.8322352170944214,1.7574795484542847,2.8773818016052246,2.619783639907837,1.991111397743225,1.9042524099349976,3.3305068016052246,0.35767683386802673,2.4006776809692383,2.4148378372192383,2.483813762664795,2.1819608211517334,2.2685036659240723,2.128312110900879,2.1827855110168457,1.7294275760650635,2.077571153640747,1.719863772392273,1.9246087074279785,1.8617568016052246,3.0054855346679688,2.7614941596984863,2.130171537399292,2.053199529647827,3.5320658683776855,0.06742201745510101,3.408329963684082,1.5427818298339844,1.2641302347183228,-0.25975051522254944,-0.4964587986469269
4,99,1.8661588430404663,1.8821632862091064,1.9581894874572754,1.8273948431015015,1.8693902492523193,1.598617672920227,1.6572493314743042,1.6227542161941528,1.6353206634521484,1.546536922454834,1.7860352993011475,1.7059541940689087,2.9262375831604004,2.6529290676116943,1.9650133848190308,1.8696240186691284,3.432821035385132,0.35709717869758606,1.754065990447998,1.8044404983520508,1.871167540550232,1.927191972732544,1.923964500427246,1.5495359897613525,1.5930540561676025,1.8153607845306396,1.634071946144104,1.6577297449111938,1.8775449991226196,1.8108108043670654,3.0589077472686768,2.8006503582000732,2.1054553985595703,2.021214485168457,3.6375675201416016,0.08312053233385086,2.708087205886841,1.5978951454162598,1.2590157985687256,-0.2139817178249359,-0.5234118700027466
4,99,1.9650726318359375,1.9592913389205933,2.0372865200042725,1.7048430442810059,1.7910406589508057,1.6732224225997925,1.742658257484436,1.3368366956710815,1.5917431116104126,1.4114651679992676,1.636768102645874,1.5424827337265015,2.673682451248169,2.3380119800567627,1.792695164680481,1.6811714172363281,3.0825982093811035,0.31282174587249756,1.8934028148651123,1.916276454925537,1.9851902723312378,1.8014907836914062,1.8383396863937378,1.64426851272583,1.699521541595459,1.498152494430542,1.655099868774414,1.475993037223816,1.6819791793823242,1.601755976676941,2.7577102184295654,2.437354564666748,1.8831605911254883,1.783008098602295,3.2343218326568604,0.06832651048898697,2.831155776977539,1.4231964349746704,1.1482799053192139,-0.1617160439491272,-0.4589722752571106
4,99,1.808916449546814,1.8395148515701294,1.9121088981628418,1.8348292112350464,1.8426053524017334,1.543880820274353,1.5960460901260376,1.8179301023483276,1.5871323347091675,1.1403768062591553,1.387910008430481,1.2859351634979248,2.5719752311706543,2.255601167678833,1.572346568107605,1.4579501152038574,3.2292141914367676,0.3406229317188263,1.690059781074524,1.7526144981384277,1.814483880996704,1.9197297096252441,1.88072669506073,1.4874815940856934,1.5228955745697021,1.9936821460723877,1.5692650079727173,1.154429316520691,1.3837096691131592,1.3007935285568237,2.6299660205841064,2.3342344760894775,1.629503846168518,1.5300480127334595,3.36134934425354,0.10652077198028564,2.316375494003296,1.5696042776107788,1.2572802305221558,-0.3121863901615143,-0.4269983172416687
4,99,1.5487817525863647,1.649049162864685,1.7050288915634155,1.9922764301300049,1.9272664785385132,1.423896312713623,1.450865626335144,2.0919620990753174,1.4791990518569946,1.4458507299423218,1.6917532682418823,1.6011736392974854,2.875145435333252,2.5813980102539062,1.8814849853515625,1.7782635688781738,3.4508962631225586,0.3401213586330414,1.2230035066604614,1.3658475875854492,1.4061559438705444,1.9621435403823853,1.8378416299819946,1.208773136138916,1.2109854221343994,2.2270030975341797,1.1896835565567017,1.5241819620132446,1.7496601343154907,1.6786869764328003,2.978037118911743,2.705078125,1.9884591102600098,1.8985860347747803,3.6218154430389404,0.10753761231899261,2.10672926902771,1.5990554094314575,1.2784968614578247,-0.39116114377975464,-0.4837018549442291
4,99,1.9217313528060913,1.9448883533477783,2.010195255279541,1.8230336904525757,1.8517245054244995,1.6303737163543701,1.6873811483383179,1.6525918245315552,1.6376351118087769,1.2658475637435913,1.507996678352356,1.4195281267166138,2.6826272010803223,2.398613929748535,1.7010353803634644,1.6028800010681152,3.2879586219787598,0.28008949756622314,1.8218742609024048,1.880435824394226,1.9361423254013062,1.9412540197372437,1.9244582653045654,1.5939549207687378,1.635933518409729,1.8661555051803589,1.666548728942871,1.3627201318740845,1.582513689994812,1.5123929977416992,2.79917573928833,2.533862590789795,1.8259737491607666,1.7400163412094116,3.468343496322632,0.051800262182950974,2.61337947845459,1.5239461660385132,1.233798861503601,-0.27635833621025085,-0.43955937027931213
4,99,1.4949021339416504,1.6530758142471313,1.6951420307159424,2.252899169921875,2.1345608234405518,1.5192395448684692,1.51971435546875,2.3778069019317627,1.4211667776107788,1.612700343132019,1.8541163206100464,1.7650165557861328,3.0099802017211914,2.704361915588379,2.0391321182250977,1.9339762926101685,3.4859399795532227,0.29832467436790466,1.480903148651123,1.671700119972229,1.6967053413391113,2.418668270111084,2.2655837535858154,1.597265601158142,1.5776512622833252,2.6115593910217285,1.3356456756591797,1.7202355861663818,1.9427273273468018,1.870274543762207,3.1305980682373047,2.8426153659820557,2.1666805744171143,2.072899341583252,3.6638057231903076,0.08912110328674316,1.8641283512115479,1.5739855766296387,1.2490756511688232,-0.5132882595062256,-0.4901270866394043
4,99,2.0198192596435547,2.0035648345947266,2.0915653705596924,1.7530641555786133,1.8469936847686768,1.7052181959152222,1.7748640775680542,1.387341856956482,1.6333404779434204,1.488083004951477,1.7383944988250732,1.639849305152893,2.852811336517334,2.5265400409698486,1.8866366147994995,1.7732914686203003,3.286055088043213,0.3102303445339203,1.924452543258667,1.9367130994796753,2.018266201019287,1.8325711488723755,1.882570743560791,1.6511205434799194,1.7090431451797485,1.5421415567398071,1.666581630706787,1.5305489301681519,1.764462947845459,1.6812639236450195,2.920193672180176,2.611534833908081,1.956497311592102,1.855949878692627,3.419644832611084,0.08389868587255478,2.9543511867523193,1.5519475936889648,1.2578688859939575,-0.11675582826137543,-0.4441653788089752
4,99,2.133206367492676,2.1662557125091553,2.236213207244873,2.065500259399414,2.1342270374298096,1.9185066223144531,1.969092845916748,1.6852684020996094,1.9184166193008423,1.5979797840118408,1.817181944847107,1.720706820487976,2.782625675201416,2.4474833011627197,1.9459013938903809,1.834682583808899,3.1072003841400146,0.2645508348941803,2.244285821914673,2.307810068130493,2.36757755279541,2.3247110843658447,2.354468822479248,2.0773580074310303,2.112865924835205,1.9769984483718872,2.1232664585113525,1.6360468864440918,1.8419365882873535,1.758062481880188,2.8369481563568115,2.5172266960144043,2.0026047229766846,1.9015721082687378,3.2161107063293457,0.07807573676109314,2.982276201248169,1.343526840209961,1.1203744411468506,-0.600984513759613,-0.4686200022697449
4,99,2.2992682456970215,2.2822628021240234,2.3659822940826416,1.9349924325942993,2.0822534561157227,2.0011045932769775,2.0755157470703125,1.5265837907791138,1.8228052854537964,1.3269402980804443,1.5494695901870728,1.4421775341033936,2.567578077316284,2.2172179222106934,1.698115348815918,1.5782839059829712,3.046652317047119,0.2574370801448822,2.319072723388672,2.3293843269348145,2.4065403938293457,2.1095659732818604,2.2158868312835693,2.0611047744750977,2.1236042976379395,1.7565584182739258,1.9913619756698608,1.3339650630950928,1.5427993535995483,1.4477585554122925,2.600088596343994,2.2631478309631348,1.7306517362594604,1.620673418045044,3.1357786655426025,0.07339419424533844,3.123682975769043,1.3562686443328857,1.1629678010940552,-0.4143422842025757,-0.37856239080429077
4,99,2.3782312870025635,2.3696303367614746,2.4501757621765137,2.058286428451538,2.1895790100097656,2.0856873989105225,2.1543996334075928,1.6227402687072754,1.9476596117019653,1.4508700370788574,1.6819664239883423,1.5804061889648438,2.731200695037842,2.390026092529297,1.8290716409683228,1.7138172388076782,3.2066729068756104,0.2763468623161316,2.420703887939453,2.441786766052246,2.514824628829956,2.261047840118408,2.3512470722198486,2.1711740493774414,2.227175235748291,1.876932978630066,2.1367650032043457,1.462597370147705,1.6790837049484253,1.591591715812683,2.7679860591888428,2.442849636077881,1.8663833141326904,1.7621477842330933,3.3052632808685303,0.07428289204835892,3.25054669380188,1.4227455854415894,1.1909270286560059,-0.4585694968700409,-0.4268919825553894
4,99,2.5344107151031494,2.5264945030212402,2.60756778717041,2.1731812953948975,2.3125438690185547,2.229285955429077,2.295100212097168,1.689383864402771,2.051159143447876,1.3759536743164062,1.606375813484192,1.5096207857131958,2.6740269660949707,2.3687362670898438,1.7642086744308472,1.6588833332061768,3.223447799682617,0.27464357018470764,2.606004238128662,2.6247353553771973,2.6990883350372314,2.385174036026001,2.491093397140503,2.338808298110962,2.3940320014953613,1.9438129663467407,2.2646853923797607,1.352038025856018,1.5661901235580444,1.4860715866088867,2.6774210929870605,2.3907108306884766,1.768601655960083,1.676084280014038,3.294221878051758,0.06534838676452637,3.346200466156006,1.5735021829605103,1.2605915069580078,-0.46012192964553833,-0.3958978056907654
4,99,2.141266345977783,2.154075860977173,2.2315704822540283,1.9410260915756226,2.0383353233337402,1.8726134300231934,1.9356454610824585,1.5151540040969849,1.8061805963516235,1.6775015592575073,1.9034600257873535,1.814898133277893,2.9352529048919678,2.6214065551757812,2.049328565597534,1.9458216428756714,3.33003306388855,0.28400856256484985,2.155837059020996,2.1977877616882324,2.267221689224243,2.108851194381714,2.1671640872955322,1.9296385049819946,1.9799764156341553,1.7288378477096558,1.9406591653823853,1.7143644094467163,1.9244146347045898,1.8498233556747437,2.9849119186401367,2.6874496936798096,2.104739189147949,2.0119385719299316,3.4379372596740723,0.07817811518907547,3.1727964878082275,1.5063629150390625,1.200737714767456,-0.3694741129875183,-0.4626311957836151
4,99,1.5753015279769897,1.6953545808792114,1.7396198511123657,2.1286914348602295,2.0288665294647217,1.4955110549926758,1.5084353685379028,2.101970672607422,1.5416524410247803,1.5555427074432373,1.8018840551376343,1.7078797817230225,2.976228713989258,2.6590144634246826,1.9851936101913452,1.8774040937423706,3.418267250061035,0.2658863961696625,1.5352821350097656,1.6916265487670898,1.7193161249160767,2.2729227542877197,2.1346795558929443,1.537305235862732,1.5296316146850586,2.307875394821167,1.5032836198806763,1.6200765371322632,1.8487259149551392,1.770573616027832,3.0583255290985107,2.7592790126800537,2.0742616653442383,1.9779876470565796,3.563629627227783,0.03554946556687355,2.1327157020568848,1.594624638557434,1.2108372449874878,-0.47049468755722046,-0.47088462114334106
4,99,1.7730721235275269,1.8678940534591675,1.91750967502594,2.132521152496338,2.079254627227783,1.6384812593460083,1.6651513576507568,2.074801206588745,1.6957626342773438,1.608154296875,1.848398208618164,1.7575961351394653,3.027942657470703,2.7166264057159424,2.0454044342041016,1.9400357007980347,3.5445210933685303,0.2676619291305542,1.7598174810409546,1.8920890092849731,1.92819344997406,2.3198015689849854,2.227133274078369,1.7068451642990112,1.714611291885376,2.328634738922119,1.7187669277191162,1.7184605598449707,1.9401969909667969,1.8670083284378052,3.1545097827911377,2.862250804901123,2.177574872970581,2.084604501724243,3.7321581840515137,0.04051755741238594,2.4662024974823,1.5946834087371826,1.2037400007247925,-0.48183339834213257,-0.5077365636825562
4,99,1.6951241493225098,1.8579167127609253,1.8985748291015625,2.450596570968628,2.3479504585266113,1.7380897998809814,1.7313684225082397,2.4910054206848145,1.602575659751892,1.780947208404541,2.0219061374664307,1.9318770170211792,3.142012119293213,2.8396925926208496,2.188014030456543,2.0830204486846924,3.5635855197906494,0.31616437435150146,1.5221264362335205,1.7184007167816162,1.7393237352371216,2.479016065597534,2.329948663711548,1.6588739156723022,1.6306077241897583,2.6255509853363037,1.3457895517349243,1.8260880708694458,2.048164129257202,1.9744632244110107,3.2048749923706055,2.9217021465301514,2.256239175796509,2.1642062664031982,3.696794271469116,0.05687708780169487,2.004276990890503,1.6579715013504028,1.2349438667297363,-0.5710707306861877,-0.5151709914207458
4,99,2.1279842853546143,2.140329122543335,2.2258074283599854,1.9933228492736816,2.074354410171509,1.879348635673523,1.936299204826355,1.6578842401504517,1.8681625127792358,1.5879764556884766,1.8124178647994995,1.7216744422912598,2.848630666732788,2.51173734664917,1.962962031364441,1.850974202156067,3.2581608295440674,0.33138200640678406,2.2124624252319336,2.2543458938598633,2.3303639888763428,2.2272024154663086,2.2691001892089844,2.011286735534668,2.053252935409546,1.9234777688980103,2.0584449768066406,1.604804515838623,1.8160245418548584,1.7379924058914185,2.888817548751831,2.5685393810272217,2.003610849380493,1.9030808210372925,3.359018087387085,0.13101403415203094,2.9827423095703125,1.4413199424743652,1.2004104852676392,-0.5296493768692017,-0.45084771513938904
4,99,2.124802350997925,2.1321959495544434,2.220475912094116,1.961326003074646,2.052339553833008,1.8716810941696167,1.9331400394439697,1.6599483489990234,1.8449656963348389,1.5151102542877197,1.7330882549285889,1.6453908681869507,2.775808334350586,2.4491422176361084,1.8966871500015259,1.7878636121749878,3.2426416873931885,0.29214930534362793,2.1846091747283936,2.221410036087036,2.3004660606384277,2.1761112213134766,2.2263431549072266,1.979518175125122,2.026134729385376,1.9139647483825684,2.0197153091430664,1.5420798063278198,1.744866967201233,1.6680290699005127,2.8236138820648193,2.511404275894165,1.9479072093963623,1.849984884262085,3.3523428440093994,0.07092881202697754,2.968269109725952,1.432428240776062,1.1361372470855713,-0.4811122715473175,-0.4660639762878418
4,99,1.8557275533676147,1.8825839757919312,1.9658684730529785,1.8314710855484009,1.8782355785369873,1.6297459602355957,1.6938621997833252,1.536893606185913,1.661134958267212,1.6931673288345337,1.899770736694336,1.809419870376587,2.890871047973633,2.5320022106170654,2.053881883621216,1.9394561052322388,3.2108895778656006,0.29893186688423157,1.8881325721740723,1.9448379278182983,2.018158435821533,2.0246565341949463,2.0268166065216064,1.715049147605896,1.7626217603683472,1.773212194442749,1.7831052541732788,1.7487469911575317,1.9412859678268433,1.8591482639312744,2.959947347640991,2.612973213195801,2.1300783157348633,2.0229012966156006,3.336108446121216,0.07496485859155655,2.8183255195617676,1.3677170276641846,1.0195099115371704,-0.4680527150630951,-0.5297597646713257
4,99,2.1064062118530273,2.120835781097412,2.2023024559020996,2.009139060974121,2.0765013694763184,1.8624491691589355,1.9332613945007324,1.659536361694336,1.8849343061447144,1.733759880065918,1.9446710348129272,1.8567159175872803,2.9217584133148193,2.571575164794922,2.0866644382476807,1.9782780408859253,3.220844030380249,0.36026492714881897,2.1906399726867676,2.2356693744659424,2.3063321113586426,2.253544569015503,2.275712490081787,1.9978970289230347,2.052570343017578,1.942739725112915,2.0709569454193115,1.8042519092559814,2.0007236003875732,1.921852946281433,3.005009651184082,2.6664834022521973,2.1785998344421387,2.076805830001831,3.360722303390503,0.1285107284784317,3.0129151344299316,1.306323766708374,1.038442850112915,-0.5922771096229553,-0.5322278141975403
4,99,2.290677547454834,2.2898266315460205,2.3742661476135254,2.010913610458374,2.12690806388855,1.9927526712417603,2.075136423110962,1.606615424156189,1.9153401851654053,1.6954936981201172,1.902374029159546,1.829517126083374,2.938248872756958,2.622713804244995,2.0752220153808594,1.9777220487594604,3.369692802429199,0.35561344027519226,2.3194875717163086,2.3474860191345215,2.42447829246521,2.207265853881836,2.279154062271118,2.0685627460479736,2.138160228729248,1.8600094318389893,2.086420774459839,1.7770717144012451,1.967797875404358,1.9042673110961914,3.0293612480163574,2.7255876064300537,2.176663875579834,2.085498809814453,3.5152339935302734,0.1300356239080429,3.2800326347351074,1.4595550298690796,1.0412147045135498,-0.4681743085384369,-0.5740707516670227
4,99,2.152432441711426,2.1654722690582275,2.235924243927002,1.9570461511611938,2.0402421951293945,1.8740235567092896,1.951271414756775,1.4991270303726196,1.8509564399719238,1.582362413406372,1.7920067310333252,1.7260651588439941,2.725940465927124,2.4722840785980225,1.9132516384124756,1.8334444761276245,3.0265681743621826,0.35247528553009033,2.1899940967559814,2.228971481323242,2.292691946029663,2.130549192428589,2.1819956302642822,1.9488027095794678,2.016406297683716,1.7117152214050293,1.9964607954025269,1.6050190925598145,1.7957532405853271,1.7415491342544556,2.7552928924560547,2.517441749572754,1.957341194152832,1.8847930431365967,3.1188442707061768,0.11530239135026932,2.9989328384399414,1.3793731927871704,1.077178716659546,-0.5999189019203186,-0.4786686301231384
4,99,2.2057669162750244,2.2163615226745605,2.2830400466918945,2.0124318599700928,2.0903148651123047,1.936346173286438,2.012028217315674,1.5632879734039307,1.8984044790267944,1.6950488090515137,1.9064403772354126,1.8404065370559692,2.844343662261963,2.5691616535186768,2.0261552333831787,1.9426608085632324,3.0985960960388184,0.33012714982032776,2.283332347869873,2.323310375213623,2.382356882095337,2.2379117012023926,2.2800710201263428,2.055124044418335,2.1195833683013916,1.8232568502426147,2.093188524246216,1.7486289739608765,1.9432783126831055,1.8870525360107422,2.9016101360321045,2.6400277614593506,2.098203659057617,2.0208261013031006,3.210871458053589,0.09786728769540787,3.1513068675994873,1.3025782108306885,1.0089788436889648,-0.6574427485466003,-0.5429460406303406
4,99,2.2422337532043457,2.2505733966827393,2.3111565113067627,2.045043706893921,2.1229169368743896,1.9992311000823975,2.064512014389038,1.5841660499572754,1.9528170824050903,1.7643142938613892,1.971126914024353,1.898507833480835,2.879390239715576,2.5806329250335693,2.0863780975341797,1.9955214262008667,3.091780424118042,0.34807032346725464,2.3606390953063965,2.397163152694702,2.4487838745117188,2.3002126216888428,2.340913772583008,2.1573004722595215,2.210010290145874,1.8635666370391846,2.183131694793701,1.8195087909698486,2.012058973312378,1.947119951248169,2.941817045211792,2.653550863265991,2.159299373626709,2.073789119720459,3.209477186203003,0.10278020054101944,3.211803674697876,1.2860876321792603,1.0164976119995117,-0.6712540984153748,-0.5577298998832703
4,99,2.2444233894348145,2.247903347015381,2.3211052417755127,2.0210256576538086,2.116544723510742,1.9935097694396973,2.064211130142212,1.5908029079437256,1.9247738122940063,1.7168092727661133,1.9280270338058472,1.852120280265808,2.8760886192321777,2.5497827529907227,2.05474591255188,1.9555400609970093,3.139498233795166,0.32601508498191833,2.337430000305176,2.3710734844207764,2.434950590133667,2.2646243572235107,2.317067861557007,2.1293416023254395,2.185933828353882,1.865177035331726,2.143282651901245,1.7930827140808105,1.990531086921692,1.9208124876022339,2.959933280944824,2.6419737339019775,2.147984027862549,2.0539798736572266,3.273418664932251,0.1016986221075058,3.2225849628448486,1.4024052619934082,1.0093847513198853,-0.5204945206642151,-0.5577138662338257
4,99,2.126220464706421,2.138547420501709,2.2035741806030273,1.9540531635284424,2.0314648151397705,1.894166350364685,1.9568374156951904,1.5389598608016968,1.8534632921218872,1.6656768321990967,1.8712249994277954,1.787081003189087,2.795893430709839,2.438922643661499,1.9972214698791504,1.888441562652588,3.035778760910034,0.32661572098731995,2.2123334407806396,2.2531609535217285,2.308112621307373,2.1827430725097656,2.215601682662964,2.0225982666015625,2.0701181888580322,1.7962127923965454,2.0505776405334473,1.715806245803833,1.9071930646896362,1.829448938369751,2.8556740283966064,2.5070719718933105,2.0660014152526855,1.9622724056243896,3.150782585144043,0.08380429446697235,3.052680253982544,1.3740493059158325,0.9792596697807312,-0.5196154713630676,-0.5444868206977844
4,99,2.3029372692108154,2.305443525314331,2.378528594970703,2.0518572330474854,2.153717041015625,2.0381906032562256,2.1046061515808105,1.6313040256500244,1.959604263305664,1.7106964588165283,1.9171738624572754,1.8418272733688354,2.9032881259918213,2.5851798057556152,2.070314645767212,1.9719969034194946,3.2658493518829346,0.36162111163139343,2.3585684299468994,2.391237497329712,2.45538592338562,2.272611618041992,2.328796625137329,2.141390323638916,2.1935651302337646,1.9001548290252686,2.155348300933838,1.8045449256896973,1.99726140499115,1.929185152053833,3.0088977813720703,2.7007317543029785,2.183457612991333,2.0910212993621826,3.424379348754883,0.13459938764572144,3.2701823711395264,1.459540843963623,1.045235276222229,-0.47908732295036316,-0.5654969811439514
4,99,1.8907418251037598,1.9276528358459473,1.9885308742523193,1.8449844121932983,1.8768221139907837,1.6720287799835205,1.7232880592346191,1.5054917335510254,1.7013440132141113,1.564657211303711,1.7790725231170654,1.697121500968933,2.7394697666168213,2.4047694206237793,1.9095357656478882,1.8044413328170776,3.0270297527313232,0.3625331223011017,1.911702275276184,1.9783436059951782,2.028287410736084,2.0182549953460693,2.0057530403137207,1.7411420345306396,1.776252269744873,1.7180927991867065,1.8137584924697876,1.6107877492904663,1.8088680505752563,1.7345374822616577,2.801570177078247,2.477656364440918,1.9795657396316528,1.8809958696365356,3.1528453826904297,0.10656756907701492,2.680166244506836,1.4174772500991821,1.0516009330749512,-0.42905136942863464,-0.4996190369129181
4,99,2.182013988494873,2.177954912185669,2.2492148876190186,1.9037771224975586,2.0033857822418213,1.9120867252349854,1.9872486591339111,1.4531261920928955,1.8110162019729614,1.6237701177597046,1.8345681428909302,1.7552528381347656,2.7782018184661865,2.454535722732544,1.9602444171905518,1.8603293895721436,3.052495241165161,0.3502114415168762,2.205427646636963,2.2288105487823486,2.2919352054595947,2.072638511657715,2.1300477981567383,1.973427414894104,2.036216974258423,1.659730076789856,1.966159462928772,1.676292061805725,1.8709601163864136,1.7988673448562622,2.840358257293701,2.525620698928833,2.032851219177246,1.9385299682617188,3.1709163188934326,0.10563040524721146,3.1409354209899902,1.2657476663589478,0.9906695485115051,-0.5221404433250427,-0.546741247177124
4,99,2.1222774982452393,2.120577573776245,2.1921257972717285,1.9124284982681274,1.9958159923553467,1.8706992864608765,1.9421558380126953,1.4979801177978516,1.8300471305847168,1.654910922050476,1.8678555488586426,1.793239951133728,2.8039560317993164,2.485105514526367,1.983656406402588,1.885990023612976,3.0455329418182373,0.3776833415031433,2.169464111328125,2.1980419158935547,2.260695695877075,2.1178159713745117,2.157437324523926,1.9621505737304688,2.0196449756622314,1.7425024509429932,1.9970759153366089,1.7339004278182983,1.9328800439834595,1.8636449575424194,2.8939855098724365,2.58229660987854,2.0825603008270264,1.9897181987762451,3.1897799968719482,0.1371525079011917,3.018803596496582,1.4195958375930786,1.0293128490447998,-0.4332265257835388,-0.558541476726532
4,99,2.3319740295410156,2.341346025466919,2.404594659805298,2.097644567489624,2.190791368484497,2.0709967613220215,2.1357052326202393,1.596269130706787,2.0133934020996094,1.5625171661376953,1.7787669897079468,1.7149404287338257,2.6776487827301025,2.4283692836761475,1.8750603199005127,1.7972326278686523,2.8891043663024902,0.42525815963745117,2.43471360206604,2.471837282180786,2.526310682296753,2.331455707550049,2.3908305168151855,2.2100369930267334,2.263375759124756,1.851683259010315,2.2345125675201416,1.5776902437210083,1.776267647743225,1.7225189208984375,2.704880714416504,2.468822956085205,1.9131895303726196,1.8427412509918213,2.981781244277954,0.1744164377450943,3.0755820274353027,1.3515371084213257,1.12436044216156,-0.6590001583099365,-0.4540770649909973
4,99,2.3359856605529785,2.3567206859588623,2.4199702739715576,2.1519665718078613,2.240718364715576,2.080495595932007,2.143566370010376,1.6857895851135254,2.0434701442718506,1.5843684673309326,1.8004472255706787,1.7381888628005981,2.7276008129119873,2.495450735092163,1.9134944677352905,1.8404368162155151,2.9987893104553223,0.41992124915122986,2.456855535507202,2.5069127082824707,2.5608010292053223,2.4126346111297607,2.468324661254883,2.2430062294006348,2.294389486312866,1.9741593599319458,2.280712604522705,1.627036213874817,1.8241151571273804,1.77032470703125,2.7829861640930176,2.5608749389648438,1.9815183877944946,1.9143855571746826,3.121520519256592,0.1450897604227066,3.064537286758423,1.3497990369796753,1.142795205116272,-0.6749279499053955,-0.48561879992485046
4,99,2.380563974380493,2.386690378189087,2.4542200565338135,2.1206629276275635,2.23010516166687,2.1154751777648926,2.178093671798706,1.6492441892623901,2.030749797821045,1.6345024108886719,1.8445954322814941,1.7754442691802979,2.7811074256896973,2.50787615776062,1.9702174663543701,1.884648323059082,3.1111435890197754,0.40356260538101196,2.467052698135376,2.502741813659668,2.560187339782715,2.3546195030212402,2.4235522747039795,2.2433841228485107,2.292539596557617,1.9179943799972534,2.2543866634368896,1.7114366292953491,1.905059576034546,1.8443403244018555,2.870852470397949,2.6068944931030273,2.069059133529663,1.9902187585830688,3.2606959342956543,0.15784905850887299,3.221364974975586,1.4621236324310303,1.1162375211715698,-0.48072874546051025,-0.5335284471511841
4,99,2.3086366653442383,2.3073205947875977,2.377631425857544,2.010462522506714,2.12131667137146,2.0372447967529297,2.1020889282226562,1.5494043827056885,1.9377844333648682,1.7052801847457886,1.9118150472640991,1.8388324975967407,2.8505797386169434,2.548666000366211,2.041558265686035,1.9474234580993652,3.1627326011657715,0.3997154235839844,2.3639278411865234,2.390608310699463,2.4525561332702637,2.2132532596588135,2.282353162765503,2.1322929859161377,2.184328556060791,1.7910276651382446,2.132467746734619,1.7793853282928467,1.9714545011520386,1.9047291278839111,2.938220262527466,2.644944667816162,2.136946678161621,2.048368453979492,3.3070194721221924,0.1533643752336502,3.275158405303955,1.3186264038085938,1.0808937549591064,-0.5235715508460999,-0.5552287101745605
4,99,2.4386534690856934,2.433880090713501,2.5138792991638184,2.1060361862182617,2.2393510341644287,2.146305799484253,2.21242356300354,1.623092532157898,2.046121835708618,1.7031493186950684,1.917869210243225,1.8493014574050903,2.8995957374572754,2.6207895278930664,2.052617311477661,1.962550401687622,3.2952849864959717,0.42848122119903564,2.478961944580078,2.502004384994507,2.573918342590332,2.2946486473083496,2.387627124786377,2.2254955768585205,2.2791953086853027,1.8562902212142944,2.230950355529785,1.767661690711975,1.9662230014801025,1.9043769836425781,2.9817593097686768,2.712096929550171,2.143009662628174,2.059770107269287,3.442535400390625,0.16135764122009277,3.3701562881469727,1.4283685684204102,1.1627881526947021,-0.4943249225616455,-0.5565007328987122
4,99,2.3774619102478027,2.387754201889038,2.4657797813415527,2.1777102947235107,2.2877249717712402,2.1215810775756836,2.1864538192749023,1.7373149394989014,2.09305739402771,1.7183302640914917,1.947016716003418,1.867919921875,2.9252617359161377,2.6146626472473145,2.0611846446990967,1.9617302417755127,3.255920171737671,0.43449750542640686,2.451996326446533,2.493374824523926,2.5623245239257812,2.4110147953033447,2.4789986610412598,2.2419145107269287,2.2929582595825195,2.0139267444610596,2.288512706756592,1.7880316972732544,2.0016188621520996,1.9286233186721802,3.016401529312134,2.7135109901428223,2.1582138538360596,2.064673900604248,3.415019989013672,0.16016970574855804,3.220304250717163,1.5932363271713257,1.1879326105117798,-0.4339270293712616,-0.5524566769599915
4,99,2.4334301948547363,2.444706678390503,2.5354647636413574,2.2280263900756836,2.362771511077881,2.1710002422332764,2.240011215209961,1.7976080179214478,2.170285701751709,1.8377827405929565,2.0675711631774902,1.9940917491912842,3.0488364696502686,2.77714204788208,2.1833925247192383,2.0911169052124023,3.4093830585479736,0.462659627199173,2.528975486755371,2.5715181827545166,2.654034376144409,2.4826817512512207,2.579454183578491,2.3132436275482178,2.36942720413208,2.096649169921875,2.3876559734344482,1.9345219135284424,2.149430274963379,2.0792953968048096,3.168992519378662,2.901779890060425,2.30914044380188,2.221876621246338,3.598351240158081,0.1750723123550415,3.336069107055664,1.5130958557128906,1.2843716144561768,-0.5084375739097595,-0.5295117497444153
4,99,1.9300862550735474,2.130549669265747,2.1974053382873535,2.952329635620117,3.0547120571136475,2.120696783065796,2.1624937057495117,3.263234853744507,1.3320566415786743,1.6473015546798706,1.8884798288345337,1.8661001920700073,2.8679287433624268,2.851470947265625,1.9679723978042603,1.9417661428451538,3.308076858520508,0.5822781324386597,1.8689193725585938,2.083439588546753,2.1337578296661377,2.9825427532196045,3.0612587928771973,2.112269163131714,2.1407907009124756,3.3541758060455322,1.096500277519226,1.629009485244751,1.856840968132019,1.8387058973312378,2.895925283432007,2.888951539993286,1.99526846408844,1.9742316007614136,3.429173231124878,0.255753755569458,1.102839708328247,1.8528027534484863,1.5021635293960571,-0.4937748312950134,-0.49284085631370544
4,99,2.130453586578369,2.388343572616577,2.4399073123931885,3.404010057449341,3.4832565784454346,2.4051389694213867,2.434335947036743,3.651946783065796,1.1261645555496216,1.5735963582992554,1.8597674369812012,1.8385165929794312,2.924617052078247,2.9107825756073,1.9057550430297852,1.8786338567733765,3.226202964782715,0.5946778059005737,2.06179141998291,2.3277182579040527,2.358705520629883,3.423731565475464,3.478029727935791,2.400614023208618,2.414332151412964,3.761434316635132,0.7060084342956543,1.5532177686691284,1.8285951614379883,1.814261555671692,2.9557321071624756,2.9557113647460938,1.9354726076126099,1.915550708770752,3.3540401458740234,0.27788516879081726,0.9768751263618469,1.839623212814331,1.4986211061477661,-0.5075854659080505,-0.5028894543647766
4,99,1.636780023574829,1.8851476907730103,1.906386137008667,2.908355236053467,2.838839292526245,1.9416005611419678,1.9261527061462402,3.2328994274139404,0.7770643830299377,1.5959242582321167,1.8822593688964844,1.818873643875122,2.925016403198242,2.7424471378326416,1.935935616493225,1.857546091079712,3.2082111835479736,0.6574156880378723,1.569422721862793,1.8179744482040405,1.8145102262496948,2.927959442138672,2.8222317695617676,1.9432599544525146,1.9117807149887085,3.3449950218200684,0.3768771290779114,1.5359538793563843,1.8068064451217651,1.7493003606796265,2.922675609588623,2.747912645339966,1.9286303520202637,1.8586674928665161,3.3134958744049072,0.30388209223747253,0.8116024136543274,1.6268059015274048,1.6408876180648804,-0.46110185980796814,-0.37819239497184753
4,99,2.110377550125122,2.3725998401641846,2.3983919620513916,3.426755905151367,3.432443857192993,2.4261155128479004,2.4315578937530518,3.6548011302948,0.7340663075447083,1.7569317817687988,2.0569581985473633,2.0098705291748047,3.1043901443481445,3.0102734565734863,2.082775115966797,2.0334725379943848,3.2740092277526855,0.6821763515472412,2.0353474617004395,2.294177532196045,2.3008651733398438,3.4074277877807617,3.3856940269470215,2.4046127796173096,2.396439552307129,3.7244315147399902,0.3223104178905487,1.6752573251724243,1.962562084197998,1.9190642833709717,3.0687968730926514,2.980804920196533,2.0507445335388184,2.0057730674743652,3.3434619903564453,0.3288225829601288,0.8783658146858215,1.6488683223724365,1.6623743772506714,-0.5331840515136719,-0.4216445982456207
4,99,2.039980411529541,2.3220396041870117,2.317808151245117,3.4400687217712402,3.3567278385162354,2.390070915222168,2.3702549934387207,3.700355291366577,0.7049111127853394,1.9019253253936768,2.209704637527466,2.135181188583374,3.327667236328125,3.1478421688079834,2.272364854812622,2.2005534172058105,3.5504040718078613,0.5943663716316223,1.9645442962646484,2.238046407699585,2.2152838706970215,3.413634777069092,3.304109811782837,2.3681507110595703,2.332688093185425,3.7652132511138916,0.2906806468963623,1.843562126159668,2.131922721862793,2.06428861618042,3.303236722946167,3.134167194366455,2.258296489715576,2.190666437149048,3.63247013092041,0.22657960653305054,0.8084425330162048,1.6123046875,1.662861704826355,-0.5547473430633545,-0.4575391411781311
4,99,2.2351365089416504,2.497493028640747,2.5178134441375732,3.573641777038574,3.6098413467407227,2.5746161937713623,2.58652925491333,3.821835994720459,0.6187845468521118,1.8992490768432617,2.1890218257904053,2.1442155838012695,3.257836103439331,3.2087409496307373,2.251643180847168,2.2158589363098145,3.47151255607605,0.5198725461959839,2.1815264225006104,2.4393391609191895,2.441415309906006,3.555748224258423,3.5679192543029785,2.5633063316345215,2.5602195262908936,3.8779373168945312,0.2465531826019287,1.8691835403442383,2.1440465450286865,2.1052088737487793,3.2535293102264404,3.213561773300171,2.2586281299591064,2.22615385055542,3.555466651916504,0.20388738811016083,0.804719090461731,1.572425365447998,1.6084870100021362,-0.560636043548584,-0.4798068106174469
4,99,2.180504560470581,2.458477735519409,2.459317445755005,3.5860536098480225,3.5404889583587646,2.5403878688812256,2.5278842449188232,3.8239963054656982,0.6058753728866577,1.9566805362701416,2.2561309337615967,2.192385196685791,3.377650260925293,3.2455947399139404,2.3322882652282715,2.271634817123413,3.582568645477295,0.4945151209831238,2.144761085510254,2.416203022003174,2.4021835327148438,3.582676410675049,3.5172016620635986,2.5452520847320557,2.5203897953033447,3.894967794418335,0.24423180520534515,1.930026888847351,2.2158010005950928,2.159356117248535,3.3750691413879395,3.2540271282196045,2.3389365673065186,2.2831215858459473,3.663693428039551,0.19686689972877502,0.7943856120109558,1.580786108970642,1.5972336530685425,-0.5554888844490051,-0.4801531136035919
4,99,2.351742744445801,2.6250088214874268,2.6301848888397217,3.715121269226074,3.6984899044036865,2.697641134262085,2.695221185684204,3.94527006149292,0.6311389207839966,1.9877667427062988,2.289980173110962,2.229290723800659,3.364781618118286,3.259314775466919,2.341115713119507,2.2896268367767334,3.539384365081787,0.5901168584823608,2.3348946571350098,2.600917100906372,2.5945911407470703,3.7273366451263428,3.6951119899749756,2.7167890071868896,2.704134702682495,4.02583122253418,0.2872016429901123,1.9660067558288574,2.2515172958374023,2.1994712352752686,3.371396064758301,3.2789247035980225,2.3575353622436523,2.3113579750061035,3.6416425704956055,0.24548187851905823,0.8985736966133118,1.598948359489441,1.567663550376892,-0.5713186860084534,-0.5234488248825073
4,99,2.1819558143615723,2.453601360321045,2.4505221843719482,3.5826992988586426,3.516735076904297,2.5452041625976562,2.531226396560669,3.8227813243865967,0.6413412094116211,2.107670545578003,2.4058682918548584,2.336787223815918,3.5425820350646973,3.384744644165039,2.4937965869903564,2.432497978210449,3.7461564540863037,0.5514267683029175,2.163766860961914,2.425926923751831,2.4099490642547607,3.6006860733032227,3.5179455280303955,2.5716309547424316,2.54585862159729,3.924490213394165,0.25161007046699524,2.0994298458099365,2.3790438175201416,2.317551851272583,3.5545814037323,3.409541606903076,2.5203709602355957,2.462759256362915,3.851564645767212,0.20164726674556732,0.7803405523300171,1.609315276145935,1.5881190299987793,-0.578795313835144,-0.525883138179779
4,99,1.8374015092849731,2.08686900138855,2.1062543392181396,3.1322898864746094,3.091834545135498,2.1617562770843506,2.157118082046509,3.4330856800079346,0.6684445142745972,1.7540688514709473,2.0390374660491943,1.9785953760147095,3.0915884971618652,2.937770366668701,2.1004981994628906,2.036013126373291,3.3342325687408447,0.607548177242279,1.748610258102417,1.9908939599990845,1.9884638786315918,3.101081371307373,3.0302627086639404,2.1289920806884766,2.107696056365967,3.49586820602417,0.2523006200790405,1.6826555728912354,1.9497320652008057,1.8904502391815186,3.059812545776367,2.9112393856048584,2.0758252143859863,2.013343334197998,3.4117279052734375,0.22792737185955048,0.80427086353302,1.5763598680496216,1.690682053565979,-0.5281520485877991,-0.37888196110725403
4,99,1.7553473711013794,1.9872950315475464,2.023818254470825,2.9956326484680176,2.993868827819824,2.064257860183716,2.0721681118011475,3.3258609771728516,0.7205440402030945,1.6197232007980347,1.8926430940628052,1.840179443359375,2.913607120513916,2.7879841327667236,1.9542818069458008,1.8982601165771484,3.186465263366699,0.6325838565826416,1.6401896476745605,1.866574764251709,1.8809878826141357,2.94709849357605,2.914452314376831,2.0109057426452637,2.002274990081787,3.374255418777466,0.31069424748420715,1.5254114866256714,1.7811696529388428,1.7282131910324097,2.8660728931427,2.7441725730895996,1.913657784461975,1.8585518598556519,3.252098798751831,0.25584593415260315,0.8295525312423706,1.6176847219467163,1.7097241878509521,-0.47934404015541077,-0.3242867588996887
4,99,1.853013515472412,2.0982422828674316,2.114689826965332,3.1340179443359375,3.092867374420166,2.1816632747650146,2.1754424571990967,3.438913345336914,0.6995340585708618,1.7499369382858276,2.027811288833618,1.9677904844284058,3.0681583881378174,2.9174115657806396,2.0979433059692383,2.0353496074676514,3.315539836883545,0.6351069808006287,1.7800850868225098,2.0148990154266357,2.0128889083862305,3.115974187850952,3.0489823818206787,2.166022777557373,2.1454169750213623,3.51706862449646,0.28294751048088074,1.7031309604644775,1.9617979526519775,1.9039486646652222,3.061124563217163,2.916821002960205,2.1000630855560303,2.039747714996338,3.4171981811523438,0.26235976815223694,0.7875552177429199,1.5947026014328003,1.7580167055130005,-0.5147050619125366,-0.34023600816726685
4,99,1.7856851816177368,2.036238670349121,2.0592217445373535,3.0980067253112793,3.057800769805908,2.116718053817749,2.110461950302124,3.4254488945007324,0.6824360489845276,1.5840648412704468,1.871950626373291,1.8138527870178223,2.9223742485046387,2.769296169281006,1.9239728450775146,1.8580548763275146,3.181121826171875,0.6322853565216064,1.719492793083191,1.9617767333984375,1.9624637365341187,3.0913732051849365,3.021549940109253,2.1091501712799072,2.086644172668457,3.516547918319702,0.2569901943206787,1.519202709197998,1.790331482887268,1.7310855388641357,2.907679319381714,2.75788950920105,1.913703441619873,1.8486695289611816,3.2800703048706055,0.2566900849342346,0.8068525791168213,1.6355087757110596,1.7205430269241333,-0.4777814447879791,-0.32227760553359985
4,99,1.782217025756836,2.013485908508301,2.071507453918457,3.0037214756011963,3.0864830017089844,2.0709376335144043,2.1037492752075195,3.3943681716918945,0.7393518090248108,1.5233529806137085,1.8095004558563232,1.7719398736953735,2.7818984985351562,2.7411413192749023,1.8219939470291138,1.7835389375686646,3.0856690406799316,0.7177098393440247,1.687811255455017,1.913564920425415,1.9498978853225708,2.981574058532715,3.0339431762695312,2.04268741607666,2.0596563816070557,3.4763596057891846,0.3068618178367615,1.3850680589675903,1.6543769836425781,1.619179606437683,2.712779998779297,2.677783966064453,1.7523577213287354,1.718135118484497,3.1519570350646973,0.30123594403266907,0.878723680973053,1.7556809186935425,1.7678440809249878,-0.412495493888855,-0.29781365394592285
4,99,1.6110596656799316,1.8382339477539062,1.8681639432907104,2.8014309406280518,2.7532505989074707,1.880784273147583,1.8687074184417725,3.114767074584961,0.7489876747131348,1.6242815256118774,1.8908621072769165,1.8360155820846558,2.8460700511932373,2.683626413345337,1.9044320583343506,1.8322272300720215,3.071470022201538,0.7614753842353821,1.4892573356628418,1.716666579246521,1.7236487865447998,2.757136821746826,2.6752822399139404,1.829891324043274,1.8037824630737305,3.1695728302001953,0.34725406765937805,1.4864091873168945,1.745154857635498,1.6879024505615234,2.77461314201355,2.610527992248535,1.8307697772979736,1.760622262954712,3.118363380432129,0.3791694641113281,0.797620415687561,1.6790777444839478,1.718345046043396,-0.41307851672172546,-0.31509315967559814
4,99,1.6182520389556885,1.8804177045822144,1.9163165092468262,2.87725567817688,2.879662275314331,1.8974090814590454,1.9093574285507202,3.188549041748047,0.7649831771850586,1.589905858039856,1.8969886302947998,1.8335689306259155,2.7813186645507812,2.655820846557617,1.8128911256790161,1.7544522285461426,2.8998258113861084,1.0996434688568115,1.552606225013733,1.813489317893982,1.8285592794418335,2.90177583694458,2.870830774307251,1.9076204299926758,1.90083909034729,3.3113911151885986,0.38568055629730225,1.4118659496307373,1.7210012674331665,1.6683034896850586,2.707698106765747,2.5960466861724854,1.7039058208465576,1.6514623165130615,2.9464006423950195,0.7762466073036194,0.9716772437095642,1.7616972923278809,1.6177424192428589,-0.36984145641326904,-0.3895204961299896
4,99,1.7354463338851929,1.9661191701889038,1.997126817703247,2.8701515197753906,2.8914575576782227,2.0004889965057373,2.0117881298065186,3.133089303970337,0.6789829134941101,1.7163373231887817,1.9702308177947998,1.9384528398513794,2.6635961532592773,2.601264715194702,1.8500512838363647,1.8131842613220215,2.6196789741516113,1.3439151048660278,1.7400540113449097,1.9651330709457397,1.9801470041275024,2.931323289871216,2.9276280403137207,2.057278871536255,2.0560944080352783,3.281923294067383,0.33176249265670776,1.5634874105453491,1.8219420909881592,1.806530475616455,2.6052072048187256,2.5656442642211914,1.7485789060592651,1.7243469953536987,2.674354314804077,1.0862072706222534,1.1437060832977295,1.661057472229004,1.6274793148040771,-0.410284161567688,-0.3857821822166443
4,99,1.5043954849243164,1.7005300521850586,1.741078495979309,2.5679850578308105,2.643620252609253,1.767703652381897,1.7947958707809448,3.030547618865967,0.5871779918670654,2.0458879470825195,2.2036831378936768,2.1494951248168945,2.387759208679199,2.306705951690674,1.9336066246032715,1.8863439559936523,2.0521140098571777,1.8589720726013184,1.5656529664993286,1.7549529075622559,1.7778706550598145,2.6801581382751465,2.7318286895751953,1.882890224456787,1.8971563577651978,3.217658042907715,0.28001725673675537,2.1206092834472656,2.2987983226776123,2.254488229751587,2.5820820331573486,2.523310422897339,2.0519654750823975,2.0136666297912598,2.315544843673706,1.9681997299194336,2.249257802963257,1.426602840423584,1.35971999168396,-0.46144264936447144,-0.5826050639152527
4,99,2.078551769256592,2.2903928756713867,2.297733783721924,3.197242021560669,3.2062184810638428,2.376873731613159,2.379326820373535,3.537714719772339,0.5850008130073547,2.131138324737549,2.3270232677459717,2.2630133628845215,2.683765172958374,2.575774669647217,2.099973440170288,2.051988363265991,2.375370502471924,1.9000777006149292,2.169999361038208,2.37446928024292,2.368311643600464,3.3118505477905273,3.301252603530884,2.4991447925567627,2.4922964572906494,3.70219087600708,0.3247963488101959,2.304239273071289,2.5166103839874268,2.4611330032348633,2.95454740524292,2.863420009613037,2.3147449493408203,2.27400803565979,2.6938588619232178,2.0368852615356445,2.364137649536133,1.372635841369629,1.3241279125213623,-0.564147412776947,-0.7701712250709534
4,99,1.7636348009109497,1.9556108713150024,1.9773192405700684,2.812479257583618,2.8548858165740967,2.0337343215942383,2.0502827167510986,3.224989414215088,0.6111497282981873,2.2843801975250244,2.4043917655944824,2.3491945266723633,2.431044340133667,2.328871488571167,2.1154582500457764,2.076322078704834,1.9138469696044922,2.0193614959716797,1.8441838026046753,2.029745578765869,2.0349979400634766,2.9306771755218506,2.9508626461029053,2.157956123352051,2.1623339653015137,3.4087696075439453,0.31373435258865356,2.435378313064575,2.581853151321411,2.532644748687744,2.724807024002075,2.6403419971466064,2.3138465881347656,2.2809159755706787,2.2788407802581787,2.2422823905944824,2.7879490852355957,1.3874781131744385,1.3450989723205566,-0.5096263885498047,-0.6508164405822754
4,99,1.6858867406845093,1.88528573513031,1.9030399322509766,2.794436454772949,2.7518632411956787,1.9676326513290405,1.9597119092941284,3.188755989074707,0.6695292592048645,2.2802512645721436,2.414724349975586,2.3796117305755615,2.5480282306671143,2.433173418045044,2.1338160037994385,2.0973939895629883,2.083479166030884,2.0591700077056885,1.7487519979476929,1.9442037343978882,1.9399372339248657,2.9065346717834473,2.8340086936950684,2.0819640159606934,2.0595712661743164,3.372771739959717,0.35957810282707214,2.4090683460235596,2.5655999183654785,2.537975549697876,2.8052096366882324,2.704376459121704,2.3086390495300293,2.2768337726593018,2.406247138977051,2.242422580718994,2.5340123176574707,1.4769384860992432,1.4265847206115723,-0.4845066964626312,-0.6764450669288635
5,99,2.156233787536621,2.1892895698547363,2.268815279006958,2.105029582977295,2.2005326747894287,1.910998821258545,1.9695751667022705,1.6816753149032593,1.999248743057251,2.1986453533172607,2.3925118446350098,2.328932285308838,2.910388708114624,2.6715939044952393,2.257939100265503,2.17612886428833,2.7143797874450684,1.8752338886260986,2.2742679119110107,2.3529469966888428,2.417386770248413,2.4660980701446533,2.502589225769043,2.113414764404297,2.1493587493896484,2.1165642738342285,2.2255566120147705,2.502054214477539,2.7114341259002686,2.6481332778930664,3.324765920639038,3.0822339057922363,2.6176533699035645,2.534074306488037,3.1792383193969727,2.0184531211853027,1.9337693452835083,1.4318939447402954,1.302945613861084,-0.4924800992012024,-0.8305034041404724
5,99,1.682104229927063,1.7890548706054688,1.8409581184387207,2.0615832805633545,2.053821325302124,1.5438631772994995,1.5689902305603027,1.962188482284546,1.659193515777588,2.265867233276367,2.4871511459350586,2.415806770324707,3.139512538909912,2.9125277996063232,2.389042377471924,2.303323268890381,3.1111643314361572,1.828628659248352,1.7601871490478516,1.9159722328186035,1.9436564445495605,2.386913537979126,2.323892116546631,1.7360867261886597,1.7328622341156006,2.359358310699463,1.728315830230713,2.5619747638702393,2.7955119609832764,2.72601056098938,3.551581621170044,3.3246166706085205,2.747894048690796,2.662956476211548,3.588243246078491,1.8886197805404663,1.6098792552947998,1.4480534791946411,1.3938918113708496,-0.4803544580936432,-0.8303602337837219
5,99,2.1037516593933105,2.2846007347106934,2.321603775024414,3.0951809883117676,3.143815279006958,2.330313205718994,2.3456010818481445,3.462193727493286,1.2229219675064087,1.9284926652908325,2.116206169128418,2.072052001953125,2.6346683502197266,2.5601401329040527,1.995634913444519,1.9500253200531006,2.6746041774749756,1.5876274108886719,2.217697858810425,2.4018845558166504,2.4236772060394287,3.2870681285858154,3.3123741149902344,2.499314069747925,2.5038435459136963,3.7294671535491943,0.933241605758667,2.0882112979888916,2.288132429122925,2.251932382583618,2.9151628017425537,2.8538825511932373,2.2177822589874268,2.178877115249634,3.0354433059692383,1.5837749242782593,1.4847638607025146,1.5902129411697388,1.409504771232605,-0.6504980325698853,-0.7126021981239319
5,99,2.242856502532959,2.4122934341430664,2.457357406616211,3.157663345336914,3.2889814376831055,2.465573787689209,2.50115704536438,3.4911916255950928,1.06496000289917,1.8047726154327393,1.985956072807312,1.9495569467544556,2.45570707321167,2.455423355102539,1.8769381046295166,1.8477966785430908,2.4749279022216797,1.4134581089019775,2.3613510131835938,2.5314536094665527,2.564600706100464,3.3250176906585693,3.4376633167266846,2.619868755340576,2.6474108695983887,3.713289976119995,0.8049719929695129,1.987298846244812,2.1780078411102295,2.1495718955993652,2.734762191772461,2.748659372329712,2.1095316410064697,2.0882179737091064,2.818110466003418,1.418387532234192,1.6333035230636597,1.4755933284759521,1.2331957817077637,-0.6459789872169495,-0.7744729518890381
5,99,2.2163407802581787,2.409773588180542,2.4418814182281494,3.252401113510132,3.29282546043396,2.4657864570617676,2.473045825958252,3.571810483932495,1.1422280073165894,2.0622453689575195,2.240363359451294,2.212538242340088,2.682486057281494,2.622152805328369,2.0936355590820312,2.0457675457000732,2.5787830352783203,1.7736341953277588,2.312229871749878,2.507246732711792,2.5228805541992188,3.416110038757324,3.430413246154785,2.609942674636841,2.607126235961914,3.809929132461548,0.8082497715950012,2.2749032974243164,2.4677557945251465,2.446760416030884,3.0038864612579346,2.956223487854004,2.357496976852417,2.316467046737671,2.957425117492676,1.8768881559371948,1.7904726266860962,1.6320433616638184,1.3749088048934937,-0.6278269290924072,-0.7663426399230957
5,99,2.2625732421875,2.464975595474243,2.4850783348083496,3.2999839782714844,3.308711290359497,2.5080904960632324,2.504441738128662,3.546401262283325,1.0807716846466064,2.1355340480804443,2.33937668800354,2.308182954788208,2.9064929485321045,2.833869218826294,2.231011390686035,2.183068037033081,2.823725461959839,1.6860277652740479,2.3259530067443848,2.5284578800201416,2.5344016551971436,3.420196294784546,3.4046874046325684,2.613431453704834,2.6008074283599854,3.7386019229888916,0.7455570697784424,2.2984917163848877,2.5106539726257324,2.4849069118499756,3.147472858428955,3.083688497543335,2.4330124855041504,2.390185594558716,3.118762731552124,1.6947115659713745,1.469612717628479,1.6417276859283447,1.4773120880126953,-0.6111675500869751,-0.7378987073898315
5,99,2.2752997875213623,2.484175682067871,2.4797475337982178,3.3580706119537354,3.2898733615875244,2.552647590637207,2.525773048400879,3.5627002716064453,0.9046648144721985,2.239915609359741,2.432283878326416,2.3991165161132812,2.9772133827209473,2.851675033569336,2.3288984298706055,2.270500659942627,2.802356243133545,1.7707221508026123,2.3776280879974365,2.5843982696533203,2.5663533210754395,3.498845338821411,3.409477949142456,2.687706708908081,2.6523547172546387,3.7642080783843994,0.591476321220398,2.4753148555755615,2.677358865737915,2.648475408554077,3.283066987991333,3.1660239696502686,2.59836745262146,2.54440975189209,3.1448068618774414,1.8675353527069092,1.647182822227478,1.511147379875183,1.39003324508667,-0.6438946723937988,-0.8332532644271851
5,99,2.3033039569854736,2.5128533840179443,2.506603956222534,3.405144453048706,3.337326765060425,2.597402572631836,2.570383310317993,3.595198154449463,0.7438777089118958,2.1614110469818115,2.3586037158966064,2.3290436267852783,2.9411990642547607,2.8232901096343994,2.272826910018921,2.2174761295318604,2.7611560821533203,1.6352218389511108,2.4272384643554688,2.634735584259033,2.616891860961914,3.5514297485351562,3.466960906982422,2.7426838874816895,2.708270311355591,3.78285813331604,0.512263834476471,2.344512462615967,2.550203323364258,2.525146007537842,3.190124273300171,3.0808796882629395,2.488142490386963,2.437502145767212,3.048535108566284,1.6827175617218018,1.6207854747772217,1.5734624862670898,1.3444828987121582,-0.5521908402442932,-0.8434591889381409
5,99,2.3221216201782227,2.53238582611084,2.5067169666290283,3.4363057613372803,3.274080753326416,2.623711585998535,2.5683395862579346,3.591444492340088,0.7023108601570129,2.1995327472686768,2.403796434402466,2.3678596019744873,3.0200035572052,2.8408100605010986,2.3244309425354004,2.2534735202789307,2.8239400386810303,1.5881190299987793,2.422010660171509,2.626429796218872,2.5866827964782715,3.558680772781372,3.375894069671631,2.749912977218628,2.6863296031951904,3.769397735595703,0.3834822177886963,2.371508836746216,2.5834124088287354,2.549110174179077,3.259124279022217,3.0820209980010986,2.5309269428253174,2.4618875980377197,3.1070351600646973,1.6007722616195679,1.5505330562591553,1.416308045387268,1.4098107814788818,-0.6350303292274475,-0.8003706336021423
5,99,2.13749361038208,2.3494534492492676,2.3248260021209717,3.237879753112793,3.0986130237579346,2.4346201419830322,2.385192394256592,3.398629903793335,0.6115322709083557,2.0970864295959473,2.2837183475494385,2.257619619369507,2.790614366531372,2.641521692276001,2.1637868881225586,2.101975440979004,2.5249922275543213,1.6489272117614746,2.2215583324432373,2.4273972511291504,2.388291835784912,3.340437412261963,3.1827290058135986,2.5424904823303223,2.4858150482177734,3.5544936656951904,0.31617259979248047,2.2507424354553223,2.449160575866699,2.4236578941345215,3.0218825340270996,2.8738512992858887,2.354611873626709,2.293846368789673,2.7980620861053467,1.6898313760757446,1.7616671323776245,1.549851655960083,1.4028284549713135,-0.4595372974872589,-0.7813234925270081
5,99,2.1129353046417236,2.3407204151153564,2.304757833480835,3.305701494216919,3.076016664505005,2.4295947551727295,2.352602005004883,3.4398269653320312,0.7380263805389404,2.28603458404541,2.4768595695495605,2.4493155479431152,3.0206775665283203,2.8128015995025635,2.351210594177246,2.2749080657958984,2.698704957962036,1.8215117454528809,2.1944236755371094,2.4177627563476562,2.362638473510742,3.4176762104034424,3.1625022888183594,2.5436415672302246,2.4563581943511963,3.6143765449523926,0.4072742462158203,2.471374034881592,2.6748404502868652,2.6482176780700684,3.2859508991241455,3.0780482292175293,2.5741491317749023,2.498190402984619,3.002476215362549,1.9130514860153198,1.7767661809921265,1.486445665359497,1.442419409751892,-0.6013566255569458,-0.7991088032722473
5,99,2.2157111167907715,2.42977237701416,2.406766653060913,3.32336688041687,3.1765530109405518,2.5050060749053955,2.454131603240967,3.4691085815429688,0.8363908529281616,2.269411087036133,2.4350528717041016,2.404301166534424,2.8517403602600098,2.693671226501465,2.2878940105438232,2.2282981872558594,2.4871482849121094,1.8942972421646118,2.2968337535858154,2.5072097778320312,2.4694883823394775,3.4348151683807373,3.266024589538574,2.6160473823547363,2.556025505065918,3.638606548309326,0.531653106212616,2.4956493377685547,2.6758415699005127,2.6474175453186035,3.160682201385498,3.0065951347351074,2.55080509185791,2.4926857948303223,2.8296115398406982,2.050283193588257,2.006269693374634,1.6801241636276245,1.4417163133621216,-0.4832721948623657,-0.8023514747619629
5,99,2.4721696376800537,2.6787400245666504,2.6992244720458984,3.515989065170288,3.535860061645508,2.7063047885894775,2.710256576538086,3.678487539291382,1.158536434173584,2.2524123191833496,2.435080051422119,2.4173288345336914,2.988682270050049,2.939966917037964,2.3220763206481934,2.293980360031128,2.8195154666900635,1.7229712009429932,2.551370859146118,2.7624528408050537,2.7698311805725098,3.641683578491211,3.640944004058838,2.8194046020507812,2.813647985458374,3.8543763160705566,0.8937423229217529,2.449435234069824,2.64347767829895,2.629826307296753,3.2595632076263428,3.218595027923584,2.5548784732818604,2.5304839611053467,3.133375406265259,1.7714332342147827,1.5900524854660034,1.66421377658844,1.3895927667617798,-0.6442922949790955,-0.8357217311859131
5,99,2.3186118602752686,2.4835245609283447,2.530679941177368,3.2151477336883545,3.334212303161621,2.51118540763855,2.552809715270996,3.423097610473633,1.119964599609375,2.015594720840454,2.160153865814209,2.1462197303771973,2.55950927734375,2.5816943645477295,2.0264692306518555,2.0124106407165527,2.3963024616241455,1.6358150243759155,2.402510404586792,2.5755791664123535,2.610973358154297,3.3500118255615234,3.4517946243286133,2.6309168338775635,2.6614151000976562,3.6055994033813477,0.8834845423698425,2.2033793926239014,2.361732006072998,2.352635145187378,2.833932638168335,2.864812135696411,2.2551522254943848,2.2459707260131836,2.718277931213379,1.6894522905349731,1.753163456916809,1.5131213665008545,1.3306128978729248,-0.6850440502166748,-0.8261245489120483
5,99,2.37448787689209,2.5263664722442627,2.584397554397583,3.201058864593506,3.3939359188079834,2.560389280319214,2.618669033050537,3.4506869316101074,1.0464035272598267,1.7996188402175903,1.9430904388427734,1.9297653436660767,2.3147764205932617,2.3726747035980225,1.816660761833191,1.8039618730545044,2.2121331691741943,1.4396132230758667,2.469454050064087,2.6257200241088867,2.674823760986328,3.3389251232147217,3.5185599327087402,2.686138868331909,2.737126111984253,3.6371755599975586,0.8049418926239014,1.9775346517562866,2.13419508934021,2.126202344894409,2.580425500869751,2.6504528522491455,2.0375540256500244,2.0316851139068604,2.530552387237549,1.4660513401031494,1.8591456413269043,1.4766103029251099,1.2261872291564941,-0.6642686724662781,-0.8159644603729248
5,99,2.3326032161712646,2.48262357711792,2.5375895500183105,3.1911423206329346,3.341038227081299,2.521082878112793,2.571502208709717,3.44923734664917,1.1038318872451782,1.9375370740890503,2.0774433612823486,2.070934295654297,2.4750170707702637,2.5058133602142334,1.9488410949707031,1.939565658569336,2.366655111312866,1.57749605178833,2.4221103191375732,2.5799038410186768,2.6233205795288086,3.33388352394104,3.4669125080108643,2.6478912830352783,2.688425064086914,3.644873857498169,0.8533340692520142,2.1281023025512695,2.281787633895874,2.2790210247039795,2.7555692195892334,2.795961380004883,2.1840107440948486,2.179461717605591,2.699763774871826,1.616398572921753,1.7888519763946533,1.5496413707733154,1.308316946029663,-0.6678964495658875,-0.7987079620361328
5,99,2.206925630569458,2.36140513420105,2.42063045501709,3.0605833530426025,3.2328107357025146,2.3982813358306885,2.454228162765503,3.292118787765503,0.9788722395896912,1.6670149564743042,1.8042553663253784,1.8029705286026,2.1924638748168945,2.256516456604004,1.679855465888977,1.6792607307434082,2.1006150245666504,1.34550142288208,2.2832894325256348,2.445281744003296,2.4913768768310547,3.1862056255340576,3.3395261764526367,2.5092391967773438,2.5544321537017822,3.467278480529785,0.710451066493988,1.8230317831039429,1.9761546850204468,1.9779915809631348,2.4409005641937256,2.512481212615967,1.8811594247817993,1.8847706317901611,2.3978302478790283,1.3631510734558105,1.7436758279800415,1.461190104484558,1.161961555480957,-0.6241102814674377,-0.8147696852684021
5,99,2.2258822917938232,2.406956434249878,2.4285969734191895,3.254160165786743,3.226703643798828,2.4675116539001465,2.4670634269714355,3.4569389820098877,1.073272466659546,2.0632810592651367,2.206317186355591,2.2050411701202393,2.710939884185791,2.6522488594055176,2.0975069999694824,2.084517240524292,2.5504915714263916,1.690256118774414,2.2939395904541016,2.485175609588623,2.4872920513153076,3.3813259601593018,3.3255081176757812,2.5790953636169434,2.5623531341552734,3.6421267986297607,0.7675610184669495,2.2324013710021973,2.389739990234375,2.3909528255462646,2.9689040184020996,2.9135842323303223,2.310021162033081,2.2980852127075195,2.856353759765625,1.7430119514465332,1.580068588256836,1.6947154998779297,1.3996104001998901,-0.562716543674469,-0.798322856426239
5,99,2.29757022857666,2.5324180126190186,2.493551731109619,3.526716470718384,3.2950351238250732,2.6243982315063477,2.5488088130950928,3.677851676940918,0.8621360063552856,2.4329659938812256,2.625231981277466,2.5922350883483887,3.178485631942749,2.9662058353424072,2.493934154510498,2.422889471054077,2.859767436981201,1.9842101335525513,2.413909435272217,2.6456639766693115,2.58893084526062,3.6752524375915527,3.4161276817321777,2.772791624069214,2.687070608139038,3.8818018436431885,0.5535273551940918,2.6841156482696533,2.8903114795684814,2.858962297439575,3.514171600341797,3.3040502071380615,2.785583972930908,2.7148845195770264,3.232694149017334,2.1295018196105957,1.878249168395996,1.5524873733520508,1.5182745456695557,-0.6399623155593872,-0.8445712924003601
5,99,2.3190419673919678,2.5579190254211426,2.4731192588806152,3.5377273559570312,3.1309738159179688,2.6462743282318115,2.5168638229370117,3.5562469959259033,0.7642481923103333,2.5393476486206055,2.7470028400421143,2.6801960468292236,3.3303093910217285,2.9684863090515137,2.6257598400115967,2.5188510417938232,2.9230940341949463,1.8660367727279663,2.4157683849334717,2.641451358795166,2.543675661087036,3.6493279933929443,3.218999147415161,2.7702300548553467,2.6353275775909424,3.7262778282165527,0.4426940977573395,2.7675235271453857,2.987701654434204,2.917717695236206,3.6347527503967285,3.2653791904449463,2.8906683921813965,2.7789204120635986,3.2616262435913086,1.9629534482955933,1.7772951126098633,1.4728466272354126,1.568455696105957,-0.6200088858604431,-0.8089101910591125
5,99,1.6278434991836548,1.865511178970337,1.7439464330673218,2.765587568283081,2.227937936782837,1.9177483320236206,1.7525264024734497,2.5777430534362793,0.6510195136070251,1.9990602731704712,2.225978136062622,2.1136839389801025,3.0027496814727783,2.487809181213379,2.2076313495635986,2.0566701889038086,2.6631810665130615,1.1577872037887573,1.6373149156570435,1.8628568649291992,1.7283046245574951,2.7988572120666504,2.2375125885009766,1.9621978998184204,1.7904694080352783,2.6827101707458496,0.3500367999076843,2.0931594371795654,2.3239712715148926,2.2045583724975586,3.1459133625030518,2.615389108657837,2.3331542015075684,2.1752562522888184,2.8468642234802246,1.0503507852554321,0.6271477341651917,1.301149845123291,1.3656340837478638,-0.5850400924682617,-0.6714819669723511
5,99,2.1792616844177246,2.4418468475341797,2.329958915710449,3.5009210109710693,3.0097293853759766,2.5373659133911133,2.3830528259277344,3.433253526687622,0.6800498366355896,2.30316424369812,2.552347421646118,2.4495668411254883,3.3952174186706543,2.918921947479248,2.517313003540039,2.375836133956909,3.0796828269958496,1.3812137842178345,2.2464354038238525,2.4935379028320312,2.3713486194610596,3.5824153423309326,3.0739428997039795,2.6349830627441406,2.4767677783966064,3.585599184036255,0.3529980778694153,2.42252779006958,2.67815899848938,2.5691328048706055,3.5839927196502686,3.095346689224243,2.6785802841186523,2.5308332443237305,3.3216450214385986,1.2716200351715088,1.020538091659546,1.5289415121078491,1.5611969232559204,-0.5949351787567139,-0.7085438370704651
5,99,1.9496639966964722,2.1959526538848877,2.0791754722595215,3.1742568016052246,2.6301329135894775,2.2734603881835938,2.1085762977600098,3.081207036972046,0.706308901309967,2.388352870941162,2.6140029430389404,2.514147996902466,3.35937762260437,2.857032299041748,2.5642318725585938,2.42452073097229,2.9949522018432617,1.5652961730957031,2.0013139247894287,2.234502077102661,2.105888605117798,3.249462127685547,2.6843338012695312,2.3594908714294434,2.188382625579834,3.2298240661621094,0.37274616956710815,2.548637866973877,2.7830371856689453,2.6790032386779785,3.577728271484375,3.065812587738037,2.754753351211548,2.609147787094116,3.2455360889434814,1.5690042972564697,1.1071457862854004,1.4451572895050049,1.4832135438919067,-0.5814879536628723,-0.793302595615387
5,99,2.0037052631378174,2.26802921295166,2.1817097663879395,3.291827917098999,2.8661580085754395,2.340088129043579,2.2033321857452393,3.211878538131714,0.7500094771385193,2.0883142948150635,2.3441624641418457,2.2530088424682617,3.22721791267395,2.792372941970825,2.3351008892059326,2.196329116821289,2.980367660522461,1.1851282119750977,2.0716466903686523,2.3286666870117188,2.227985382080078,3.3813865184783936,2.932950258255005,2.4343223571777344,2.2905867099761963,3.3481526374816895,0.4899074137210846,2.1636159420013428,2.425241708755493,2.3320064544677734,3.36579966545105,2.927060604095459,2.447194814682007,2.306248188018799,3.1719655990600586,1.0668729543685913,0.7358962893486023,1.3995250463485718,1.3907201290130615,-0.6488993763923645,-0.6818556785583496
5,99,2.0897157192230225,2.3335652351379395,2.2632715702056885,3.3139569759368896,2.946063280105591,2.403735637664795,2.2847447395324707,3.304691791534424,0.7885909676551819,2.272508144378662,2.4968478679656982,2.4321393966674805,3.227780342102051,2.871920108795166,2.4243602752685547,2.3104095458984375,2.918403148651123,1.5855425596237183,2.1660754680633545,2.4043495655059814,2.3119823932647705,3.413874387741089,3.009990692138672,2.511089324951172,2.379585027694702,3.4547550678253174,0.4731731414794922,2.385755777359009,2.6190085411071777,2.55360746383667,3.406029462814331,3.0480189323425293,2.571573257446289,2.4560906887054443,3.1403489112854004,1.5662868022918701,1.1839889287948608,1.4788450002670288,1.5086873769760132,-0.6216099858283997,-0.7642163038253784
5,99,2.258305311203003,2.4926564693450928,2.484808921813965,3.4308414459228516,3.3118209838867188,2.536699056625366,2.4959709644317627,3.5163662433624268,1.0180991888046265,2.031075954437256,2.249481678009033,2.216909408569336,2.95888614654541,2.799859046936035,2.167018175125122,2.1046087741851807,2.7833454608917236,1.4512622356414795,2.2878060340881348,2.525649309158325,2.494499444961548,3.5114943981170654,3.355396032333374,2.6087284088134766,2.5511398315429688,3.65879225730896,0.6598661541938782,2.0962507724761963,2.325688123703003,2.294041633605957,3.106442928314209,2.948499917984009,2.2758889198303223,2.2142536640167236,2.9924910068511963,1.367774248123169,1.2269251346588135,1.6046258211135864,1.4948421716690063,-0.6393529772758484,-0.71913081407547
5,99,2.2915749549865723,2.488279104232788,2.513370990753174,3.333193063735962,3.331519365310669,2.5328667163848877,2.532548427581787,3.5054118633270264,1.0200172662734985,2.1502602100372314,2.3148703575134277,2.318314790725708,2.811138391494751,2.7697830200195312,2.185612201690674,2.160623550415039,2.6022539138793945,1.775507926940918,2.3631162643432617,2.566622495651245,2.574907064437866,3.4538495540618896,3.427147388458252,2.6400372982025146,2.6273961067199707,3.6764140129089355,0.7463759183883667,2.328648805618286,2.504143476486206,2.512441635131836,3.0613157749176025,3.028949737548828,2.3978006839752197,2.3776438236236572,2.8907883167266846,1.8576897382736206,1.677547574043274,1.5829392671585083,1.4094815254211426,-0.6391304135322571,-0.7840472459793091
5,99,2.191816806793213,2.3723809719085693,2.413954257965088,3.142428398132324,3.2030372619628906,2.3786346912384033,2.407768964767456,3.295478105545044,1.1610616445541382,2.083028554916382,2.216279983520508,2.224318742752075,2.5948588848114014,2.6006805896759033,2.0515427589416504,2.053784132003784,2.3344759941101074,1.8169904947280884,2.18204927444458,2.375946044921875,2.399052858352661,3.203744888305664,3.2372119426727295,2.4165401458740234,2.4292550086975098,3.426567316055298,0.835205614566803,2.223532199859619,2.370973825454712,2.3832919597625732,2.817016124725342,2.8306922912597656,2.2272026538848877,2.2332067489624023,2.598443031311035,1.8911958932876587,1.7200144529342651,1.774631142616272,1.4523380994796753,-0.508733868598938,-0.7420093417167664
5,99,2.08715558052063,2.243408441543579,2.293715476989746,2.9634101390838623,3.0562498569488525,2.2727787494659424,2.31036114692688,3.1518537998199463,1.05839204788208,1.8322147130966187,1.9603041410446167,1.9760913848876953,2.3541953563690186,2.3906896114349365,1.8262985944747925,1.8353607654571533,2.1930932998657227,1.556276798248291,2.104031801223755,2.272495985031128,2.304955244064331,3.043144702911377,3.108820676803589,2.33205246925354,2.3535659313201904,3.2902462482452393,0.764276385307312,1.9465222358703613,2.0871376991271973,2.1069164276123047,2.548170328140259,2.5917177200317383,1.9778571128845215,1.990317940711975,2.4330496788024902,1.588568925857544,1.5438358783721924,1.612614393234253,1.3316354751586914,-0.5366629362106323,-0.7502440810203552
5,99,2.321798324584961,2.5101327896118164,2.5350465774536133,3.3399322032928467,3.328805446624756,2.5576791763305664,2.5588748455047607,3.497990608215332,1.048621416091919,2.107952356338501,2.2686076164245605,2.2720117568969727,2.7823777198791504,2.7395265102386475,2.1517856121063232,2.135498046875,2.595898151397705,1.6797680854797363,2.401552200317383,2.597898006439209,2.6045308113098145,3.468358039855957,3.4300456047058105,2.6731014251708984,2.6598141193389893,3.6731088161468506,0.781570553779602,2.2874131202697754,2.458885908126831,2.465738296508789,3.0338010787963867,2.996407985687256,2.3666274547576904,2.353175401687622,2.8861541748046875,1.7449568510055542,1.5921510457992554,1.5895315408706665,1.3586612939834595,-0.6328654885292053,-0.8388893008232117
5,99,1.8580513000488281,2.0370054244995117,2.047734260559082,2.8636186122894287,2.8016726970672607,2.102306842803955,2.085437774658203,3.0693588256835938,0.8731910586357117,2.2256736755371094,2.3216328620910645,2.325383186340332,2.487938404083252,2.4434967041015625,2.1084213256835938,2.0936279296875,2.053901433944702,1.9750818014144897,1.879310131072998,2.065778970718384,2.0529861450195312,2.9424102306365967,2.845332384109497,2.1696691513061523,2.135211944580078,3.210195541381836,0.5554612874984741,2.4008007049560547,2.5137901306152344,2.521713972091675,2.765733480453491,2.7263541221618652,2.323831558227539,2.3111660480499268,2.3762078285217285,2.1640584468841553,2.2211649417877197,1.6454179286956787,1.4270068407058716,-0.4180501699447632,-0.7428680658340454
5,99,2.2079250812530518,2.4273293018341064,2.3817996978759766,3.353114604949951,3.118391990661621,2.5160458087921143,2.4384989738464355,3.4720683097839355,0.6519249677658081,2.2558724880218506,2.4461231231689453,2.4086263179779053,2.981023073196411,2.770292282104492,2.3223090171813965,2.249567747116089,2.6616082191467285,1.737733244895935,2.2973132133483887,2.511087417602539,2.449613332748413,3.4628214836120605,3.2048943042755127,2.6316120624542236,2.5451760292053223,3.635206699371338,0.3513965606689453,2.439345359802246,2.641125202178955,2.6039376258850098,3.2390940189361572,3.0270626544952393,2.541738986968994,2.4685070514678955,2.957476854324341,1.8116081953048706,1.7982025146484375,1.440794587135315,1.479601263999939,-0.592364490032196,-0.7829565405845642
5,99,2.0629000663757324,2.2781829833984375,2.2403500080108643,3.180220127105713,2.986370801925659,2.3652167320251465,2.296753406524658,3.3192026615142822,0.6021480560302734,2.2079484462738037,2.3903005123138428,2.3565123081207275,2.8766651153564453,2.690809488296509,2.2603368759155273,2.184951066970825,2.5562472343444824,1.7090314626693726,2.1397364139556885,2.34865665435791,2.294783592224121,3.276808977127075,3.061353921890259,2.467625617980957,2.3916711807250977,3.470588445663452,0.3088110089302063,2.366499185562134,2.561316728591919,2.526747941970825,3.113954782485962,2.9257469177246094,2.456056833267212,2.380162000656128,2.8337228298187256,1.7616955041885376,1.813856601715088,1.4465314149856567,1.416585922241211,-0.5280218124389648,-0.7781288027763367
5,99,2.0970914363861084,2.3300211429595947,2.266205072402954,3.3006937503814697,2.979349374771118,2.416032552719116,2.3099677562713623,3.3872461318969727,0.7040812969207764,2.3609468936920166,2.5487425327301025,2.50223445892334,3.085935115814209,2.8160274028778076,2.413022994995117,2.3198330402374268,2.702086925506592,1.860753059387207,2.1689579486846924,2.397280216217041,2.312879800796509,3.397458791732788,3.044692039489746,2.5181360244750977,2.401380777359009,3.5386321544647217,0.3916620910167694,2.5323374271392822,2.7338650226593018,2.6871049404144287,3.3388631343841553,3.0654921531677246,2.6224520206451416,2.5276081562042236,2.9946868419647217,1.9468836784362793,1.8209655284881592,1.4940736293792725,1.5434352159500122,-0.5544136762619019,-0.7482722401618958
5,99,2.1611363887786865,2.366210460662842,2.3575615882873535,3.2726218700408936,3.1392409801483154,2.441652536392212,2.3972725868225098,3.42909836769104,0.8485796451568604,2.1170246601104736,2.294377088546753,2.276071071624756,2.8852667808532715,2.744920492172241,2.1970622539520264,2.14620041847229,2.6760761737823486,1.6357003450393677,2.21390438079834,2.421520233154297,2.390915870666504,3.370389938354492,3.2041077613830566,2.5354182720184326,2.4766149520874023,3.5946216583251953,0.48434534668922424,2.241671085357666,2.429591655731201,2.41335391998291,3.08416485786438,2.9454996585845947,2.3591246604919434,2.3091495037078857,2.921980857849121,1.6463284492492676,1.4793463945388794,1.5362136363983154,1.4174325466156006,-0.6126875281333923,-0.8026615381240845
5,99,2.270676851272583,2.4629013538360596,2.4875330924987793,3.2675998210906982,3.258580446243286,2.483785629272461,2.4842803478240967,3.38090443611145,1.1354045867919922,2.0577635765075684,2.2151365280151367,2.215115785598755,2.690849542617798,2.6476564407348633,2.076678514480591,2.0605573654174805,2.4477109909057617,1.696540355682373,2.2707440853118896,2.4723267555236816,2.478182077407837,3.327676773071289,3.2898058891296387,2.5259103775024414,2.5117015838623047,3.5022294521331787,0.8140242099761963,2.181535005569458,2.3519747257232666,2.353954315185547,2.8942601680755615,2.8537137508392334,2.2378270626068115,2.2227156162261963,2.697385787963867,1.722987413406372,1.5653455257415771,1.621865153312683,1.4369348287582397,-0.6290117502212524,-0.7526453137397766
5,99,2.2918107509613037,2.4547204971313477,2.5137877464294434,3.2059848308563232,3.349937915802002,2.5023088455200195,2.5454580783843994,3.4621760845184326,1.0718107223510742,1.7890496253967285,1.9373921155929565,1.9386755228042603,2.3786675930023193,2.4229533672332764,1.8178163766860962,1.8066779375076294,2.3059709072113037,1.4270037412643433,2.3849685192108154,2.554581880569458,2.5996506214141846,3.3482863903045654,3.47184157371521,2.62980580329895,2.663109540939331,3.6517417430877686,0.8262171149253845,1.9526039361953735,2.115980863571167,2.1196534633636475,2.6375732421875,2.687481641769409,2.0297107696533203,2.0223581790924072,2.6179263591766357,1.4392116069793701,1.7064757347106934,1.5864688158035278,1.2285003662109375,-0.604330837726593,-0.7972074747085571
5,99,2.448359489440918,2.599961280822754,2.65836501121521,3.303347587585449,3.4815640449523926,2.6412599086761475,2.6908881664276123,3.594294786453247,1.2616522312164307,1.9104280471801758,2.0568525791168213,2.0371639728546143,2.445585012435913,2.483631134033203,1.9274322986602783,1.9056469202041626,2.3808624744415283,1.5990879535675049,2.5562098026275635,2.7124316692352295,2.760793685913086,3.4683737754821777,3.6322059631347656,2.788541555404663,2.832019329071045,3.821537494659424,0.9917173981666565,2.121136426925659,2.282498598098755,2.266428232192993,2.7651209831237793,2.812709331512451,2.1937036514282227,2.1779165267944336,2.7674407958984375,1.6237270832061768,1.8052518367767334,1.6862062215805054,1.3340595960617065,-0.6416708827018738,-0.7994273900985718
5,99,2.2536747455596924,2.442417621612549,2.4872255325317383,3.1768651008605957,3.265803813934326,2.4073753356933594,2.4390780925750732,3.3006975650787354,1.483205795288086,1.9583332538604736,2.1569812297821045,2.146833658218384,2.7719976902008057,2.7770354747772217,2.046994924545288,2.0340652465820312,2.739198684692383,1.5783239603042603,2.2769277095794678,2.4766719341278076,2.5107831954956055,3.2943274974823,3.3667426109313965,2.4902267456054688,2.5126936435699463,3.5096280574798584,1.1798441410064697,1.891714334487915,2.099238872528076,2.1024959087371826,2.8189375400543213,2.8454904556274414,2.0416786670684814,2.0396673679351807,2.9087581634521484,1.3307673931121826,0.9038463830947876,1.8784435987472534,1.590200424194336,-0.6158100962638855,-0.5867295861244202
5,99,1.644858479499817,1.7283520698547363,1.7705086469650269,1.996459722518921,1.9969631433486938,1.5232973098754883,1.5523204803466797,1.79075288772583,1.5786957740783691,1.7444015741348267,1.9641321897506714,1.9244871139526367,2.7323296070098877,2.5810437202453613,1.9287877082824707,1.8773648738861084,2.805591583251953,1.2128459215164185,1.4951144456863403,1.6115593910217285,1.6409554481506348,2.020026922225952,1.9853720664978027,1.436753749847412,1.4505980014801025,1.9080617427825928,1.4344476461410522,1.6816457509994507,1.8995918035507202,1.8779711723327637,2.7221343517303467,2.5943851470947266,1.8973207473754883,1.8591110706329346,2.8747386932373047,1.0204319953918457,1.4344781637191772,1.7589261531829834,1.5672671794891357,-0.2391093224287033,-0.5230348110198975
5,99,2.845883846282959,2.8842294216156006,2.9063355922698975,2.707412004470825,2.751962900161743,2.584542989730835,2.6180427074432373,2.0079004764556885,2.583221197128296,2.2299275398254395,2.4729199409484863,2.429476499557495,3.3103902339935303,3.2035598754882812,2.4705233573913574,2.4348134994506836,3.371371030807495,1.1862680912017822,3.008075714111328,3.0774857997894287,3.0926387310028076,3.0149548053741455,3.0413384437561035,2.7899720668792725,2.8163278102874756,2.353090524673462,2.8470702171325684,2.294532060623169,2.52734637260437,2.5003550052642822,3.4060208797454834,3.3199119567871094,2.561873435974121,2.5367932319641113,3.5402865409851074,0.9678972363471985,3.2222254276275635,1.7153860330581665,1.5404465198516846,-0.7558566331863403,-0.6655884981155396
5,99,3.102020740509033,3.1621294021606445,3.1805191040039062,3.0298025608062744,3.0960216522216797,2.8472137451171875,2.881612539291382,2.3471691608428955,2.845696210861206,2.0359981060028076,2.269104242324829,2.2580597400665283,3.051112651824951,3.081954002380371,2.225781202316284,2.2365312576293945,3.2582132816314697,1.2699671983718872,3.2683053016662598,3.35561203956604,3.3733506202697754,3.337374210357666,3.404184341430664,3.0572969913482666,3.0919101238250732,2.7242157459259033,3.0777881145477295,2.034726858139038,2.256542921066284,2.2626051902770996,3.0988569259643555,3.153461456298828,2.2667107582092285,2.2873897552490234,3.408867835998535,0.9880130290985107,2.9298253059387207,1.9390802383422852,1.9302635192871094,-0.7449988126754761,-0.4674869477748871
5,99,3.206886053085327,3.3193256855010986,3.3279709815979004,3.2881715297698975,3.4221577644348145,2.992262601852417,3.039975166320801,2.6498563289642334,2.9864821434020996,2.0476768016815186,2.271930456161499,2.304556369781494,2.968796730041504,3.2333693504333496,2.2023611068725586,2.2887990474700928,3.2290549278259277,1.2759627103805542,3.3986401557922363,3.5309643745422363,3.544753074645996,3.5900254249572754,3.7443864345550537,3.222191095352173,3.278059959411621,3.0227251052856445,3.188478469848633,2.0517239570617676,2.2581212520599365,2.3122360706329346,3.0132575035095215,3.312960386276245,2.25113844871521,2.3484859466552734,3.3911781311035156,0.9723011255264282,2.6882126331329346,2.0596024990081787,2.093783378601074,-0.8724926114082336,-0.4167056083679199
5,99,2.9947545528411865,3.100740432739258,3.1072335243225098,3.0013020038604736,3.1650607585906982,2.786759376525879,2.8271291255950928,2.4256703853607178,2.748699903488159,1.6258562803268433,1.820257544517517,1.8663544654846191,2.3738067150115967,2.717634916305542,1.731080412864685,1.8364675045013428,2.6746208667755127,1.1161359548568726,3.1594700813293457,3.2803988456726074,3.2952866554260254,3.2595643997192383,3.4529905319213867,2.9834835529327393,3.035632371902466,2.7569196224212646,2.927781105041504,1.5977784395217896,1.7677028179168701,1.842684268951416,2.3833086490631104,2.772651433944702,1.7496353387832642,1.8709602355957031,2.8157713413238525,0.8205518126487732,2.405808448791504,1.8770149946212769,1.9417698383331299,-0.8861474990844727,-0.33658477663993835
5,99,3.0148394107818604,3.0977399349212646,3.1087446212768555,2.9822614192962646,3.0861220359802246,2.7887494564056396,2.8253533840179443,2.3202974796295166,2.736879825592041,1.7432721853256226,1.9381685256958008,1.9740444421768188,2.5930261611938477,2.8295485973358154,1.9001100063323975,1.978149175643921,2.9033820629119873,1.0337728261947632,3.1773464679718018,3.2795302867889404,3.293139934539795,3.245154857635498,3.363447666168213,2.9832682609558105,3.0258851051330566,2.6425235271453857,2.9515109062194824,1.7199444770812988,1.8954273462295532,1.9516130685806274,2.6060776710510254,2.8748366832733154,1.9215645790100098,2.009766101837158,3.0385985374450684,0.7198013663291931,2.726418972015381,1.8865574598312378,1.993746280670166,-0.8279118537902832,-0.3007346987724304
5,99,2.784169912338257,2.8480687141418457,2.868985176086426,2.732884645462036,2.8422772884368896,2.565481424331665,2.6011910438537598,2.1236751079559326,2.5244715213775635,1.6869148015975952,1.8635749816894531,1.9026774168014526,2.507493495941162,2.715639352798462,1.8462451696395874,1.9139671325683594,2.79697847366333,0.9603551626205444,2.899405002593994,2.979548692703247,3.00362229347229,2.938303232192993,3.060991048812866,2.7095279693603516,2.7505767345428467,2.3847155570983887,2.6803388595581055,1.6194981336593628,1.7774136066436768,1.8343485593795776,2.4792838096618652,2.71628737449646,1.827210783958435,1.9039894342422485,2.899644374847412,0.5970607399940491,2.5785298347473145,2.001708745956421,1.8925549983978271,-0.7115174531936646,-0.2958889305591583
5,99,3.3996224403381348,3.491485118865967,3.507033586502075,3.3523573875427246,3.472870349884033,3.1590280532836914,3.201143741607666,2.6102287769317627,3.0949342250823975,1.9294801950454712,2.1301121711730957,2.177395820617676,2.799177646636963,3.0659143924713135,2.0836851596832275,2.1727538108825684,3.0522923469543457,1.0787081718444824,3.6098475456237793,3.719900608062744,3.7393038272857666,3.659114360809326,3.7969768047332764,3.3998231887817383,3.448909282684326,2.972108840942383,3.3435885906219482,1.903062343597412,2.0830767154693604,2.148317813873291,2.8052351474761963,3.1014351844787598,2.1020801067352295,2.1994411945343018,3.1832852363586426,0.7384812831878662,3.071603298187256,2.2932090759277344,2.1116299629211426,-0.7842608094215393,-0.2820393145084381
5,99,2.898507595062256,2.938270092010498,2.968876361846924,2.757179021835327,2.837798595428467,2.654956579208374,2.701256275177002,2.1046502590179443,2.56087327003479,1.6839019060134888,1.8739683628082275,1.885339379310608,2.5690646171569824,2.6225547790527344,1.86362886428833,1.8911961317062378,2.77264404296875,0.9161233901977539,3.057163715362549,3.1173508167266846,3.1463840007781982,3.0147769451141357,3.092942953109741,2.842275381088257,2.8884456157684326,2.3982529640197754,2.7952523231506348,1.622070074081421,1.7960844039916992,1.8204385042190552,2.5429046154022217,2.6156773567199707,1.8452744483947754,1.877660870552063,2.859779119491577,0.576905369758606,2.876614809036255,1.890100121498108,1.8230725526809692,-0.7087485790252686,-0.2631171941757202
5,99,3.075286626815796,3.1779818534851074,3.1865625381469727,3.0975263118743896,3.237546443939209,2.854050874710083,2.896487236022949,2.468135118484497,2.8159844875335693,1.728403091430664,1.9443920850753784,1.9761089086532593,2.59694766998291,2.8752870559692383,1.868438720703125,1.9548821449279785,2.9074957370758057,1.1117428541183472,3.2193942070007324,3.339858293533325,3.3541417121887207,3.3430633544921875,3.505474090576172,3.031933069229126,3.0831804275512695,2.7857918739318848,2.9784960746765137,1.6875450611114502,1.8858301639556885,1.9411981105804443,2.6090502738952637,2.9213764667510986,1.8791638612747192,1.97859787940979,3.051339626312256,0.7918299436569214,2.5741403102874756,1.9971823692321777,2.084796667098999,-0.828653872013092,-0.30132797360420227
5,99,3.303797960281372,3.4279677867889404,3.417158842086792,3.3518075942993164,3.433375835418701,3.0629749298095703,3.086897134780884,2.578381061553955,3.110908031463623,2.202362537384033,2.448651075363159,2.4580252170562744,3.144883632659912,3.380868434906006,2.3497540950775146,2.416935443878174,3.324514150619507,1.5084730386734009,3.4624719619750977,3.60784649848938,3.6044139862060547,3.6347508430480957,3.7457594871520996,3.263568639755249,3.298400402069092,2.95143723487854,3.2958626747131348,2.1818785667419434,2.413689613342285,2.4484987258911133,3.1898350715637207,3.4671928882598877,2.383615732192993,2.467959403991699,3.5144670009613037,1.1625711917877197,2.7616019248962402,2.242088556289673,2.2944819927215576,-0.7884418368339539,-0.40640509128570557
5,99,3.220715045928955,3.3215808868408203,3.3297207355499268,3.221092939376831,3.2610957622528076,2.970672369003296,2.995032787322998,2.459007501602173,2.986752986907959,2.3263020515441895,2.596418619155884,2.5627942085266113,3.4335880279541016,3.426862955093384,2.552018880844116,2.545752763748169,3.565303087234497,1.3598004579544067,3.4127328395843506,3.5422475337982178,3.5495669841766357,3.560849666595459,3.6019914150238037,3.2106285095214844,3.235149383544922,2.869765043258667,3.231835126876831,2.35209321975708,2.6065824031829834,2.5928592681884766,3.5102784633636475,3.5296454429626465,2.6223483085632324,2.6285667419433594,3.761376142501831,1.0197631120681763,3.1763393878936768,1.9985020160675049,2.1610357761383057,-0.7506322264671326,-0.41160115599632263
5,99,2.86836314201355,2.9394724369049072,2.948486804962158,2.8100855350494385,2.8605268001556396,2.6234846115112305,2.6476566791534424,2.1082046031951904,2.621669054031372,1.9337120056152344,2.169895887374878,2.1448557376861572,2.8923213481903076,2.9253013134002686,2.113797903060913,2.1191954612731934,3.0675084590911865,1.1975951194763184,3.0280847549438477,3.1255545616149902,3.1310811042785645,3.0928289890289307,3.141035556793213,2.8206756114959717,2.8437864780426025,2.444591522216797,2.8577098846435547,1.9057062864303589,2.130774974822998,2.125429391860962,2.9143505096435547,2.973823070526123,2.127760648727417,2.1456289291381836,3.199199914932251,0.9012798070907593,2.7977023124694824,1.7852590084075928,1.9208154678344727,-0.7324308753013611,-0.4047655761241913
5,99,3.0939524173736572,3.2070624828338623,3.2282116413116455,3.171844720840454,3.291954517364502,2.8560361862182617,2.8868818283081055,2.4461615085601807,2.917532444000244,2.222533941268921,2.469669818878174,2.4726502895355225,3.2090954780578613,3.360909938812256,2.387350559234619,2.423166036605835,3.3265304565429688,1.473541021347046,3.251429319381714,3.386691093444824,3.411649465560913,3.456550121307373,3.5910186767578125,3.0582075119018555,3.0947964191436768,2.8089423179626465,3.087881088256836,2.1959986686706543,2.427525758743286,2.455918312072754,3.2398014068603516,3.4271836280822754,2.409661293029785,2.4635398387908936,3.49236798286438,1.1423323154449463,2.6257872581481934,2.1312427520751953,2.285611391067505,-0.8339722752571106,-0.4158041477203369
5,99,3.0169758796691895,3.109215259552002,3.1276838779449463,2.983745574951172,3.0312132835388184,2.766655445098877,2.800962448120117,2.2132151126861572,2.7342708110809326,2.008389949798584,2.2381932735443115,2.225615978240967,2.989161252975464,3.0015580654144287,2.211223840713501,2.2198455333709717,3.117511749267578,1.06367027759552,3.193284511566162,3.3082661628723145,3.326683521270752,3.2794673442840576,3.328610420227051,2.98095440864563,3.0159096717834473,2.565349578857422,2.9626011848449707,2.0179553031921387,2.231295585632324,2.2341933250427246,3.0270895957946777,3.060513496398926,2.2557849884033203,2.272324323654175,3.2534759044647217,0.790003776550293,3.057662010192871,1.8880254030227661,1.9589500427246094,-0.80580735206604,-0.3467544913291931
5,99,2.832132577896118,2.9040393829345703,2.917527914047241,2.787597179412842,2.82629656791687,2.6083457469940186,2.6478264331817627,2.1027379035949707,2.537660598754883,1.7954540252685547,2.0012640953063965,1.9833992719650269,2.6846725940704346,2.6773335933685303,1.9847934246063232,1.9923863410949707,2.7963004112243652,0.9044296741485596,3.021531105041504,3.113909959793091,3.1247854232788086,3.075453519821167,3.1105902194976807,2.829047203063965,2.8672430515289307,2.42680287361145,2.7753469944000244,1.7993007898330688,1.9896868467330933,1.9864096641540527,2.7103075981140137,2.7227566242218018,2.018394947052002,2.033066511154175,2.9094903469085693,0.6504537463188171,2.85221529006958,1.6763170957565308,1.8228925466537476,-0.8042875528335571,-0.26143231987953186
5,99,2.5048704147338867,2.5528106689453125,2.569337844848633,2.4256114959716797,2.4633047580718994,2.293750524520874,2.3313562870025635,1.8397904634475708,2.1949970722198486,1.4648982286453247,1.6503978967666626,1.6375226974487305,2.347761869430542,2.32059645652771,1.6740641593933105,1.6750211715698242,2.5346102714538574,0.6954151391983032,2.6461098194122314,2.716093063354492,2.7284955978393555,2.673288106918335,2.7019424438476562,2.468261241912842,2.5027759075164795,2.1241567134857178,2.4086802005767822,1.4709516763687134,1.6405103206634521,1.640165090560913,2.383187770843506,2.3718061447143555,1.7181748151779175,1.7237951755523682,2.6658880710601807,0.3956563472747803,2.5996365547180176,1.4282152652740479,1.5406748056411743,-0.7547996044158936,-0.2728373408317566
5,99,2.5315029621124268,2.582461357116699,2.601555109024048,2.458620548248291,2.497821807861328,2.3271164894104004,2.3634800910949707,1.855697751045227,2.23565936088562,1.6103302240371704,1.791743278503418,1.7807313203811646,2.46038818359375,2.4361557960510254,1.8106663227081299,1.8115547895431519,2.601746082305908,0.7206169962882996,2.689879894256592,2.761484146118164,2.7769834995269775,2.715312957763672,2.7468109130859375,2.5161571502685547,2.5498194694519043,2.1442785263061523,2.4577810764312744,1.6226974725723267,1.7907906770706177,1.7899038791656494,2.4937498569488525,2.4828388690948486,1.851330041885376,1.856462001800537,2.7138023376464844,0.46741577982902527,2.699983835220337,1.4396144151687622,1.5602575540542603,-0.7989469170570374,-0.28783881664276123
5,99,2.532109260559082,2.5877764225006104,2.603731632232666,2.453246593475342,2.481428623199463,2.3268706798553467,2.359412670135498,1.8300737142562866,2.2350752353668213,1.5757060050964355,1.7608122825622559,1.7456425428390503,2.3959546089172363,2.36301589012146,1.7548513412475586,1.7539008855819702,2.480257272720337,0.8001574277877808,2.659583568572998,2.7337965965270996,2.7482376098632812,2.673952579498291,2.6986913681030273,2.482515335083008,2.514089584350586,2.0859122276306152,2.4185125827789307,1.533652901649475,1.7032326459884644,1.7006909847259521,2.38283634185791,2.3670527935028076,1.7484434843063354,1.753143310546875,2.567605495452881,0.4864994287490845,2.6220719814300537,1.4702465534210205,1.6155182123184204,-0.8035236597061157,-0.21625062823295593
5,99,2.93485426902771,3.0346601009368896,3.0356335639953613,2.9140100479125977,2.94026517868042,2.708289623260498,2.732975482940674,2.158568859100342,2.6357996463775635,1.7593563795089722,1.9773125648498535,1.9778105020523071,2.6544485092163086,2.740783929824829,1.9385062456130981,1.9714456796646118,2.7731542587280273,0.9391997456550598,3.083275318145752,3.201728105545044,3.205472707748413,3.160810708999634,3.19903564453125,2.8872623443603516,2.916410446166992,2.456848621368408,2.826408863067627,1.726357102394104,1.9243282079696655,1.9447574615478516,2.64534592628479,2.7599093914031982,1.9394662380218506,1.9837230443954468,2.871610164642334,0.6434043049812317,2.88277268409729,2.025665521621704,1.9324431419372559,-0.7097995281219482,-0.18955814838409424
5,99,2.48432993888855,2.5314419269561768,2.5390398502349854,2.3414220809936523,2.3501060009002686,2.257274627685547,2.2701807022094727,1.6805957555770874,2.1272757053375244,1.7517338991165161,1.9548252820968628,1.919230341911316,2.634408712387085,2.5616447925567627,1.954515814781189,1.9328938722610474,2.7774899005889893,0.8653548359870911,2.6140694618225098,2.686723232269287,2.6882097721099854,2.587563991546631,2.5832128524780273,2.419771432876587,2.4279088973999023,1.9636679887771606,2.362229824066162,1.774779200553894,1.9658323526382446,1.942713975906372,2.6869261264801025,2.6305558681488037,2.0092673301696777,1.995511531829834,2.91664457321167,0.5934908390045166,2.863722801208496,1.4416452646255493,1.6422911882400513,-0.6413074135780334,-0.3410182595252991
5,99,2.3552069664001465,2.4108939170837402,2.418682336807251,2.2797374725341797,2.2849371433258057,2.1542928218841553,2.173032760620117,1.67172372341156,2.0996367931365967,1.7771891355514526,1.9840056896209717,1.9351297616958618,2.667653799057007,2.544107675552368,1.9790600538253784,1.9406143426895142,2.7720115184783936,0.959036648273468,2.4633688926696777,2.5445265769958496,2.547182321548462,2.513435125350952,2.504085063934326,2.3003764152526855,2.313755512237549,1.9563506841659546,2.2837958335876465,1.7938920259475708,1.9909027814865112,1.954685091972351,2.721313953399658,2.6128289699554443,2.027419090270996,1.996456503868103,2.9109859466552734,0.6901049613952637,2.6083104610443115,1.449278473854065,1.6266932487487793,-0.612872838973999,-0.3707270324230194
5,99,2.4416141510009766,2.514622926712036,2.5229294300079346,2.4188921451568604,2.4194552898406982,2.2351999282836914,2.250662326812744,1.788297176361084,2.226315498352051,1.903717041015625,2.124445676803589,2.0855627059936523,2.8532919883728027,2.7693769931793213,2.113011598587036,2.085204839706421,2.9704596996307373,1.1080890893936157,2.5130226612091064,2.610396146774292,2.616053819656372,2.6185312271118164,2.6119203567504883,2.346869468688965,2.3594422340393066,2.0514988899230957,2.362226963043213,1.9025838375091553,2.1121742725372314,2.0886638164520264,2.89302659034729,2.8296265602111816,2.1460447311401367,2.128014326095581,3.1049585342407227,0.8285341858863831,2.5815632343292236,1.6333084106445312,1.785164475440979,-0.6295929551124573,-0.3965085446834564
5,99,2.2784388065338135,2.321470260620117,2.3354969024658203,2.177464485168457,2.1940348148345947,2.073529005050659,2.0907862186431885,1.5912413597106934,2.0206634998321533,1.74320650100708,1.9382505416870117,1.894053339958191,2.5777335166931152,2.4641897678375244,1.925145149230957,1.8890241384506226,2.662675142288208,0.9791170954704285,2.399034261703491,2.466993570327759,2.475046157836914,2.417205572128296,2.4178905487060547,2.2296581268310547,2.241013526916504,1.8739066123962402,2.2226462364196777,1.7322999238967896,1.9186499118804932,1.8870980739593506,2.6068174839019775,2.5086028575897217,1.9481072425842285,1.9200928211212158,2.7818963527679443,0.6957952380180359,2.5135297775268555,1.4012935161590576,1.6137534379959106,-0.6220782995223999,-0.3548250198364258
5,99,2.5378682613372803,2.5930399894714355,2.606226682662964,2.4318735599517822,2.4505820274353027,2.3194422721862793,2.3347861766815186,1.7566807270050049,2.2430827617645264,1.7503091096878052,1.954817533493042,1.9244352579116821,2.6176810264587402,2.5401625633239746,1.9374879598617554,1.9144290685653687,2.700491189956665,0.9187408685684204,2.693105459213257,2.772376537322998,2.780468463897705,2.6970818042755127,2.7035038471221924,2.506618022918701,2.517320394515991,2.055219888687134,2.484354257583618,1.7477221488952637,1.9416648149490356,1.9228492975234985,2.643674373626709,2.58066725730896,1.9639240503311157,1.948306679725647,2.808215618133545,0.6749024391174316,2.7636940479278564,1.5244860649108887,1.669408917427063,-0.7030885219573975,-0.3181593120098114
5,99,2.4846456050872803,2.5365734100341797,2.5486652851104736,2.376075029373169,2.3957419395446777,2.2642180919647217,2.289943218231201,1.7240811586380005,2.175170421600342,1.5873080492019653,1.7806158065795898,1.7547060251235962,2.406345844268799,2.3467798233032227,1.7574557065963745,1.7457432746887207,2.4915854930877686,0.8411333560943604,2.6311750411987305,2.705796480178833,2.7135772705078125,2.627506732940674,2.6373789310455322,2.4408116340637207,2.4632046222686768,2.009397268295288,2.402824878692627,1.5709507465362549,1.752685308456421,1.7386173009872437,2.4204671382904053,2.3762288093566895,1.7745089530944824,1.769033670425415,2.5938968658447266,0.5804978013038635,2.6276161670684814,1.4679936170578003,1.6131551265716553,-0.6793714165687561,-0.2379491925239563
5,99,2.652064800262451,2.7157444953918457,2.7327332496643066,2.5699222087860107,2.604745388031006,2.4258744716644287,2.4591474533081055,1.8961061239242554,2.344265937805176,1.6969239711761475,1.8909260034561157,1.887961983680725,2.5664451122283936,2.5770068168640137,1.8889096975326538,1.9016823768615723,2.683692455291748,0.7756606936454773,2.8137972354888916,2.898776054382324,2.914013385772705,2.8341100215911865,2.866863965988159,2.6184937953948975,2.651233196258545,2.196376085281372,2.569676637649536,1.6885926723480225,1.8680856227874756,1.8766767978668213,2.5793333053588867,2.6054680347442627,1.9105541706085205,1.9286938905715942,2.7808144092559814,0.5160395503044128,2.8271572589874268,1.734607458114624,1.67925226688385,-0.7150350213050842,-0.24770395457744598
5,99,2.8200933933258057,2.910412073135376,2.9279816150665283,2.8220481872558594,2.871936321258545,2.600327730178833,2.6346497535705566,2.1401095390319824,2.56147837638855,1.8881863355636597,2.0896925926208496,2.102548837661743,2.8175721168518066,2.896062135696411,2.1001505851745605,2.1324453353881836,2.987001657485962,0.8084897398948669,2.9959099292755127,3.105929136276245,3.1238255500793457,3.0984578132629395,3.1528897285461426,2.809330701828003,2.845383882522583,2.4606430530548096,2.775383710861206,1.8901206254959106,2.0748519897460938,2.0992894172668457,2.8394956588745117,2.9342398643493652,2.1335387229919434,2.171273708343506,3.0986063480377197,0.5244536995887756,2.947580337524414,1.9247841835021973,1.7999637126922607,-0.7506126165390015,-0.3061002492904663
5,99,2.3243138790130615,2.3609070777893066,2.3818461894989014,2.1876535415649414,2.213937759399414,2.1200037002563477,2.148951530456543,1.59464430809021,1.9958982467651367,1.5778707265853882,1.752946376800537,1.7242413759231567,2.3764572143554688,2.2785210609436035,1.7719954252243042,1.7483904361724854,2.4509775638580322,0.6416913270950317,2.4759907722473145,2.5343830585479736,2.5493929386138916,2.4369900226593018,2.4475176334381104,2.2994461059570312,2.3230180740356445,1.8628638982772827,2.2350656986236572,1.5986831188201904,1.7638561725616455,1.7421578168869019,2.413907289505005,2.3250043392181396,1.814774513244629,1.7947843074798584,2.5503313541412354,0.4308852255344391,2.7393739223480225,1.266524314880371,1.4307700395584106,-0.7326008081436157,-0.2603544294834137
5,99,2.2691683769226074,2.302089214324951,2.3264236450195312,2.1334125995635986,2.1695046424865723,2.0633342266082764,2.0909180641174316,1.5588939189910889,1.982187271118164,1.6097822189331055,1.7924033403396606,1.7555243968963623,2.4324615001678467,2.3089137077331543,1.8058308362960815,1.7712422609329224,2.4949657917022705,0.7632216811180115,2.401202440261841,2.4570794105529785,2.4755055904388428,2.373004198074341,2.3910446166992188,2.2265877723693848,2.2480580806732178,1.824320912361145,2.201920747756958,1.6208425760269165,1.7942999601364136,1.7655526399612427,2.47163462638855,2.3575797080993652,1.8458300828933716,1.8159708976745605,2.609250068664551,0.5095449090003967,2.6322073936462402,1.3000026941299438,1.4839469194412231,-0.6689004898071289,-0.2867394983768463
5,99,2.1653330326080322,2.1928179264068604,2.223111629486084,1.9939837455749512,2.0476651191711426,1.9487555027008057,1.9791675806045532,1.4520699977874756,1.8720425367355347,1.630617618560791,1.8196935653686523,1.766689658164978,2.49267315864563,2.2967491149902344,1.8438889980316162,1.7835352420806885,2.5589284896850586,0.7835202217102051,2.2554266452789307,2.308690309524536,2.331141233444214,2.2091925144195557,2.2334983348846436,2.0744779109954834,2.0950164794921875,1.69699227809906,2.067612409591675,1.6965162754058838,1.878129482269287,1.8321373462677002,2.5851986408233643,2.3956730365753174,1.934499740600586,1.8785887956619263,2.7103805541992188,0.5912150144577026,2.6340491771698,1.2460522651672363,1.3879973888397217,-0.6002756953239441,-0.40679916739463806
5,99,2.313509702682495,2.299056053161621,2.356842041015625,1.959266185760498,2.096874475479126,2.0463943481445312,2.101088523864746,1.4121730327606201,1.8684593439102173,1.5678764581680298,1.7553266286849976,1.7056026458740234,2.470322608947754,2.2630832195281982,1.7964576482772827,1.7314568758010864,2.5917551517486572,0.752817690372467,2.3734357357025146,2.3845386505126953,2.4349024295806885,2.1469593048095703,2.2499303817749023,2.137206554412842,2.1818339824676514,1.619970440864563,2.0826714038848877,1.6369558572769165,1.8177125453948975,1.7741929292678833,2.570770263671875,2.3696444034576416,1.8937039375305176,1.8334109783172607,2.753293752670288,0.5603561401367188,2.919964551925659,1.2641035318374634,1.3638063669204712,-0.4701649844646454,-0.422737717628479
5,99,2.1359193325042725,2.134875535964966,2.1982953548431396,1.8851596117019653,2.0000345706939697,1.892351746559143,1.9481655359268188,1.4184350967407227,1.806929111480713,1.5124834775924683,1.7023861408233643,1.6447044610977173,2.470984935760498,2.2233176231384277,1.7660475969314575,1.6886850595474243,2.678921937942505,0.6413453817367554,2.189905881881714,2.2157537937164307,2.2703235149383545,2.077519416809082,2.1519031524658203,1.9834716320037842,2.0267162322998047,1.6460338830947876,1.9907294511795044,1.607900619506836,1.7912760972976685,1.7357279062271118,2.596783399581909,2.3501579761505127,1.8897101879119873,1.8145695924758911,2.8608837127685547,0.4457317888736725,2.7242679595947266,1.2650307416915894,1.290124773979187,-0.39745616912841797,-0.43883273005485535
5,99,2.380514144897461,2.4011709690093994,2.4721624851226807,2.1982150077819824,2.315164804458618,2.1189422607421875,2.167755603790283,1.698786735534668,2.1247527599334717,1.7384618520736694,1.9452998638153076,1.8872935771942139,2.857137441635132,2.61236572265625,2.0585055351257324,1.9788665771484375,3.126188278198242,0.5710157752037048,2.5063724517822266,2.555253028869629,2.6159541606903076,2.463611125946045,2.541841506958008,2.287471294403076,2.3224618434906006,1.9895480871200562,2.3672218322753906,1.8409582376480103,2.037856101989746,1.9803029298782349,2.985045909881592,2.7395176887512207,2.1907668113708496,2.1136624813079834,3.3156871795654297,0.33135443925857544,3.0942294597625732,1.385587215423584,1.3247603178024292,-0.6173682808876038,-0.5308272242546082
5,99,2.5034162998199463,2.454078435897827,2.5476083755493164,2.0648016929626465,2.252021551132202,2.2076966762542725,2.2947325706481934,1.5691611766815186,2.0102179050445557,1.457787036895752,1.6795231103897095,1.5995393991470337,2.6216864585876465,2.28442645072937,1.7865009307861328,1.6817172765731812,2.8715403079986572,0.38161835074424744,2.5779552459716797,2.559460401535034,2.644218921661377,2.2972066402435303,2.4344305992126465,2.3202779293060303,2.3935539722442627,1.8229224681854248,2.262890338897705,1.5239139795303345,1.737642765045166,1.6584562063217163,2.711477756500244,2.375626564025879,1.8784151077270508,1.7761435508728027,3.014965295791626,0.16956911981105804,3.3190760612487793,1.3197791576385498,1.034172534942627,-0.4165377914905548,-0.48943936824798584
5,99,2.6703670024871826,2.628387451171875,2.756373405456543,2.342658042907715,2.5607948303222656,2.3764495849609375,2.4787652492523193,1.912788987159729,2.3057901859283447,1.4206913709640503,1.6585637331008911,1.576008915901184,2.7304511070251465,2.37168288230896,1.7996546030044556,1.6845149993896484,3.0729379653930664,0.30989307165145874,2.814969062805176,2.8074533939361572,2.9259696006774902,2.6645359992980957,2.8309755325317383,2.5710105895996094,2.6570491790771484,2.2610392570495605,2.6070752143859863,1.4486154317855835,1.6778262853622437,1.6017820835113525,2.782562732696533,2.431603193283081,1.852483868598938,1.7445744276046753,3.1757352352142334,0.1500784158706665,3.37270188331604,1.437556505203247,0.7642383575439453,-0.6560717225074768,-0.5660113096237183
5,99,2.3710126876831055,2.329312562942505,2.4630072116851807,2.1306068897247314,2.3186569213867188,2.1097161769866943,2.2134130001068115,1.7722437381744385,2.10471248626709,1.5068174600601196,1.7327773571014404,1.638921856880188,2.7765965461730957,2.3456027507781982,1.8810280561447144,1.747614860534668,3.0687544345855713,0.2391403168439865,2.494396209716797,2.485874891281128,2.608631134033203,2.4263088703155518,2.556194543838501,2.284493923187256,2.3689801692962646,2.093493938446045,2.355647563934326,1.5493677854537964,1.7682908773422241,1.681913137435913,2.8338284492492676,2.4114584922790527,1.9389108419418335,1.8123337030410767,3.161383867263794,0.1397172063589096,3.171781539916992,1.3401740789413452,0.46687060594558716,-0.6519802212715149,-0.6873775124549866
5,99,2.304155111312866,2.253373622894287,2.3780007362365723,1.9375816583633423,2.1570024490356445,2.025686264038086,2.1333842277526855,1.5264687538146973,1.9303903579711914,0.9994473457336426,1.2131134271621704,1.110172986984253,2.1788618564605713,1.7249468564987183,1.347776174545288,1.2065008878707886,2.4032115936279297,0.16763176023960114,2.391836404800415,2.3705897331237793,2.4856204986572266,2.183884382247925,2.3428921699523926,2.15572190284729,2.24580454826355,1.7900313138961792,2.1680688858032227,0.9759088754653931,1.1830354928970337,1.089388132095337,2.1745498180389404,1.7312099933624268,1.3428789377212524,1.2094088792800903,2.435046434402466,0.08844480663537979,2.853058338165283,1.2581720352172852,0.3324337303638458,-0.5954565405845642,-0.5141193270683289
5,99,2.471881866455078,2.429527521133423,2.558116912841797,2.1390480995178223,2.3503267765045166,2.1898176670074463,2.2967724800109863,1.702985167503357,2.1130571365356445,1.211745262145996,1.4436508417129517,1.3525842428207397,2.4616141319274902,2.0642497539520264,1.5768272876739502,1.4510866403579712,2.7003328800201416,0.20499847829341888,2.5940237045288086,2.5835342407226562,2.70310115814209,2.4204092025756836,2.5798163414001465,2.3556411266326904,2.446784496307373,1.9984403848648071,2.3819808959960938,1.1945909261703491,1.4170078039169312,1.3340744972229004,2.4638168811798096,2.076958179473877,1.5810058116912842,1.463066816329956,2.7495474815368652,0.07722534239292145,3.125131130218506,1.3782387971878052,0.43067049980163574,-0.6702008843421936,-0.5864264369010925
5,99,2.358104705810547,2.324695110321045,2.450434684753418,2.1060526371002197,2.2960238456726074,2.1107656955718994,2.2036476135253906,1.6899950504302979,2.072537660598755,1.4128819704055786,1.6335861682891846,1.5488210916519165,2.6163511276245117,2.223318099975586,1.7656272649765015,1.6435437202453613,2.838606595993042,0.24083833396434784,2.497878313064575,2.4952950477600098,2.6114933490753174,2.3985178470611572,2.5380594730377197,2.2953879833221436,2.3714168071746826,1.9980804920196533,2.3377254009246826,1.4330902099609375,1.6442400217056274,1.563260793685913,2.6494147777557373,2.2610280513763428,1.8032793998718262,1.68670654296875,2.917691469192505,0.08449055999517441,3.1009814739227295,1.3058278560638428,0.569462776184082,-0.6973012089729309,-0.6386893391609192
5,99,2.4138736724853516,2.4086387157440186,2.5126750469207764,2.2611351013183594,2.4024922847747803,2.1652274131774902,2.2439334392547607,1.7987418174743652,2.212071418762207,1.7518837451934814,1.9820619821548462,1.9124937057495117,2.992572069168091,2.667510986328125,2.109541893005371,2.0085206031799316,3.2081995010375977,0.370128333568573,2.574279308319092,2.600661516189575,2.6944997310638428,2.571152687072754,2.6702370643615723,2.3726613521575928,2.4357361793518066,2.1262941360473633,2.474090337753296,1.8166605234146118,2.0368123054504395,1.9703798294067383,3.072134256362915,2.7497599124908447,2.194888114929199,2.0981476306915283,3.3405308723449707,0.16741213202476501,3.2241625785827637,1.509281873703003,0.9151045083999634,-0.7040393948554993,-0.6474445462226868
5,99,1.5951944589614868,1.6391432285308838,1.7164807319641113,1.7926195859909058,1.806518316268921,1.4684779644012451,1.5159701108932495,1.5227431058883667,1.554592490196228,1.5226843357086182,1.714826226234436,1.6445900201797485,2.579679250717163,2.259000301361084,1.834683895111084,1.7354034185409546,2.7097275257110596,0.33018335700035095,1.651310920715332,1.719079613685608,1.7834703922271729,1.955053448677063,1.932246208190918,1.566172480583191,1.5970181226730347,1.697733998298645,1.63175368309021,1.5787104368209839,1.7616323232650757,1.689429521560669,2.647885799407959,2.32314395904541,1.9106494188308716,1.811943531036377,2.8268837928771973,0.119301937520504,2.119570255279541,1.292405366897583,0.9344965219497681,-0.6029323935508728,-0.5874666571617126
5,99,1.5472170114517212,1.69182550907135,1.739520788192749,2.234255790710449,2.1537022590637207,1.6172125339508057,1.610276222229004,2.0837292671203613,1.3661625385284424,1.4818003177642822,1.6903116703033447,1.6507959365844727,2.5057852268218994,2.2639782428741455,1.746099829673767,1.6670066118240356,2.5261924266815186,0.6057806611061096,1.7620372772216797,1.9128023386001587,1.955970048904419,2.4669151306152344,2.383824348449707,1.845728874206543,1.8350533246994019,2.3060059547424316,1.511870265007019,1.4770680665969849,1.6809519529342651,1.6329864263534546,2.541619062423706,2.285337448120117,1.7793601751327515,1.6966334581375122,2.6354501247406006,0.3363978862762451,1.0635337829589844,1.557680606842041,1.240612506866455,-0.4862472414970398,-0.3933652341365814
5,99,1.5711783170700073,1.6016490459442139,1.6872462034225464,1.6233936548233032,1.7030140161514282,1.4119881391525269,1.4690024852752686,1.2999694347381592,1.513274908065796,1.2056782245635986,1.383245587348938,1.3520547151565552,2.0571553707122803,1.8133976459503174,1.4017263650894165,1.3286240100860596,2.068721055984497,0.7081335783004761,1.5366251468658447,1.5835829973220825,1.6625479459762573,1.6802974939346313,1.7277476787567139,1.4068275690078735,1.453380823135376,1.3854020833969116,1.5066580772399902,1.1338697671890259,1.3065693378448486,1.2747539281845093,2.034390687942505,1.7849911451339722,1.3701598644256592,1.2976285219192505,2.126020669937134,0.48099324107170105,1.578469157218933,1.40324866771698,1.3041236400604248,-0.33587878942489624,-0.1639392375946045
5,99,1.6790512800216675,1.682505488395691,1.772200584411621,1.5747767686843872,1.708909273147583,1.4813662767410278,1.551335334777832,1.2097911834716797,1.5425841808319092,1.3306533098220825,1.4989181756973267,1.4642680883407593,2.172961711883545,1.918763518333435,1.5359339714050293,1.460963249206543,2.181786298751831,0.728542149066925,1.6910068988800049,1.7133771181106567,1.7962857484817505,1.6890411376953125,1.787009835243225,1.5243477821350098,1.5828479528427124,1.344268560409546,1.6138770580291748,1.3247790336608887,1.4914854764938354,1.4521803855895996,2.2035622596740723,1.9383978843688965,1.5590336322784424,1.4809731245040894,2.2630772590637207,0.5625520348548889,1.9246714115142822,1.2772763967514038,1.2430931329727173,-0.38166049122810364,-0.28718656301498413
5,99,1.8456143140792847,1.8388947248458862,1.9233622550964355,1.641416072845459,1.7926980257034302,1.6068291664123535,1.6779258251190186,1.175148606300354,1.6203409433364868,1.2471446990966797,1.4196698665618896,1.3988782167434692,2.075103282928467,1.8722822666168213,1.4165540933609009,1.359774112701416,2.106922149658203,0.7896755933761597,1.8237278461456299,1.832211971282959,1.913123369216919,1.7065057754516602,1.8319119215011597,1.6066871881484985,1.6710052490234375,1.2671926021575928,1.6631948947906494,1.2073137760162354,1.3795719146728516,1.3564752340316772,2.077195882797241,1.8659509420394897,1.4091405868530273,1.3503538370132446,2.165048122406006,0.6262679696083069,1.9743043184280396,1.4215154647827148,1.4211877584457397,-0.27536243200302124,-0.1433098018169403
5,99,2.0831727981567383,2.0893983840942383,2.1564900875091553,1.8889575004577637,2.01535964012146,1.8452197313308716,1.9025566577911377,1.3749762773513794,1.856509804725647,1.390121340751648,1.5695966482162476,1.5450254678726196,2.2532718181610107,2.0731332302093506,1.574729561805725,1.5229705572128296,2.334714412689209,0.8518905639648438,2.0895044803619385,2.114307403564453,2.1772518157958984,1.9986690282821655,2.099797248840332,1.8794150352478027,1.9295562505722046,1.5207374095916748,1.9399845600128174,1.371289610862732,1.5502939224243164,1.5239399671554565,2.281634569168091,2.0944108963012695,1.5920428037643433,1.5388513803482056,2.4266176223754883,0.663075864315033,2.215115785598755,1.5201458930969238,1.480813980102539,-0.39505794644355774,-0.254996120929718
5,99,2.0478439331054688,2.0575921535491943,2.107692241668701,1.8479706048965454,1.949908971786499,1.823155164718628,1.8682712316513062,1.3183001279830933,1.802058458328247,1.4623150825500488,1.631892442703247,1.6001402139663696,2.248061418533325,2.08734130859375,1.627718210220337,1.579831838607788,2.3056700229644775,0.8899391889572144,2.0757827758789062,2.1034648418426514,2.1484174728393555,1.9695053100585938,2.0482144355773926,1.8758639097213745,1.913851022720337,1.4676234722137451,1.9107986688613892,1.4349104166030884,1.6029726266860962,1.571933627128601,2.2642550468444824,2.1004905700683594,1.6334526538848877,1.5858192443847656,2.387949228286743,0.6897469162940979,2.244762897491455,1.4402797222137451,1.480254054069519,-0.42542344331741333,-0.27174967527389526
5,99,1.819377064704895,1.8313231468200684,1.8736597299575806,1.6394790410995483,1.7122926712036133,1.6021807193756104,1.6373857259750366,1.1227203607559204,1.6081547737121582,1.586426019668579,1.7531241178512573,1.7166953086853027,2.34562087059021,2.1782350540161133,1.749003291130066,1.695886492729187,2.3688855171203613,0.9512072205543518,1.8237959146499634,1.8553757667541504,1.893101692199707,1.7506929636001587,1.7992031574249268,1.6350815296173096,1.6629036664962769,1.2738392353057861,1.6938260793685913,1.5694533586502075,1.7339996099472046,1.7001765966415405,2.3711719512939453,2.2036831378936768,1.7632817029953003,1.7123126983642578,2.4616098403930664,0.7402075529098511,2.168818950653076,1.3171741962432861,1.463568091392517,-0.405236154794693,-0.3300935626029968
5,99,1.3730380535125732,1.4646589756011963,1.4624181985855103,1.5845533609390259,1.5333856344223022,1.2054723501205444,1.1945557594299316,1.2582969665527344,1.3458987474441528,1.5438228845596313,1.7412102222442627,1.7038081884384155,2.390638828277588,2.264641761779785,1.6952314376831055,1.6465314626693726,2.4199578762054443,1.1410775184631348,1.3573380708694458,1.4689130783081055,1.4639875888824463,1.6799626350402832,1.6195710897445679,1.2329604625701904,1.2172465324401855,1.41311776638031,1.3510397672653198,1.4673511981964111,1.6643037796020508,1.6363056898117065,2.3829379081726074,2.266561269760132,1.6651802062988281,1.6234939098358154,2.5066945552825928,0.9048687219619751,1.3175685405731201,1.5552729368209839,1.691542387008667,-0.15374119579792023,-0.31192106008529663
5,99,1.5109459161758423,1.6797516345977783,1.6876107454299927,2.139350175857544,2.1407182216644287,1.5221877098083496,1.5184532403945923,2.137596368789673,1.3647265434265137,1.7089422941207886,1.9185763597488403,1.8740394115447998,2.5130341053009033,2.436785936355591,1.8197840452194214,1.7756543159484863,2.5547642707824707,1.3649656772613525,1.3816202878952026,1.5703988075256348,1.5649036169052124,2.1299076080322266,2.1092183589935303,1.453313946723938,1.4387428760528564,2.2210259437561035,1.1700741052627563,1.5465227365493774,1.7580546140670776,1.7288745641708374,2.441509485244751,2.3866207599639893,1.7109047174453735,1.6791359186172485,2.615572214126587,1.052774429321289,0.6520882844924927,1.7132095098495483,1.9054150581359863,-0.3324277997016907,-0.2938859760761261
5,99,1.7624201774597168,1.971422553062439,1.9784483909606934,2.6779916286468506,2.6866114139556885,1.91851806640625,1.9191302061080933,2.849992036819458,1.195497751235962,1.9438871145248413,2.1734774112701416,2.125086784362793,2.891216516494751,2.8220765590667725,2.1216301918029785,2.0815908908843994,2.9992470741271973,1.335981845855713,1.6815191507339478,1.900237798690796,1.8943424224853516,2.691226005554199,2.680941581726074,1.8978941440582275,1.8888236284255981,2.9521074295043945,0.9293422102928162,1.8381562232971191,2.0679829120635986,2.028066635131836,2.8699228763580322,2.8135390281677246,2.071221351623535,2.037862539291382,3.100785732269287,0.9888607263565063,0.6256795525550842,1.7430181503295898,2.048252820968628,-0.4883556067943573,-0.3396126925945282
5,99,1.86720871925354,2.0534918308258057,2.0626630783081055,2.7629382610321045,2.8257951736450195,2.0529139041900635,2.066246509552002,3.006120204925537,1.0328353643417358,2.1213507652282715,2.3263847827911377,2.2751402854919434,3.0165107250213623,2.9935262203216553,2.3062264919281006,2.2792437076568604,3.1503124237060547,1.3514294624328613,1.8273345232009888,2.0108301639556885,2.020700216293335,2.78954815864563,2.8578147888183594,2.066559314727783,2.0820465087890625,3.1434128284454346,0.7097640037536621,2.042646646499634,2.243828296661377,2.2040224075317383,3.001572608947754,3.001211404800415,2.2744979858398438,2.2573676109313965,3.255479335784912,1.0020501613616943,0.6903457045555115,1.8402055501937866,2.061499834060669,-0.3958977162837982,-0.40775391459465027
5,99,1.7708206176757812,1.9746352434158325,1.9765901565551758,2.7467126846313477,2.7352981567382812,1.9868252277374268,1.9819241762161255,2.9736368656158447,0.8604056239128113,2.0079402923583984,2.2298710346221924,2.1765599250793457,2.967363119125366,2.878838062286377,2.211094617843628,2.168307065963745,3.0714104175567627,1.2102619409561157,1.795763373374939,1.9941426515579224,1.9926825761795044,2.828554630279541,2.8128445148468018,2.06160306930542,2.054198980331421,3.1495397090911865,0.5500721335411072,1.9614760875701904,2.1786391735076904,2.134598970413208,2.98360276222229,2.9099233150482178,2.2113544940948486,2.1753363609313965,3.197796106338501,0.8698054552078247,0.6793119311332703,1.7438578605651855,1.8713175058364868,-0.394926518201828,-0.4114575982093811
5,99,1.570857048034668,1.7916369438171387,1.7890592813491821,2.5588927268981934,2.5876851081848145,1.7789678573608398,1.7884379625320435,2.815537214279175,0.7811129093170166,1.797235369682312,2.033970594406128,1.9665192365646362,2.720480442047119,2.6566600799560547,1.9657045602798462,1.9283238649368286,2.7960848808288574,1.2308341264724731,1.5164783000946045,1.7263597249984741,1.726412296295166,2.560978412628174,2.5942347049713135,1.7807189226150513,1.7890617847442627,2.9323270320892334,0.4278271794319153,1.64346444606781,1.8778103590011597,1.826901912689209,2.648010492324829,2.612867832183838,1.8666305541992188,1.8405691385269165,2.858531951904297,0.8617863655090332,0.7457461953163147,1.616489052772522,1.9416084289550781,-0.38859236240386963,-0.30407413840293884
5,99,1.8408713340759277,2.0565879344940186,2.056644916534424,2.8698694705963135,2.8744852542877197,2.073652982711792,2.0753703117370605,3.105725049972534,0.8186452388763428,2.0646374225616455,2.2973592281341553,2.2419400215148926,3.037426710128784,2.9644734859466553,2.257603645324707,2.2202706336975098,3.1041150093078613,1.311213731765747,1.8708560466766357,2.0807278156280518,2.0773611068725586,2.9444587230682373,2.946096897125244,2.1464767456054688,2.1450467109680176,3.260108709335327,0.5386911630630493,2.0130224227905273,2.2428648471832275,2.1991770267486572,3.0521724224090576,2.9985969066619873,2.252666711807251,2.2236809730529785,3.2265918254852295,0.9854592680931091,0.7435160875320435,1.5407942533493042,1.941534161567688,-0.5104495286941528,-0.4311913549900055
5,99,1.5860750675201416,1.8008335828781128,1.792791485786438,2.605363368988037,2.586277723312378,1.8246394395828247,1.8169262409210205,2.851106882095337,0.6156989336013794,1.8216933012008667,2.052475929260254,1.9775978326797485,2.702291965484619,2.590312957763672,1.9661064147949219,1.9115190505981445,2.6710190773010254,1.3365074396133423,1.5934925079345703,1.7945667505264282,1.788684606552124,2.6457724571228027,2.6295571327209473,1.8745218515396118,1.867216944694519,2.986358404159546,0.29501840472221375,1.667317271232605,1.9008187055587769,1.8347922563552856,2.647184371948242,2.5522642135620117,1.8753185272216797,1.8271321058273315,2.755418062210083,0.9464214444160461,0.9559180736541748,1.6079758405685425,1.8635269403457642,-0.3185564875602722,-0.36666110157966614
5,99,1.5537179708480835,1.7653719186782837,1.7853410243988037,2.593871831893921,2.6767733097076416,1.806704044342041,1.8314950466156006,2.8883256912231445,0.5526567697525024,1.7873320579528809,2.0294017791748047,1.9675102233886719,2.655942678451538,2.6254565715789795,1.9133861064910889,1.8815762996673584,2.6011345386505127,1.4313923120498657,1.6379047632217407,1.834185004234314,1.856964349746704,2.7043535709381104,2.7915213108062744,1.9287852048873901,1.9538415670394897,3.0798301696777344,0.28689348697662354,1.652925729751587,1.8964794874191284,1.8543281555175781,2.626126766204834,2.629312753677368,1.8425993919372559,1.8257131576538086,2.7141177654266357,1.0851410627365112,1.084872841835022,1.442309856414795,1.7397711277008057,-0.47316619753837585,-0.5085282325744629
5,99,1.6276246309280396,1.7956137657165527,1.7983731031417847,2.2076191902160645,2.2034270763397217,1.6126357316970825,1.6181397438049316,2.127819776535034,1.5157591104507446,2.098379373550415,2.3169760704040527,2.238157033920288,2.8909034729003906,2.7730252742767334,2.2121851444244385,2.1587367057800293,2.828263521194458,1.7728935480117798,1.493776559829712,1.6949434280395508,1.684640645980835,2.30269193649292,2.2825276851654053,1.5985147953033447,1.5931437015533447,2.3942344188690186,1.242697834968567,2.2926437854766846,2.5163800716400146,2.451632499694824,3.175109386444092,3.078903913497925,2.4557924270629883,2.4124574661254883,3.1949386596679688,1.731436014175415,1.1161609888076782,1.4304087162017822,1.7294659614562988,-0.601209819316864,-0.611565887928009
5,99,1.7756943702697754,1.9658344984054565,1.9912289381027222,2.7413439750671387,2.856450319290161,2.0192370414733887,2.0531423091888428,3.08780837059021,0.48115330934524536,2.1183271408081055,2.331207752227783,2.257783889770508,2.7908146381378174,2.742440700531006,2.178311824798584,2.1382110118865967,2.6006407737731934,1.835324764251709,1.9128646850585938,2.08740496635437,2.1153440475463867,2.8913893699645996,3.0113866329193115,2.1839616298675537,2.218557119369507,3.313333034515381,0.20601814985275269,2.211212158203125,2.4314730167388916,2.367175579071045,2.956526517868042,2.9272830486297607,2.306253433227539,2.2745113372802734,2.833733081817627,1.7902616262435913,1.7491061687469482,1.4001667499542236,1.6978791952133179,-0.5051999092102051,-0.6786389946937561
5,99,1.7255176305770874,1.9373972415924072,1.9694344997406006,2.7408227920532227,2.8920297622680664,1.9667067527770996,2.0123255252838135,3.0688185691833496,0.7250576019287109,1.7583943605422974,2.001706838607788,1.9543530941009521,2.652895450592041,2.693648099899292,1.9133237600326538,1.9042885303497314,2.718379020690918,1.3276135921478271,1.7432303428649902,1.937840223312378,1.9723938703536987,2.799952983856201,2.9569265842437744,2.034363031387329,2.078803777694702,3.2416834831237793,0.3475324511528015,1.639753818511963,1.8810428380966187,1.8509924411773682,2.6340627670288086,2.7072346210479736,1.8600670099258423,1.8638914823532104,2.846726417541504,0.9639807939529419,0.9308770895004272,1.6933057308197021,1.8100547790527344,-0.34137657284736633,-0.4617922306060791
5,99,1.8762673139572144,2.0750322341918945,2.0994744300842285,2.884321451187134,3.0117180347442627,2.1305055618286133,2.1638784408569336,3.2502994537353516,0.5940114259719849,1.8712784051895142,2.1001641750335693,2.0508224964141846,2.745811939239502,2.7673869132995605,2.0262622833251953,2.0085439682006836,2.8265879154205322,1.3235093355178833,1.9637306928634644,2.1491036415100098,2.174288034439087,2.994284152984619,3.1235339641571045,2.2510273456573486,2.283736228942871,3.441340684890747,0.28697308897972107,1.8181216716766357,2.0461792945861816,2.007899045944214,2.78314471244812,2.8268513679504395,2.0334646701812744,2.0246119499206543,2.995145320892334,0.9773256182670593,1.0700956583023071,1.6100990772247314,1.7055339813232422,-0.39098021388053894,-0.5681591033935547
5,99,1.939070224761963,2.148404359817505,2.158315658569336,2.8632407188415527,2.961045742034912,2.124279022216797,2.1482982635498047,3.125568389892578,1.0730688571929932,1.797151803970337,2.0178773403167725,1.959302306175232,2.5989229679107666,2.5913760662078857,1.9101918935775757,1.8848036527633667,2.6631808280944824,1.3868151903152466,1.9238457679748535,2.130582332611084,2.136502265930176,2.899798631668091,2.9926676750183105,2.150840997695923,2.170893907546997,3.2395503520965576,0.8110916018486023,1.6209112405776978,1.8441616296768188,1.8028258085250854,2.541106939315796,2.568146228790283,1.8063669204711914,1.794126272201538,2.7705445289611816,0.9777512550354004,0.9101216197013855,1.6253187656402588,1.8581874370574951,-0.5215369462966919,-0.3969252407550812
5,99,2.0572304725646973,2.2612063884735107,2.260634660720825,3.0231881141662598,3.041823625564575,2.2602553367614746,2.260272741317749,3.3025434017181396,1.1806397438049316,2.046868085861206,2.2620537281036377,2.2053775787353516,2.9328689575195312,2.857185125350952,2.2030270099639893,2.1617138385772705,3.054124355316162,1.448926329612732,2.0871481895446777,2.2910263538360596,2.2839064598083496,3.108497142791748,3.1160449981689453,2.332209348678589,2.326880693435669,3.456686019897461,0.9488903284072876,2.001840591430664,2.217402696609497,2.168483257293701,2.986873149871826,2.926931381225586,2.223301649093628,2.1879122257232666,3.2430546283721924,1.0931915044784546,0.8367017507553101,1.6562107801437378,1.8780181407928467,-0.5968321561813354,-0.5084516406059265
5,99,2.0238466262817383,2.2281365394592285,2.2206931114196777,3.0039896965026855,2.9550089836120605,2.226639986038208,2.20220947265625,3.2219903469085693,1.1872434616088867,2.236497640609741,2.4387381076812744,2.3833577632904053,3.0235157012939453,2.893372058868408,2.334334373474121,2.2735135555267334,2.960691452026367,1.7747091054916382,2.0678112506866455,2.274963617324829,2.2547385692596436,3.1105904579162598,3.0382769107818604,2.3158485889434814,2.2828824520111084,3.3965210914611816,0.9430643916130066,2.3222484588623047,2.5320043563842773,2.4829490184783936,3.1928064823150635,3.0735065937042236,2.463139295578003,2.4073777198791504,3.207840919494629,1.685528039932251,1.0860280990600586,1.616558313369751,1.743613600730896,-0.6113018989562988,-0.6767829060554504
5,99,2.182492256164551,2.397271156311035,2.3973889350891113,3.2403886318206787,3.225443124771118,2.4196512699127197,2.406888723373413,3.4880545139312744,1.1423958539962769,2.039442300796509,2.247030258178711,2.20525860786438,2.868495464324951,2.7846169471740723,2.144984245300293,2.098381757736206,2.8476879596710205,1.6240359544754028,2.214010000228882,2.4295036792755127,2.4203569889068604,3.321580171585083,3.2907745838165283,2.4886820316314697,2.4696948528289795,3.632221221923828,0.8893510103225708,2.0945403575897217,2.311750650405884,2.2749454975128174,3.0171327590942383,2.9420166015625,2.2497246265411377,2.2076025009155273,3.077725410461426,1.5022387504577637,1.1472195386886597,1.6423014402389526,1.6708567142486572,-0.611603856086731,-0.6967645287513733
5,99,2.129676580429077,2.3100457191467285,2.325014591217041,3.052051544189453,3.0914573669433594,2.3431026935577393,2.3435280323028564,3.273420810699463,1.0649384260177612,1.8261888027191162,1.9811862707138062,1.9497219324111938,2.401162624359131,2.3615355491638184,1.851298213005066,1.8108867406845093,2.277047872543335,1.5646753311157227,2.178548574447632,2.3594167232513428,2.365816831588745,3.145028829574585,3.1701645851135254,2.425832509994507,2.421849012374878,3.424910306930542,0.8099126219749451,1.9454642534255981,2.1145780086517334,2.0860817432403564,2.6196799278259277,2.585935115814209,2.019521474838257,1.982844591140747,2.5602872371673584,1.5511488914489746,1.502088189125061,1.6376404762268066,1.5021250247955322,-0.5046882629394531,-0.6687324643135071
5,99,2.1552481651306152,2.3341636657714844,2.3500118255615234,3.0727572441101074,3.105623483657837,2.3686165809631348,2.3678927421569824,3.2734313011169434,1.0596950054168701,1.5877811908721924,1.7660797834396362,1.733014702796936,2.3265721797943115,2.281771183013916,1.6937370300292969,1.6538805961608887,2.343007802963257,1.1215652227401733,2.171621799468994,2.351154088973999,2.3563222885131836,3.1281561851501465,3.1434483528137207,2.41572904586792,2.40848445892334,3.3797435760498047,0.8126312494277954,1.6437197923660278,1.8295762538909912,1.7939977645874023,2.4658432006835938,2.4178504943847656,1.8009071350097656,1.7610673904418945,2.555974006652832,0.9714635610580444,1.2220176458358765,1.6074641942977905,1.3390306234359741,-0.5360022187232971,-0.6590954065322876
5,99,2.255856990814209,2.4410171508789062,2.46616792678833,3.2424678802490234,3.2698333263397217,2.4779086112976074,2.4836583137512207,3.4909660816192627,1.204595685005188,1.9961196184158325,2.1620399951934814,2.1404545307159424,2.6506760120391846,2.6018552780151367,2.0381743907928467,2.006829023361206,2.563246726989746,1.641296148300171,2.3298277854919434,2.5199291706085205,2.5299134254455566,3.3773272037506104,3.3820722103118896,2.595491409301758,2.5909979343414307,3.6922719478607178,0.9063431620597839,2.1936497688293457,2.375321626663208,2.3530824184417725,2.956605911254883,2.907536506652832,2.2912206649780273,2.2601215839385986,2.9338674545288086,1.6497647762298584,1.5156742334365845,1.7504949569702148,1.4158872365951538,-0.5398985147476196,-0.7637506127357483
5,99,2.3372132778167725,2.5230226516723633,2.551578998565674,3.4013547897338867,3.3936493396759033,2.5857698917388916,2.584611654281616,3.6901237964630127,1.3387961387634277,2.1569244861602783,2.3228158950805664,2.3194222450256348,2.9054579734802246,2.850097179412842,2.2320029735565186,2.2053020000457764,2.8874285221099854,1.795673131942749,2.451538324356079,2.646784543991089,2.6568102836608887,3.588115930557251,3.552750587463379,2.748638868331909,2.734328508377075,3.941154718399048,1.0648233890533447,2.370997905731201,2.554347515106201,2.54852294921875,3.242828845977783,3.1833157539367676,2.5109329223632812,2.482542037963867,3.2989919185638428,1.7855336666107178,1.3568339347839355,1.8513221740722656,1.63849675655365,-0.5494351387023926,-0.7209520936012268
5,99,2.154125213623047,2.337303638458252,2.3578200340270996,3.1712403297424316,3.0855140686035156,2.3540356159210205,2.3387672901153564,3.3847782611846924,1.4538251161575317,2.19649600982666,2.3609774112701416,2.351041793823242,2.9377224445343018,2.8164477348327637,2.253584146499634,2.2178220748901367,2.8657212257385254,1.876076102256775,2.1406404972076416,2.3420979976654053,2.332681894302368,3.255758762359619,3.1226439476013184,2.4010307788848877,2.3615520000457764,3.5399856567382812,1.1474628448486328,2.215421676635742,2.3970327377319336,2.3843801021575928,3.083512544631958,2.953557014465332,2.334825277328491,2.29508900642395,3.107870578765869,1.7465258836746216,1.1028047800064087,2.0021274089813232,1.859043836593628,-0.439169704914093,-0.6213933229446411
5,99,1.905785083770752,2.1036643981933594,2.098320960998535,2.9204251766204834,2.8133466243743896,2.103137493133545,2.0749428272247314,3.0553066730499268,1.2156411409378052,2.6038906574249268,2.697211980819702,2.6875219345092773,2.842470407485962,2.764535427093506,2.471118211746216,2.4525153636932373,2.3243155479431152,2.353839159011841,1.871964693069458,2.085977792739868,2.0539000034332275,2.977033853530884,2.8283162117004395,2.128972053527832,2.0799450874328613,3.1925840377807617,0.8829824924468994,2.7715823650360107,2.887432336807251,2.8779823780059814,3.1373090744018555,3.0562119483947754,2.6852924823760986,2.664881944656372,2.6789841651916504,2.5270261764526367,2.114288806915283,2.0018563270568848,1.7887519598007202,-0.2966935634613037,-0.7139343023300171
5,99,2.04660964012146,2.2314841747283936,2.23966908454895,3.0359926223754883,3.003730297088623,2.295992136001587,2.282918930053711,3.2484450340270996,0.8747608065605164,2.165393590927124,2.278581380844116,2.278532028198242,2.485049247741699,2.4398446083068848,2.0908474922180176,2.0638821125030518,2.103217601776123,1.9633125066757202,2.1119067668914795,2.2991912364959717,2.291978597640991,3.14211106300354,3.087459087371826,2.393272638320923,2.3703219890594482,3.408597946166992,0.6053892970085144,2.348572015762329,2.4801042079925537,2.4832956790924072,2.7758052349090576,2.736210584640503,2.3174681663513184,2.2930612564086914,2.4431674480438232,2.128628969192505,2.2145094871520996,1.6102466583251953,1.4841991662979126,-0.4624274671077728,-0.7565575838088989
5,99,1.822754144668579,2.0231704711914062,2.0178589820861816,2.875551700592041,2.7553529739379883,2.0775513648986816,2.038728713989258,3.041971206665039,0.8824884295463562,2.5232949256896973,2.612821102142334,2.625196933746338,2.670318603515625,2.631505250930786,2.3712921142578125,2.3567607402801514,2.080244541168213,2.2724008560180664,1.8318039178848267,2.0367326736450195,2.0060343742370605,2.940943956375122,2.783315658569336,2.132265567779541,2.077054977416992,3.1761224269866943,0.5564771890640259,2.720630168914795,2.832045316696167,2.8448150157928467,2.9888358116149902,2.9454081058502197,2.6120522022247314,2.59521484375,2.448427200317383,2.5090863704681396,2.550443172454834,1.5244196653366089,1.6723079681396484,-0.5137661099433899,-0.7067609429359436
5,99,1.87315833568573,2.048114538192749,2.055236339569092,2.8566300868988037,2.7814931869506836,2.1221790313720703,2.0982935428619385,3.0706887245178223,0.7559862732887268,2.094998836517334,2.211789131164551,2.2254011631011963,2.4758174419403076,2.4318058490753174,2.0241382122039795,2.001138687133789,2.115159749984741,1.8531655073165894,1.8943930864334106,2.07310152053833,2.056752920150757,2.923550605773926,2.815098762512207,2.184514284133911,2.1456527709960938,3.203313112258911,0.4243376553058624,2.232375383377075,2.365886688232422,2.377401351928711,2.7130839824676514,2.6623451709747314,2.204939603805542,2.179307699203491,2.402970314025879,1.9390121698379517,2.0367116928100586,1.4670004844665527,1.5520968437194824,-0.5098534226417542,-0.6759133338928223
5,99,1.9393826723098755,2.118347644805908,2.1124982833862305,2.9646763801574707,2.8414480686187744,2.205996036529541,2.170238971710205,3.165530204772949,0.7451786398887634,2.370617389678955,2.464529037475586,2.4834048748016357,2.6681711673736572,2.6265673637390137,2.2729756832122803,2.2666373252868652,2.197929859161377,2.1484715938568115,1.9884282350540161,2.1740429401397705,2.1393330097198486,3.0588574409484863,2.8954577445983887,2.29529070854187,2.239558458328247,3.3224899768829346,0.39644768834114075,2.5777883529663086,2.6872618198394775,2.7082390785217285,2.970787286758423,2.9283463954925537,2.5192453861236572,2.512662649154663,2.5441272258758545,2.3455045223236084,2.3548882007598877,1.659378170967102,1.6364235877990723,-0.38001781702041626,-0.7519255876541138
5,99,1.9265776872634888,2.102057933807373,2.114434003829956,2.9084885120391846,2.8625879287719727,2.171280860900879,2.1585514545440674,3.1305158138275146,0.8005630970001221,2.0465853214263916,2.1704020500183105,2.1782631874084473,2.5146644115448,2.4754860401153564,2.017664670944214,2.0033211708068848,2.2227835655212402,1.7820826768875122,1.9491766691207886,2.129312753677368,2.1209826469421387,2.978649377822876,2.90287184715271,2.2344064712524414,2.206615447998047,3.26959228515625,0.4665643870830536,2.1475934982299805,2.286789894104004,2.294558525085449,2.7111217975616455,2.6694490909576416,2.1610424518585205,2.1456961631774902,2.4754951000213623,1.8164408206939697,1.8339180946350098,1.6620537042617798,1.5769495964050293,-0.3717615008354187,-0.6606046557426453
5,99,1.9434179067611694,2.1088194847106934,2.1339991092681885,2.8800246715545654,2.891340732574463,2.1710000038146973,2.1765451431274414,3.1179075241088867,0.8610239624977112,1.9956051111221313,2.098391056060791,2.1092844009399414,2.357041120529175,2.349670171737671,1.9314457178115845,1.927124261856079,2.0593621730804443,1.7585231065750122,1.9759405851364136,2.147547960281372,2.15435791015625,2.960207223892212,2.9451262950897217,2.2407219409942627,2.232903480529785,3.2559263706207275,0.5699117183685303,2.1405391693115234,2.2614898681640625,2.273216485977173,2.6080825328826904,2.6014747619628906,2.121574640274048,2.117453098297119,2.3647758960723877,1.8511545658111572,1.963684320449829,1.577023983001709,1.4581727981567383,-0.43838924169540405,-0.6790728569030762
5,99,1.90126371383667,2.068544864654541,2.103412389755249,2.8665578365325928,2.8737590312957764,2.116623640060425,2.125732183456421,3.125657320022583,1.0572733879089355,2.07094669342041,2.1622800827026367,2.1768627166748047,2.380094528198242,2.374948263168335,1.9698991775512695,1.972934365272522,2.06758975982666,1.8706814050674438,1.9205524921417236,2.098895311355591,2.113041400909424,2.9636151790618896,2.938899517059326,2.190234422683716,2.182647466659546,3.299598455429077,0.727462649345398,2.1859488487243652,2.2991039752960205,2.3151979446411133,2.6257190704345703,2.6202175617218018,2.1379497051239014,2.1404197216033936,2.3820910453796387,1.9631892442703247,1.9381424188613892,1.7483564615249634,1.5458391904830933,-0.40580710768699646,-0.618219792842865
5,99,1.9676638841629028,2.1342086791992188,2.181528091430664,2.949627637863159,2.992924690246582,2.1877031326293945,2.206312417984009,3.281906843185425,1.1063745021820068,2.068213701248169,2.16833233833313,2.184126615524292,2.396749496459961,2.4033336639404297,1.967820405960083,1.9688328504562378,2.1573197841644287,1.8495100736618042,2.0102813243865967,2.187148332595825,2.2123842239379883,3.0744032859802246,3.084207773208618,2.2876851558685303,2.2900230884552,3.4828898906707764,0.7697773575782776,2.2009079456329346,2.327141523361206,2.3404672145843506,2.6837830543518066,2.6838934421539307,2.165635824203491,2.1633806228637695,2.5243449211120605,1.9254423379898071,1.9978678226470947,1.7556195259094238,1.537245750427246,-0.4347984790802002,-0.5795914530754089
5,99,2.1363425254821777,2.3147504329681396,2.354127883911133,3.16548490524292,3.1824405193328857,2.373645544052124,2.382370710372925,3.479438304901123,1.185454249382019,2.1854491233825684,2.2926881313323975,2.3043549060821533,2.5216052532196045,2.507437229156494,2.085299015045166,2.0824077129364014,2.231491804122925,1.9743765592575073,2.209887981414795,2.397148609161377,2.415269613265991,3.3174057006835938,3.301422119140625,2.5012993812561035,2.494903326034546,3.7038278579711914,0.8629906177520752,2.3197178840637207,2.4526174068450928,2.46378493309021,2.8120627403259277,2.79461407661438,2.2844886779785156,2.2794604301452637,2.604384422302246,2.0701937675476074,2.1521823406219482,1.8482056856155396,1.621471643447876,-0.4634113311767578,-0.6010330319404602
5,99,2.200000524520874,2.3750252723693848,2.418940544128418,3.2600584030151367,3.2581043243408203,2.4432356357574463,2.451756000518799,3.571660280227661,1.2647278308868408,2.1110787391662598,2.2349014282226562,2.2449753284454346,2.6108474731445312,2.5663340091705322,2.065392255783081,2.0523908138275146,2.4317448139190674,1.868199348449707,2.3005568981170654,2.488373279571533,2.5076849460601807,3.4471094608306885,3.409160614013672,2.6034891605377197,2.593773365020752,3.8305702209472656,0.9463067650794983,2.254786729812622,2.4064903259277344,2.41048264503479,2.9234602451324463,2.866483688354492,2.2883408069610596,2.268906354904175,2.833977460861206,1.8885773420333862,1.8975573778152466,1.873432993888855,1.6533089876174927,-0.5065737366676331,-0.5973593592643738
5,99,2.304227828979492,2.478984832763672,2.536113739013672,3.3536529541015625,3.403120756149292,2.540536880493164,2.5649826526641846,3.6719624996185303,1.3503141403198242,2.1787009239196777,2.2916290760040283,2.308748960494995,2.5814223289489746,2.573491334915161,2.090059518814087,2.0863795280456543,2.345393657684326,1.9739716053009033,2.434821605682373,2.622405767440796,2.6579935550689697,3.5689218044281006,3.58819580078125,2.72776460647583,2.7364020347595215,3.953155517578125,1.0709147453308105,2.330198287963867,2.473210096359253,2.4883170127868652,2.914339542388916,2.901977777481079,2.3222038745880127,2.3158388137817383,2.772494316101074,2.0450334548950195,2.1133081912994385,1.8774440288543701,1.570241093635559,-0.5490413308143616,-0.6633408665657043
5,99,2.333925247192383,2.4904720783233643,2.555952787399292,3.2713000774383545,3.399186372756958,2.546858072280884,2.593447685241699,3.5884714126586914,1.247166633605957,2.0594429969787598,2.1658520698547363,2.1704976558685303,2.357171058654785,2.377410888671875,1.9536850452423096,1.9492676258087158,2.077186346054077,1.8758556842803955,2.450650930404663,2.6171607971191406,2.66402268409729,3.45906138420105,3.5596022605895996,2.710977077484131,2.743490219116211,3.8369293212890625,0.9720327854156494,2.223175525665283,2.356461524963379,2.3628618717193604,2.683910369873047,2.709547996520996,2.1864328384399414,2.184196710586548,2.490910291671753,1.9863054752349854,2.327484130859375,1.7854820489883423,1.5141103267669678,-0.5714110732078552,-0.6213698983192444
5,99,2.2870876789093018,2.459911346435547,2.522006034851074,3.2707462310791016,3.3850483894348145,2.5086984634399414,2.5456953048706055,3.6070892810821533,1.2528927326202393,2.077831506729126,2.2132248878479004,2.208188533782959,2.4974255561828613,2.4962894916534424,2.0099904537200928,1.9891389608383179,2.2813923358917236,1.875283122062683,2.403029680252075,2.5843076705932617,2.62825083732605,3.4615890979766846,3.5488569736480713,2.6750593185424805,2.699799060821533,3.863292694091797,0.9695471525192261,2.240407705307007,2.3998615741729736,2.3992345333099365,2.812422037124634,2.8209710121154785,2.2395896911621094,2.223395347595215,2.6806561946868896,1.9695627689361572,2.1611270904541016,1.6994811296463013,1.477708101272583,-0.6256700754165649,-0.6710094809532166
5,99,2.529366970062256,2.71451997756958,2.770432233810425,3.5382320880889893,3.65325665473938,2.762122631072998,2.797887086868286,3.8122336864471436,1.2887678146362305,2.1251227855682373,2.2923645973205566,2.280362129211426,2.6958565711975098,2.6899619102478027,2.11664080619812,2.0912787914276123,2.509629964828491,1.8638290166854858,2.680784225463867,2.871657133102417,2.911876916885376,3.752797842025757,3.844907283782959,2.9576079845428467,2.9831466674804688,4.086523532867432,1.0157511234283447,2.370779275894165,2.5569040775299072,2.5494110584259033,3.065981388092041,3.0701897144317627,2.422654151916504,2.4028782844543457,2.9453468322753906,1.9716848134994507,2.091010093688965,1.6712778806686401,1.5083812475204468,-0.6829158067703247,-0.7436699271202087
5,99,2.264846086502075,2.443215847015381,2.5035479068756104,3.258103847503662,3.3705179691314697,2.481264352798462,2.5164079666137695,3.602891683578491,1.279072642326355,2.090383529663086,2.243337869644165,2.2327919006347656,2.6222500801086426,2.6119277477264404,2.0645129680633545,2.0378994941711426,2.481123685836792,1.867244005203247,2.4072251319885254,2.5933282375335693,2.638108730316162,3.480069160461426,3.569594144821167,2.6771912574768066,2.702665090560913,3.8998842239379883,0.9960759878158569,2.2746403217315674,2.451137065887451,2.442530632019043,2.9566757678985596,2.9521701335906982,2.319077253341675,2.2959160804748535,2.902722120285034,1.9176557064056396,1.9469197988510132,1.7114907503128052,1.5651813745498657,-0.6495057344436646,-0.6689197421073914
5,99,2.3051650524139404,2.4831807613372803,2.541022777557373,3.2873377799987793,3.4001896381378174,2.5227620601654053,2.555669069290161,3.599846124649048,1.2997007369995117,2.1601402759552,2.284365177154541,2.270930290222168,2.4758105278015137,2.4610984325408936,2.053260326385498,2.018026351928711,2.1522271633148193,1.973854660987854,2.424529790878296,2.608693838119507,2.651336431503296,3.4824883937835693,3.572885036468506,2.6939828395843506,2.7177248001098633,3.8701772689819336,1.0076119899749756,2.322779417037964,2.4739041328430176,2.4657163619995117,2.80367374420166,2.801469087600708,2.2836031913757324,2.2542996406555176,2.570596218109131,2.109982967376709,2.3410658836364746,1.7776862382888794,1.5759856700897217,-0.5881714820861816,-0.614376962184906
5,99,2.260529041290283,2.447824478149414,2.498452663421631,3.297705888748169,3.381005048751831,2.48653507232666,2.514543294906616,3.6641476154327393,1.3075934648513794,2.119514226913452,2.3013510704040527,2.2821624279022217,2.837132453918457,2.8094534873962402,2.169703960418701,2.1401121616363525,2.8360612392425537,1.8096288442611694,2.4146764278411865,2.6101770401000977,2.6441404819488525,3.536435842514038,3.5952000617980957,2.6980550289154053,2.714622735977173,3.9787917137145996,1.0195719003677368,2.3092739582061768,2.5104784965515137,2.491311550140381,3.1685237884521484,3.142507791519165,2.4324874877929688,2.4045050144195557,3.2595508098602295,1.7717325687408447,1.5898514986038208,1.7663116455078125,1.628780484199524,-0.6165147423744202,-0.6637702584266663
5,99,2.290161371231079,2.4692609310150146,2.5212550163269043,3.2547998428344727,3.3474040031433105,2.4929394721984863,2.525083541870117,3.5281271934509277,1.3973101377487183,2.0453293323516846,2.218332052230835,2.201026201248169,2.695389747619629,2.6804215908050537,2.078782320022583,2.055818557739258,2.62475848197937,1.7935069799423218,2.423466444015503,2.610027313232422,2.649266004562378,3.461460828781128,3.5350186824798584,2.6735990047454834,2.6961867809295654,3.7977709770202637,1.1800198554992676,2.1886699199676514,2.379270315170288,2.364572763442993,2.9725329875946045,2.962893486022949,2.289179563522339,2.2690041065216064,2.991013526916504,1.7574677467346191,1.5317999124526978,1.7596393823623657,1.6503942012786865,-0.6421961188316345,-0.6604657173156738
5,99,1.8597151041030884,2.027298927307129,2.065037250518799,2.611900568008423,2.6018645763397217,1.9331938028335571,1.9354053735733032,2.63399338722229,1.6087963581085205,1.7460474967956543,1.9321225881576538,1.9280979633331299,2.5211451053619385,2.443415403366089,1.8259516954421997,1.793682336807251,2.5028059482574463,1.5313808917999268,1.721276879310608,1.9110950231552124,1.9313082695007324,2.6272876262664795,2.580106258392334,1.8765119314193726,1.8630256652832031,2.7635281085968018,1.2909361124038696,1.608276128768921,1.8059879541397095,1.8069642782211304,2.5138204097747803,2.437150478363037,1.7589983940124512,1.7298836708068848,2.628138303756714,1.246936559677124,0.4795309603214264,1.8507081270217896,1.7714029550552368,-0.4785122275352478,-0.423584908246994
5,99,1.9220430850982666,1.9483022689819336,2.0018813610076904,1.8258508443832397,1.8843770027160645,1.7041347026824951,1.74300217628479,1.3267223834991455,1.7510771751403809,1.6473960876464844,1.8390216827392578,1.7907410860061646,2.503391742706299,2.2784032821655273,1.822826623916626,1.749759554862976,2.4953737258911133,1.0965532064437866,1.974042296409607,2.0262610912323,2.068848133087158,2.003185749053955,2.022512912750244,1.7939561605453491,1.8184635639190674,1.5294157266616821,1.889161229133606,1.6687910556793213,1.858848214149475,1.820482850074768,2.5635197162628174,2.35212779045105,1.8691775798797607,1.8034228086471558,2.6105589866638184,0.9824158549308777,2.0943143367767334,1.3945190906524658,1.399776816368103,-0.426230788230896,-0.5082271695137024
5,99,2.2037911415100098,2.183288335800171,2.2345237731933594,1.8764066696166992,1.9859284162521362,1.9543037414550781,2.002654552459717,1.3737047910690308,1.8016248941421509,1.5974291563034058,1.7835276126861572,1.716660499572754,2.4949052333831787,2.228102207183838,1.8218663930892944,1.7374452352523804,2.599792957305908,0.8195747137069702,2.2812788486480713,2.2902777194976807,2.3302202224731445,2.101067066192627,2.162139892578125,2.069194793701172,2.1024646759033203,1.6218866109848022,2.044793128967285,1.6885631084442139,1.872017502784729,1.8126896619796753,2.6224899291992188,2.3650596141815186,1.9397066831588745,1.8613179922103882,2.78139066696167,0.6624422669410706,2.7973060607910156,1.1897542476654053,1.2868653535842896,-0.36025160551071167,-0.48861458897590637
5,99,1.9344884157180786,1.9245736598968506,1.9642658233642578,1.6413476467132568,1.739635944366455,1.7204228639602661,1.7641621828079224,1.172234058380127,1.5274211168289185,1.476699709892273,1.6402546167373657,1.5683852434158325,2.230869770050049,1.974771499633789,1.6690175533294678,1.5892277956008911,2.2442076206207275,0.629205584526062,1.9855730533599854,1.996187686920166,2.0270230770111084,1.7882450819015503,1.851320743560791,1.7935059070587158,1.826642632484436,1.3191756010055542,1.7009992599487305,1.5105749368667603,1.6680525541305542,1.6031908988952637,2.2880163192749023,2.0385050773620605,1.7242522239685059,1.6491780281066895,2.3567206859588623,0.42619678378105164,2.6427063941955566,1.0366355180740356,1.2089526653289795,-0.430545449256897,-0.3171181082725525
5,99,2.1563003063201904,2.1900851726531982,2.2112860679626465,2.025402545928955,2.049185276031494,1.9525567293167114,1.9743603467941284,1.4619873762130737,1.9046608209609985,1.530620813369751,1.7169681787490845,1.6625783443450928,2.379351854324341,2.1823601722717285,1.7364888191223145,1.6752634048461914,2.433330535888672,0.7541202306747437,2.247359275817871,2.3049728870391846,2.3196866512298584,2.234058380126953,2.232825756072998,2.0778186321258545,2.0910706520080566,1.7031188011169434,2.0827252864837646,1.560653567314148,1.7403641939163208,1.693261981010437,2.442146062850952,2.252796173095703,1.7959654331207275,1.7393336296081543,2.566981315612793,0.5264162421226501,2.507162570953369,1.3399924039840698,1.4437636137008667,-0.5681424736976624,-0.29003193974494934
5,99,1.8036134243011475,1.8347870111465454,1.8512612581253052,1.7296524047851562,1.7329403162002563,1.647135615348816,1.6642738580703735,1.2356687784194946,1.6133860349655151,1.3642975091934204,1.51861572265625,1.4644321203231812,2.0572118759155273,1.8461633920669556,1.5323448181152344,1.4698599576950073,2.0180628299713135,0.619803786277771,1.9010343551635742,1.9502102136611938,1.9602947235107422,1.9116369485855103,1.8916707038879395,1.769945740699768,1.77889883518219,1.4322527647018433,1.7652603387832642,1.3610434532165527,1.5105788707733154,1.4605180025100708,2.0772194862365723,1.8703460693359375,1.5510696172714233,1.4913769960403442,2.096924304962158,0.41835489869117737,2.122318744659424,1.222325086593628,1.2583706378936768,-0.5435448288917542,-0.17626747488975525
5,99,1.8171383142471313,1.8478481769561768,1.8587355613708496,1.7511353492736816,1.7420804500579834,1.660863995552063,1.6783586740493774,1.2796833515167236,1.620597004890442,1.3902151584625244,1.545700192451477,1.4927492141723633,2.1097030639648438,1.9122110605239868,1.5711610317230225,1.5140968561172485,2.108099937438965,0.6003304123878479,1.915172815322876,1.9654791355133057,1.9697411060333252,1.9435895681381226,1.9117000102996826,1.7881739139556885,1.7975682020187378,1.4934356212615967,1.771971344947815,1.419907569885254,1.5708147287368774,1.5230127573013306,2.1598494052886963,1.968036413192749,1.6201930046081543,1.5662517547607422,2.2082245349884033,0.4217824935913086,2.1489057540893555,1.084050178527832,1.2548038959503174,-0.648353099822998,-0.22618480026721954
5,99,1.7559778690338135,1.7796815633773804,1.7902064323425293,1.6525177955627441,1.6456457376480103,1.5961601734161377,1.6113147735595703,1.1756583452224731,1.5334166288375854,1.4497907161712646,1.5993071794509888,1.5438474416732788,2.141726016998291,1.9363443851470947,1.6238021850585938,1.562930703163147,2.13458514213562,0.633635938167572,1.8362313508987427,1.8790875673294067,1.8823376893997192,1.824700117111206,1.7925488948822021,1.7033679485321045,1.7096989154815674,1.3656128644943237,1.6818556785583496,1.4723581075668335,1.616580843925476,1.5670770406723022,2.186314344406128,1.9878487586975098,1.6669793128967285,1.610016107559204,2.236280679702759,0.4216681122779846,2.2074928283691406,1.0734392404556274,1.2227227687835693,-0.5976288318634033,-0.2926892638206482
5,99,1.8064838647842407,1.8318318128585815,1.8499865531921387,1.6794003248214722,1.6936638355255127,1.6293630599975586,1.652174711227417,1.1887699365615845,1.5547635555267334,1.3862468004226685,1.5430021286010742,1.4886491298675537,2.094928741455078,1.8952884674072266,1.559651255607605,1.501054048538208,2.0848042964935303,0.6472747325897217,1.8736224174499512,1.9183647632598877,1.9301953315734863,1.8404253721237183,1.8305399417877197,1.7227848768234253,1.7376878261566162,1.3678417205810547,1.698220133781433,1.385049819946289,1.535020112991333,1.4868438243865967,2.117792844772339,1.925287127494812,1.5824259519577026,1.5275911092758179,2.170811414718628,0.42637720704078674,2.2224440574645996,1.1720645427703857,1.2810277938842773,-0.5080790519714355,-0.19251935184001923
5,99,1.8526424169540405,1.8721721172332764,1.8896267414093018,1.6915122270584106,1.7083678245544434,1.6627514362335205,1.6834595203399658,1.1722636222839355,1.5889146327972412,1.3956811428070068,1.560766577720642,1.5043343305587769,2.1369409561157227,1.9341614246368408,1.5715428590774536,1.5094971656799316,2.166858434677124,0.723937451839447,1.8896578550338745,1.9293986558914185,1.9401320219039917,1.827928066253662,1.8187897205352783,1.7263203859329224,1.7386261224746704,1.3340286016464233,1.7144920825958252,1.3957494497299194,1.5566506385803223,1.5064946413040161,2.1664671897888184,1.971000075340271,1.59590744972229,1.5379167795181274,2.256511688232422,0.5294917821884155,2.240705728530884,1.1651604175567627,1.3554052114486694,-0.4844467043876648,-0.21326844394207
6,99,1.6548919677734375,1.848183512687683,1.9021708965301514,2.9982523918151855,2.9285683631896973,1.9986985921859741,2.0043253898620605,3.5136616230010986,0.3679341971874237,1.755964756011963,2.0331876277923584,1.9070260524749756,3.1869492530822754,2.900440216064453,2.1587467193603516,2.04284405708313,3.588320732116699,0.29551711678504944,1.7216389179229736,1.9203909635543823,1.956584095954895,3.120692014694214,3.0279295444488525,2.107713222503662,2.0989532470703125,3.680320978164673,0.1393028050661087,1.7500431537628174,2.0205636024475098,1.9071567058563232,3.2254438400268555,2.9543075561523438,2.1843690872192383,2.0762360095977783,3.6904523372650146,0.08635756373405457,1.757881760597229,1.2842451333999634,1.193435788154602,-0.5759780406951904,-0.5482766032218933
6,99,1.7574646472930908,1.9603841304779053,2.016028881072998,3.0687854290008545,3.0580990314483643,2.0886518955230713,2.1069724559783936,3.595761775970459,0.41024094820022583,1.7331968545913696,1.999800205230713,1.879064679145813,3.092210054397583,2.856390953063965,2.1070730686187744,2.001621723175049,3.507375478744507,0.3187091648578644,1.8263885974884033,2.0292766094207764,2.071774482727051,3.1865243911743164,3.1573121547698975,2.197658061981201,2.20461368560791,3.7667922973632812,0.15058612823486328,1.738533616065979,1.9990921020507812,1.8897546529769897,3.1431045532226562,2.922236204147339,2.1452996730804443,2.0475270748138428,3.6242623329162598,0.10060523450374603,1.811314344406128,1.2853542566299438,1.2625036239624023,-0.6068873405456543,-0.5243279933929443
6,99,1.3845239877700806,1.5659323930740356,1.641778826713562,2.6395480632781982,2.6045708656311035,1.668163537979126,1.692613959312439,3.135439395904541,0.427363783121109,1.7399754524230957,2.0140411853790283,1.8842276334762573,3.120051860809326,2.821450710296631,2.1120858192443848,1.9886876344680786,3.4947173595428467,0.31887200474739075,1.4459173679351807,1.6337519884109497,1.690875768661499,2.7815513610839844,2.7214536666870117,1.7926822900772095,1.800999402999878,3.346766948699951,0.1393541544675827,1.7347360849380493,2.0045888423919678,1.8833318948745728,3.1660497188568115,2.880255937576294,2.143516778945923,2.0266804695129395,3.6121318340301514,0.08431287109851837,1.9026637077331543,1.3413779735565186,1.278222918510437,-0.5179237127304077,-0.5101438164710999
6,99,1.2417914867401123,1.3959131240844727,1.4936705827713013,2.4334983825683594,2.408350944519043,1.482774257659912,1.5223876237869263,2.9633381366729736,0.45229417085647583,1.7575995922088623,2.0366086959838867,1.900610327720642,3.1555612087249756,2.8466672897338867,2.1355443000793457,2.0081162452697754,3.5616915225982666,0.3747403621673584,1.306014060974121,1.4711074829101562,1.5469200611114502,2.6142020225524902,2.5590338706970215,1.6375823020935059,1.656266689300537,3.2331085205078125,0.12044338136911392,1.792226791381836,2.065004348754883,1.937878131866455,3.2476980686187744,2.950165033340454,2.2132949829101562,2.0923168659210205,3.7359812259674072,0.09626122564077377,2.005950927734375,1.438870906829834,1.357819676399231,-0.4211784601211548,-0.487954318523407
6,99,1.631556510925293,1.8318591117858887,1.8826810121536255,2.9397060871124268,2.8738203048706055,1.9545929431915283,1.9581406116485596,3.4257519245147705,0.397361695766449,1.8952751159667969,2.1683967113494873,2.0447771549224854,3.2775988578796387,2.9791605472564697,2.2722744941711426,2.152500867843628,3.6331686973571777,0.3853508234024048,1.6888303756713867,1.8912312984466553,1.9264943599700928,3.0507936477661133,2.9636027812957764,2.055638313293457,2.046093702316284,3.5915067195892334,0.14383000135421753,1.892351508140564,2.1594810485839844,2.042282819747925,3.3146181106567383,3.026026725769043,2.300309896469116,2.184880018234253,3.737029790878296,0.14577767252922058,1.8238879442214966,1.3280397653579712,1.3715949058532715,-0.5795698165893555,-0.4982032775878906
6,99,1.7674753665924072,1.9584064483642578,1.9987719058990479,3.0687246322631836,3.019195079803467,2.115323305130005,2.118788480758667,3.6489639282226562,0.40394723415374756,1.7624080181121826,2.01552414894104,1.8958258628845215,3.1031925678253174,2.8484795093536377,2.142868995666504,2.036064863204956,3.5635251998901367,0.3831956386566162,1.8369715213775635,2.0256669521331787,2.052535057067871,3.1821987628936768,3.113631010055542,2.223323345184326,2.2151920795440674,3.8150174617767334,0.13399913907051086,1.7509247064590454,1.9959644079208374,1.887115478515625,3.1376616954803467,2.897278308868408,2.166067123413086,2.066030740737915,3.6688764095306396,0.1399030238389969,1.6928013563156128,1.1989184617996216,1.286511778831482,-0.6515905857086182,-0.507417619228363
6,99,1.5262573957443237,1.7117984294891357,1.758872151374817,2.761488437652588,2.702772378921509,1.834215521812439,1.8373844623565674,3.270935535430908,0.4232906103134155,1.6849085092544556,1.9345455169677734,1.8165252208709717,2.9824416637420654,2.7056875228881836,2.041898012161255,1.9303261041641235,3.3802788257598877,0.35437101125717163,1.5641895532608032,1.7467494010925293,1.7816346883773804,2.847990036010742,2.7720723152160645,1.91481614112854,1.9075591564178467,3.41994047164917,0.14484958350658417,1.6277574300765991,1.8701262474060059,1.7604930400848389,2.9709460735321045,2.707763195037842,2.0194246768951416,1.9137451648712158,3.4442899227142334,0.10194253921508789,1.6761661767959595,1.291338562965393,1.2751164436340332,-0.5659566521644592,-0.46764931082725525
6,99,1.740531325340271,1.9269495010375977,1.9884053468704224,2.9991791248321533,3.0041089057922363,2.0569190979003906,2.0782744884490967,3.5639801025390625,0.40219348669052124,1.7077242136001587,1.9622776508331299,1.851469874382019,3.032984733581543,2.8167779445648193,2.0757102966308594,1.9767781496047974,3.4955382347106934,0.284536749124527,1.8102461099624634,1.994604468345642,2.042620897293091,3.1156327724456787,3.1023714542388916,2.167484998703003,2.1774392127990723,3.7411487102508545,0.1099487841129303,1.7020102739334106,1.9475244283676147,1.8482526540756226,3.0694503784179688,2.8693580627441406,2.1031346321105957,2.0121090412139893,3.6061270236968994,0.034555189311504364,1.7624483108520508,1.280790090560913,1.2798093557357788,-0.6228509545326233,-0.4911344349384308
6,99,1.6648300886154175,1.8442832231521606,1.9121289253234863,2.9317586421966553,2.9446260929107666,1.9891103506088257,2.014627695083618,3.5138070583343506,0.36520153284072876,1.8065105676651,2.061185836791992,1.9485065937042236,3.156449794769287,2.941922187805176,2.191220283508301,2.093874931335449,3.6387243270874023,0.24651528894901276,1.7539036273956299,1.933783769607544,1.9870166778564453,3.069042921066284,3.063683271408081,2.119138479232788,2.1333024501800537,3.7059175968170166,0.1027909591794014,1.8319324254989624,2.0761048793792725,1.973686695098877,3.2168025970458984,3.0164451599121094,2.247238874435425,2.1572675704956055,3.7707395553588867,-0.01881237141788006,1.8111413717269897,1.2705950736999512,1.2595537900924683,-0.6098909974098206,-0.5275748372077942
6,99,1.9228626489639282,2.131068229675293,2.180893898010254,3.2504613399505615,3.2331361770629883,2.2591497898101807,2.27229380607605,3.8090174198150635,0.5238960981369019,1.8338677883148193,2.0976855754852295,1.9728083610534668,3.1938793659210205,2.9494025707244873,2.2098143100738525,2.1002695560455322,3.657275676727295,0.32584109902381897,2.014406442642212,2.224613666534424,2.2605514526367188,3.394047260284424,3.357111692428589,2.3905954360961914,2.3921806812286377,4.003379821777344,0.2758675515651703,1.8583669662475586,2.116591215133667,2.0042519569396973,3.2706902027130127,3.0426197052001953,2.2705485820770264,2.1695451736450195,3.8047397136688232,0.09604469686746597,1.898764967918396,1.3043006658554077,1.3296923637390137,-0.6790575981140137,-0.518280029296875
6,99,1.8404080867767334,2.027933120727539,2.074651002883911,3.153987169265747,3.1316144466400146,2.19657039642334,2.20625638961792,3.797234058380127,0.39636048674583435,1.9087038040161133,2.161977767944336,2.032489061355591,3.2542407512664795,3.001967668533325,2.2940874099731445,2.1845200061798096,3.766951322555542,0.3653858006000519,1.9567116498947144,2.145873785018921,2.1786959171295166,3.312055826187134,3.2719366550445557,2.346344470977783,2.3456475734710693,3.9938247203826904,0.19534996151924133,1.9399288892745972,2.1843981742858887,2.06660532951355,3.333733320236206,3.097921371459961,2.362252712249756,2.26092791557312,3.9215376377105713,0.09875500202178955,1.8456623554229736,1.2140929698944092,1.336090087890625,-0.6609112024307251,-0.5497838258743286
6,99,1.7557263374328613,1.9419424533843994,1.9931390285491943,3.0475432872772217,3.026195764541626,2.093618392944336,2.106818437576294,3.6349661350250244,0.36623311042785645,1.8943488597869873,2.15033221244812,2.0371053218841553,3.24997878074646,3.0084593296051025,2.280327796936035,2.1745269298553467,3.7256829738616943,0.29086706042289734,1.847888469696045,2.036647081375122,2.0733978748321533,3.1846776008605957,3.1443381309509277,2.221695899963379,2.2234253883361816,3.8159077167510986,0.14703786373138428,1.9226529598236084,2.1713435649871826,2.0675346851348877,3.3181402683258057,3.090289354324341,2.338963747024536,2.2402706146240234,3.859970808029175,0.05683513358235359,1.8274073600769043,1.2061481475830078,1.3090630769729614,-0.6705363988876343,-0.5331141352653503
6,99,1.4812116622924805,1.6530507802963257,1.7325236797332764,2.7409274578094482,2.751713752746582,1.789533019065857,1.8211073875427246,3.2910048961639404,0.3354819715023041,1.7179690599441528,1.9811450242996216,1.8647525310516357,3.081002712249756,2.8501102924346924,2.094872236251831,1.9911174774169922,3.5083062648773193,0.2718437612056732,1.5856531858444214,1.7575531005859375,1.821211576461792,2.9011552333831787,2.89215087890625,1.9429845809936523,1.9615087509155273,3.5163164138793945,0.03693873807787895,1.730342149734497,1.9842990636825562,1.8772549629211426,3.1381311416625977,2.9196739196777344,2.143660306930542,2.046630859375,3.6444408893585205,-0.013582449406385422,1.873307704925537,1.2295066118240356,1.201330304145813,-0.5899698734283447,-0.5355522036552429
6,99,1.5127304792404175,1.6708837747573853,1.7617279291152954,2.7055821418762207,2.7691421508789062,1.8032594919204712,1.8493382930755615,3.2841506004333496,0.3519163727760315,1.7032084465026855,1.954608678817749,1.8437546491622925,3.0060319900512695,2.822700023651123,2.0679569244384766,1.97551691532135,3.4705357551574707,0.24968262016773224,1.611737608909607,1.769704818725586,1.8454400300979614,2.86167573928833,2.906121015548706,1.9519081115722656,1.9850724935531616,3.508620500564575,0.04360225424170494,1.737026572227478,1.978994369506836,1.8784533739089966,3.0819242000579834,2.911884307861328,2.1362144947052,2.050900936126709,3.6225244998931885,-0.022857315838336945,1.900241494178772,1.2379090785980225,1.2311933040618896,-0.5826924443244934,-0.5210387110710144
6,99,1.758818507194519,1.9227631092071533,2.0001168251037598,2.9396772384643555,3.000314474105835,2.0507261753082275,2.0929014682769775,3.529536485671997,0.3763009011745453,1.9429066181182861,2.1993916034698486,2.102552652359009,3.2566893100738525,3.080578088760376,2.3102219104766846,2.223749876022339,3.737135410308838,0.2971740663051605,1.8716394901275635,2.0372860431671143,2.1021552085876465,3.1002769470214844,3.144354820251465,2.201448917388916,2.2334227561950684,3.7417266368865967,0.13469406962394714,2.01884388923645,2.2653210163116455,2.1765658855438232,3.3657312393188477,3.2008087635040283,2.41495943069458,2.335047960281372,3.9162275791168213,0.02720281109213829,1.9583626985549927,1.24107825756073,1.3589705228805542,-0.6489965319633484,-0.5340105295181274
6,99,1.7783962488174438,1.9443472623825073,2.020622491836548,2.9427380561828613,2.97622013092041,2.0545742511749268,2.0920588970184326,3.4744155406951904,0.43345561623573303,1.9566924571990967,2.2184624671936035,2.1122190952301025,3.271448850631714,3.058760166168213,2.3194193840026855,2.2229292392730713,3.6956751346588135,0.33574801683425903,1.9235769510269165,2.0874154567718506,2.1521525382995605,3.13746976852417,3.1552910804748535,2.2425174713134766,2.269948959350586,3.7356138229370117,0.13147474825382233,2.040045738220215,2.2916154861450195,2.1943435668945312,3.3917064666748047,3.1905534267425537,2.4334778785705566,2.343794345855713,3.890444755554199,0.05268925055861473,2.0145533084869385,1.2586041688919067,1.3944401741027832,-0.6630288362503052,-0.5043135285377502
6,99,1.1972140073776245,1.2953131198883057,1.4189093112945557,2.2376561164855957,2.238862991333008,1.3658928871154785,1.431117057800293,2.8412976264953613,0.43556228280067444,1.7597914934158325,2.0308678150177,1.8926868438720703,3.166053295135498,2.8463706970214844,2.1510138511657715,2.0213241577148438,3.6709330081939697,0.2850871980190277,1.274927020072937,1.395763635635376,1.4980701208114624,2.4682564735412598,2.4374635219573975,1.5494096279144287,1.590203046798706,3.1550233364105225,0.1401265412569046,1.8044860363006592,2.0703957080841064,1.9493036270141602,3.273726463317871,2.974541187286377,2.2364046573638916,2.117737293243408,3.8557779788970947,0.04288991168141365,2.2128872871398926,1.29868483543396,1.2915687561035156,-0.4767560660839081,-0.5263733863830566
6,99,1.0920536518096924,1.1612167358398438,1.2986658811569214,2.0279321670532227,2.03924822807312,1.1653965711593628,1.243546485900879,2.537205934524536,0.566776692867279,1.6637959480285645,1.9376016855239868,1.810458779335022,3.1344618797302246,2.824267625808716,2.0722529888153076,1.9490495920181274,3.617441415786743,0.23653419315814972,1.1267884969711304,1.2400151491165161,1.3588495254516602,2.283482551574707,2.2626395225524902,1.341225266456604,1.393449068069458,2.8750193119049072,0.33486899733543396,1.7126432657241821,1.9804067611694336,1.865217924118042,3.2388319969177246,2.9433798789978027,2.1620848178863525,2.0471391677856445,3.7975752353668213,-0.030986983329057693,2.226860284805298,1.4365348815917969,1.1782252788543701,-0.2976077198982239,-0.5190454125404358
6,99,1.6812028884887695,1.8478609323501587,1.931376576423645,2.87884521484375,2.924675941467285,1.9685792922973633,2.0085434913635254,3.462562084197998,0.42326071858406067,1.9054536819458008,2.1600327491760254,2.0557427406311035,3.2456045150756836,3.0447614192962646,2.279017925262451,2.187525987625122,3.722557783126831,0.32766449451446533,1.8160723447799683,1.9773283004760742,2.0510246753692627,3.055849075317383,3.089742422103882,2.145714521408081,2.1766676902770996,3.7065558433532715,0.11625979840755463,1.9377931356430054,2.179682493209839,2.082782030105591,3.3117144107818604,3.121619939804077,2.345363140106201,2.2589776515960693,3.8712170124053955,-0.007729210425168276,1.9363828897476196,1.2312253713607788,1.3874200582504272,-0.6651415228843689,-0.4796055555343628
6,99,1.593267560005188,1.7384487390518188,1.832281470298767,2.677577018737793,2.7606911659240723,1.8412648439407349,1.8963950872421265,3.260725498199463,0.38581112027168274,1.9007172584533691,2.151890754699707,2.0472710132598877,3.1426916122436523,2.9575705528259277,2.236525297164917,2.1447532176971436,3.586002826690674,0.4174504578113556,1.6716485023498535,1.8167997598648071,1.8983154296875,2.8173627853393555,2.8817636966705322,1.9684405326843262,2.012477159500122,3.4685442447662354,0.10109317302703857,1.9262926578521729,2.169794797897339,2.0734024047851562,3.2128992080688477,3.0393271446228027,2.29569935798645,2.210631847381592,3.731994390487671,0.1508347988128662,2.0920889377593994,1.202298879623413,1.412252426147461,-0.5987722277641296,-0.49826717376708984
6,99,1.8576189279556274,2.0097155570983887,2.0819292068481445,2.9906270503997803,3.041757106781006,2.1435816287994385,2.183490753173828,3.657923460006714,0.5121667385101318,2.085336208343506,2.3228600025177,2.218320608139038,3.351785182952881,3.1542463302612305,2.449856996536255,2.3569724559783936,3.9044833183288574,0.43147674202919006,2.038235664367676,2.19372820854187,2.249718427658081,3.2425332069396973,3.2706127166748047,2.375908374786377,2.4026153087615967,3.9724514484405518,0.22292441129684448,2.235687732696533,2.463798761367798,2.3692898750305176,3.547635793685913,3.3630459308624268,2.634382963180542,2.549680471420288,4.175352096557617,0.1506853550672531,2.1060283184051514,1.142769694328308,1.4152607917785645,-0.7290394306182861,-0.55726557970047
6,99,1.7270827293395996,1.8789150714874268,1.9725712537765503,2.8704330921173096,2.949801445007324,1.9948409795761108,2.048654317855835,3.5334949493408203,0.46880364418029785,2.033745765686035,2.289473056793213,2.183055877685547,3.3498375415802,3.156160354614258,2.3990843296051025,2.305128574371338,3.891552686691284,0.40967321395874023,1.8894544839859009,2.0480058193206787,2.125314712524414,3.1125192642211914,3.168708562850952,2.213872194290161,2.2539565563201904,3.8382327556610107,0.20080427825450897,2.14815092086792,2.394526720046997,2.2993743419647217,3.513561964035034,3.3339900970458984,2.5509374141693115,2.4659066200256348,4.136422634124756,0.11475863307714462,2.1843366622924805,1.1962549686431885,1.4078885316848755,-0.7015288472175598,-0.568402111530304
6,99,1.862593650817871,2.0096065998077393,2.096972942352295,3.01973819732666,3.1107757091522217,2.1589391231536865,2.2075231075286865,3.708083391189575,0.3631015419960022,2.040499210357666,2.2828562259674072,2.1898531913757324,3.3322699069976807,3.174928665161133,2.405909538269043,2.326763868331909,3.8838393688201904,0.3795348107814789,2.018608570098877,2.165316104888916,2.239149808883667,3.2237324714660645,3.297624111175537,2.354698419570923,2.392754077911377,3.968667507171631,0.07689116895198822,2.1137044429779053,2.3447012901306152,2.261247158050537,3.4440720081329346,3.3009533882141113,2.5120153427124023,2.4401779174804688,4.076140403747559,0.06306615471839905,2.0350682735443115,1.2337435483932495,1.4598116874694824,-0.6655855774879456,-0.5164262056350708
6,99,1.7033056020736694,1.8404364585876465,1.9238413572311401,2.8470189571380615,2.890451669692993,1.99380624294281,2.0342278480529785,3.535320997238159,0.3741322457790375,2.0663743019104004,2.305389165878296,2.2040233612060547,3.377190351486206,3.1627752780914307,2.444838285446167,2.3495047092437744,3.9392271041870117,0.35168179869651794,1.8239079713821411,1.9649357795715332,2.02925968170166,3.031886339187622,3.050973892211914,2.1638543605804443,2.1902987957000732,3.781393051147461,0.07952651381492615,2.136833906173706,2.3669137954711914,2.27187442779541,3.4846723079681396,3.2811100482940674,2.5460493564605713,2.45701265335083,4.119236469268799,0.06446334719657898,2.057401657104492,1.2084792852401733,1.4058247804641724,-0.6350831389427185,-0.5506902933120728
6,99,1.4045222997665405,1.5098061561584473,1.6090781688690186,2.429425001144409,2.469038963317871,1.644453525543213,1.6904771327972412,3.08593487739563,0.3562539517879486,1.9652762413024902,2.1986453533172607,2.0866246223449707,3.2302658557891846,2.9734511375427246,2.329533100128174,2.223811626434326,3.7539710998535156,0.31593072414398193,1.4734902381896973,1.5862480401992798,1.6642794609069824,2.582594394683838,2.5930187702178955,1.7751511335372925,1.805052399635315,3.3050878047943115,0.08025277405977249,2.008167266845703,2.2316555976867676,2.125063419342041,3.309422016143799,3.0627787113189697,2.4043290615081787,2.304480791091919,3.9090096950531006,0.023633813485503197,2.120634078979492,1.1686975955963135,1.3942015171051025,-0.5751387476921082,-0.5160617232322693
6,99,1.67689049243927,1.81619131565094,1.9066975116729736,2.7338707447052,2.807293653488159,1.9159713983535767,1.9677295684814453,3.3201096057891846,0.5119704604148865,1.8404309749603271,2.084289312362671,1.976136565208435,3.063523530960083,2.8579604625701904,2.171403646469116,2.074042558670044,3.5288374423980713,0.38265740871429443,1.7334951162338257,1.8778586387634277,1.9519028663635254,2.8700296878814697,2.918916940689087,2.0295169353485107,2.067547559738159,3.530364990234375,0.19587187469005585,1.891713261604309,2.12790846824646,2.0247879028320312,3.1619009971618652,2.9651477336883545,2.260204553604126,2.1682305335998535,3.7078208923339844,0.08759322017431259,2.0982179641723633,1.2398217916488647,1.4109152555465698,-0.6062021851539612,-0.4899572432041168
6,99,1.3796921968460083,1.4931411743164062,1.6159483194351196,2.469158411026001,2.5653345584869385,1.5951486825942993,1.669636607170105,3.1930434703826904,0.4650997221469879,1.8465169668197632,2.113560914993286,2.002990245819092,3.2330482006073,3.0235416889190674,2.2287909984588623,2.1293044090270996,3.8523502349853516,0.32116368412971497,1.5107700824737549,1.649655818939209,1.7480982542037964,2.7457635402679443,2.80879807472229,1.8214702606201172,1.8740397691726685,3.5446529388427734,0.1816146969795227,1.9879957437515259,2.248277425765991,2.1512088775634766,3.433741569519043,3.241586923599243,2.412203550338745,2.323227643966675,4.1322126388549805,0.04956890642642975,2.227597713470459,1.3782919645309448,1.3687717914581299,-0.5052298903465271,-0.5432003736495972
6,99,1.5513111352920532,1.7172284126281738,1.7784318923950195,2.7696592807769775,2.7256851196289062,1.8497649431228638,1.8642219305038452,3.343411922454834,0.4039035439491272,1.9572736024856567,2.2051472663879395,2.090847969055176,3.3090908527374268,3.026048183441162,2.3414995670318604,2.2281334400177,3.7875051498413086,0.2584226727485657,1.6063467264175415,1.774131178855896,1.8200738430023193,2.885871410369873,2.8200206756591797,1.9526987075805664,1.9543107748031616,3.521437883377075,0.12900501489639282,1.9493948221206665,2.1906869411468506,2.0863184928894043,3.34340763092041,3.074976921081543,2.3636229038238525,2.257577419281006,3.8902924060821533,0.02076217532157898,1.9896265268325806,1.1784945726394653,1.2495075464248657,-0.6095042824745178,-0.566669762134552
6,99,1.4673892259597778,1.6278928518295288,1.6863954067230225,2.667924404144287,2.59717059135437,1.7681242227554321,1.7739561796188354,3.2480666637420654,0.32081520557403564,1.7614740133285522,2.007949113845825,1.8847250938415527,3.072798013687134,2.7742438316345215,2.132115602493286,2.0134122371673584,3.5285608768463135,0.28648069500923157,1.4604624509811401,1.6251498460769653,1.6650381088256836,2.718747615814209,2.6221261024475098,1.80575430393219,1.7968556880950928,3.351053476333618,0.08093574643135071,1.7077369689941406,1.947211503982544,1.8352041244506836,3.0618302822113037,2.778841257095337,2.109405517578125,1.9983794689178467,3.5895023345947266,0.058732714504003525,1.7581244707107544,1.1368577480316162,1.2613695859909058,-0.6029658317565918,-0.49905335903167725
6,99,1.720858097076416,1.905888557434082,1.960160255432129,3.0084333419799805,2.9484713077545166,2.0519301891326904,2.0568642616271973,3.553178071975708,0.35068467259407043,1.6381291151046753,1.894493818283081,1.7646353244781494,2.9610254764556885,2.668227195739746,1.9968361854553223,1.8755494356155396,3.3694515228271484,0.3308863639831543,1.7561297416687012,1.9508520364761353,1.9856030941009521,3.1050870418548584,3.017531633377075,2.1278927326202393,2.117826461791992,3.6851184368133545,0.15919999778270721,1.560130000114441,1.818416953086853,1.7040650844573975,2.9476563930511475,2.675797462463379,1.9547796249389648,1.8437211513519287,3.4149045944213867,0.18924200534820557,1.880985975265503,1.1746503114700317,0.9970285296440125,-0.6091898679733276,-0.5979700684547424
6,99,2.557934045791626,2.572561264038086,2.6435489654541016,2.4778707027435303,2.5569674968719482,2.327059268951416,2.3928279876708984,2.138894557952881,2.338291645050049,1.5341556072235107,1.7803754806518555,1.6521250009536743,2.7714271545410156,2.4012863636016846,1.8577102422714233,1.7232838869094849,3.166853189468384,0.4811716377735138,2.725637197494507,2.7796757221221924,2.8369569778442383,2.83390212059021,2.865962266921997,2.555511713027954,2.60282301902771,2.535977840423584,2.619259834289551,1.5200390815734863,1.7708781957626343,1.6526206731796265,2.828199625015259,2.4679760932922363,1.8832402229309082,1.7548550367355347,3.2812788486480713,0.34718507528305054,3.1093008518218994,1.627936840057373,1.1838887929916382,-0.5009363293647766,-0.48570385575294495
6,99,2.334765911102295,2.36122727394104,2.4284632205963135,2.3375039100646973,2.394012212753296,2.1294806003570557,2.191699981689453,2.0595805644989014,2.154299259185791,1.6169525384902954,1.8609774112701416,1.73629629611969,2.846193790435791,2.4730160236358643,1.9436900615692139,1.8126840591430664,3.2249395847320557,0.45955905318260193,2.4667136669158936,2.53246808052063,2.585815191268921,2.656937837600708,2.666478395462036,2.3237571716308594,2.3671867847442627,2.422227144241333,2.3772635459899902,1.6612863540649414,1.9072853326797485,1.791314959526062,2.9508986473083496,2.5853798389434814,2.023298501968384,1.8971525430679321,3.3847367763519287,0.3174213171005249,2.9741501808166504,1.6116300821304321,1.1832308769226074,-0.4368167221546173,-0.5002293586730957
6,99,2.374634265899658,2.409127712249756,2.4646899700164795,2.38179349899292,2.4259631633758545,2.1822752952575684,2.2395968437194824,2.0797204971313477,2.1972169876098633,1.6703592538833618,1.9168944358825684,1.794471025466919,2.8923091888427734,2.5308969020843506,2.0009701251983643,1.8752846717834473,3.253316879272461,0.44113966822624207,2.5403807163238525,2.6142148971557617,2.6563923358917236,2.7301971912384033,2.7306442260742188,2.4091832637786865,2.448793649673462,2.4699652194976807,2.4548680782318115,1.738696575164795,1.9851634502410889,1.8726098537445068,3.0139362812042236,2.661069393157959,2.1002070903778076,1.979693055152893,3.427503824234009,0.29818230867385864,3.0597455501556396,1.5911492109298706,1.1385383605957031,-0.45856165885925293,-0.5170530676841736
6,99,2.5318944454193115,2.586646318435669,2.642934560775757,2.6426496505737305,2.686587333679199,2.3600916862487793,2.409034490585327,2.3538248538970947,2.4092185497283936,1.7452378273010254,2.003251552581787,1.8886630535125732,3.0249109268188477,2.7071139812469482,2.087207078933716,1.9716485738754272,3.429964780807495,0.47884222865104675,2.746114492416382,2.840102195739746,2.8838417530059814,3.036787748336792,3.0436627864837646,2.638343572616577,2.6712753772735596,2.788055419921875,2.6850438117980957,1.8183200359344482,2.077017068862915,1.9740954637527466,3.156869411468506,2.8509316444396973,2.1942825317382812,2.08581805229187,3.6185662746429443,0.34026631712913513,3.1041812896728516,1.746956467628479,1.2878822088241577,-0.5281037092208862,-0.5063682794570923
6,99,1.0338410139083862,1.0286794900894165,1.166551113128662,1.617180585861206,1.5664434432983398,0.9381911158561707,1.0308035612106323,2.0554699897766113,0.6430434584617615,1.650578498840332,1.9139536619186401,1.7717758417129517,3.019531726837158,2.6043758392333984,2.0189626216888428,1.868805170059204,3.432213306427002,0.4356857240200043,0.815350353717804,0.8755147457122803,0.991989016532898,1.771041989326477,1.6389992237091064,0.9019643068313599,0.9499323964118958,2.3131134510040283,0.41451936960220337,1.682481288909912,1.9493248462677002,1.8166028261184692,3.12141752243042,2.715970516204834,2.0913376808166504,1.9467706680297852,3.5919508934020996,0.2808426320552826,2.287623405456543,1.357720136642456,1.2117159366607666,-0.16577570140361786,-0.5056836605072021
6,99,1.527653694152832,1.6934187412261963,1.7478355169296265,2.7033846378326416,2.5945096015930176,1.810383915901184,1.8079301118850708,3.2167418003082275,0.45604273676872253,1.7870643138885498,2.0423171520233154,1.9132052659988403,3.1063787937164307,2.7623050212860107,2.1556382179260254,2.0259721279144287,3.5180492401123047,0.3473440706729889,1.5559502840042114,1.718159794807434,1.7590560913085938,2.7865984439849854,2.6568896770477295,1.8855329751968384,1.8712034225463867,3.370440721511841,0.15211881697177887,1.7497318983078003,1.9982519149780273,1.8785959482192993,3.1057426929473877,2.7738020420074463,2.1448943614959717,2.0213119983673096,3.5787644386291504,0.1497916430234909,1.742606282234192,1.2875168323516846,1.2960262298583984,-0.5454356074333191,-0.4668700695037842
6,99,1.6341655254364014,1.8086823225021362,1.8688831329345703,2.839205503463745,2.7618677616119385,1.918095350265503,1.9263559579849243,3.3283772468566895,0.4489346146583557,1.7998576164245605,2.0637359619140625,1.9376001358032227,3.12905216217041,2.8103690147399902,2.1605868339538574,2.035546064376831,3.493541717529297,0.3958643078804016,1.7733958959579468,1.9429367780685425,1.9952528476715088,3.0197672843933105,2.9309113025665283,2.0963728427886963,2.096444606781006,3.5677173137664795,0.1858711987733841,1.7773836851119995,2.0395398139953613,1.927963137626648,3.1573562622070312,2.856581926345825,2.167055130004883,2.051015615463257,3.577402353286743,0.248781219124794,1.8838081359863281,1.262805700302124,1.2004631757736206,-0.6114370226860046,-0.552561342716217
6,99,1.4693355560302734,1.6355223655700684,1.6980417966842651,2.657414436340332,2.566542387008667,1.7452064752578735,1.7524958848953247,3.174769878387451,0.4349513053894043,1.833714485168457,2.0946829319000244,1.9648081064224243,3.1609444618225098,2.8218860626220703,2.194934844970703,2.0625863075256348,3.5437235832214355,0.4134473502635956,1.5247888565063477,1.6937533617019653,1.7421317100524902,2.7762556076049805,2.664142370223999,1.849387526512146,1.8439726829528809,3.3506414890289307,0.18607448041439056,1.7944605350494385,2.053637742996216,1.9368817806243896,3.171229600906372,2.8490331172943115,2.1845083236694336,2.0608527660369873,3.611818552017212,0.25513115525245667,1.8676966428756714,1.2526339292526245,1.2755541801452637,-0.5731311440467834,-0.5269399881362915
6,99,1.4727388620376587,1.6683298349380493,1.6993337869644165,2.7704362869262695,2.6061065196990967,1.7938883304595947,1.773817777633667,3.2555296421051025,0.41708433628082275,1.7577999830245972,2.0251498222351074,1.886204719543457,3.140760898590088,2.7601563930511475,2.1421358585357666,2.0036447048187256,3.522921323776245,0.3357410132884979,1.489911437034607,1.6981168985366821,1.7073843479156494,2.858614683151245,2.664062023162842,1.85781729221344,1.8196887969970703,3.379547595977783,0.2425052672624588,1.7298595905303955,1.9941635131835938,1.8661775588989258,3.1618103981018066,2.7953765392303467,2.1451358795166016,2.0130953788757324,3.603167772293091,0.15518903732299805,1.7238928079605103,1.1626993417739868,1.1942861080169678,-0.5972197651863098,-0.5307809710502625
6,99,1.2930021286010742,1.4725010395050049,1.532250165939331,2.593193292617798,2.505540132522583,1.6044816970825195,1.6153234243392944,3.1323747634887695,0.35784849524497986,1.7172629833221436,1.994362711906433,1.8581258058547974,3.1309404373168945,2.810450553894043,2.111501455307007,1.9818209409713745,3.5606651306152344,0.2902601361274719,1.3148584365844727,1.5108513832092285,1.5486841201782227,2.6931755542755127,2.578054666519165,1.6791248321533203,1.6721134185791016,3.269055128097534,0.19914433360099792,1.7349307537078857,2.0044896602630615,1.8746815919876099,3.193518877029419,2.881284475326538,2.1651179790496826,2.0407333374023438,3.694455862045288,0.03308134526014328,1.8204426765441895,1.1823177337646484,1.307234287261963,-0.5231637358665466,-0.4829288125038147
6,99,2.003481388092041,2.1916141510009766,2.2439279556274414,3.2975852489471436,3.3090126514434814,2.3544843196868896,2.3715806007385254,3.8945889472961426,0.31357741355895996,2.029317617416382,2.2913923263549805,2.1823689937591553,3.359241247177124,3.135742664337158,2.3948938846588135,2.296205997467041,3.7908682823181152,0.3506683111190796,2.2227416038513184,2.4133267402648926,2.4513356685638428,3.5554628372192383,3.547825336456299,2.6047375202178955,2.612131357192993,4.190322399139404,0.08563455194234848,2.1902973651885986,2.448955774307251,2.3488569259643555,3.5647125244140625,3.3532865047454834,2.586062431335449,2.494784355163574,4.050511837005615,0.16534177958965302,2.0126917362213135,1.1553541421890259,1.2608760595321655,-0.6836892366409302,-0.6019354462623596
6,99,1.5764998197555542,1.7539924383163452,1.8296364545822144,2.826575756072998,2.810577154159546,1.8629319667816162,1.8914930820465088,3.3696463108062744,0.4636930823326111,1.7454861402511597,2.0217137336730957,1.8962677717208862,3.1083908081054688,2.8315553665161133,2.102283477783203,1.9835630655288696,3.510188579559326,0.402975469827652,1.7212564945220947,1.9092379808425903,1.9662115573883057,3.055037498474121,3.014389753341675,2.0678415298461914,2.080841302871704,3.657522201538086,0.19600822031497955,1.8123890161514282,2.0934784412384033,1.9825516939163208,3.2385246753692627,2.9802658557891846,2.201733112335205,2.093146800994873,3.6841726303100586,0.3191520869731903,2.02850604057312,1.1843868494033813,1.182043194770813,-0.627938449382782,-0.5714350342750549
6,99,2.6958537101745605,2.742048501968384,2.8105313777923584,2.7801148891448975,2.833777904510498,2.4985015392303467,2.5537455081939697,2.457016944885254,2.554384469985962,1.847603440284729,2.1211564540863037,1.9913504123687744,3.209092140197754,2.842083692550659,2.2073593139648438,2.0735580921173096,3.597256898880005,0.45768505334854126,2.9046175479888916,2.99267315864563,3.049006700515747,3.185222864151001,3.19873046875,2.775491237640381,2.8137848377227783,2.9082071781158447,2.8334076404571533,1.8775838613510132,2.1555917263031006,2.0394344329833984,3.3061764240264893,2.954568386077881,2.271986246109009,2.1467230319976807,3.7441859245300293,0.36088046431541443,3.372340679168701,1.8375617265701294,1.1116416454315186,-0.5712202191352844,-0.568334698677063
6,99,2.4917094707489014,2.5298874378204346,2.6011905670166016,2.540900230407715,2.6149673461914062,2.300354480743408,2.3576807975769043,2.2610151767730713,2.3395345211029053,1.7516813278198242,1.9968526363372803,1.8735456466674805,2.9597063064575195,2.625600576400757,2.0667595863342285,1.9421461820602417,3.3305916786193848,0.4748307168483734,2.6675543785095215,2.745002269744873,2.804370403289795,2.903545618057251,2.937809467315674,2.540132761001587,2.581209897994995,2.6693403720855713,2.589792490005493,1.8182259798049927,2.0680925846099854,1.9550375938415527,3.0965662002563477,2.7735519409179688,2.171083927154541,2.052968740463257,3.52146315574646,0.3587800860404968,3.1486310958862305,1.7133709192276,1.1525943279266357,-0.5085211992263794,-0.5148001313209534
6,99,1.3615319728851318,1.5215836763381958,1.5973371267318726,2.4658830165863037,2.3705692291259766,1.5595223903656006,1.5784389972686768,2.8453006744384766,0.638711154460907,1.7721000909805298,2.037600040435791,1.8849183320999146,3.0540237426757812,2.658863067626953,2.096989631652832,1.9476954936981201,3.3238327503204346,0.45724424719810486,1.3927265405654907,1.5803320407867432,1.6307957172393799,2.63641619682312,2.5004143714904785,1.6754417419433594,1.6698782444000244,3.0735223293304443,0.43179139494895935,1.7671929597854614,2.039417028427124,1.896941065788269,3.1243982315063477,2.7419440746307373,2.131399393081665,1.9880784749984741,3.449150800704956,0.3281532824039459,2.1522793769836426,1.4085227251052856,1.1394274234771729,-0.4672882556915283,-0.5263746380805969
6,99,1.6846922636032104,1.8741061687469482,1.9220799207687378,2.9176719188690186,2.796637535095215,1.9732897281646729,1.9672763347625732,3.3688387870788574,0.5295966267585754,2.02164626121521,2.285924196243286,2.1651036739349365,3.3867321014404297,3.035142660140991,2.39546799659729,2.2634084224700928,3.7417683601379395,0.37491896748542786,1.7814033031463623,1.9694758653640747,2.0028395652770996,3.072040557861328,2.929779529571533,2.1192569732666016,2.1009316444396973,3.5951216220855713,0.20329654216766357,2.0425546169281006,2.3003170490264893,2.1850438117980957,3.4432623386383057,3.098844051361084,2.4446873664855957,2.3170604705810547,3.863942861557007,0.12248847633600235,1.8534016609191895,1.3978534936904907,1.2729904651641846,-0.5954733490943909,-0.5496760010719299
6,99,1.7944293022155762,1.9737108945846558,2.034456729888916,2.92484712600708,2.8874635696411133,2.048891544342041,2.0648810863494873,3.3514764308929443,0.6251123547554016,1.8527069091796875,2.1091742515563965,2.002380609512329,3.1226465702056885,2.8566086292266846,2.1924099922180176,2.0849270820617676,3.469672918319702,0.40172526240348816,1.9086238145828247,2.0777528285980225,2.1348278522491455,3.0734431743621826,3.029290199279785,2.199542760848999,2.2107298374176025,3.5765511989593506,0.31496763229370117,1.8675507307052612,2.112499713897705,2.0075225830078125,3.1681463718414307,2.903714895248413,2.238481283187866,2.1324055194854736,3.5938940048217773,0.09218807518482208,1.7725553512573242,1.5769574642181396,1.3249214887619019,-0.4831140339374542,-0.48305004835128784
6,99,1.7806953191757202,1.9530779123306274,2.008479118347168,2.8979108333587646,2.8575222492218018,2.0492043495178223,2.059468984603882,3.368652820587158,0.5771322846412659,1.8475470542907715,2.093447685241699,1.9884978532791138,3.0769381523132324,2.8252458572387695,2.181302547454834,2.077770709991455,3.4561166763305664,0.44765475392341614,1.8597006797790527,2.0227346420288086,2.0723938941955566,3.0112693309783936,2.961522340774536,2.16271710395813,2.1675944328308105,3.554222822189331,0.2754269540309906,1.855495572090149,2.091273307800293,1.9881863594055176,3.114419460296631,2.8649075031280518,2.2172985076904297,2.115598201751709,3.5644116401672363,0.17604698240756989,1.6465154886245728,1.5233781337738037,1.350994348526001,-0.5069490075111389,-0.47977393865585327
6,99,1.5636399984359741,1.7392698526382446,1.7918524742126465,2.7062454223632812,2.645970344543457,1.8304082155227661,1.835411787033081,3.2309157848358154,0.6128437519073486,1.6842529773712158,1.9298514127731323,1.8136475086212158,2.925837993621826,2.6400818824768066,2.0160889625549316,1.9008342027664185,3.3478012084960938,0.4635908305644989,1.5266005992889404,1.7058038711547852,1.7415926456451416,2.7464218139648438,2.657411813735962,1.8490227460861206,1.8396252393722534,3.338937282562256,0.3226948380470276,1.6166412830352783,1.8566796779632568,1.7453800439834595,2.904170513153076,2.6253714561462402,1.982926845550537,1.8716435432434082,3.3961827754974365,0.23641963303089142,1.6394978761672974,1.524405837059021,1.33359956741333,-0.4677424430847168,-0.4571964740753174
6,99,1.2502102851867676,1.4061344861984253,1.4645214080810547,2.446723699569702,2.334003210067749,1.5376924276351929,1.5364712476730347,3.1015303134918213,0.5518154501914978,1.8060381412506104,2.046095848083496,1.9274934530258179,3.1581599712371826,2.8230180740356445,2.1953859329223633,2.070408821105957,3.7219204902648926,0.46842050552368164,1.2588478326797485,1.4355710744857788,1.4648324251174927,2.5685861110687256,2.415026903152466,1.620105504989624,1.5950889587402344,3.2687690258026123,0.367497056722641,1.7909237146377563,2.0257568359375,1.916230320930481,3.195274829864502,2.8711113929748535,2.2169229984283447,2.098180055618286,3.8257029056549072,0.2571229636669159,1.6971796751022339,1.4246752262115479,1.311261534690857,-0.4486082196235657,-0.5595160722732544
6,99,1.5491842031478882,1.7271254062652588,1.7742937803268433,2.7633001804351807,2.691610097885132,1.851913571357727,1.853857398033142,3.3396310806274414,0.5076384544372559,1.8347784280776978,2.08434796333313,1.9720507860183716,3.1413662433624268,2.863952398300171,2.1956379413604736,2.0835840702056885,3.6114652156829834,0.450854629278183,1.5381007194519043,1.7280739545822144,1.7531636953353882,2.826737642288208,2.7229812145233154,1.8891927003860474,1.873481273651123,3.4440746307373047,0.31243836879730225,1.7887734174728394,2.0327391624450684,1.9296364784240723,3.1402747631073,2.874687671661377,2.181436538696289,2.0760810375213623,3.6768007278442383,0.23563532531261444,1.6310092210769653,1.4036561250686646,1.3214439153671265,-0.5236772298812866,-0.5421050190925598
6,99,1.607513427734375,1.7921969890594482,1.8367189168930054,2.8215246200561523,2.749994993209839,1.9026459455490112,1.9043031930923462,3.3718578815460205,0.565502405166626,1.8070976734161377,2.0619490146636963,1.9475003480911255,3.1127450466156006,2.835618495941162,2.160822629928589,2.048229217529297,3.562939167022705,0.48377999663352966,1.576651930809021,1.7708048820495605,1.795147180557251,2.867421865463257,2.7656924724578857,1.9234586954116821,1.9086854457855225,3.4717884063720703,0.31994327902793884,1.7457823753356934,1.9954257011413574,1.8893303871154785,3.099177598953247,2.8334007263183594,2.1335983276367188,2.027285575866699,3.620602607727051,0.2499866634607315,1.6272677183151245,1.4994107484817505,1.3690671920776367,-0.4940291941165924,-0.4957585632801056
6,99,1.6472684144973755,1.8322372436523438,1.8718864917755127,2.903270959854126,2.8220105171203613,1.9702153205871582,1.9648844003677368,3.498901844024658,0.5181335806846619,1.8515459299087524,2.099083185195923,1.9882136583328247,3.1709747314453125,2.895772695541382,2.2175347805023193,2.1046457290649414,3.6611037254333496,0.44885218143463135,1.6604726314544678,1.8549270629882812,1.8735098838806152,2.980055809020996,2.8687314987182617,2.0269052982330322,2.00538969039917,3.614711046218872,0.32020631432533264,1.8192229270935059,2.0610477924346924,1.9573420286178589,3.182962417602539,2.9165244102478027,2.2185075283050537,2.111386775970459,3.740460157394409,0.21856768429279327,1.5660876035690308,1.4594156742095947,1.3671059608459473,-0.5367826223373413,-0.5002598166465759
6,99,1.8811447620391846,2.073725700378418,2.1162288188934326,3.1485767364501953,3.157214403152466,2.2189977169036865,2.2353525161743164,3.798776626586914,0.6422934532165527,1.8258975744247437,2.07124400138855,1.9813388586044312,3.168720006942749,3.0008182525634766,2.218902587890625,2.1418042182922363,3.766024589538574,0.4868561923503876,1.8981279134750366,2.0911262035369873,2.116394281387329,3.2331809997558594,3.217231512069702,2.2881569862365723,2.2904536724090576,3.9508116245269775,0.3232962191104889,1.8248496055603027,2.055785894393921,1.9764745235443115,3.211775064468384,3.0591983795166016,2.2571141719818115,2.1873254776000977,3.894350290298462,0.16433164477348328,1.4679147005081177,1.5315438508987427,1.4443881511688232,-0.5462397933006287,-0.4930204749107361
6,99,1.8182575702667236,2.051215410232544,2.060502290725708,3.2420437335968018,3.101991653442383,2.193946599960327,2.1668875217437744,3.7611031532287598,0.6461576223373413,1.8210852146148682,2.100254535675049,2.003702402114868,3.3106637001037598,3.040254592895508,2.242793560028076,2.14003586769104,3.7881057262420654,0.5121949911117554,1.8398239612579346,2.077375650405884,2.0647377967834473,3.332386016845703,3.1641147136688232,2.2686431407928467,2.2250101566314697,3.919374942779541,0.31609946489334106,1.836808681488037,2.1047565937042236,2.0191256999969482,3.3670406341552734,3.1104273796081543,2.293400764465332,2.1988041400909424,3.9235877990722656,0.22530972957611084,1.1365628242492676,1.414346694946289,1.3958548307418823,-0.6195766925811768,-0.5219475626945496
6,99,1.7067193984985352,1.9358981847763062,1.9305896759033203,3.2119643688201904,3.021857738494873,2.131497621536255,2.088757276535034,3.8873918056488037,0.7363952994346619,1.9048821926116943,2.165900945663452,2.0786983966827393,3.496891975402832,3.2081706523895264,2.3897030353546143,2.2910900115966797,4.161375045776367,0.6409886479377747,1.7947827577590942,2.0276732444763184,1.9957900047302246,3.38991641998291,3.165025234222412,2.287777900695801,2.2243292331695557,4.133937358856201,0.4318130314350128,1.99294912815094,2.2386491298675537,2.1676812171936035,3.6192164421081543,3.347773551940918,2.508725643157959,2.4194657802581787,4.353578090667725,0.39055266976356506,0.9021171927452087,1.376753807067871,1.3455326557159424,-0.6352863311767578,-0.5945046544075012
6,99,1.4864490032196045,1.741274356842041,1.750077486038208,2.778308153152466,2.6576693058013916,1.7743619680404663,1.748254418373108,3.0657293796539307,0.8695120811462402,1.3192332983016968,1.6019275188446045,1.547126293182373,2.6236205101013184,2.419156312942505,1.6075224876403809,1.5305075645446777,2.8541505336761475,0.8903886675834656,1.3774962425231934,1.649924874305725,1.6330268383026123,2.7734711170196533,2.614051342010498,1.732276439666748,1.68418288230896,3.1252989768981934,0.6177341341972351,1.2113945484161377,1.4931573867797852,1.4593331813812256,2.584923267364502,2.404603958129883,1.544508695602417,1.4830535650253296,2.8996407985687256,0.6806957721710205,0.6457558870315552,1.3348517417907715,1.405897617340088,-0.4368720054626465,-0.36934953927993774
6,99,1.514961838722229,1.7425698041915894,1.7623261213302612,2.7081942558288574,2.644486427307129,1.792851209640503,1.778551459312439,3.0552546977996826,0.8397078514099121,1.310664415359497,1.563997507095337,1.5255199670791626,2.512571334838867,2.3716728687286377,1.5865328311920166,1.5274369716644287,2.8089215755462646,0.8499290347099304,1.4249120950698853,1.6634842157363892,1.6645478010177612,2.7014753818511963,2.6088778972625732,1.7554928064346313,1.726063847541809,3.109300374984741,0.6058354377746582,1.2058769464492798,1.4559909105300903,1.4383951425552368,2.467294931411743,2.3510262966156006,1.5197839736938477,1.476004719734192,2.842670202255249,0.6488682627677917,0.6475905179977417,1.2871218919754028,1.341215968132019,-0.42822468280792236,-0.43683484196662903
6,99,1.899154543876648,2.1344847679138184,2.154628276824951,3.214355230331421,3.1981332302093506,2.2378408908843994,2.2421762943267822,3.6530280113220215,0.881115734577179,1.5424187183380127,1.815371036529541,1.7684433460235596,2.8789114952087402,2.7759110927581787,1.8817344903945923,1.837017297744751,3.258153200149536,0.8997325301170349,1.9246355295181274,2.173161745071411,2.1702640056610107,3.315471649169922,3.2662885189056396,2.3101658821105957,2.296065330505371,3.7901077270507812,0.7127248644828796,1.5527902841567993,1.8166618347167969,1.7919180393218994,2.94380784034729,2.866828680038452,1.931451678276062,1.901875376701355,3.3970987796783447,0.7016743421554565,0.8319606781005859,1.2586361169815063,1.3925681114196777,-0.5507880449295044,-0.5192181468009949
6,99,1.912420630455017,2.1366307735443115,2.157662868499756,3.2169084548950195,3.1748998165130615,2.2525339126586914,2.2502212524414062,3.660651683807373,0.9388301968574524,1.627620816230774,1.8861459493637085,1.840640902519226,2.9270429611206055,2.797797679901123,1.952650547027588,1.9013457298278809,3.28804874420166,1.0311495065689087,1.958358883857727,2.1954009532928467,2.192298173904419,3.3420448303222656,3.266439199447632,2.348782539367676,2.327854633331299,3.8281517028808594,0.7536764144897461,1.6283398866653442,1.8803008794784546,1.8563679456710815,2.994418144226074,2.891744613647461,1.998857021331787,1.9628610610961914,3.4379210472106934,0.8189998269081116,0.8308340907096863,1.2573845386505127,1.4276149272918701,-0.5312883257865906,-0.5180214643478394
6,99,1.863342046737671,2.0953893661499023,2.115048885345459,3.113130807876587,3.076430320739746,2.1733155250549316,2.170948028564453,3.5108819007873535,0.9847018718719482,1.533665657043457,1.7987288236618042,1.7513114213943481,2.7631688117980957,2.635599374771118,1.819161295890808,1.7671369314193726,3.072141170501709,1.0471872091293335,1.8612126111984253,2.1042299270629883,2.1010384559631348,3.190725326538086,3.1207659244537354,2.2220282554626465,2.2019526958465576,3.6361920833587646,0.78635174036026,1.4779075384140015,1.7373031377792358,1.7121444940567017,2.783259868621826,2.684084177017212,1.8135175704956055,1.7774221897125244,3.1847569942474365,0.8231386542320251,0.8536571860313416,1.2834985256195068,1.4543111324310303,-0.4916363060474396,-0.44254592061042786
6,99,1.9963526725769043,2.224562168121338,2.2468173503875732,3.290677785873413,3.2927019596099854,2.329941987991333,2.338752269744873,3.798109292984009,1.0140817165374756,1.555919885635376,1.8192790746688843,1.770958423614502,2.8456499576568604,2.7561330795288086,1.8749746084213257,1.8334311246871948,3.2862703800201416,1.0127627849578857,2.0126841068267822,2.250615119934082,2.251340389251709,3.3870058059692383,3.3588945865631104,2.3980607986450195,2.390176296234131,3.9453275203704834,0.8071436882019043,1.513043761253357,1.7684050798416138,1.7444419860839844,2.8765921592712402,2.8171467781066895,1.8828548192977905,1.8579121828079224,3.4088239669799805,0.777294933795929,0.920052707195282,1.260337471961975,1.4418838024139404,-0.570972204208374,-0.49002307653427124
6,99,1.9821110963821411,2.210378408432007,2.232412576675415,3.2686867713928223,3.222888946533203,2.3078744411468506,2.3001809120178223,3.6707329750061035,1.0030080080032349,1.5741026401519775,1.8335646390914917,1.7866038084030151,2.8516125679016113,2.710137128829956,1.8823333978652954,1.8250792026519775,3.1758172512054443,1.0210545063018799,2.032496690750122,2.2716376781463623,2.271251916885376,3.393221855163574,3.3158786296844482,2.4055087566375732,2.3817739486694336,3.835759162902832,0.8246946334838867,1.5596354007720947,1.814072847366333,1.7898627519607544,2.909886598587036,2.7989342212677,1.9171457290649414,1.8760602474212646,3.3214592933654785,0.8039426207542419,0.9113319516181946,1.22044038772583,1.3716368675231934,-0.5647881627082825,-0.48073843121528625
6,99,1.8564651012420654,2.0930397510528564,2.0975077152252197,3.106842279434204,2.9688360691070557,2.154567003250122,2.120389461517334,3.3635873794555664,0.9877731204032898,1.5485650300979614,1.8104279041290283,1.7590073347091675,2.7958931922912598,2.5760610103607178,1.8350963592529297,1.75868558883667,2.9810101985931396,1.0098246335983276,1.8456699848175049,2.094900131225586,2.075860023498535,3.1707234382629395,2.997051954269409,2.1900346279144287,2.1380298137664795,3.4646589756011963,0.8044555187225342,1.499188780784607,1.7584381103515625,1.7234810590744019,2.81097149848938,2.613260269165039,1.8283345699310303,1.7637807130813599,3.0770230293273926,0.7970089316368103,0.7590681910514832,1.1979066133499146,1.3498364686965942,-0.5310786962509155,-0.43877512216567993
6,99,1.6768440008163452,1.9060767889022827,1.921565294265747,2.8790905475616455,2.7478902339935303,1.9419465065002441,1.913567066192627,3.117133855819702,0.9894456267356873,1.451626181602478,1.7105499505996704,1.662092685699463,2.662095785140991,2.4396700859069824,1.7117815017700195,1.635011076927185,2.8267300128936768,1.0137526988983154,1.5984523296356201,1.8452321290969849,1.833914041519165,2.8900344371795654,2.718902111053467,1.9170341491699219,1.868004560470581,3.1709249019622803,0.7921047210693359,1.3585705757141113,1.6168287992477417,1.5849711894989014,2.640104055404663,2.43930721282959,1.6638954877853394,1.5988717079162598,2.890082597732544,0.7965616583824158,0.736711323261261,1.2458457946777344,1.3745876550674438,-0.4418427646160126,-0.38504889607429504
6,99,2.0277721881866455,2.2643728256225586,2.289398193359375,3.330240488052368,3.304123878479004,2.351325750350952,2.352065324783325,3.706652879714966,0.9894333481788635,1.595198154449463,1.8661284446716309,1.8216311931610107,2.906024217605591,2.785827159881592,1.911867618560791,1.8624306917190552,3.2165658473968506,0.9887696504592896,2.116105556488037,2.367079257965088,2.369697332382202,3.4863674640655518,3.4285194873809814,2.479072332382202,2.4628746509552,3.886392116546631,0.887941300868988,1.6293572187423706,1.8945380449295044,1.8741073608398438,2.998278856277466,2.9087376594543457,1.9842472076416016,1.9515008926391602,3.3806607723236084,0.8224949240684509,0.9477279186248779,1.26723313331604,1.3815938234329224,-0.5900971293449402,-0.49764591455459595
6,99,2.2951316833496094,2.576430082321167,2.591125965118408,3.783085823059082,3.7168161869049072,2.6665048599243164,2.65095591545105,4.110118865966797,1.0473730564117432,1.9648898839950562,2.2693653106689453,2.2341928482055664,3.4163084030151367,3.279508352279663,2.3033971786499023,2.2492737770080566,3.6400904655456543,1.212386965751648,2.4156413078308105,2.708411455154419,2.7042665481567383,3.9738986492156982,3.8788206577301025,2.829946279525757,2.7995853424072266,4.33601713180542,0.8596854209899902,1.9715851545333862,2.2717485427856445,2.258344888687134,3.482909679412842,3.37493634223938,2.3480224609375,2.3103597164154053,3.785390615463257,1.004517674446106,0.8729575276374817,1.349661946296692,1.4910860061645508,-0.6035323739051819,-0.5792077779769897
6,99,2.1272261142730713,2.3834636211395264,2.391411781311035,3.553542375564575,3.4429104328155518,2.4797897338867188,2.456864356994629,3.977729320526123,1.0396164655685425,1.9191324710845947,2.209134817123413,2.1539251804351807,3.363863706588745,3.1648337841033936,2.2713375091552734,2.199934244155884,3.711817741394043,1.1129741668701172,2.2452292442321777,2.514500856399536,2.5009920597076416,3.7491023540496826,3.6055710315704346,2.646308183670044,2.605841636657715,4.207067012786865,0.8862807154655457,1.96367609500885,2.247265100479126,2.21187162399292,3.4679319858551025,3.293665647506714,2.357434034347534,2.3002941608428955,3.8939642906188965,0.9101372361183167,0.8648615479469299,1.3309605121612549,1.4358335733413696,-0.6172106862068176,-0.575988233089447
6,99,2.1294498443603516,2.3783040046691895,2.401827573776245,3.441972017288208,3.4059059619903564,2.4384028911590576,2.434797525405884,3.7654213905334473,1.104569673538208,1.8216809034347534,2.098900079727173,2.059032678604126,3.088642120361328,2.9664077758789062,2.0911176204681396,2.038346767425537,3.2921016216278076,1.244703769683838,2.2177340984344482,2.4805362224578857,2.4813613891601562,3.5967369079589844,3.527576208114624,2.5671026706695557,2.5455477237701416,3.9431228637695312,0.986598014831543,1.8162710666656494,2.0893049240112305,2.074045181274414,3.152560234069824,3.0619401931762695,2.1291868686676025,2.0951879024505615,3.4415760040283203,1.0591239929199219,0.9225513935089111,1.2955509424209595,1.4578458070755005,-0.5785377025604248,-0.5630921125411987
6,99,2.1175715923309326,2.3509042263031006,2.3835556507110596,3.344916343688965,3.3537070751190186,2.4045193195343018,2.413867235183716,3.665402889251709,1.0719530582427979,1.7447963953018188,2.0081019401550293,1.977903962135315,2.9242656230926514,2.8459982872009277,1.9889335632324219,1.9509340524673462,3.1273045539855957,1.2096425294876099,2.1809909343719482,2.4284420013427734,2.439736843109131,3.474881410598755,3.45283842086792,2.5069427490234375,2.499927520751953,3.8240764141082764,0.9402034282684326,1.717866063117981,1.9775912761688232,1.9702247381210327,2.974299430847168,2.926363945007324,2.010228157043457,1.9892892837524414,3.2705721855163574,0.9890195727348328,0.9493173956871033,1.3081235885620117,1.4435200691223145,-0.5643243193626404,-0.5421140789985657
6,99,1.7875497341156006,2.024660348892212,2.0429656505584717,3.0453040599823,2.923577070236206,2.064091682434082,2.0469489097595215,3.2993311882019043,1.0720151662826538,1.711474895477295,1.9887415170669556,1.9354709386825562,2.9893834590911865,2.770005941390991,1.9890682697296143,1.915568470954895,3.148676872253418,1.1737009286880493,1.7393603324890137,2.000392436981201,1.9872150421142578,3.104088306427002,2.93574595451355,2.078839063644409,2.035524606704712,3.4009368419647217,0.8670783042907715,1.6277174949645996,1.9022854566574097,1.8672549724578857,2.9911694526672363,2.7936229705810547,1.9605282545089722,1.9002119302749634,3.2540228366851807,0.9039909839630127,0.7778250575065613,1.3398475646972656,1.5013622045516968,-0.4860326647758484,-0.5272464156150818
6,99,1.645535945892334,1.8648251295089722,1.8928970098495483,2.7849409580230713,2.699632167816162,1.863067865371704,1.8559048175811768,3.053264617919922,1.10863196849823,1.5709178447723389,1.8267675638198853,1.788440465927124,2.73883056640625,2.558321714401245,1.7959091663360596,1.731506586074829,2.931757926940918,1.171730637550354,1.553785800933838,1.7962945699691772,1.7982215881347656,2.801117420196533,2.673595666885376,1.833361268043518,1.8028491735458374,3.119748830795288,0.9132221341133118,1.4761605262756348,1.731619119644165,1.7104063034057617,2.71872615814209,2.559311866760254,1.7468467950820923,1.696579933166504,2.9998998641967773,0.9601333141326904,0.6845669150352478,1.4540379047393799,1.5321661233901978,-0.3951352536678314,-0.45105719566345215
6,99,1.3969520330429077,1.5779842138290405,1.6062122583389282,2.331897020339966,2.262995481491089,1.5579675436019897,1.5542008876800537,2.575413703918457,0.9787306785583496,1.6261674165725708,1.8530020713806152,1.8037267923355103,2.648064613342285,2.466646432876587,1.8346589803695679,1.767805814743042,2.8215181827545166,1.1275626420974731,1.2202633619308472,1.4226126670837402,1.427310824394226,2.2692387104034424,2.159334421157837,1.445896863937378,1.4209260940551758,2.5848476886749268,0.7422839403152466,1.4590327739715576,1.683437466621399,1.649311900138855,2.5499866008758545,2.388612747192383,1.7100366353988647,1.6547318696975708,2.8245620727539062,0.8529374003410339,0.7813661694526672,1.3898414373397827,1.7301939725875854,-0.40867969393730164,-0.34025341272354126
6,99,1.4737775325775146,1.6569167375564575,1.6991137266159058,2.4076168537139893,2.381077527999878,1.6295053958892822,1.6359074115753174,2.641387701034546,1.0156168937683105,1.618954062461853,1.8503410816192627,1.812706708908081,2.633809804916382,2.4953455924987793,1.8133734464645386,1.7595276832580566,2.7940475940704346,1.1375868320465088,1.267903208732605,1.4721956253051758,1.4910842180252075,2.314615488052368,2.2480294704437256,1.4866913557052612,1.4733296632766724,2.626807451248169,0.7527210712432861,1.428550362586975,1.6590977907180786,1.6328052282333374,2.5143630504608154,2.3896329402923584,1.6673380136489868,1.6210378408432007,2.7788262367248535,0.8495959043502808,0.7592222094535828,1.459801197052002,1.7618458271026611,-0.40049418807029724,-0.3253956139087677
6,99,1.4351041316986084,1.5979115962982178,1.6631885766983032,2.2495570182800293,2.2840538024902344,1.5431773662567139,1.570320963859558,2.4601962566375732,1.0552899837493896,1.5597131252288818,1.7700326442718506,1.7498339414596558,2.4015276432037354,2.3152453899383545,1.6698710918426514,1.6323895454406738,2.467480182647705,1.2758214473724365,1.2355000972747803,1.420824408531189,1.4625508785247803,2.163642644882202,2.155745267868042,1.4044597148895264,1.411544680595398,2.448540449142456,0.8147063851356506,1.3559141159057617,1.5720906257629395,1.5578511953353882,2.292173385620117,2.2114474773406982,1.5199720859527588,1.4858253002166748,2.4766297340393066,0.9869049191474915,0.8198224902153015,1.4890317916870117,1.8076790571212769,-0.3172725737094879,-0.26218104362487793
6,99,1.6059637069702148,1.7884070873260498,1.839215874671936,2.5669217109680176,2.6073379516601562,1.7789299488067627,1.7983150482177734,2.9494762420654297,1.097619652748108,1.830698013305664,2.057372570037842,2.0276939868927,2.8393301963806152,2.76518177986145,2.0223851203918457,1.985284447669983,3.113104820251465,1.324358344078064,1.5197691917419434,1.7213913202285767,1.748523235321045,2.5985381603240967,2.6020026206970215,1.7636409997940063,1.7655258178710938,3.0591654777526855,0.8578837513923645,1.7254831790924072,1.9531112909317017,1.931339144706726,2.830760955810547,2.7681562900543213,1.9796395301818848,1.948353886604309,3.2255783081054688,1.008164882659912,0.8626970052719116,1.4744995832443237,1.888142466545105,-0.43942901492118835,-0.4136626720428467
6,99,1.512610912322998,1.695693016052246,1.7237011194229126,2.42914080619812,2.3307693004608154,1.6618280410766602,1.6483515501022339,2.54496693611145,1.0962754487991333,1.6657071113586426,1.8936012983322144,1.84767746925354,2.6547813415527344,2.4495534896850586,1.8492062091827393,1.7775143384933472,2.6819770336151123,1.2377315759658813,1.4665966033935547,1.671105146408081,1.6744093894958496,2.4597971439361572,2.320871591567993,1.653767704963684,1.6192454099655151,2.5897607803344727,1.0219899415969849,1.5777136087417603,1.8015568256378174,1.7748751640319824,2.6238651275634766,2.4420831203460693,1.7945235967636108,1.7365537881851196,2.7396748065948486,1.0431554317474365,0.7513715624809265,1.2685235738754272,1.6387909650802612,-0.4175468683242798,-0.43753939867019653
6,99,1.7018342018127441,1.901901364326477,1.9531086683273315,2.6515045166015625,2.6692123413085938,1.8524624109268188,1.875204086303711,2.7134907245635986,1.1738849878311157,1.6633108854293823,1.8803247213363647,1.9039472341537476,2.5906217098236084,2.5722951889038086,1.7880644798278809,1.790340542793274,2.5684800148010254,1.3180155754089355,1.6165045499801636,1.8337745666503906,1.8649823665618896,2.6670033931732178,2.6520960330963135,1.82689368724823,1.833290934562683,2.797650098800659,0.9553046226501465,1.561058521270752,1.772968053817749,1.8107540607452393,2.556649684906006,2.5520248413085938,1.7334800958633423,1.7453805208206177,2.6433751583099365,1.0560425519943237,0.3530592918395996,1.4439709186553955,1.7522529363632202,-0.45730915665626526,-0.4316703677177429
6,99,1.1857450008392334,1.3715568780899048,1.4151313304901123,2.0558342933654785,1.9949301481246948,1.2959191799163818,1.3034919500350952,2.06648325920105,0.9052790999412537,1.2928229570388794,1.5155155658721924,1.5096241235733032,2.257843017578125,2.130887508392334,1.4560222625732422,1.4220798015594482,2.245626449584961,0.9273915886878967,0.9169551134109497,1.1189641952514648,1.1476597785949707,1.9063993692398071,1.8099039793014526,1.1034200191497803,1.09476900100708,2.0260732173919678,0.5689058899879456,1.0938122272491455,1.3155670166015625,1.3158633708953857,2.120809555053711,1.9946006536483765,1.3028794527053833,1.2724614143371582,2.2066080570220947,0.6494568586349487,0.3806305229663849,1.3293460607528687,1.6416544914245605,-0.27784767746925354,-0.13628292083740234
6,99,1.2060353755950928,1.3911329507827759,1.4295495748519897,2.0975160598754883,2.020092487335205,1.3345320224761963,1.333689570426941,2.2099223136901855,0.8857933878898621,1.3357195854187012,1.557183027267456,1.5402768850326538,2.2881321907043457,2.140507698059082,1.4950511455535889,1.4507215023040771,2.3436713218688965,0.9919971227645874,0.967919111251831,1.1734358072280884,1.1890913248062134,1.9801595211029053,1.8639470338821411,1.1738097667694092,1.152789831161499,2.187330484390259,0.5666301250457764,1.1185736656188965,1.3444526195526123,1.3272817134857178,2.159177541732788,2.0069520473480225,1.3394792079925537,1.2942568063735962,2.326795816421509,0.6542490124702454,0.43944036960601807,1.328057885169983,1.7420146465301514,-0.34721362590789795,-0.10520710796117783
6,99,1.3493103981018066,1.5413498878479004,1.585017442703247,2.2240216732025146,2.232476234436035,1.4717766046524048,1.4866955280303955,2.3534469604492188,0.9241307377815247,1.4898093938827515,1.7100305557250977,1.7076530456542969,2.3993518352508545,2.347108840942383,1.6265186071395874,1.6049593687057495,2.4601457118988037,1.066801905632019,1.0583566427230835,1.2627633810043335,1.2909780740737915,2.0348994731903076,2.0142054557800293,1.2491823434829712,1.2506508827209473,2.2845256328582764,0.5651466846466064,1.2191091775894165,1.4415713548660278,1.4405392408370972,2.203864812850952,2.149639129638672,1.408042311668396,1.3872188329696655,2.388345956802368,0.7117907404899597,0.40434667468070984,1.568264126777649,1.8717758655548096,-0.27309054136276245,-0.16880016028881073
6,99,1.3113230466842651,1.4953181743621826,1.5385515689849854,2.2044949531555176,2.189141035079956,1.4563945531845093,1.467523217201233,2.328132152557373,0.8303935527801514,1.4467873573303223,1.6555843353271484,1.6517847776412964,2.3197708129882812,2.2472050189971924,1.568642258644104,1.543314814567566,2.311685562133789,1.0848618745803833,1.0865259170532227,1.2793971300125122,1.3087983131408691,2.061089515686035,2.020071268081665,1.2905997037887573,1.2896263599395752,2.2862448692321777,0.5159866809844971,1.1543151140213013,1.3660098314285278,1.3681403398513794,2.112200975418091,2.0411860942840576,1.3325300216674805,1.3106880187988281,2.2428152561187744,0.7090347409248352,0.47819098830223083,1.468575358390808,1.857709527015686,-0.3335244059562683,-0.10028073936700821
6,99,1.2225571870803833,1.396973729133606,1.4139376878738403,2.034299850463867,1.9284297227859497,1.3416364192962646,1.3293548822402954,2.0176894664764404,0.8624400496482849,1.3211520910263062,1.5247111320495605,1.4936443567276,2.170146942138672,1.9968465566635132,1.455423355102539,1.4051109552383423,2.0837154388427734,0.9481269717216492,1.0527830123901367,1.2387253046035767,1.2414793968200684,1.946877121925354,1.8111478090286255,1.22721266746521,1.1998064517974854,2.00982403755188,0.6050081253051758,1.1078153848648071,1.3121129274368286,1.2860963344573975,2.0324621200561523,1.8587188720703125,1.2972497940063477,1.2474322319030762,2.065765619277954,0.6279178857803345,0.41770872473716736,1.2737669944763184,1.5969043970108032,-0.4357793629169464,-0.10617586970329285
6,99,1.815690279006958,2.031602144241333,2.078864812850952,2.8936407566070557,2.948237419128418,2.0264203548431396,2.0532217025756836,3.1823318004608154,1.0644872188568115,1.6146271228790283,1.8570759296417236,1.8435211181640625,2.616363763809204,2.58711838722229,1.7593902349472046,1.7414988279342651,2.7461323738098145,1.2788161039352417,1.7358689308166504,1.9608646631240845,1.9916331768035889,2.89111590385437,2.921590805053711,2.000882387161255,2.015072822570801,3.2548863887786865,0.7979431748390198,1.409052848815918,1.6614516973495483,1.6473422050476074,2.5380585193634033,2.5089499950408936,1.6378535032272339,1.619415044784546,2.8146955966949463,0.8888464570045471,0.7985514998435974,1.5857009887695312,1.981147289276123,-0.526506781578064,-0.2741040587425232
6,99,1.4254505634307861,1.5924532413482666,1.6347841024398804,2.380758762359619,2.387460470199585,1.6330169439315796,1.640895962715149,2.7911019325256348,0.9075069427490234,1.6228814125061035,1.8202012777328491,1.8015092611312866,2.5284934043884277,2.4585306644439697,1.7882413864135742,1.750754475593567,2.771026849746704,1.2383317947387695,1.3538269996643066,1.5317192077636719,1.552682876586914,2.3791372776031494,2.355982780456543,1.6082559823989868,1.6010231971740723,2.8408687114715576,0.7250699996948242,1.4281977415084839,1.6283106803894043,1.6081947088241577,2.4426486492156982,2.3693294525146484,1.6662484407424927,1.6291605234146118,2.8226585388183594,0.8691220879554749,0.6804229617118835,1.4341844320297241,1.905476689338684,-0.46685367822647095,-0.3051050305366516
6,99,1.7114909887313843,1.8988096714019775,1.9471149444580078,2.73315691947937,2.792210340499878,1.9311531782150269,1.9510387182235718,3.183624029159546,0.993299663066864,1.7151442766189575,1.934890866279602,1.9225550889968872,2.690514326095581,2.668671131134033,1.889993667602539,1.8656378984451294,2.9801721572875977,1.2639966011047363,1.5438311100006104,1.7357921600341797,1.7659496068954468,2.6473937034606934,2.679605007171631,1.8247183561325073,1.832651138305664,3.1947543621063232,0.6505334973335266,1.4959263801574707,1.7176681756973267,1.7014590501785278,2.584864854812622,2.55873966217041,1.7507858276367188,1.7257267236709595,3.0298027992248535,0.8298149108886719,0.6891328692436218,1.630415678024292,2.0309038162231445,-0.4544583261013031,-0.32186460494995117
6,99,1.6657360792160034,1.8693807125091553,1.9108142852783203,2.7246639728546143,2.7209744453430176,1.8818140029907227,1.8904120922088623,3.083460807800293,1.0048549175262451,1.641418695449829,1.8762812614440918,1.8553205728530884,2.671175003051758,2.581995725631714,1.8263614177703857,1.7866716384887695,2.8895580768585205,1.1818050146102905,1.538693904876709,1.752583622932434,1.7710126638412476,2.689680814743042,2.649109125137329,1.819352149963379,1.8092643022537231,3.124603033065796,0.6905284523963928,1.473429799079895,1.7123792171478271,1.6877202987670898,2.6175191402435303,2.5204904079437256,1.7379064559936523,1.6950483322143555,2.96935772895813,0.7946335673332214,0.7156645059585571,1.5359736680984497,1.8430283069610596,-0.4835551083087921,-0.35408341884613037
6,99,1.8155418634414673,2.0224030017852783,2.0698184967041016,2.844935655593872,2.8706610202789307,2.0007646083831787,2.022402286529541,3.1328506469726562,1.1324784755706787,1.7246840000152588,1.971554160118103,1.9438221454620361,2.7768290042877197,2.703928232192993,1.9097769260406494,1.8776178359985352,2.9674010276794434,1.204355001449585,1.5902208089828491,1.8090649843215942,1.8362252712249756,2.727795362472534,2.719788074493408,1.847641944885254,1.852705717086792,3.11782169342041,0.7437558174133301,1.534309983253479,1.7833468914031982,1.7572376728057861,2.69083309173584,2.617551326751709,1.7927898168563843,1.7608681917190552,3.01591420173645,0.8092732429504395,0.7544171810150146,1.7076035737991333,2.0052285194396973,-0.4665904641151428,-0.3011585474014282
6,99,1.8123266696929932,2.0162458419799805,2.068157911300659,2.8556506633758545,2.878049850463867,2.0076704025268555,2.0320208072662354,3.1855480670928955,1.1295632123947144,1.7065259218215942,1.9542180299758911,1.9309202432632446,2.8056156635284424,2.727445125579834,1.9216762781143188,1.892096757888794,3.068706750869751,1.1341438293457031,1.625115990638733,1.837723731994629,1.871626377105713,2.77363657951355,2.765188694000244,1.8930599689483643,1.9013651609420776,3.207958221435547,0.7466210126876831,1.5572940111160278,1.802998661994934,1.781399130821228,2.7464640140533447,2.668285369873047,1.8405290842056274,1.8103482723236084,3.133453130722046,0.7640830278396606,0.7484683990478516,1.8123548030853271,1.9559837579727173,-0.4160485565662384,-0.30853837728500366
6,99,1.6198619604110718,1.8210428953170776,1.8754069805145264,2.5778589248657227,2.587022542953491,1.752987027168274,1.7750502824783325,2.763890266418457,1.2053637504577637,1.6415859460830688,1.8889473676681519,1.8672890663146973,2.6788644790649414,2.5859317779541016,1.811633586883545,1.7769492864608765,2.8094377517700195,1.2215487957000732,1.3529282808303833,1.5699774026870728,1.60805082321167,2.44405198097229,2.420201301574707,1.5686390399932861,1.5755016803741455,2.7554478645324707,0.8095771074295044,1.4328539371490479,1.6847307682037354,1.6644670963287354,2.5728917121887207,2.4781060218811035,1.6716395616531372,1.6367733478546143,2.832268238067627,0.8641844391822815,0.6434638500213623,1.689906120300293,2.0047049522399902,-0.45153650641441345,-0.2470758706331253
6,99,1.8032289743423462,1.9726529121398926,2.0204453468322754,2.767697334289551,2.7863895893096924,2.0006468296051025,2.018855094909668,3.1462490558624268,1.1573859453201294,1.771145224571228,1.9823857545852661,1.9648154973983765,2.8006324768066406,2.7260613441467285,1.9937504529953003,1.9640601873397827,3.1208460330963135,1.1731767654418945,1.7433691024780273,1.925303339958191,1.9543110132217407,2.8029682636260986,2.7901828289031982,1.9998973608016968,2.0028460025787354,3.2527050971984863,0.9037163257598877,1.6863287687301636,1.8929756879806519,1.8824259042739868,2.797835111618042,2.7298688888549805,1.9683589935302734,1.942854642868042,3.234119415283203,0.8433220982551575,0.687606155872345,1.4463659524917603,1.830737590789795,-0.6757835745811462,-0.4130776524543762
6,99,1.4872828722000122,1.6398593187332153,1.693566083908081,2.3237414360046387,2.308784246444702,1.6177812814712524,1.630971074104309,2.5707204341888428,1.0950678586959839,1.6546475887298584,1.8577953577041626,1.8422014713287354,2.627525568008423,2.5118305683135986,1.8558499813079834,1.815943956375122,2.848994255065918,1.1060140132904053,1.379066824913025,1.5499086380004883,1.583537220954895,2.333294153213501,2.280146598815918,1.5782749652862549,1.5736794471740723,2.656977891921997,0.851557731628418,1.5651428699493408,1.7655272483825684,1.7525596618652344,2.616764545440674,2.4995744228363037,1.822947382926941,1.7842687368392944,2.945253849029541,0.7926844358444214,0.6718894839286804,1.369335651397705,1.7894301414489746,-0.5940172076225281,-0.3270813524723053
6,99,1.853350281715393,2.018324375152588,2.072643995285034,2.8183906078338623,2.846480131149292,2.0497190952301025,2.0699188709259033,3.184741735458374,1.2036041021347046,1.8577736616134644,2.071293592453003,2.048367500305176,2.9292900562286377,2.845160961151123,2.105219602584839,2.067448139190674,3.2596936225891113,1.144687533378601,1.8085190057754517,1.9824482202529907,2.023744583129883,2.8702011108398438,2.874556303024292,2.0666134357452393,2.076688766479492,3.321286201477051,0.9219257235527039,1.7659519910812378,1.9755407571792603,1.9546514749526978,2.929729700088501,2.8461430072784424,2.082092046737671,2.047314167022705,3.391113758087158,0.7303875088691711,0.8227590322494507,1.7904384136199951,1.903936505317688,-0.5043684840202332,-0.400682657957077
6,99,1.6664936542510986,1.836790680885315,1.8880419731140137,2.6345951557159424,2.6290063858032227,1.856239676475525,1.8645702600479126,2.9848294258117676,1.1372689008712769,1.6467907428741455,1.8516299724578857,1.8451826572418213,2.630957841873169,2.5464656352996826,1.8343493938446045,1.801582932472229,2.8967204093933105,1.2209552526474,1.6133902072906494,1.796710729598999,1.8268005847930908,2.70015025138855,2.6602823734283447,1.880326747894287,1.8736132383346558,3.1478586196899414,0.8109062910079956,1.5423771142959595,1.7530864477157593,1.7408241033554077,2.6470439434051514,2.551345109939575,1.809862494468689,1.773703694343567,3.040971279144287,0.8563584685325623,0.5856375694274902,1.8259587287902832,1.867635726928711,-0.39059552550315857,-0.33800649642944336
6,99,1.5911390781402588,1.7771878242492676,1.806636095046997,2.5467326641082764,2.5184080600738525,1.7839680910110474,1.7841546535491943,2.8468172550201416,1.0417882204055786,1.595855951309204,1.8066425323486328,1.7857975959777832,2.5345284938812256,2.435581922531128,1.7699406147003174,1.7322746515274048,2.729063034057617,1.1767915487289429,1.48618483543396,1.6806175708770752,1.6901029348373413,2.5443685054779053,2.4837517738342285,1.7497637271881104,1.7345411777496338,2.941926956176758,0.6978599429130554,1.442378044128418,1.6544691324234009,1.636576771736145,2.4893136024475098,2.392101526260376,1.6889609098434448,1.6534037590026855,2.8199961185455322,0.8110902309417725,0.5629284381866455,1.5652638673782349,1.821364164352417,-0.4811669588088989,-0.28916603326797485
6,99,1.4324421882629395,1.6117980480194092,1.6509870290756226,2.302046060562134,2.2532970905303955,1.5732879638671875,1.570386290550232,2.478598117828369,1.0443485975265503,1.484131932258606,1.6937867403030396,1.6761008501052856,2.3688087463378906,2.239431619644165,1.6250687837600708,1.5776458978652954,2.4494268894195557,1.146485447883606,1.2665672302246094,1.4589203596115112,1.47809898853302,2.25048828125,2.1633665561676025,1.4811511039733887,1.4611607789993286,2.5278921127319336,0.715207040309906,1.3075350522994995,1.516564130783081,1.5100839138031006,2.2825679779052734,2.1628146171569824,1.506894826889038,1.4672157764434814,2.490323305130005,0.8429227471351624,0.5389589667320251,1.5297996997833252,1.668134331703186,-0.4159494638442993,-0.270722895860672
6,99,1.595198631286621,1.7750730514526367,1.805694818496704,2.532334566116333,2.483649492263794,1.7720476388931274,1.7684684991836548,2.765774965286255,1.066693663597107,1.7400195598602295,1.9569063186645508,1.9211550951004028,2.748318672180176,2.6054978370666504,1.9524075984954834,1.9001449346542358,2.9271368980407715,1.1106785535812378,1.5598095655441284,1.7539293766021729,1.7648383378982544,2.6023106575012207,2.5203731060028076,1.803783655166626,1.7845866680145264,2.9128787517547607,0.8013874292373657,1.7279490232467651,1.9422791004180908,1.916258692741394,2.801241397857666,2.6695523262023926,1.985784888267517,1.9404386281967163,3.0692367553710938,0.8789590001106262,0.6931639909744263,1.4884228706359863,1.7326091527938843,-0.5568048357963562,-0.3822520971298218
6,99,1.7955355644226074,2.030893087387085,2.0653815269470215,2.970916271209717,2.9611802101135254,2.0371363162994385,2.0444390773773193,3.2803242206573486,1.1036198139190674,1.5973668098449707,1.8753182888031006,1.8308922052383423,2.8677291870117188,2.7469027042388916,1.8876426219940186,1.8362009525299072,3.165013551712036,0.9318681359291077,1.7405569553375244,1.9915962219238281,2.0056285858154297,3.020282506942749,2.976198196411133,2.04535174369812,2.035745143890381,3.396313190460205,0.8538457751274109,1.5575302839279175,1.8298730850219727,1.8036017417907715,2.8865604400634766,2.7869739532470703,1.889445424079895,1.8504388332366943,3.2655937671661377,0.7256165146827698,0.8255314826965332,1.5823283195495605,1.5386911630630493,-0.5772483944892883,-0.5242716073989868
6,99,1.3764386177062988,1.5482652187347412,1.5810505151748657,2.395017147064209,2.284979820251465,1.583399772644043,1.5719950199127197,2.7700273990631104,0.9256008863449097,1.6881999969482422,1.9250659942626953,1.8374541997909546,2.9286835193634033,2.645944595336914,2.03173565864563,1.9314711093902588,3.3222713470458984,0.6814136505126953,1.275376319885254,1.4688764810562134,1.4765373468399048,2.4327995777130127,2.277656316757202,1.5655343532562256,1.5315455198287964,2.882784128189087,0.670019805431366,1.6677007675170898,1.8946198225021362,1.8149750232696533,2.9607303142547607,2.6866886615753174,2.053464889526367,1.9588192701339722,3.4385876655578613,0.3982907235622406,1.2456201314926147,1.4916882514953613,1.4690651893615723,-0.4597910940647125,-0.4953371584415436
6,99,1.5985890626907349,1.7562352418899536,1.8390672206878662,2.6554524898529053,2.639847993850708,1.8160823583602905,1.8438518047332764,3.105806589126587,0.7508552074432373,1.6987730264663696,1.9500837326049805,1.8560975790023804,2.945556879043579,2.703019380569458,2.024332046508789,1.9243197441101074,3.344444751739502,0.4974895715713501,1.5471580028533936,1.7057338953018188,1.7763478755950928,2.681260585784912,2.6430208683013916,1.8206599950790405,1.8363393545150757,3.220752716064453,0.42097434401512146,1.6707143783569336,1.9117792844772339,1.8124215602874756,2.9595444202423096,2.710886001586914,2.0378122329711914,1.9350817203521729,3.451871871948242,0.1389256864786148,1.6195794343948364,1.7070900201797485,1.4491691589355469,-0.3363414704799652,-0.43179774284362793
6,99,1.5754677057266235,1.7511944770812988,1.8024847507476807,2.670950174331665,2.552058458328247,1.8064182996749878,1.8046541213989258,3.0025312900543213,0.7616813778877258,1.896708607673645,2.1582963466644287,2.0397989749908447,3.177868366241455,2.829315662384033,2.23590087890625,2.1091086864471436,3.4565038681030273,0.48157259821891785,1.5756818056106567,1.7550616264343262,1.791832685470581,2.7548716068267822,2.6097493171691895,1.8650033473968506,1.8490421772003174,3.1689741611480713,0.43605121970176697,1.9158103466033936,2.168461322784424,2.0510306358337402,3.237334728240967,2.8887927532196045,2.2895379066467285,2.163602590560913,3.595872402191162,0.16028308868408203,1.724084734916687,1.5906916856765747,1.3252991437911987,-0.43244844675064087,-0.4934760332107544
6,99,1.7965160608291626,1.972844123840332,2.0348451137542725,2.8864266872406006,2.885557174682617,2.036595106124878,2.0618741512298584,3.3288543224334717,0.7900421619415283,1.8661051988601685,2.1194815635681152,2.022559881210327,3.102701425552368,2.875884771347046,2.1946730613708496,2.096688985824585,3.4820103645324707,0.5036816596984863,1.82352876663208,2.0002830028533936,2.0512025356292725,2.9868202209472656,2.966193437576294,2.1166484355926514,2.1313836574554443,3.5124106407165527,0.46368059515953064,1.8976962566375732,2.142420768737793,2.0483086109161377,3.1768875122070312,2.9538521766662598,2.2617173194885254,2.166726589202881,3.636202812194824,0.2143554389476776,1.7480419874191284,1.695048213005066,1.4648683071136475,-0.46639394760131836,-0.46040138602256775
6,99,1.7286033630371094,1.9026892185211182,1.965840220451355,2.8368852138519287,2.8158552646636963,1.9730712175369263,1.9947589635849,3.301257848739624,0.7674078941345215,1.8604679107666016,2.114436149597168,2.0118894577026367,3.119175672531128,2.866053342819214,2.1962757110595703,2.089616537094116,3.5167577266693115,0.47495755553245544,1.7268785238265991,1.9033817052841187,1.9536834955215454,2.911543369293213,2.867809772491455,2.0252456665039062,2.0353403091430664,3.456270217895508,0.4500032067298889,1.8485145568847656,2.0946316719055176,1.9943599700927734,3.14901065826416,2.8993752002716064,2.2187492847442627,2.1151742935180664,3.6254308223724365,0.1913154274225235,1.7539337873458862,1.6886906623840332,1.4359428882598877,-0.4468992054462433,-0.47061699628829956
6,99,1.730802059173584,1.9051125049591064,1.9492028951644897,2.861304521560669,2.7798876762390137,2.000147819519043,1.9990323781967163,3.329193592071533,0.6789008378982544,1.8571468591690063,2.0994174480438232,1.992330551147461,3.1058053970336914,2.8135464191436768,2.1993870735168457,2.0844802856445312,3.503974199295044,0.4058961272239685,1.7442418336868286,1.9203529357910156,1.9503788948059082,2.9382238388061523,2.8327436447143555,2.0589842796325684,2.045921802520752,3.4695112705230713,0.3965069055557251,1.8383115530014038,2.074108600616455,1.973050594329834,3.1261940002441406,2.841451644897461,2.209461212158203,2.0995938777923584,3.5890305042266846,0.18579430878162384,1.6909040212631226,1.5827512741088867,1.2807422876358032,-0.4552655816078186,-0.5200355052947998
6,99,1.5437397956848145,1.720529317855835,1.772945761680603,2.6666362285614014,2.580073833465576,1.7895338535308838,1.7940585613250732,3.079901695251465,0.6521497368812561,1.7895690202713013,2.0434422492980957,1.9307180643081665,3.0559754371643066,2.748751163482666,2.127810478210449,2.0082056522369385,3.395879030227661,0.4035579264163971,1.5352485179901123,1.710972547531128,1.7530910968780518,2.7238876819610596,2.6182544231414795,1.83128821849823,1.8253618478775024,3.2118074893951416,0.34728896617889404,1.7215282917022705,1.9711765050888062,1.8697494268417358,3.033055543899536,2.740666389465332,2.088575601577759,1.9768215417861938,3.4369866847991943,0.21683470904827118,1.6930981874465942,1.5390483140945435,1.2765952348709106,-0.41677817702293396,-0.4797026216983795
6,99,1.4803773164749146,1.6363362073898315,1.6959772109985352,2.5138750076293945,2.4496710300445557,1.7030713558197021,1.7146106958389282,2.942657709121704,0.5805116891860962,1.7214101552963257,1.963761329650879,1.853807806968689,2.905027151107788,2.6135213375091553,2.0322067737579346,1.919769287109375,3.229686975479126,0.4473881721496582,1.4683910608291626,1.6214895248413086,1.6709474325180054,2.5606226921081543,2.4779751300811768,1.739030122756958,1.7397842407226562,3.0696375370025635,0.2673678398132324,1.6636322736740112,1.898552656173706,1.7933692932128906,2.8895013332366943,2.604886770248413,2.0082414150238037,1.8987635374069214,3.2966058254241943,0.16769826412200928,1.632237434387207,1.5238518714904785,1.3194801807403564,-0.41127246618270874,-0.43535277247428894
6,99,1.5178184509277344,1.6905193328857422,1.742685317993164,2.649461507797241,2.5433695316314697,1.7705302238464355,1.7724062204360962,3.0634665489196777,0.678931474685669,2.155940532684326,2.408013343811035,2.2982444763183594,3.473963975906372,3.1453020572662354,2.52469801902771,2.4026036262512207,3.8310797214508057,0.43109211325645447,1.5780872106552124,1.7550203800201416,1.7919421195983887,2.7932686805725098,2.6613974571228027,1.8925368785858154,1.8800628185272217,3.282630443572998,0.38572099804878235,2.2338054180145264,2.4791736602783203,2.375840187072754,3.582432270050049,3.2605135440826416,2.6267716884613037,2.509507417678833,3.995622396469116,0.22051489353179932,1.8642616271972656,1.5830658674240112,1.3799406290054321,-0.46044686436653137,-0.5396851301193237
6,99,1.7711831331253052,1.943314790725708,2.006467342376709,2.8565659523010254,2.855297803878784,2.0188024044036865,2.0422565937042236,3.346275568008423,0.6812692284584045,1.8850204944610596,2.1326189041137695,2.030613660812378,3.0769500732421875,2.8434953689575195,2.194871187210083,2.093959331512451,3.4514529705047607,0.5286611318588257,1.8001381158828735,1.9708518981933594,2.0222201347351074,2.9492948055267334,2.9278361797332764,2.0962061882019043,2.108950138092041,3.516366958618164,0.36666426062583923,1.8951255083084106,2.1345393657684326,2.03420090675354,3.130399227142334,2.8994109630584717,2.240699529647827,2.1418240070343018,3.5861928462982178,0.2397187203168869,1.8122894763946533,1.6681263446807861,1.4643213748931885,-0.4032096862792969,-0.46738752722740173
6,99,1.9093868732452393,2.1026828289031982,2.1562564373016357,3.0989606380462646,3.087601900100708,2.189490795135498,2.20688796043396,3.621143341064453,0.7315665483474731,2.0399436950683594,2.299631357192993,2.2039122581481934,3.332149028778076,3.1068694591522217,2.384333848953247,2.2878835201263428,3.76712703704834,0.5192321538925171,2.0203285217285156,2.2123186588287354,2.2539799213409424,3.2755863666534424,3.2457613945007324,2.350895404815674,2.357956647872925,3.8774194717407227,0.38690048456192017,2.158720016479492,2.4105050563812256,2.3182427883148193,3.493981122970581,3.2729501724243164,2.5376136302948,2.444477081298828,4.0040740966796875,0.22936278581619263,1.8272114992141724,1.6772671937942505,1.4319485425949097,-0.47463738918304443,-0.5369229912757874
6,99,1.6365585327148438,1.8046931028366089,1.8572801351547241,2.7237353324890137,2.672041177749634,1.8862330913543701,1.89662766456604,3.182568311691284,0.656524121761322,1.8746588230133057,2.112950086593628,2.0076160430908203,3.098123073577881,2.831573247909546,2.2131290435791016,2.10781192779541,3.500544309616089,0.3801928460597992,1.6566153764724731,1.821435570716858,1.8610683679580688,2.805638074874878,2.7335970401763916,1.956735372543335,1.9552292823791504,3.3480348587036133,0.3148086667060852,1.9136381149291992,2.1414194107055664,2.0376617908477783,3.167501926422119,2.9034645557403564,2.2815866470336914,2.1777615547180176,3.643740653991699,0.08747616410255432,1.7204335927963257,1.5857625007629395,1.3310023546218872,-0.45111122727394104,-0.4786478281021118
6,99,1.7983578443527222,1.9711997509002686,2.029515027999878,2.9179139137268066,2.8695034980773926,2.0615267753601074,2.071959972381592,3.362250566482544,0.594125509262085,1.8922408819198608,2.1470179557800293,2.03287672996521,3.1322925090789795,2.8489298820495605,2.2225751876831055,2.1116371154785156,3.4697368144989014,0.3988378942012787,1.8489857912063599,2.0153400897979736,2.061927556991577,3.014145612716675,2.9478325843811035,2.153890371322632,2.153780698776245,3.5352981090545654,0.24066266417503357,1.9144296646118164,2.1592862606048584,2.046746253967285,3.1885995864868164,2.9078195095062256,2.276066303253174,2.1662166118621826,3.601409673690796,0.09993486106395721,1.7747085094451904,1.572656512260437,1.3348478078842163,-0.47776615619659424,-0.46567046642303467
6,99,1.8204892873764038,2.003692626953125,2.061375141143799,2.995863676071167,2.9667296409606934,2.0977115631103516,2.1138486862182617,3.516078233718872,0.6289335489273071,2.019216537475586,2.277829170227051,2.1729178428649902,3.3070504665374756,3.050633668899536,2.36617112159729,2.2593138217926025,3.7269701957702637,0.4404590129852295,1.9068752527236938,2.088547468185425,2.1310901641845703,3.146169662475586,3.0943009853363037,2.235393524169922,2.2387614250183105,3.74635648727417,0.2705342769622803,2.10832142829895,2.3581888675689697,2.2576963901519775,3.436105251312256,3.1854965686798096,2.4880056381225586,2.385235071182251,3.931488513946533,0.15283288061618805,1.8480039834976196,1.6396855115890503,1.3859819173812866,-0.4485729932785034,-0.5290974378585815
6,99,1.737657070159912,1.9154373407363892,1.974361538887024,2.8354218006134033,2.8521459102630615,1.9879951477050781,2.015270233154297,3.3492066860198975,0.6396636962890625,1.903209924697876,2.149900436401367,2.056710958480835,3.1033079624176025,2.901048421859741,2.21683931350708,2.1273305416107178,3.5170860290527344,0.523911714553833,1.8102368116378784,1.9874128103256226,2.0338294506073,2.975759744644165,2.972379684448242,2.111870288848877,2.1274607181549072,3.56766414642334,0.3277049660682678,1.9938244819641113,2.230609178543091,2.1391639709472656,3.235767364501953,3.0356013774871826,2.343923330307007,2.256164789199829,3.7320008277893066,0.21511945128440857,1.8136274814605713,1.5769840478897095,1.4277628660202026,-0.47548988461494446,-0.5117284059524536
6,99,1.6827728748321533,1.8372496366500854,1.896693229675293,2.741852045059204,2.7840452194213867,1.9472492933273315,1.9788516759872437,3.371734380722046,0.5680271983146667,1.8221460580825806,2.0467772483825684,1.9354208707809448,2.9467713832855225,2.750849485397339,2.1320595741271973,2.038780450820923,3.441032648086548,0.49513280391693115,1.7178596258163452,1.8722621202468872,1.9171464443206787,2.8408141136169434,2.8610079288482666,2.0307750701904297,2.0504872798919678,3.5396125316619873,0.2841295897960663,1.8561370372772217,2.068694829940796,1.960091233253479,3.023998975753784,2.8332693576812744,2.205052614212036,2.1152849197387695,3.609135150909424,0.16857707500457764,1.8176935911178589,1.4762933254241943,1.433544397354126,-0.4909348487854004,-0.48963209986686707
6,99,2.0413503646850586,2.216526746749878,2.271854877471924,3.2342278957366943,3.2982969284057617,2.3576526641845703,2.3901705741882324,3.881084680557251,0.4542565941810608,1.9766056537628174,2.214146375656128,2.1233201026916504,3.2311666011810303,3.095107316970825,2.3369457721710205,2.262892961502075,3.7852845191955566,0.29569190740585327,2.102978467941284,2.278143882751465,2.319962501525879,3.338684320449829,3.384121894836426,2.4538848400115967,2.475754976272583,4.039477348327637,0.178291916847229,2.0275468826293945,2.253706455230713,2.1716647148132324,3.3118319511413574,3.188690662384033,2.4151551723480225,2.347998857498169,3.938201665878296,0.02461625263094902,1.7794533967971802,1.39656662940979,1.3435733318328857,-0.6008890271186829,-0.5637736320495605
6,99,1.81685209274292,1.9984210729599,2.0259523391723633,3.08697247505188,2.9860270023345947,2.162416934967041,2.147982358932495,3.7035558223724365,0.428329735994339,1.9995150566101074,2.2389822006225586,2.13137149810791,3.3293209075927734,3.0438010692596436,2.384479284286499,2.274393320083618,3.8420326709747314,0.3417383134365082,1.8495374917984009,2.035142183303833,2.04278564453125,3.171706438064575,3.043445587158203,2.233895778656006,2.2047245502471924,3.8348610401153564,0.17579251527786255,2.0202085971832275,2.250983953475952,2.1497907638549805,3.384937286376953,3.1094775199890137,2.4335505962371826,2.328617811203003,3.9663596153259277,0.08659494668245316,1.6580767631530762,1.344505786895752,1.3431317806243896,-0.6096293330192566,-0.5442636013031006
6,99,1.7654446363449097,1.9460662603378296,1.9934933185577393,2.9809768199920654,2.9566311836242676,2.0786502361297607,2.091665506362915,3.5747663974761963,0.5580625534057617,1.8792099952697754,2.12337064743042,2.0247581005096436,3.170332670211792,2.9473025798797607,2.2433419227600098,2.1468005180358887,3.667696475982666,0.45348334312438965,1.7719805240631104,1.962180733680725,1.9874025583267212,3.0619637966156006,3.0059289932250977,2.1352732181549072,2.1302337646484375,3.7064034938812256,0.3120057284832001,1.8982744216918945,2.133659601211548,2.0391364097595215,3.2324318885803223,3.0162971019744873,2.298137903213501,2.2053639888763428,3.806321144104004,0.16761165857315063,1.68953537940979,1.4577007293701172,1.395204782485962,-0.5527877807617188,-0.5408584475517273
6,99,1.9046107530593872,2.0882503986358643,2.1326911449432373,3.114625930786133,3.1354875564575195,2.219346046447754,2.2407784461975098,3.7527105808258057,0.6016296148300171,1.9371607303619385,2.181922435760498,2.0890913009643555,3.214154005050659,3.047335147857666,2.2945408821105957,2.214449405670166,3.760899543762207,0.5396457314491272,1.9408488273620605,2.126061201095581,2.1557235717773438,3.2123665809631348,3.2111449241638184,2.3018569946289062,2.311363935470581,3.9163193702697754,0.2960072457790375,2.015354871749878,2.2499027252197266,2.160141706466675,3.3325693607330322,3.1693930625915527,2.4089195728302,2.3318474292755127,3.9583234786987305,0.22033892571926117,1.6156765222549438,1.4267035722732544,1.520602822303772,-0.5928600430488586,-0.5431368947029114
6,99,1.7729613780975342,1.9464088678359985,2.00748872756958,2.8961236476898193,2.9343433380126953,2.0421133041381836,2.0730865001678467,3.471261501312256,0.6058790683746338,1.876379132270813,2.124661445617676,2.034039258956909,3.1067748069763184,2.9389054775238037,2.2057597637176514,2.1255462169647217,3.5887341499328613,0.5506094694137573,1.8070764541625977,1.9805171489715576,2.0291450023651123,2.991349697113037,3.0108649730682373,2.122903347015381,2.1434648036956787,3.640023708343506,0.3020021319389343,1.930144190788269,2.1691482067108154,2.0793490409851074,3.2005443572998047,3.0341970920562744,2.2954132556915283,2.2167134284973145,3.7636587619781494,0.2371937334537506,1.655167579650879,1.5118408203125,1.5363751649856567,-0.5141445398330688,-0.49047496914863586
6,99,1.9285101890563965,2.1112165451049805,2.172286033630371,3.071471691131592,3.1037487983703613,2.201326370239258,2.229379415512085,3.588878870010376,0.6149843335151672,1.8840954303741455,2.1343870162963867,2.0429768562316895,3.1256556510925293,2.9529194831848145,2.2165627479553223,2.1355478763580322,3.553577184677124,0.5196953415870667,1.9758220911026,2.1525397300720215,2.206770181655884,3.1626498699188232,3.183356285095215,2.288254976272583,2.3095571994781494,3.7558200359344482,0.2873113751411438,1.8994930982589722,2.1384336948394775,2.050307512283325,3.1790499687194824,3.0106329917907715,2.2687361240386963,2.1902077198028564,3.695614814758301,0.1760963797569275,1.6276683807373047,1.5708178281784058,1.4813950061798096,-0.4931609332561493,-0.49636110663414
6,99,1.8123160600662231,1.973781704902649,2.0224530696868896,2.9654204845428467,2.953993082046509,2.116868019104004,2.128476142883301,3.630267858505249,0.5608087182044983,1.9686683416366577,2.1941654682159424,2.094550609588623,3.2183609008789062,2.9983534812927246,2.328688144683838,2.235793352127075,3.7888741493225098,0.47885310649871826,1.8535715341567993,2.009999990463257,2.0457019805908203,3.0596132278442383,3.0282413959503174,2.20387864112854,2.2061636447906494,3.7987287044525146,0.22736771404743195,1.9714890718460083,2.1849586963653564,2.0929489135742188,3.26027774810791,3.051863431930542,2.366543769836426,2.2805674076080322,3.915370225906372,0.16787561774253845,1.6322871446609497,1.5134387016296387,1.479710340499878,-0.547869861125946,-0.5229659676551819
6,99,1.8448165655136108,2.032597064971924,2.0641133785247803,3.0893642902374268,3.0298960208892822,2.1754400730133057,2.1726956367492676,3.669461250305176,0.46891915798187256,1.8772258758544922,2.1232998371124268,2.0140793323516846,3.188760280609131,2.9440810680389404,2.2546074390411377,2.1540703773498535,3.6880016326904297,0.3340950310230255,1.872679591178894,2.0563957691192627,2.0746374130249023,3.1602349281311035,3.0809552669525146,2.2409541606903076,2.2272369861602783,3.8024065494537354,0.16583171486854553,1.867223858833313,2.101511240005493,2.0052597522735596,3.2128522396087646,2.9851067066192627,2.2724416255950928,2.1805312633514404,3.784785747528076,0.08794654905796051,1.560768723487854,1.4027155637741089,1.3195668458938599,-0.5837317109107971,-0.5292636752128601
6,99,1.5848764181137085,1.7589935064315796,1.8071463108062744,2.766026258468628,2.714266061782837,1.879503607749939,1.8861117362976074,3.3324594497680664,0.5624444484710693,1.8236355781555176,2.0627076625823975,1.9617832899093628,3.1184847354888916,2.869903087615967,2.1932318210601807,2.0924899578094482,3.6212105751037598,0.3971058130264282,1.5659255981445312,1.7413098812103271,1.7724707126617432,2.8184902667999268,2.7413170337677,1.914254903793335,1.9069790840148926,3.458623170852661,0.2542096972465515,1.824623465538025,2.054338216781616,1.9570595026016235,3.1520001888275146,2.9090523719787598,2.222975969314575,2.1256558895111084,3.7224531173706055,0.14338551461696625,1.6325452327728271,1.4081469774246216,1.4051496982574463,-0.5121219754219055,-0.4822850823402405
6,99,1.782071828842163,1.9696687459945679,2.0119850635528564,2.997598171234131,2.965461492538452,2.0939810276031494,2.1025447845458984,3.568943500518799,0.5742231011390686,1.848989486694336,2.099304676055908,1.9980417490005493,3.140068531036377,2.917414426803589,2.2113168239593506,2.1162078380584717,3.6190667152404785,0.47947096824645996,1.8135828971862793,2.0032269954681396,2.0283005237579346,3.0936760902404785,3.036384344100952,2.173354148864746,2.1679749488830566,3.7284579277038574,0.28427478671073914,1.896529197692871,2.1375510692596436,2.0405120849609375,3.2262344360351562,3.0089902877807617,2.291069507598877,2.199422836303711,3.7759859561920166,0.2182227522134781,1.622583031654358,1.453355312347412,1.4205522537231445,-0.5490573048591614,-0.5062227845191956
6,99,1.712546706199646,1.9043811559677124,1.9344813823699951,2.93715238571167,2.8856866359710693,2.0272748470306396,2.0295212268829346,3.509260416030884,0.5653942227363586,1.8294317722320557,2.077193021774292,1.9698354005813599,3.115670680999756,2.878499984741211,2.1906449794769287,2.0909264087677,3.601036548614502,0.4735109806060791,1.7165191173553467,1.9130148887634277,1.9267942905426025,3.0031375885009766,2.927248239517212,2.0756173133850098,2.064126491546631,3.6257894039154053,0.33164799213409424,1.8314647674560547,2.0719330310821533,1.9706782102584839,3.1591804027557373,2.930405616760254,2.2248036861419678,2.12969708442688,3.7107603549957275,0.23821666836738586,1.5887091159820557,1.3959414958953857,1.3959014415740967,-0.5555096864700317,-0.5086902379989624
6,99,1.6431554555892944,1.8138624429702759,1.8705328702926636,2.8294239044189453,2.8443403244018555,1.951230764389038,1.973247766494751,3.4689486026763916,0.49187684059143066,1.82048499584198,2.0600521564483643,1.9606404304504395,3.081500291824341,2.891115427017212,2.178577184677124,2.090869426727295,3.6182024478912354,0.40497127175331116,1.6568588018417358,1.831276774406433,1.8697048425674438,2.9048635959625244,2.895028829574585,2.010673761367798,2.0191240310668945,3.5988106727600098,0.23332688212394714,1.8154984712600708,2.04649019241333,1.9536349773406982,3.1155571937561035,2.935816764831543,2.2047622203826904,2.122790575027466,3.72057843208313,0.16061246395111084,1.6505950689315796,1.3791353702545166,1.309314250946045,-0.5131278038024902,-0.5419898629188538
6,99,1.5942636728286743,1.7773174047470093,1.8328973054885864,2.8144712448120117,2.801449775695801,1.8984456062316895,1.9152919054031372,3.4197893142700195,0.4730392098426819,1.7639167308807373,2.0161354541778564,1.9100779294967651,3.0491549968719482,2.821699619293213,2.1135315895080566,2.013749361038208,3.533529043197632,0.4016073942184448,1.5954872369766235,1.782081961631775,1.820678949356079,2.8787131309509277,2.841583490371704,1.9466612339019775,1.9498507976531982,3.543161392211914,0.2084355652332306,1.7485769987106323,1.9928337335586548,1.8921843767166138,3.0797109603881836,2.861518383026123,2.1344454288482666,2.039470672607422,3.6432666778564453,0.1298995167016983,1.7148456573486328,1.3994096517562866,1.3380123376846313,-0.5160471200942993,-0.5226181745529175
6,99,1.611232042312622,1.7944045066833496,1.8498005867004395,2.8651206493377686,2.8228776454925537,1.9261460304260254,1.9362213611602783,3.462099313735962,0.4418397843837738,1.8288697004318237,2.0870368480682373,1.9782121181488037,3.168783187866211,2.9091672897338867,2.1976070404052734,2.091625452041626,3.6421144008636475,0.3717658221721649,1.6168544292449951,1.8037757873535156,1.8397996425628662,2.9349472522735596,2.8653852939605713,1.9801276922225952,1.9746767282485962,3.5900521278381348,0.1655133068561554,1.8174984455108643,2.068485736846924,1.9645320177078247,3.1975483894348145,2.9458634853363037,2.2178828716278076,2.1156485080718994,3.7397513389587402,0.12923920154571533,1.7602064609527588,1.349428415298462,1.314483642578125,-0.5387402176856995,-0.5330183506011963
6,99,1.5834661722183228,1.7727593183517456,1.8199796676635742,2.8442606925964355,2.7560324668884277,1.8950352668762207,1.8934264183044434,3.373975992202759,0.4846045970916748,1.9421019554138184,2.204446792602539,2.0935208797454834,3.2969088554382324,3.001924514770508,2.314631938934326,2.1987850666046143,3.710894823074341,0.39714500308036804,1.5814145803451538,1.77676260471344,1.804574728012085,2.9065334796905518,2.7905077934265137,1.9396294355392456,1.922256350517273,3.488595962524414,0.24096184968948364,1.9272865056991577,2.182713270187378,2.0760490894317627,3.319106340408325,3.0301568508148193,2.3291232585906982,2.216658115386963,3.8001415729522705,0.15711987018585205,1.7249794006347656,1.4192211627960205,1.3258706331253052,-0.5174514055252075,-0.5489975810050964
6,99,1.742053508758545,1.9455013275146484,1.9812809228897095,2.969611167907715,2.9058189392089844,2.040839433670044,2.0377771854400635,3.452706813812256,0.5454067587852478,1.8569122552871704,2.113314390182495,2.0013792514801025,3.134951591491699,2.868398427963257,2.1992204189300537,2.0902647972106934,3.5206398963928223,0.4115127623081207,1.7466049194335938,1.9496992826461792,1.9728212356567383,3.02803897857666,2.9439644813537598,2.0873959064483643,2.073885917663574,3.5745599269866943,0.2616988718509674,1.8331416845321655,2.0837254524230957,1.9779391288757324,3.150508165359497,2.8928213119506836,2.2045352458953857,2.1003382205963135,3.6025612354278564,0.18582725524902344,1.7067580223083496,1.4251309633255005,1.3100181818008423,-0.544854998588562,-0.5347228646278381
6,99,1.535366415977478,1.7200393676757812,1.7658113241195679,2.742671251296997,2.648813486099243,1.8208345174789429,1.8183882236480713,3.2480549812316895,0.5227454900741577,1.8679050207138062,2.1240599155426025,2.0023927688598633,3.170987606048584,2.854673147201538,2.2213664054870605,2.0961475372314453,3.570481538772583,0.4295479655265808,1.5304774045944214,1.7208956480026245,1.7483142614364624,2.816704750061035,2.6941590309143066,1.8740599155426025,1.8564958572387695,3.391018867492676,0.22663651406764984,1.8435328006744385,2.096949338912964,1.9844436645507812,3.191286087036133,2.887242078781128,2.2258009910583496,2.1075329780578613,3.6495754718780518,0.2504521608352661,1.7840356826782227,1.4086947441101074,1.2982864379882812,-0.5030669569969177,-0.5395926237106323
6,99,1.8065216541290283,1.9980981349945068,2.022298574447632,3.073338508605957,2.972651243209839,2.145660638809204,2.131113052368164,3.692960500717163,0.5049931406974792,2.014476776123047,2.262477397918701,2.1458942890167236,3.3288495540618896,3.0442118644714355,2.3878140449523926,2.275129795074463,3.82930850982666,0.47790682315826416,1.8558344841003418,2.049992561340332,2.0564186573028564,3.1796538829803467,3.0526232719421387,2.237182378768921,2.2082679271698,3.8491580486297607,0.24965374171733856,2.05309796333313,2.2953948974609375,2.189718246459961,3.410252571105957,3.1384103298187256,2.4547014236450195,2.348902702331543,3.971250534057617,0.29035684466362,1.6779705286026,1.3737643957138062,1.3048756122589111,-0.6049834489822388,-0.5889966487884521
6,99,1.7179160118103027,1.905967354774475,1.9406274557113647,2.921030282974243,2.8704047203063965,2.024362564086914,2.025513172149658,3.501732349395752,0.5534549355506897,1.9176429510116577,2.1612558364868164,2.060803174972534,3.1725213527679443,2.9392077922821045,2.2617108821868896,2.1630425453186035,3.6492154598236084,0.5157662630081177,1.7640455961227417,1.9594684839248657,1.9763902425765991,3.03377628326416,2.9561755657196045,2.115097999572754,2.1012649536132812,3.6604676246643066,0.3392415940761566,1.971045970916748,2.211667060852051,2.1218886375427246,3.271225929260254,3.051053285598755,2.3427088260650635,2.2513680458068848,3.8009700775146484,0.3678373396396637,1.66679048538208,1.3788025379180908,1.2717242240905762,-0.5796961784362793,-0.6239846348762512
6,99,1.4071077108383179,1.5798335075378418,1.627475380897522,2.5733883380889893,2.5031466484069824,1.6797789335250854,1.6853140592575073,3.0950253009796143,0.6030661463737488,1.739107370376587,1.9807859659194946,1.8750629425048828,3.0061259269714355,2.7411413192749023,2.0840275287628174,1.9749878644943237,3.4531352519989014,0.5122709274291992,1.4398694038391113,1.634647250175476,1.658108115196228,2.7159368991851807,2.611213445663452,1.7780855894088745,1.7629603147506714,3.2822694778442383,0.42992621660232544,1.7882375717163086,2.0310299396514893,1.9356589317321777,3.1158831119537354,2.8628180027008057,2.167534828186035,2.0658156871795654,3.6149792671203613,0.3726697862148285,1.7541080713272095,1.2208012342453003,1.1996713876724243,-0.6097045540809631,-0.6106307506561279
6,99,1.3243862390518188,1.486738681793213,1.5432265996932983,2.3963422775268555,2.3378326892852783,1.5243091583251953,1.5435150861740112,2.8577630519866943,0.7505122423171997,1.8208924531936646,2.074810266494751,1.9654700756072998,3.121812582015991,2.8421103954315186,2.1727917194366455,2.0625956058502197,3.5648059844970703,0.4878818392753601,1.3640331029891968,1.5522524118423462,1.5898195505142212,2.583099842071533,2.4930222034454346,1.6537303924560547,1.6529074907302856,3.1160809993743896,0.5361128449440002,1.9076021909713745,2.162893533706665,2.0650250911712646,3.264820098876953,2.99838924407959,2.290830612182617,2.188126802444458,3.7552993297576904,0.3733832836151123,1.9247362613677979,1.3373252153396606,1.2161750793457031,-0.5554075241088867,-0.5990819334983826
6,99,1.4525240659713745,1.638563871383667,1.6753666400909424,2.6455588340759277,2.5033998489379883,1.7227941751480103,1.7095441818237305,3.1223366260528564,0.6595436930656433,1.879052758216858,2.130995750427246,2.009633779525757,3.2080068588256836,2.8491337299346924,2.24668288230896,2.112949848175049,3.633094310760498,0.39822667837142944,1.4958354234695435,1.6948966979980469,1.712587594985962,2.780033826828003,2.607123851776123,1.8245415687561035,1.7938437461853027,3.3079941272735596,0.4585544168949127,1.9082845449447632,2.158390760421753,2.0468873977661133,3.2858734130859375,2.938507318496704,2.3047759532928467,2.1778438091278076,3.763909101486206,0.24577416479587555,1.8021351099014282,1.3848063945770264,1.2882602214813232,-0.5358625650405884,-0.5460855960845947
6,99,1.7282137870788574,1.9046909809112549,1.9619207382202148,2.9038262367248535,2.9160425662994385,2.018104314804077,2.042964220046997,3.5333211421966553,0.5916910171508789,1.8645433187484741,2.109732151031494,2.004458427429199,3.1357922554016113,2.932375907897949,2.2202835083007812,2.1283023357391357,3.6776931285858154,0.43385088443756104,1.7432953119277954,1.9236599206924438,1.9657310247421265,2.985987663269043,2.975238561630249,2.08050537109375,2.0922091007232666,3.6750123500823975,0.3350718021392822,1.861560583114624,2.098801851272583,2.003559112548828,3.1770505905151367,2.9873595237731934,2.249662399291992,2.1646361351013184,3.7914931774139404,0.19635005295276642,1.7443339824676514,1.4980511665344238,1.3842912912368774,-0.5219056606292725,-0.5311034917831421
6,99,1.5733755826950073,1.74881911277771,1.7959409952163696,2.752727746963501,2.6706697940826416,1.8592019081115723,1.8608391284942627,3.3157296180725098,0.6018112897872925,1.9410927295684814,2.1887240409851074,2.0664682388305664,3.2255635261535645,2.9307165145874023,2.3010053634643555,2.182469606399536,3.6954896450042725,0.4631863534450531,1.6316462755203247,1.813130497932434,1.844057321548462,2.8795931339263916,2.773773431777954,1.9652079343795776,1.9530850648880005,3.4933135509490967,0.3848591148853302,1.9441518783569336,2.187239170074463,2.0774810314178467,3.2758781909942627,2.9955015182495117,2.3332316875457764,2.2229323387145996,3.8067774772644043,0.28385409712791443,1.7425527572631836,1.5152479410171509,1.323264718055725,-0.4308108389377594,-0.553501546382904
6,99,1.5393569469451904,1.7130811214447021,1.7680355310440063,2.710322380065918,2.646840810775757,1.8172975778579712,1.8233625888824463,3.267838716506958,0.6250947117805481,1.8885682821273804,2.136613368988037,2.020646572113037,3.171799421310425,2.8948001861572266,2.2421064376831055,2.129582643508911,3.638331174850464,0.47887223958969116,1.5751721858978271,1.7558321952819824,1.794340968132019,2.81933856010437,2.730685234069824,1.9035543203353882,1.8955259323120117,3.4296886920928955,0.4077465236186981,1.868243932723999,2.1120729446411133,2.0078437328338623,3.1989550590515137,2.9352200031280518,2.251887321472168,2.1467525959014893,3.7267005443573,0.3031308948993683,1.711024284362793,1.5225250720977783,1.3545469045639038,-0.41648876667022705,-0.5281577110290527
6,99,1.6770033836364746,1.872099757194519,1.9035451412200928,2.9523866176605225,2.852379322052002,2.0033624172210693,1.9941480159759521,3.5342118740081787,0.5150567293167114,2.002345561981201,2.2583136558532715,2.139950752258301,3.3497488498687744,3.0515971183776855,2.382535934448242,2.265639066696167,3.8371458053588867,0.39215874671936035,1.7474563121795654,1.946961760520935,1.9628506898880005,3.078836679458618,2.9558045864105225,2.1142945289611816,2.0917916297912598,3.7028300762176514,0.3131846785545349,2.035949945449829,2.2871813774108887,2.1805243492126465,3.423266887664795,3.1392438411712646,2.4413931369781494,2.3320376873016357,3.9625332355499268,0.23770494759082794,1.713611364364624,1.4302053451538086,1.2509645223617554,-0.5613147020339966,-0.5916252732276917
